candidate_id,side,target,build,runtime,build_exit_code,runtime_exit_code,duration_seconds,command,diagnostic
N001,S0_H0,fuzz_client,FAIL,NOT_RUN,2,,0.002,make -j4 mbedtls_test ; make -C programs/fuzz -j4 fuzz_client,"make: *** No rule to make target 'mbedtls_test'.  Stop.
"
N001,S1_H0,fuzz_client,FAIL,NOT_RUN,2,,0.003,make -j4 mbedtls_test ; make -C programs/fuzz -j4 fuzz_client,"make: *** No rule to make target 'mbedtls_test'.  Stop.
"
N001,S1_H1,fuzz_client,FAIL,NOT_RUN,2,,0.003,make -j4 mbedtls_test ; make -C programs/fuzz -j4 fuzz_client,"make: *** No rule to make target 'mbedtls_test'.  Stop.
"
N002,S0_H0,fuzz_server,PASS,PASS,0,0,6.636,make -j4 mbedtls_test ; make -C programs/fuzz -j4 fuzz_server,"make[1]: Entering directory '/tmp/silent-mbedtls-N002-S0_H0-qqwlvqzs/tests'
  CC    src/asn1_helpers.c
  CC    src/fake_external_rng_for_test.c
  CC    src/helpers.c
  CC    src/psa_crypto_helpers.c
  CC    src/psa_exercise_key.c
  CC    src/random.c
  CC    src/threading_helpers.c
  CC    src/drivers/hash.c
  CC    src/drivers/platform_builtin_keys.c
  CC    src/drivers/test_driver_aead.c
  CC    src/drivers/test_driver_cipher.c
  CC    src/drivers/test_driver_key_management.c
  CC    src/drivers/test_driver_mac.c
  CC    src/drivers/test_driver_signature.c
  CC    src/drivers/test_driver_size.c
make[1]: Leaving directory '/tmp/silent-mbedtls-N002-S0_H0-qqwlvqzs/tests'
make: Entering directory '/tmp/silent-mbedtls-N002-S0_H0-qqwlvqzs/programs/fuzz'
make[1]: Entering directory '/tmp/silent-mbedtls-N002-S0_H0-qqwlvqzs/library'
  CC    aes.c
make[1]: Entering directory '/tmp/silent-mbedtls-N002-S0_H0-qqwlvqzs/library'
  CC    aes.c
  CC    aesni.c
  CC    arc4.c
  CC    aria.c
make[1]: Entering directory '/tmp/silent-mbedtls-N002-S0_H0-qqwlvqzs/library'
  CC    aes.c
  CC    asn1parse.c
  CC    aesni.c
  CC    asn1write.c
  CC    base64.c
  CC    asn1write.c
  CC    base64.c
  CC    bignum.c
  CC    arc4.c
  CC    bignum.c
  CC    bignum.c
  CC    blowfish.c
  CC    blowfish.c
  CC    camellia.c
  CC    ccm.c
  CC    camellia.c
  CC    blowfish.c
  CC    chacha20.c
  CC    chachapoly.c
  CC    chacha20.c
  CC    cipher.c
  CC    chacha20.c
  CC    cipher.c
  CC    chachapoly.c
  CC    cipher.c
  CC    cipher_wrap.c
  CC    cipher_wrap.c
  CC    cipher_wrap.c
  CC    cmac.c
  CC    constant_time.c
  CC    cmac.c
  CC    constant_time.c
  CC    ctr_drbg.c
  CC    cmac.c
  CC    constant_time.c
  CC    ctr_drbg.c
  CC    des.c
  CC    des.c
  CC    ctr_drbg.c
  CC    dhm.c
  CC    des.c
  CC    dhm.c
  CC    ecdh.c
  CC    ecdh.c
  CC    ecdsa.c
  CC    ecdsa.c
  CC    ecjpake.c
  CC    ecp.c
  CC    dhm.c
  CC    ecjpake.c
  CC    ecp.c
  CC    ecp_curves.c
  CC    ecdsa.c
  CC    ecp.c
  CC    entropy.c
  CC    ecp_curves.c
  CC    entropy_poll.c
  CC    error.c
  CC    gcm.c
  CC    havege.c
  CC    hkdf.c
  CC    hmac_drbg.c
  CC    md.c
  CC    ecp_curves.c
  CC    entropy_poll.c
  CC    hmac_drbg.c
  CC    md2.c
  CC    md4.c
  CC    md5.c
  CC    hmac_drbg.c
  CC    md.c
  CC    md5.c
  CC    memory_buffer_alloc.c
  CC    mps_reader.c
  CC    mps_trace.c
  CC    nist_kw.c
  CC    md5.c
  CC    oid.c
  CC    padlock.c
  CC    memory_buffer_alloc.c
  CC    pem.c
  CC    oid.c
  CC    pem.c
  CC    nist_kw.c
  CC    pem.c
  CC    pk.c
  CC    pk_wrap.c
  CC    pk.c
  CC    pk_wrap.c
  CC    pk.c
  CC    pkcs12.c
  CC    pkcs5.c
  CC    pk_wrap.c
  CC    pkcs12.c
  CC    pkcs5.c
  CC    pkparse.c
  CC    pkcs12.c
  CC    pkparse.c
  CC    pkparse.c
  CC    pkwrite.c
  CC    pkwrite.c
  CC    platform.c
  CC    platform.c
  CC    pkwrite.c
  CC    platform_util.c
  CC    platform_util.c
  CC    platform_util.c
  CC    poly1305.c
  CC    psa_crypto.c
  CC    poly1305.c
  CC    poly1305.c
  CC    psa_crypto.c
  CC    psa_crypto.c
  CC    psa_crypto_aead.c
  CC    psa_crypto_cipher.c
  CC    psa_crypto_aead.c
  CC    psa_crypto_client.c
  CC    psa_crypto_aead.c
  CC    psa_crypto_driver_wrappers.c
  CC    psa_crypto_ecp.c
  CC    psa_crypto_hash.c
  CC    psa_crypto_driver_wrappers.c
  CC    psa_crypto_mac.c
  CC    psa_crypto_mac.c
  CC    psa_crypto_client.c
  CC    psa_crypto_rsa.c
  CC    psa_crypto_se.c
  CC    psa_crypto_mac.c
  CC    psa_crypto_slot_management.c
  CC    psa_crypto_rsa.c
  CC    psa_crypto_storage.c
  CC    psa_crypto_rsa.c
  CC    psa_crypto_slot_management.c
  CC    psa_crypto_slot_management.c
  CC    psa_its_file.c
  CC    psa_crypto_storage.c
  CC    psa_its_file.c
  CC    ripemd160.c
  CC    psa_crypto_storage.c
  CC    ripemd160.c
  CC    ripemd160.c
  CC    rsa.c
  CC    rsa.c
  CC    rsa.c
  CC    rsa_internal.c
  CC    sha1.c
  CC    sha256.c
  CC    rsa_internal.c
  CC    sha512.c
  CC    rsa_internal.c
  CC    sha256.c
  CC    threading.c
  CC    sha512.c
  CC    sha256.c
  CC    timing.c
  CC    timing.c
  CC    version.c
  CC    version_features.c
  CC    sha512.c
  CC    xtea.c
  CC    ../3rdparty/everest/library/everest.c
  CC    version.c
  CC    xtea.c
  CC    ../3rdparty/everest/library/x25519.c
  CC    ../3rdparty/everest/library/Hacl_Curve25519_joined.c
  CC    ../3rdparty/everest/library/x25519.c
  CC    certs.c
  CC    certs.c
  CC    pkcs11.c
  CC    pkcs11.c
  CC    x509.c
  CC    x509.c
  CC    x509_create.c
  CC    version.c
  CC    x509.c
  CC    x509_crl.c
  CC    x509_crl.c
  CC    x509_create.c
  CC    x509_crt.c
  CC    x509_crl.c
  CC    x509_csr.c
  CC    x509_crt.c
  CC    x509write_crt.c
  CC    x509_crt.c
  CC    x509write_csr.c
  CC    debug.c
  CC    x509write_crt.c
  CC    net_sockets.c
  CC    x509_csr.c
  CC    net_sockets.c
  CC    ssl_cache.c
  CC    ssl_ciphersuites.c
  CC    debug.c
  CC    ssl_cache.c
  CC    ssl_cache.c
  CC    ssl_cli.c
  CC    ssl_ciphersuites.c
  CC    ssl_ciphersuites.c
  CC    ssl_cli.c
  CC    ssl_cli.c
  CC    ssl_cookie.c
  CC    ssl_cookie.c
  CC    ssl_msg.c
  CC    ssl_cookie.c
  CC    ssl_msg.c
  CC    ssl_msg.c
  CC    ssl_srv.c
  CC    ssl_ticket.c
  CC    ssl_tls.c
  CC    ssl_srv.c
  CC    ssl_srv.c
  CC    ssl_tls.c
  CC    ssl_tls.c
  CC    ssl_tls13_keys.c
  CC    ssl_tls13_keys.c
  AR    libmbedcrypto.a
  AR    libmbedcrypto.a
  AR    libmbedx509.a
  AR    libmbedx509.a
  CC    ssl_tls13_keys.c
  AR    libmbedcrypto.a
  AR    libmbedx509.a
  AR    libmbedtls.a
make[1]: Leaving directory '/tmp/silent-mbedtls-N002-S0_H0-qqwlvqzs/library'
  AR    libmbedtls.a
make[1]: Leaving directory '/tmp/silent-mbedtls-N002-S0_H0-qqwlvqzs/library'
  AR    libmbedtls.a
make[1]: Leaving directory '/tmp/silent-mbedtls-N002-S0_H0-qqwlvqzs/library'
 cc common.o onefile.o fuzz_server.o ../../tests/src/asn1_helpers.o ../../tests/src/fake_external_rng_for_test.o ../../tests/src/helpers.o ../../tests/src/psa_crypto_helpers.o ../../tests/src/psa_exercise_key.o ../../tests/src/random.o ../../tests/src/threading_helpers.o ../../tests/src/drivers/hash.o ../../tests/src/drivers/platform_builtin_keys.o ../../tests/src/drivers/test_driver_aead.o ../../tests/src/drivers/test_driver_cipher.o ../../tests/src/drivers/test_driver_key_management.o ../../tests/src/drivers/test_driver_mac.o ../../tests/src/drivers/test_driver_signature.o ../../tests/src/drivers/test_driver_size.o -L../../library -lmbedtls -lmbedx509 -lmbedcrypto  -o fuzz_server
make: Leaving directory '/tmp/silent-mbedtls-N002-S0_H0-qqwlvqzs/programs/fuzz'

RUNTIME:
Warning: fuzzing without constant time
"
N002,S1_H0,fuzz_server,PASS,PASS,0,0,6.731,make -j4 mbedtls_test ; make -C programs/fuzz -j4 fuzz_server,"make[1]: Entering directory '/tmp/silent-mbedtls-N002-S1_H0-ks6phbfa/tests'
  CC    src/asn1_helpers.c
  CC    src/fake_external_rng_for_test.c
  CC    src/helpers.c
  CC    src/psa_crypto_helpers.c
  CC    src/psa_exercise_key.c
  CC    src/random.c
  CC    src/threading_helpers.c
  CC    src/drivers/hash.c
  CC    src/drivers/platform_builtin_keys.c
  CC    src/drivers/test_driver_aead.c
  CC    src/drivers/test_driver_cipher.c
  CC    src/drivers/test_driver_key_management.c
  CC    src/drivers/test_driver_mac.c
  CC    src/drivers/test_driver_signature.c
  CC    src/drivers/test_driver_size.c
make[1]: Leaving directory '/tmp/silent-mbedtls-N002-S1_H0-ks6phbfa/tests'
make: Entering directory '/tmp/silent-mbedtls-N002-S1_H0-ks6phbfa/programs/fuzz'
make[1]: Entering directory '/tmp/silent-mbedtls-N002-S1_H0-ks6phbfa/library'
  CC    aes.c
make[1]: Entering directory '/tmp/silent-mbedtls-N002-S1_H0-ks6phbfa/library'
  CC    aes.c
  CC    aesni.c
make[1]: Entering directory '/tmp/silent-mbedtls-N002-S1_H0-ks6phbfa/library'
  CC    aes.c
  CC    arc4.c
  CC    aesni.c
  CC    aria.c
  CC    asn1parse.c
  CC    asn1write.c
  CC    aesni.c
  CC    aria.c
  CC    asn1write.c
  CC    base64.c
  CC    base64.c
  CC    bignum.c
  CC    bignum.c
  CC    blowfish.c
  CC    base64.c
  CC    camellia.c
  CC    bignum.c
  CC    camellia.c
  CC    ccm.c
  CC    ccm.c
  CC    chacha20.c
  CC    blowfish.c
  CC    chacha20.c
  CC    chacha20.c
  CC    chachapoly.c
  CC    chachapoly.c
  CC    chachapoly.c
  CC    cipher.c
  CC    cipher.c
  CC    cipher.c
  CC    cipher_wrap.c
  CC    cipher_wrap.c
  CC    cmac.c
  CC    cmac.c
  CC    constant_time.c
  CC    constant_time.c
  CC    cipher_wrap.c
  CC    ctr_drbg.c
  CC    constant_time.c
  CC    des.c
  CC    ctr_drbg.c
  CC    dhm.c
  CC    ctr_drbg.c
  CC    des.c
  CC    dhm.c
  CC    ecdh.c
  CC    des.c
  CC    ecdsa.c
  CC    ecdh.c
  CC    ecdsa.c
  CC    ecjpake.c
  CC    ecp.c
  CC    ecjpake.c
  CC    ecp_curves.c
  CC    ecp.c
  CC    ecdh.c
  CC    ecp.c
  CC    entropy.c
  CC    entropy_poll.c
  CC    error.c
  CC    gcm.c
  CC    ecp_curves.c
  CC    error.c
  CC    ecp_curves.c
  CC    havege.c
  CC    hkdf.c
  CC    hmac_drbg.c
  CC    gcm.c
  CC    md.c
  CC    hmac_drbg.c
  CC    md.c
  CC    md2.c
  CC    md4.c
  CC    md5.c
  CC    gcm.c
  CC    md5.c
  CC    md2.c
  CC    md5.c
  CC    memory_buffer_alloc.c
  CC    mps_reader.c
  CC    mps_trace.c
  CC    nist_kw.c
  CC    oid.c
  CC    memory_buffer_alloc.c
  CC    oid.c
  CC    padlock.c
  CC    memory_buffer_alloc.c
  CC    pem.c
  CC    oid.c
  CC    padlock.c
  CC    pem.c
  CC    pk.c
  CC    pk.c
  CC    pem.c
  CC    pk_wrap.c
  CC    pk_wrap.c
  CC    pkcs12.c
  CC    pk.c
  CC    pkcs12.c
  CC    pkcs5.c
  CC    pkcs5.c
  CC    pk_wrap.c
  CC    pkparse.c
  CC    pkparse.c
  CC    pkwrite.c
  CC    pkcs5.c
  CC    platform.c
  CC    pkparse.c
  CC    platform_util.c
  CC    poly1305.c
  CC    psa_crypto.c
  CC    pkwrite.c
  CC    poly1305.c
  CC    psa_crypto_aead.c
  CC    platform.c
  CC    psa_crypto.c
  CC    psa_crypto.c
  CC    psa_crypto_aead.c
  CC    psa_crypto_cipher.c
  CC    psa_crypto_client.c
  CC    psa_crypto_cipher.c
  CC    psa_crypto_driver_wrappers.c
  CC    psa_crypto_driver_wrappers.c
  CC    psa_crypto_ecp.c
  CC    psa_crypto_ecp.c
  CC    psa_crypto_hash.c
  CC    psa_crypto_hash.c
  CC    psa_crypto_mac.c
  CC    psa_crypto_aead.c
  CC    psa_crypto_mac.c
  CC    psa_crypto_mac.c
  CC    psa_crypto_rsa.c
  CC    psa_crypto_se.c
  CC    psa_crypto_rsa.c
  CC    psa_crypto_rsa.c
  CC    psa_crypto_slot_management.c
  CC    psa_crypto_slot_management.c
  CC    psa_crypto_storage.c
  CC    psa_crypto_slot_management.c
  CC    psa_crypto_storage.c
  CC    psa_its_file.c
  CC    psa_its_file.c
  CC    psa_crypto_storage.c
  CC    psa_its_file.c
  CC    ripemd160.c
  CC    ripemd160.c
  CC    ripemd160.c
  CC    rsa.c
  CC    rsa.c
  CC    rsa.c
  CC    rsa_internal.c
  CC    rsa_internal.c
  CC    sha1.c
  CC    sha1.c
  CC    rsa_internal.c
  CC    sha1.c
  CC    sha256.c
  CC    sha256.c
  CC    sha256.c
  CC    sha512.c
  CC    sha512.c
  CC    sha512.c
  CC    threading.c
  CC    timing.c
  CC    threading.c
  CC    version.c
  CC    version.c
  CC    threading.c
  CC    version_features.c
  CC    version.c
  CC    version_features.c
  CC    xtea.c
  CC    xtea.c
  CC    version_features.c
  CC    xtea.c
  CC    ../3rdparty/everest/library/everest.c
  CC    ../3rdparty/everest/library/everest.c
  CC    ../3rdparty/everest/library/everest.c
  CC    ../3rdparty/everest/library/x25519.c
  CC    ../3rdparty/everest/library/x25519.c
  CC    ../3rdparty/everest/library/Hacl_Curve25519_joined.c
  CC    certs.c
  CC    ../3rdparty/everest/library/Hacl_Curve25519_joined.c
  CC    ../3rdparty/everest/library/x25519.c
  CC    pkcs11.c
  CC    x509.c
  CC    certs.c
  CC    certs.c
  CC    x509_create.c
  CC    x509.c
  CC    x509.c
  CC    x509_create.c
  CC    x509_crl.c
  CC    x509_crl.c
  CC    x509_crt.c
  CC    x509_create.c
  CC    x509_crt.c
  CC    x509_crl.c
  CC    x509_csr.c
  CC    x509_crt.c
  CC    x509write_crt.c
  CC    x509write_csr.c
  CC    debug.c
  CC    net_sockets.c
  CC    x509_csr.c
  CC    ssl_cache.c
  CC    ssl_ciphersuites.c
  CC    debug.c
  CC    ssl_ciphersuites.c
  CC    x509write_crt.c
  CC    ssl_cli.c
  CC    ssl_cookie.c
  CC    ssl_cli.c
  CC    ssl_cookie.c
  CC    ssl_ciphersuites.c
  CC    ssl_cli.c
  CC    ssl_msg.c
  CC    ssl_msg.c
  CC    ssl_msg.c
  CC    ssl_srv.c
  CC    ssl_ticket.c
  CC    ssl_srv.c
  CC    ssl_tls.c
  CC    ssl_srv.c
  CC    ssl_tls.c
  CC    ssl_tls13_keys.c
  CC    ssl_tls.c
  AR    libmbedcrypto.a
  AR    libmbedcrypto.a
  AR    libmbedx509.a
  AR    libmbedx509.a
  CC    ssl_tls13_keys.c
  AR    libmbedcrypto.a
  AR    libmbedx509.a
  AR    libmbedtls.a
make[1]: Leaving directory '/tmp/silent-mbedtls-N002-S1_H0-ks6phbfa/library'
  AR    libmbedtls.a
make[1]: Leaving directory '/tmp/silent-mbedtls-N002-S1_H0-ks6phbfa/library'
  AR    libmbedtls.a
make[1]: Leaving directory '/tmp/silent-mbedtls-N002-S1_H0-ks6phbfa/library'
 cc common.o onefile.o fuzz_server.o ../../tests/src/asn1_helpers.o ../../tests/src/fake_external_rng_for_test.o ../../tests/src/helpers.o ../../tests/src/psa_crypto_helpers.o ../../tests/src/psa_exercise_key.o ../../tests/src/random.o ../../tests/src/threading_helpers.o ../../tests/src/drivers/hash.o ../../tests/src/drivers/platform_builtin_keys.o ../../tests/src/drivers/test_driver_aead.o ../../tests/src/drivers/test_driver_cipher.o ../../tests/src/drivers/test_driver_key_management.o ../../tests/src/drivers/test_driver_mac.o ../../tests/src/drivers/test_driver_signature.o ../../tests/src/drivers/test_driver_size.o -L../../library -lmbedtls -lmbedx509 -lmbedcrypto  -o fuzz_server
make: Leaving directory '/tmp/silent-mbedtls-N002-S1_H0-ks6phbfa/programs/fuzz'

RUNTIME:
Warning: fuzzing without constant time
"
N002,S1_H1,fuzz_server,PASS,PASS,0,0,6.516,make -j4 mbedtls_test ; make -C programs/fuzz -j4 fuzz_server,"make[1]: Entering directory '/tmp/silent-mbedtls-N002-S1_H1-tjlkv2wq/tests'
  CC    src/asn1_helpers.c
  CC    src/fake_external_rng_for_test.c
  CC    src/helpers.c
  CC    src/psa_crypto_helpers.c
  CC    src/psa_exercise_key.c
  CC    src/random.c
  CC    src/threading_helpers.c
  CC    src/drivers/hash.c
  CC    src/drivers/platform_builtin_keys.c
  CC    src/drivers/test_driver_aead.c
  CC    src/drivers/test_driver_cipher.c
  CC    src/drivers/test_driver_key_management.c
  CC    src/drivers/test_driver_mac.c
  CC    src/drivers/test_driver_signature.c
  CC    src/drivers/test_driver_size.c
make[1]: Leaving directory '/tmp/silent-mbedtls-N002-S1_H1-tjlkv2wq/tests'
make: Entering directory '/tmp/silent-mbedtls-N002-S1_H1-tjlkv2wq/programs/fuzz'
make[1]: Entering directory '/tmp/silent-mbedtls-N002-S1_H1-tjlkv2wq/library'
  CC    aes.c
make[1]: Entering directory '/tmp/silent-mbedtls-N002-S1_H1-tjlkv2wq/library'
  CC    aes.c
make[1]: Entering directory '/tmp/silent-mbedtls-N002-S1_H1-tjlkv2wq/library'
  CC    aes.c
  CC    aesni.c
  CC    arc4.c
  CC    aria.c
  CC    asn1parse.c
  CC    aesni.c
  CC    asn1write.c
  CC    aesni.c
  CC    base64.c
  CC    asn1write.c
  CC    asn1write.c
  CC    base64.c
  CC    bignum.c
  CC    blowfish.c
  CC    base64.c
  CC    bignum.c
  CC    camellia.c
  CC    bignum.c
  CC    ccm.c
  CC    camellia.c
  CC    chacha20.c
  CC    chacha20.c
  CC    blowfish.c
  CC    chachapoly.c
  CC    chachapoly.c
  CC    cipher.c
  CC    chacha20.c
  CC    cipher.c
  CC    cipher_wrap.c
  CC    chachapoly.c
  CC    cmac.c
  CC    cipher_wrap.c
  CC    constant_time.c
  CC    cipher.c
  CC    constant_time.c
  CC    cmac.c
  CC    constant_time.c
  CC    ctr_drbg.c
  CC    ctr_drbg.c
  CC    des.c
  CC    ctr_drbg.c
  CC    dhm.c
  CC    des.c
  CC    des.c
  CC    dhm.c
  CC    ecdh.c
  CC    ecdsa.c
  CC    ecjpake.c
  CC    ecdh.c
  CC    dhm.c
  CC    ecdsa.c
  CC    ecp.c
  CC    ecp_curves.c
  CC    ecdsa.c
  CC    ecp.c
  CC    ecp.c
  CC    ecp_curves.c
  CC    entropy.c
  CC    ecp_curves.c
  CC    entropy_poll.c
  CC    error.c
  CC    gcm.c
  CC    entropy.c
  CC    havege.c
  CC    error.c
  CC    gcm.c
  CC    hkdf.c
  CC    hmac_drbg.c
  CC    md.c
  CC    entropy.c
  CC    md2.c
  CC    hmac_drbg.c
  CC    hkdf.c
  CC    md4.c
  CC    md.c
  CC    md5.c
  CC    md.c
  CC    md4.c
  CC    md5.c
  CC    md5.c
  CC    memory_buffer_alloc.c
  CC    memory_buffer_alloc.c
  CC    mps_reader.c
  CC    mps_trace.c
  CC    nist_kw.c
  CC    mps_reader.c
  CC    oid.c
  CC    padlock.c
  CC    pem.c
  CC    memory_buffer_alloc.c
  CC    oid.c
  CC    nist_kw.c
  CC    oid.c
  CC    pem.c
  CC    pk.c
  CC    pem.c
  CC    pk.c
  CC    pk_wrap.c
  CC    pk.c
  CC    pk_wrap.c
  CC    pk_wrap.c
  CC    pkcs12.c
  CC    pkcs5.c
  CC    pkcs12.c
  CC    pkcs12.c
  CC    pkparse.c
  CC    pkcs5.c
  CC    pkcs5.c
  CC    pkparse.c
  CC    pkparse.c
  CC    pkwrite.c
  CC    pkwrite.c
  CC    platform.c
  CC    platform_util.c
  CC    platform.c
  CC    pkwrite.c
  CC    platform_util.c
  CC    poly1305.c
  CC    platform_util.c
  CC    poly1305.c
  CC    psa_crypto.c
  CC    poly1305.c
  CC    psa_crypto.c
  CC    psa_crypto_aead.c
  CC    psa_crypto.c
  CC    psa_crypto_aead.c
  CC    psa_crypto_cipher.c
  CC    psa_crypto_cipher.c
  CC    psa_crypto_client.c
  CC    psa_crypto_driver_wrappers.c
  CC    psa_crypto_client.c
  CC    psa_crypto_ecp.c
  CC    psa_crypto_ecp.c
  CC    psa_crypto_aead.c
  CC    psa_crypto_hash.c
  CC    psa_crypto_hash.c
  CC    psa_crypto_mac.c
  CC    psa_crypto_mac.c
  CC    psa_crypto_rsa.c
  CC    psa_crypto_hash.c
  CC    psa_crypto_se.c
  CC    psa_crypto_mac.c
  CC    psa_crypto_rsa.c
  CC    psa_crypto_rsa.c
  CC    psa_crypto_slot_management.c
  CC    psa_crypto_slot_management.c
  CC    psa_crypto_slot_management.c
  CC    psa_crypto_storage.c
  CC    psa_crypto_storage.c
  CC    psa_its_file.c
  CC    psa_crypto_storage.c
  CC    psa_its_file.c
  CC    ripemd160.c
  CC    ripemd160.c
  CC    rsa.c
  CC    psa_its_file.c
  CC    ripemd160.c
  CC    rsa.c
  CC    rsa.c
  CC    rsa_internal.c
  CC    sha1.c
  CC    rsa_internal.c
  CC    sha1.c
  CC    sha256.c
  CC    sha256.c
  CC    rsa_internal.c
  CC    sha256.c
  CC    sha512.c
  CC    sha512.c
  CC    sha512.c
  CC    threading.c
  CC    threading.c
  CC    timing.c
  CC    timing.c
  CC    threading.c
  CC    timing.c
  CC    version.c
  CC    version.c
  CC    version.c
  CC    version_features.c
  CC    xtea.c
  CC    version_features.c
  CC    xtea.c
  CC    ../3rdparty/everest/library/everest.c
  CC    version_features.c
  CC    ../3rdparty/everest/library/x25519.c
  CC    xtea.c
  CC    ../3rdparty/everest/library/everest.c
  CC    ../3rdparty/everest/library/Hacl_Curve25519_joined.c
  CC    ../3rdparty/everest/library/Hacl_Curve25519_joined.c
  CC    ../3rdparty/everest/library/Hacl_Curve25519_joined.c
  CC    certs.c
  CC    certs.c
  CC    pkcs11.c
  CC    pkcs11.c
  CC    x509.c
  CC    x509_create.c
  CC    x509.c
  CC    certs.c
  CC    x509.c
  CC    x509_create.c
  CC    x509_crl.c
  CC    x509_crl.c
  CC    x509_create.c
  CC    x509_crl.c
  CC    x509_crt.c
  CC    x509_crt.c
  CC    x509_crt.c
  CC    x509_csr.c
  CC    x509write_crt.c
  CC    x509write_csr.c
  CC    x509_csr.c
  CC    debug.c
  CC    x509_csr.c
  CC    debug.c
  CC    debug.c
  CC    net_sockets.c
  CC    net_sockets.c
  CC    net_sockets.c
  CC    ssl_cache.c
  CC    ssl_ciphersuites.c
  CC    ssl_cache.c
  CC    ssl_ciphersuites.c
  CC    ssl_cache.c
  CC    ssl_cli.c
  CC    ssl_cookie.c
  CC    ssl_cli.c
  CC    ssl_ciphersuites.c
  CC    ssl_cli.c
  CC    ssl_msg.c
  CC    ssl_msg.c
  CC    ssl_cookie.c
  CC    ssl_msg.c
  CC    ssl_srv.c
  CC    ssl_srv.c
  CC    ssl_ticket.c
  CC    ssl_tls.c
  CC    ssl_ticket.c
  CC    ssl_srv.c
  CC    ssl_tls.c
  CC    ssl_tls13_keys.c
  CC    ssl_tls.c
  AR    libmbedcrypto.a
  AR    libmbedx509.a
  AR    libmbedcrypto.a
  AR    libmbedx509.a
  CC    ssl_tls13_keys.c
  AR    libmbedcrypto.a
  AR    libmbedx509.a
  AR    libmbedtls.a
make[1]: Leaving directory '/tmp/silent-mbedtls-N002-S1_H1-tjlkv2wq/library'
  AR    libmbedtls.a
make[1]: Leaving directory '/tmp/silent-mbedtls-N002-S1_H1-tjlkv2wq/library'
  AR    libmbedtls.a
make[1]: Leaving directory '/tmp/silent-mbedtls-N002-S1_H1-tjlkv2wq/library'
 cc common.o onefile.o fuzz_server.o ../../tests/src/asn1_helpers.o ../../tests/src/fake_external_rng_for_test.o ../../tests/src/helpers.o ../../tests/src/psa_crypto_helpers.o ../../tests/src/psa_exercise_key.o ../../tests/src/random.o ../../tests/src/threading_helpers.o ../../tests/src/drivers/hash.o ../../tests/src/drivers/platform_builtin_keys.o ../../tests/src/drivers/test_driver_aead.o ../../tests/src/drivers/test_driver_cipher.o ../../tests/src/drivers/test_driver_key_management.o ../../tests/src/drivers/test_driver_mac.o ../../tests/src/drivers/test_driver_signature.o ../../tests/src/drivers/test_driver_size.o -L../../library -lmbedtls -lmbedx509 -lmbedcrypto  -o fuzz_server
make: Leaving directory '/tmp/silent-mbedtls-N002-S1_H1-tjlkv2wq/programs/fuzz'

RUNTIME:
Warning: fuzzing without constant time
"
N003,S0_H0,fuzz_server,PASS,PASS,0,0,7.110,make -j4 mbedtls_test ; make -C programs/fuzz -j4 fuzz_server,"make[1]: Entering directory '/tmp/silent-mbedtls-N003-S0_H0-h9eb344j/tests'
  CC    src/asn1_helpers.c
  CC    src/certs.c
  CC    src/helpers.c
  CC    src/fake_external_rng_for_test.c
  CC    src/psa_crypto_helpers.c
  CC    src/psa_exercise_key.c
  CC    src/random.c
  CC    src/threading_helpers.c
  CC    src/drivers/hash.c
  CC    src/drivers/platform_builtin_keys.c
  CC    src/drivers/test_driver_aead.c
  CC    src/drivers/test_driver_cipher.c
  CC    src/drivers/test_driver_key_management.c
  CC    src/drivers/test_driver_mac.c
  CC    src/drivers/test_driver_signature.c
make[1]: Leaving directory '/tmp/silent-mbedtls-N003-S0_H0-h9eb344j/tests'
make: Entering directory '/tmp/silent-mbedtls-N003-S0_H0-h9eb344j/programs/fuzz'
make[1]: Entering directory '/tmp/silent-mbedtls-N003-S0_H0-h9eb344j/library'
  CC    aes.c
make[1]: Entering directory '/tmp/silent-mbedtls-N003-S0_H0-h9eb344j/library'
  CC    aes.c
  CC    aesni.c
make[1]: Entering directory '/tmp/silent-mbedtls-N003-S0_H0-h9eb344j/library'
  CC    aes.c
  CC    aesni.c
  CC    aria.c
  CC    asn1parse.c
  CC    aesni.c
  CC    asn1write.c
  CC    aria.c
  CC    asn1parse.c
  CC    asn1write.c
  CC    base64.c
  CC    bignum.c
  CC    base64.c
  CC    bignum.c
  CC    asn1parse.c
  CC    camellia.c
  CC    bignum.c
  CC    ccm.c
  CC    chacha20.c
  CC    chachapoly.c
  CC    camellia.c
  CC    cipher.c
  CC    cipher_wrap.c
  CC    cmac.c
  CC    chachapoly.c
  CC    camellia.c
  CC    cipher.c
  CC    cipher.c
  CC    constant_time.c
  CC    cmac.c
  CC    constant_time.c
  CC    ctr_drbg.c
  CC    cmac.c
  CC    ctr_drbg.c
  CC    des.c
  CC    des.c
  CC    ctr_drbg.c
  CC    dhm.c
  CC    des.c
  CC    dhm.c
  CC    dhm.c
  CC    ecdh.c
  CC    ecdsa.c
  CC    ecdh.c
  CC    ecdsa.c
  CC    ecjpake.c
  CC    ecp.c
  CC    ecdh.c
  CC    ecjpake.c
  CC    ecjpake.c
  CC    ecp.c
  CC    ecp.c
  CC    ecp_curves.c
  CC    ecp_curves.c
  CC    entropy.c
  CC    ecp_curves.c
  CC    entropy.c
  CC    entropy_poll.c
  Gen   error.c
  CC    gcm.c
  CC    entropy.c
  CC    hkdf.c
  Gen   error.c
  CC    hmac_drbg.c
  CC    md.c
  CC    entropy_poll.c
  CC    error.c
  CC    md5.c
  CC    gcm.c
  CC    md.c
  CC    hmac_drbg.c
  CC    memory_buffer_alloc.c
  CC    mps_reader.c
  CC    md5.c
  CC    mps_reader.c
  CC    mps_trace.c
  CC    nist_kw.c
  CC    mps_trace.c
  CC    nist_kw.c
  CC    md5.c
  CC    nist_kw.c
  CC    oid.c
  CC    oid.c
  CC    oid.c
  CC    padlock.c
  CC    padlock.c
  CC    pem.c
  CC    pem.c
  CC    pk.c
  CC    padlock.c
  CC    pem.c
  CC    pk_wrap.c
  CC    pk.c
  CC    pk_wrap.c
  CC    pk.c
  CC    pkcs12.c
  CC    pkcs5.c
  CC    pkcs12.c
  CC    pk_wrap.c
  CC    pkcs12.c
  CC    pkparse.c
  CC    pkcs5.c
  CC    pkcs5.c
  CC    pkparse.c
  CC    pkparse.c
  CC    pkwrite.c
  CC    pkwrite.c
  CC    platform.c
  CC    platform.c
  CC    platform_util.c
  CC    pkwrite.c
  CC    platform_util.c
  CC    poly1305.c
  CC    poly1305.c
  CC    psa_crypto.c
  CC    platform_util.c
  CC    psa_crypto_aead.c
  CC    poly1305.c
  CC    psa_crypto.c
  CC    psa_crypto.c
  CC    psa_crypto_aead.c
  CC    psa_crypto_cipher.c
  CC    psa_crypto_cipher.c
  CC    psa_crypto_client.c
  CC    psa_crypto_client.c
  Gen   psa_crypto_driver_wrappers.c
  CC    psa_crypto_ecp.c
  CC    psa_crypto_hash.c
  CC    psa_crypto_mac.c
  Gen   psa_crypto_driver_wrappers.c
  CC    psa_crypto_mac.c
  CC    psa_crypto_aead.c
  CC    psa_crypto_rsa.c
  CC    psa_crypto_se.c
  CC    psa_crypto_rsa.c
  CC    psa_crypto_se.c
  CC    psa_crypto_slot_management.c
  CC    psa_crypto_driver_wrappers.c
  CC    psa_crypto_slot_management.c
  CC    psa_crypto_slot_management.c
  CC    psa_crypto_storage.c
  CC    psa_crypto_storage.c
  CC    psa_its_file.c
  CC    psa_its_file.c
  CC    ripemd160.c
  CC    psa_crypto_storage.c
  CC    ripemd160.c
  CC    rsa.c
  CC    ripemd160.c
  CC    rsa_alt_helpers.c
  CC    rsa.c
  CC    rsa_alt_helpers.c
  CC    rsa.c
  CC    sha1.c
  CC    sha1.c
  CC    sha256.c
  CC    sha512.c
  CC    sha256.c
  CC    sha1.c
  Gen   ssl_debug_helpers_generated.c
  CC    threading.c
  CC    sha256.c
  CC    sha512.c
  CC    timing.c
  CC    version.c
  Gen   version_features.c
  CC    ../3rdparty/everest/library/everest.c
  CC    ../3rdparty/everest/library/x25519.c
  Gen   ssl_debug_helpers_generated.c
  CC    ../3rdparty/everest/library/Hacl_Curve25519_joined.c
  CC    x509.c
  CC    version_features.c
  CC    x509.c
  CC    x509_create.c
  CC    ssl_debug_helpers_generated.c
  CC    x509.c
  CC    x509_create.c
  CC    x509_create.c
  CC    x509_crl.c
  CC    x509_crl.c
  CC    x509_crt.c
  CC    x509_crl.c
  CC    x509_csr.c
  CC    x509_crt.c
  CC    x509_crt.c
  CC    x509_csr.c
  CC    x509write_crt.c
  CC    x509write_csr.c
  CC    x509write_crt.c
  CC    debug.c
  CC    debug.c
  CC    x509_csr.c
  CC    net_sockets.c
  CC    debug.c
  CC    ssl_cache.c
  CC    net_sockets.c
  CC    ssl_cache.c
  CC    ssl_ciphersuites.c
  CC    net_sockets.c
  CC    ssl_ciphersuites.c
  CC    ssl_cli.c
  CC    ssl_cookie.c
  CC    ssl_cli.c
  CC    ssl_ciphersuites.c
  CC    ssl_cli.c
  CC    ssl_msg.c
  CC    ssl_srv.c
  CC    ssl_cookie.c
  CC    ssl_msg.c
  CC    ssl_msg.c
  CC    ssl_ticket.c
  CC    ssl_srv.c
  CC    ssl_tls.c
  CC    ssl_srv.c
  CC    ssl_ticket.c
  CC    ssl_tls.c
  CC    ssl_tls13_keys.c
  CC    ssl_tls13_keys.c
  CC    ssl_tls13_client.c
  CC    ssl_tls13_client.c
  CC    ssl_tls13_server.c
  CC    ssl_tls13_server.c
  CC    ssl_tls13_generic.c
  CC    ssl_tls.c
  CC    error.c
  AR    libmbedx509.a
  AR    libmbedtls.a
  CC    error.c
  AR    libmbedcrypto.a
make[1]: Leaving directory '/tmp/silent-mbedtls-N003-S0_H0-h9eb344j/library'
  CC    psa_crypto_driver_wrappers.c
  CC    ssl_debug_helpers_generated.c
  AR    libmbedx509.a
  CC    ssl_tls13_generic.c
  CC    psa_crypto_driver_wrappers.c
  CC    ssl_debug_helpers_generated.c
  CC    version_features.c
  AR    libmbedx509.a
  AR    libmbedcrypto.a
  AR    libmbedcrypto.a
  AR    libmbedtls.a
make[1]: Leaving directory '/tmp/silent-mbedtls-N003-S0_H0-h9eb344j/library'
  AR    libmbedtls.a
make[1]: Leaving directory '/tmp/silent-mbedtls-N003-S0_H0-h9eb344j/library'
 cc common.o onefile.o fuzz_server.o ../../tests/src/asn1_helpers.o ../../tests/src/certs.o ../../tests/src/fake_external_rng_for_test.o ../../tests/src/helpers.o ../../tests/src/psa_crypto_helpers.o ../../tests/src/psa_exercise_key.o ../../tests/src/random.o ../../tests/src/threading_helpers.o ../../tests/src/drivers/hash.o ../../tests/src/drivers/platform_builtin_keys.o ../../tests/src/drivers/test_driver_aead.o ../../tests/src/drivers/test_driver_cipher.o ../../tests/src/drivers/test_driver_key_management.o ../../tests/src/drivers/test_driver_mac.o ../../tests/src/drivers/test_driver_signature.o -L../../library -lmbedtls -lmbedx509 -lmbedcrypto  -o fuzz_server
make: Leaving directory '/tmp/silent-mbedtls-N003-S0_H0-h9eb344j/programs/fuzz'

RUNTIME:
Warning: fuzzing without constant time
"
N003,S1_H0,fuzz_server,PASS,PASS,0,0,6.384,make -j4 mbedtls_test ; make -C programs/fuzz -j4 fuzz_server,"make[1]: Entering directory '/tmp/silent-mbedtls-N003-S1_H0-stgw5p6i/tests'
  CC    src/asn1_helpers.c
  CC    src/certs.c
  CC    src/fake_external_rng_for_test.c
  CC    src/helpers.c
  CC    src/psa_crypto_helpers.c
  CC    src/psa_exercise_key.c
  CC    src/random.c
  CC    src/threading_helpers.c
  CC    src/drivers/hash.c
  CC    src/drivers/platform_builtin_keys.c
  CC    src/drivers/test_driver_aead.c
  CC    src/drivers/test_driver_cipher.c
  CC    src/drivers/test_driver_key_management.c
  CC    src/drivers/test_driver_mac.c
  CC    src/drivers/test_driver_signature.c
make[1]: Leaving directory '/tmp/silent-mbedtls-N003-S1_H0-stgw5p6i/tests'
make: Entering directory '/tmp/silent-mbedtls-N003-S1_H0-stgw5p6i/programs/fuzz'
make[1]: Entering directory '/tmp/silent-mbedtls-N003-S1_H0-stgw5p6i/library'
  CC    aes.c
make[1]: Entering directory '/tmp/silent-mbedtls-N003-S1_H0-stgw5p6i/library'
  CC    aes.c
make[1]: Entering directory '/tmp/silent-mbedtls-N003-S1_H0-stgw5p6i/library'
  CC    aes.c
  CC    aesni.c
  CC    aesni.c
  CC    aria.c
  CC    asn1parse.c
  CC    aesni.c
  CC    aria.c
  CC    asn1parse.c
  CC    asn1parse.c
  CC    asn1write.c
  CC    asn1write.c
  CC    asn1write.c
  CC    base64.c
  CC    bignum.c
  CC    base64.c
  CC    base64.c
  CC    bignum.c
  CC    bignum.c
  CC    camellia.c
  CC    ccm.c
  CC    chacha20.c
  CC    camellia.c
  CC    camellia.c
  CC    chachapoly.c
  CC    chachapoly.c
  CC    cipher.c
  CC    cipher_wrap.c
  CC    cipher.c
  CC    chachapoly.c
  CC    cipher.c
  CC    cmac.c
  CC    cmac.c
  CC    cipher_wrap.c
  CC    constant_time.c
  CC    ctr_drbg.c
  CC    constant_time.c
  CC    cmac.c
  CC    constant_time.c
  CC    des.c
  CC    ctr_drbg.c
  CC    des.c
  CC    dhm.c
  CC    des.c
  CC    dhm.c
  CC    ecdh.c
  CC    ecdh.c
  CC    ecdsa.c
  CC    ecdsa.c
  CC    ecjpake.c
  CC    dhm.c
  CC    ecjpake.c
  CC    ecp.c
  CC    ecdsa.c
  CC    ecp.c
  CC    ecp_curves.c
  CC    ecjpake.c
  CC    ecp.c
  CC    ecp_curves.c
  CC    entropy.c
  CC    entropy.c
  CC    entropy_poll.c
  CC    entropy_poll.c
  Gen   error.c
  CC    gcm.c
  CC    hkdf.c
  CC    ecp_curves.c
  CC    hmac_drbg.c
  Gen   error.c
  CC    gcm.c
  CC    md.c
  CC    md5.c
  CC    memory_buffer_alloc.c
  CC    hmac_drbg.c
  CC    md5.c
  CC    mps_reader.c
  CC    mps_trace.c
  CC    nist_kw.c
  CC    error.c
  CC    mps_reader.c
  CC    nist_kw.c
  CC    oid.c
  CC    nist_kw.c
  CC    oid.c
  CC    padlock.c
  CC    padlock.c
  CC    pem.c
  CC    pk.c
  CC    pem.c
  CC    oid.c
  CC    pk_wrap.c
  CC    pkcs12.c
  CC    pk.c
  CC    pem.c
  CC    pk_wrap.c
  CC    pkcs5.c
  CC    pk_wrap.c
  CC    pkcs12.c
  CC    pkcs5.c
  CC    pkparse.c
  CC    pkwrite.c
  CC    pkcs5.c
  CC    pkparse.c
  CC    platform.c
  CC    pkwrite.c
  CC    pkparse.c
  CC    platform_util.c
  CC    platform_util.c
  CC    poly1305.c
  CC    poly1305.c
  CC    psa_crypto.c
  CC    psa_crypto.c
  CC    platform_util.c
  CC    psa_crypto_aead.c
  CC    psa_crypto.c
  CC    psa_crypto_cipher.c
  CC    psa_crypto_client.c
  Gen   psa_crypto_driver_wrappers.c
  CC    psa_crypto_ecp.c
  CC    psa_crypto_hash.c
  CC    psa_crypto_mac.c
  CC    psa_crypto_rsa.c
  CC    psa_crypto_se.c
  CC    psa_crypto_aead.c
  CC    psa_crypto_aead.c
  CC    psa_crypto_driver_wrappers.c
  CC    psa_crypto_slot_management.c
  CC    psa_crypto_driver_wrappers.c
  CC    psa_crypto_slot_management.c
  CC    psa_crypto_storage.c
  CC    psa_crypto_slot_management.c
  CC    psa_crypto_storage.c
  CC    psa_crypto_storage.c
  CC    psa_its_file.c
  CC    ripemd160.c
  CC    psa_its_file.c
  CC    psa_its_file.c
  CC    rsa.c
  CC    ripemd160.c
  CC    ripemd160.c
  CC    rsa_alt_helpers.c
  CC    rsa.c
  CC    sha1.c
  CC    rsa.c
  CC    sha1.c
  CC    sha256.c
  CC    sha256.c
  CC    rsa_alt_helpers.c
  CC    sha256.c
  CC    sha512.c
  Gen   ssl_debug_helpers_generated.c
  CC    threading.c
  CC    sha512.c
  CC    sha512.c
  CC    ssl_debug_helpers_generated.c
  CC    timing.c
  CC    version.c
  CC    timing.c
  Gen   version_features.c
  CC    ../3rdparty/everest/library/everest.c
  CC    ../3rdparty/everest/library/x25519.c
  CC    ../3rdparty/everest/library/Hacl_Curve25519_joined.c
  CC    version.c
  CC    ssl_debug_helpers_generated.c
  CC    version_features.c
  CC    x509.c
  CC    x509_create.c
  CC    ../3rdparty/everest/library/Hacl_Curve25519_joined.c
  CC    x509.c
  CC    version_features.c
  CC    x509.c
  CC    x509_crl.c
  CC    x509_crt.c
  CC    x509_create.c
  CC    x509_crl.c
  CC    x509_create.c
  CC    x509_crt.c
  CC    x509_crt.c
  CC    x509_csr.c
  CC    x509write_crt.c
  CC    x509write_csr.c
  CC    debug.c
  CC    x509_csr.c
  CC    x509_csr.c
  CC    debug.c
  CC    net_sockets.c
  CC    ssl_cache.c
  CC    debug.c
  CC    net_sockets.c
  CC    ssl_ciphersuites.c
  CC    ssl_cache.c
  CC    ssl_cli.c
  CC    ssl_ciphersuites.c
  CC    net_sockets.c
  CC    ssl_cli.c
  CC    ssl_cli.c
  CC    ssl_cookie.c
  CC    ssl_msg.c
  CC    ssl_cookie.c
  CC    ssl_cookie.c
  CC    ssl_msg.c
  CC    ssl_srv.c
  CC    ssl_msg.c
  CC    ssl_srv.c
  CC    ssl_ticket.c
  CC    ssl_tls.c
  CC    ssl_tls13_keys.c
  CC    ssl_tls13_client.c
  CC    ssl_ticket.c
  CC    ssl_srv.c
  CC    ssl_tls.c
  CC    ssl_tls13_server.c
  CC    ssl_tls13_generic.c
  CC    ssl_tls.c
  CC    error.c
  CC    psa_crypto_driver_wrappers.c
  CC    ssl_tls13_server.c
  CC    error.c
  CC    ssl_debug_helpers_generated.c
  CC    version_features.c
  AR    libmbedx509.a
  AR    libmbedtls.a
  AR    libmbedx509.a
  AR    libmbedcrypto.a
  AR    libmbedcrypto.a
make[1]: Leaving directory '/tmp/silent-mbedtls-N003-S1_H0-stgw5p6i/library'
  AR    libmbedcrypto.a
  AR    libmbedx509.a
  AR    libmbedtls.a
make[1]: Leaving directory '/tmp/silent-mbedtls-N003-S1_H0-stgw5p6i/library'
  AR    libmbedtls.a
make[1]: Leaving directory '/tmp/silent-mbedtls-N003-S1_H0-stgw5p6i/library'
 cc common.o onefile.o fuzz_server.o ../../tests/src/asn1_helpers.o ../../tests/src/certs.o ../../tests/src/fake_external_rng_for_test.o ../../tests/src/helpers.o ../../tests/src/psa_crypto_helpers.o ../../tests/src/psa_exercise_key.o ../../tests/src/random.o ../../tests/src/threading_helpers.o ../../tests/src/drivers/hash.o ../../tests/src/drivers/platform_builtin_keys.o ../../tests/src/drivers/test_driver_aead.o ../../tests/src/drivers/test_driver_cipher.o ../../tests/src/drivers/test_driver_key_management.o ../../tests/src/drivers/test_driver_mac.o ../../tests/src/drivers/test_driver_signature.o -L../../library -lmbedtls -lmbedx509 -lmbedcrypto  -o fuzz_server
make: Leaving directory '/tmp/silent-mbedtls-N003-S1_H0-stgw5p6i/programs/fuzz'

RUNTIME:
Warning: fuzzing without constant time
"
N003,S1_H1,fuzz_server,PASS,PASS,0,0,7.052,make -j4 mbedtls_test ; make -C programs/fuzz -j4 fuzz_server,"make[1]: Entering directory '/tmp/silent-mbedtls-N003-S1_H1-e_tb35p4/tests'
  CC    src/asn1_helpers.c
  CC    src/certs.c
  CC    src/fake_external_rng_for_test.c
  CC    src/helpers.c
  CC    src/psa_crypto_helpers.c
  CC    src/psa_exercise_key.c
  CC    src/random.c
  CC    src/threading_helpers.c
  CC    src/drivers/hash.c
  CC    src/drivers/platform_builtin_keys.c
  CC    src/drivers/test_driver_aead.c
  CC    src/drivers/test_driver_cipher.c
  CC    src/drivers/test_driver_key_management.c
  CC    src/drivers/test_driver_mac.c
  CC    src/drivers/test_driver_signature.c
make[1]: Leaving directory '/tmp/silent-mbedtls-N003-S1_H1-e_tb35p4/tests'
make: Entering directory '/tmp/silent-mbedtls-N003-S1_H1-e_tb35p4/programs/fuzz'
make[1]: Entering directory '/tmp/silent-mbedtls-N003-S1_H1-e_tb35p4/library'
  CC    aes.c
make[1]: Entering directory '/tmp/silent-mbedtls-N003-S1_H1-e_tb35p4/library'
  CC    aesni.c
  CC    aes.c
make[1]: Entering directory '/tmp/silent-mbedtls-N003-S1_H1-e_tb35p4/library'
  CC    aes.c
  CC    aesni.c
  CC    aria.c
  CC    asn1parse.c
  CC    asn1write.c
  CC    aesni.c
  CC    aria.c
  CC    asn1parse.c
  CC    base64.c
  CC    bignum.c
  CC    camellia.c
  CC    asn1write.c
  CC    asn1parse.c
  CC    bignum.c
  CC    camellia.c
  CC    bignum.c
  CC    ccm.c
  CC    chacha20.c
  CC    ccm.c
  CC    chacha20.c
  CC    chachapoly.c
  CC    ccm.c
  CC    cipher.c
  CC    cipher_wrap.c
  CC    chachapoly.c
  CC    cipher.c
  CC    chachapoly.c
  CC    cipher.c
  CC    cmac.c
  CC    cmac.c
  CC    constant_time.c
  CC    cipher_wrap.c
  CC    constant_time.c
  CC    constant_time.c
  CC    ctr_drbg.c
  CC    ctr_drbg.c
  CC    ctr_drbg.c
  CC    des.c
  CC    des.c
  CC    des.c
  CC    dhm.c
  CC    ecdh.c
  CC    dhm.c
  CC    dhm.c
  CC    ecdsa.c
  CC    ecjpake.c
  CC    ecdh.c
  CC    ecdh.c
  CC    ecp.c
  CC    ecdsa.c
  CC    ecdsa.c
  CC    ecp.c
  CC    ecjpake.c
  CC    ecp_curves.c
  CC    ecp.c
  CC    ecp_curves.c
  CC    entropy.c
  CC    entropy.c
  CC    entropy_poll.c
  CC    entropy_poll.c
  Gen   error.c
  CC    gcm.c
  CC    ecp_curves.c
  CC    hkdf.c
  Gen   error.c
  CC    gcm.c
  CC    hmac_drbg.c
  CC    md.c
  CC    md5.c
  CC    hmac_drbg.c
  CC    memory_buffer_alloc.c
  CC    mps_reader.c
  CC    mps_trace.c
  CC    nist_kw.c
  CC    md.c
  Gen   error.c
  CC    nist_kw.c
  CC    oid.c
  CC    nist_kw.c
  CC    oid.c
  CC    oid.c
  CC    padlock.c
  CC    pem.c
  CC    pk.c
  CC    padlock.c
  CC    padlock.c
  CC    pem.c
  CC    pem.c
  CC    pk_wrap.c
  CC    pkcs12.c
  CC    pk.c
  CC    pk.c
  CC    pk_wrap.c
  CC    pkcs5.c
  CC    pk_wrap.c
  CC    pkcs12.c
  CC    pkcs5.c
  CC    pkparse.c
  CC    pkcs5.c
  CC    pkparse.c
  CC    pkparse.c
  CC    pkwrite.c
  CC    pkwrite.c
  CC    platform.c
  CC    platform.c
  CC    pkwrite.c
  CC    platform_util.c
  CC    platform_util.c
  CC    poly1305.c
  CC    platform_util.c
  CC    poly1305.c
  CC    psa_crypto.c
  CC    poly1305.c
  CC    psa_crypto.c
  CC    psa_crypto.c
  CC    psa_crypto_aead.c
  CC    psa_crypto_cipher.c
  CC    psa_crypto_client.c
  Gen   psa_crypto_driver_wrappers.c
  CC    psa_crypto_ecp.c
  CC    psa_crypto_hash.c
  CC    psa_crypto_mac.c
  CC    psa_crypto_rsa.c
  CC    psa_crypto_se.c
  CC    psa_crypto_slot_management.c
  CC    psa_crypto_aead.c
  CC    psa_crypto_aead.c
  CC    psa_crypto_driver_wrappers.c
  CC    psa_crypto_storage.c
  CC    psa_crypto_driver_wrappers.c
  CC    psa_crypto_storage.c
  CC    psa_its_file.c
  CC    ripemd160.c
  CC    psa_its_file.c
  CC    psa_crypto_storage.c
  CC    ripemd160.c
  CC    ripemd160.c
  CC    rsa.c
  CC    rsa.c
  CC    rsa_alt_helpers.c
  CC    rsa.c
  CC    rsa_alt_helpers.c
  CC    sha1.c
  CC    sha1.c
  CC    rsa_alt_helpers.c
  CC    sha256.c
  CC    sha1.c
  CC    sha512.c
  CC    sha256.c
  Gen   ssl_debug_helpers_generated.c
  CC    sha512.c
  CC    threading.c
  CC    sha256.c
  Gen   ssl_debug_helpers_generated.c
  CC    timing.c
  CC    version.c
  CC    timing.c
  Gen   version_features.c
  CC    ../3rdparty/everest/library/everest.c
  CC    ../3rdparty/everest/library/x25519.c
  CC    version.c
  CC    ../3rdparty/everest/library/Hacl_Curve25519_joined.c
  CC    x509.c
  CC    x509_create.c
  CC    version_features.c
  CC    x509.c
  CC    ssl_debug_helpers_generated.c
  CC    x509_crl.c
  CC    x509.c
  CC    x509_crt.c
  CC    x509_csr.c
  CC    x509_create.c
  CC    x509_crl.c
  CC    x509write_crt.c
  CC    x509_crt.c
  CC    x509write_csr.c
  CC    x509_crt.c
  CC    x509write_csr.c
  CC    debug.c
  CC    debug.c
  CC    net_sockets.c
  CC    net_sockets.c
  CC    x509write_crt.c
  CC    net_sockets.c
  CC    ssl_cache.c
  CC    ssl_ciphersuites.c
  CC    ssl_cache.c
  CC    ssl_ciphersuites.c
  CC    ssl_cache.c
  CC    ssl_ciphersuites.c
  CC    ssl_cli.c
  CC    ssl_cli.c
  CC    ssl_cookie.c
  CC    ssl_cli.c
  CC    ssl_msg.c
  CC    ssl_cookie.c
  CC    ssl_msg.c
  CC    ssl_srv.c
  CC    ssl_cookie.c
  CC    ssl_msg.c
  CC    ssl_srv.c
  CC    ssl_ticket.c
  CC    ssl_tls.c
  CC    ssl_srv.c
  CC    ssl_tls13_keys.c
  CC    ssl_tls13_client.c
  CC    ssl_tls13_server.c
  CC    ssl_ticket.c
  CC    ssl_tls.c
  CC    ssl_tls13_generic.c
  CC    ssl_tls13_generic.c
  CC    error.c
  CC    ssl_debug_helpers_generated.c
  AR    libmbedx509.a
  CC    error.c
  CC    ssl_debug_helpers_generated.c
  CC    ssl_tls.c
  CC    version_features.c
  AR    libmbedx509.a
  AR    libmbedcrypto.a
  AR    libmbedcrypto.a
  AR    libmbedtls.a
make[1]: Leaving directory '/tmp/silent-mbedtls-N003-S1_H1-e_tb35p4/library'
  AR    libmbedtls.a
make[1]: Leaving directory '/tmp/silent-mbedtls-N003-S1_H1-e_tb35p4/library'
  CC    error.c
  CC    psa_crypto_driver_wrappers.c
  AR    libmbedx509.a
  AR    libmbedtls.a
  AR    libmbedcrypto.a
make[1]: Leaving directory '/tmp/silent-mbedtls-N003-S1_H1-e_tb35p4/library'
 cc common.o onefile.o fuzz_server.o ../../tests/src/asn1_helpers.o ../../tests/src/certs.o ../../tests/src/fake_external_rng_for_test.o ../../tests/src/helpers.o ../../tests/src/psa_crypto_helpers.o ../../tests/src/psa_exercise_key.o ../../tests/src/random.o ../../tests/src/threading_helpers.o ../../tests/src/drivers/hash.o ../../tests/src/drivers/platform_builtin_keys.o ../../tests/src/drivers/test_driver_aead.o ../../tests/src/drivers/test_driver_cipher.o ../../tests/src/drivers/test_driver_key_management.o ../../tests/src/drivers/test_driver_mac.o ../../tests/src/drivers/test_driver_signature.o -L../../library -lmbedtls -lmbedx509 -lmbedcrypto  -o fuzz_server
make: Leaving directory '/tmp/silent-mbedtls-N003-S1_H1-e_tb35p4/programs/fuzz'

RUNTIME:
Warning: fuzzing without constant time
"
N004,S0_H0,fuzz_client,PASS,PASS,0,0,5.799,make -j4 mbedtls_test ; make -C programs/fuzz -j4 fuzz_client,"make[1]: Entering directory '/tmp/silent-mbedtls-N004-S0_H0-cdia8igf/tests'
  CC    src/helpers.c
  CC    src/psa_crypto_helpers.c
  CC    src/random.c
  CC    src/drivers/cipher.c
  CC    src/drivers/key_management.c
  CC    src/drivers/signature.c
  CC    src/drivers/size.c
make[1]: Leaving directory '/tmp/silent-mbedtls-N004-S0_H0-cdia8igf/tests'
make: Entering directory '/tmp/silent-mbedtls-N004-S0_H0-cdia8igf/programs/fuzz'
make[1]: Entering directory '/tmp/silent-mbedtls-N004-S0_H0-cdia8igf/library'
  CC    aes.c
make[1]: Entering directory '/tmp/silent-mbedtls-N004-S0_H0-cdia8igf/library'
  CC    aes.c
make[1]: Entering directory '/tmp/silent-mbedtls-N004-S0_H0-cdia8igf/library'
  CC    aes.c
  CC    aesni.c
  CC    aesni.c
  CC    arc4.c
  CC    arc4.c
  CC    aria.c
  CC    aria.c
  CC    asn1parse.c
  CC    aesni.c
  CC    asn1write.c
  CC    asn1parse.c
  CC    base64.c
  CC    asn1parse.c
  CC    asn1write.c
  CC    bignum.c
  CC    asn1write.c
  CC    bignum.c
  CC    bignum.c
  CC    blowfish.c
  CC    camellia.c
  CC    ccm.c
  CC    chacha20.c
  CC    blowfish.c
  CC    chachapoly.c
  CC    blowfish.c
  CC    cipher.c
  CC    chachapoly.c
  CC    cipher.c
  CC    chachapoly.c
  CC    cipher_wrap.c
  CC    cipher.c
  CC    cipher_wrap.c
  CC    cmac.c
  CC    cmac.c
  CC    ctr_drbg.c
  CC    ctr_drbg.c
  CC    des.c
  CC    cipher_wrap.c
  CC    des.c
  CC    dhm.c
  CC    ctr_drbg.c
  CC    ecdh.c
  CC    dhm.c
  CC    des.c
  CC    ecdh.c
  CC    ecdsa.c
  CC    ecdsa.c
  CC    ecdh.c
  CC    ecjpake.c
  CC    ecp.c
  CC    ecdsa.c
  CC    ecjpake.c
  CC    ecp.c
  CC    ecp_curves.c
  CC    ecp.c
  CC    entropy.c
  CC    ecp_curves.c
  CC    ecp_curves.c
  CC    entropy_poll.c
  CC    error.c
  CC    gcm.c
  CC    hkdf.c
  CC    hmac_drbg.c
  CC    entropy_poll.c
  CC    entropy_poll.c
  CC    gcm.c
  CC    gcm.c
  CC    hmac_drbg.c
  CC    md.c
  CC    md2.c
  CC    md.c
  CC    md4.c
  CC    md5.c
  CC    hmac_drbg.c
  CC    md5.c
  CC    md4.c
  CC    md5.c
  CC    memory_buffer_alloc.c
  CC    memory_buffer_alloc.c
  CC    memory_buffer_alloc.c
  CC    nist_kw.c
  CC    nist_kw.c
  CC    oid.c
  CC    padlock.c
  CC    nist_kw.c
  CC    oid.c
  CC    padlock.c
  CC    pem.c
  CC    oid.c
  CC    pem.c
  CC    pk.c
  CC    pk.c
  CC    pk_wrap.c
  CC    pem.c
  CC    pk_wrap.c
  CC    pkcs12.c
  CC    pkcs12.c
  CC    pkcs5.c
  CC    pk_wrap.c
  CC    pkparse.c
  CC    pkcs5.c
  CC    pkparse.c
  CC    pkcs5.c
  CC    pkparse.c
  CC    pkwrite.c
  CC    pkwrite.c
  CC    platform.c
  CC    pkwrite.c
  CC    platform.c
  CC    platform_util.c
  CC    poly1305.c
  CC    psa_crypto.c
  CC    platform.c
  CC    poly1305.c
  CC    platform_util.c
  CC    poly1305.c
  CC    psa_crypto.c
  CC    psa_crypto.c
  CC    psa_crypto_driver_wrappers.c
  CC    psa_crypto_driver_wrappers.c
  CC    psa_crypto_se.c
  CC    psa_crypto_slot_management.c
  CC    psa_crypto_storage.c
  CC    psa_its_file.c
  CC    ripemd160.c
  CC    rsa.c
  CC    psa_crypto_driver_wrappers.c
  CC    rsa.c
  CC    rsa_internal.c
  CC    psa_crypto_se.c
  CC    rsa.c
  CC    rsa_internal.c
  CC    sha1.c
  CC    rsa_internal.c
  CC    sha1.c
  CC    sha256.c
  CC    sha256.c
  CC    sha512.c
  CC    sha1.c
  CC    sha512.c
  CC    threading.c
  CC    sha256.c
  CC    threading.c
  CC    timing.c
  CC    sha512.c
  CC    timing.c
  CC    version.c
  CC    version_features.c
  CC    timing.c
  CC    xtea.c
  CC    version.c
  CC    xtea.c
  CC    ../3rdparty/everest/library/everest.c
  CC    ../3rdparty/everest/library/x25519.c
  CC    version_features.c
  CC    ../3rdparty/everest/library/everest.c
  CC    ../3rdparty/everest/library/Hacl_Curve25519_joined.c
  CC    ../3rdparty/everest/library/Hacl_Curve25519_joined.c
  CC    certs.c
  CC    certs.c
  CC    pkcs11.c
  CC    ../3rdparty/everest/library/everest.c
  CC    certs.c
  CC    pkcs11.c
  CC    x509.c
  CC    x509.c
  CC    x509.c
  CC    x509_create.c
  CC    x509_create.c
  CC    x509_crl.c
  CC    x509_create.c
  CC    x509_crl.c
  CC    x509_crt.c
  CC    x509_crl.c
  CC    x509_crt.c
  CC    x509_csr.c
  CC    x509_crt.c
  CC    x509_csr.c
  CC    x509write_crt.c
x509write_crt.c: In function ‘mbedtls_x509write_crt_set_key_usage’:
x509write_crt.c:256:11: warning: ‘buf’ may be used uninitialized [-Wmaybe-uninitialized]
  256 |     ret = mbedtls_asn1_write_named_bitstring( &c, buf, ku, 9 );
      |           ^~~~~~~~~~~~~~~~~~~~~~~~~~~~~~~~~~~~~~~~~~~~~~~~~~~~
In file included from x509write_crt.c:31:
../include/mbedtls/asn1write.h:318:5: note: by argument 2 of type ‘const unsigned char *’ to ‘mbedtls_asn1_write_named_bitstring’ declared here
  318 | int mbedtls_asn1_write_named_bitstring( unsigned char **p,
      |     ^~~~~~~~~~~~~~~~~~~~~~~~~~~~~~~~~~
x509write_crt.c:236:19: note: ‘buf’ declared here
  236 |     unsigned char buf[5], ku[2];
      |                   ^~~
x509write_crt.c: In function ‘mbedtls_x509write_crt_set_ns_cert_type’:
x509write_crt.c:281:11: warning: ‘buf’ may be used uninitialized [-Wmaybe-uninitialized]
  281 |     ret = mbedtls_asn1_write_named_bitstring( &c, buf, &ns_cert_type, 8 );
      |           ^~~~~~~~~~~~~~~~~~~~~~~~~~~~~~~~~~~~~~~~~~~~~~~~~~~~~~~~~~~~~~~
../include/mbedtls/asn1write.h:318:5: note: by argument 2 of type ‘const unsigned char *’ to ‘mbedtls_asn1_write_named_bitstring’ declared here
  318 | int mbedtls_asn1_write_named_bitstring( unsigned char **p,
      |     ^~~~~~~~~~~~~~~~~~~~~~~~~~~~~~~~~~
x509write_crt.c:275:19: note: ‘buf’ declared here
  275 |     unsigned char buf[4];
      |                   ^~~
  CC    x509write_crt.c
  CC    x509_csr.c
x509write_crt.c: In function ‘mbedtls_x509write_crt_set_key_usage’:
x509write_crt.c:256:11: warning: ‘buf’ may be used uninitialized [-Wmaybe-uninitialized]
  256 |     ret = mbedtls_asn1_write_named_bitstring( &c, buf, ku, 9 );
      |           ^~~~~~~~~~~~~~~~~~~~~~~~~~~~~~~~~~~~~~~~~~~~~~~~~~~~
In file included from x509write_crt.c:31:
../include/mbedtls/asn1write.h:318:5: note: by argument 2 of type ‘const unsigned char *’ to ‘mbedtls_asn1_write_named_bitstring’ declared here
  318 | int mbedtls_asn1_write_named_bitstring( unsigned char **p,
      |     ^~~~~~~~~~~~~~~~~~~~~~~~~~~~~~~~~~
x509write_crt.c:236:19: note: ‘buf’ declared here
  236 |     unsigned char buf[5], ku[2];
      |                   ^~~
x509write_crt.c: In function ‘mbedtls_x509write_crt_set_ns_cert_type’:
x509write_crt.c:281:11: warning: ‘buf’ may be used uninitialized [-Wmaybe-uninitialized]
  281 |     ret = mbedtls_asn1_write_named_bitstring( &c, buf, &ns_cert_type, 8 );
      |           ^~~~~~~~~~~~~~~~~~~~~~~~~~~~~~~~~~~~~~~~~~~~~~~~~~~~~~~~~~~~~~~
../include/mbedtls/asn1write.h:318:5: note: by argument 2 of type ‘const unsigned char *’ to ‘mbedtls_asn1_write_named_bitstring’ declared here
  318 | int mbedtls_asn1_write_named_bitstring( unsigned char **p,
      |     ^~~~~~~~~~~~~~~~~~~~~~~~~~~~~~~~~~
x509write_crt.c:275:19: note: ‘buf’ declared here
  275 |     unsigned char buf[4];
      |                   ^~~
  CC    x509write_csr.c
  CC    x509write_csr.c
  CC    x509write_csr.c
x509write_csr.c: In function ‘mbedtls_x509write_csr_set_key_usage’:
x509write_csr.c:100:11: warning: ‘buf’ may be used uninitialized [-Wmaybe-uninitialized]
  100 |     ret = mbedtls_asn1_write_named_bitstring( &c, buf, &key_usage, 8 );
      |           ^~~~~~~~~~~~~~~~~~~~~~~~~~~~~~~~~~~~~~~~~~~~~~~~~~~~~~~~~~~~
In file included from x509write_csr.c:30:
../include/mbedtls/asn1write.h:318:5: note: by argument 2 of type ‘const unsigned char *’ to ‘mbedtls_asn1_write_named_bitstring’ declared here
  318 | int mbedtls_asn1_write_named_bitstring( unsigned char **p,
      |     ^~~~~~~~~~~~~~~~~~~~~~~~~~~~~~~~~~
x509write_csr.c:94:19: note: ‘buf’ declared here
   94 |     unsigned char buf[4];
      |                   ^~~
x509write_csr.c: In function ‘mbedtls_x509write_csr_set_key_usage’:
x509write_csr.c: In function ‘mbedtls_x509write_csr_set_ns_cert_type’:
x509write_csr.c:100:11: warning: ‘buf’ may be used uninitialized [-Wmaybe-uninitialized]
  100 |     ret = mbedtls_asn1_write_named_bitstring( &c, buf, &key_usage, 8 );
      |           ^~~~~~~~~~~~~~~~~~~~~~~~~~~~~~~~~~~~~~~~~~~~~~~~~~~~~~~~~~~~
x509write_csr.c:122:11: warning: ‘buf’ may be used uninitialized [-Wmaybe-uninitialized]
  122 |     ret = mbedtls_asn1_write_named_bitstring( &c, buf, &ns_cert_type, 8 );
      |           ^~~~~~~~~~~~~~~~~~~~~~~~~~~~~~~~~~~~~~~~~~~~~~~~~~~~~~~~~~~~~~~
../include/mbedtls/asn1write.h:318:5: note: by argument 2 of type ‘const unsigned char *’ to ‘mbedtls_asn1_write_named_bitstring’ declared here
  318 | int mbedtls_asn1_write_named_bitstring( unsigned char **p,
      |     ^~~~~~~~~~~~~~~~~~~~~~~~~~~~~~~~~~
x509write_csr.c:116:19: note: ‘buf’ declared here
  116 |     unsigned char buf[4];
      |                   ^~~
In file included from x509write_csr.c:30:
../include/mbedtls/asn1write.h:318:5: note: by argument 2 of type ‘const unsigned char *’ to ‘mbedtls_asn1_write_named_bitstring’ declared here
  318 | int mbedtls_asn1_write_named_bitstring( unsigned char **p,
      |     ^~~~~~~~~~~~~~~~~~~~~~~~~~~~~~~~~~
x509write_csr.c:94:19: note: ‘buf’ declared here
   94 |     unsigned char buf[4];
      |                   ^~~
x509write_csr.c: In function ‘mbedtls_x509write_csr_set_ns_cert_type’:
x509write_csr.c:122:11: warning: ‘buf’ may be used uninitialized [-Wmaybe-uninitialized]
  122 |     ret = mbedtls_asn1_write_named_bitstring( &c, buf, &ns_cert_type, 8 );
      |           ^~~~~~~~~~~~~~~~~~~~~~~~~~~~~~~~~~~~~~~~~~~~~~~~~~~~~~~~~~~~~~~
../include/mbedtls/asn1write.h:318:5: note: by argument 2 of type ‘const unsigned char *’ to ‘mbedtls_asn1_write_named_bitstring’ declared here
  318 | int mbedtls_asn1_write_named_bitstring( unsigned char **p,
      |     ^~~~~~~~~~~~~~~~~~~~~~~~~~~~~~~~~~
x509write_csr.c:116:19: note: ‘buf’ declared here
  116 |     unsigned char buf[4];
      |                   ^~~
  CC    debug.c
  CC    debug.c
x509write_csr.c: In function ‘mbedtls_x509write_csr_set_key_usage’:
x509write_csr.c:100:11: warning: ‘buf’ may be used uninitialized [-Wmaybe-uninitialized]
  100 |     ret = mbedtls_asn1_write_named_bitstring( &c, buf, &key_usage, 8 );
      |           ^~~~~~~~~~~~~~~~~~~~~~~~~~~~~~~~~~~~~~~~~~~~~~~~~~~~~~~~~~~~
In file included from x509write_csr.c:30:
../include/mbedtls/asn1write.h:318:5: note: by argument 2 of type ‘const unsigned char *’ to ‘mbedtls_asn1_write_named_bitstring’ declared here
  318 | int mbedtls_asn1_write_named_bitstring( unsigned char **p,
      |     ^~~~~~~~~~~~~~~~~~~~~~~~~~~~~~~~~~
x509write_csr.c:94:19: note: ‘buf’ declared here
   94 |     unsigned char buf[4];
      |                   ^~~
x509write_csr.c: In function ‘mbedtls_x509write_csr_set_ns_cert_type’:
x509write_csr.c:122:11: warning: ‘buf’ may be used uninitialized [-Wmaybe-uninitialized]
  122 |     ret = mbedtls_asn1_write_named_bitstring( &c, buf, &ns_cert_type, 8 );
      |           ^~~~~~~~~~~~~~~~~~~~~~~~~~~~~~~~~~~~~~~~~~~~~~~~~~~~~~~~~~~~~~~
../include/mbedtls/asn1write.h:318:5: note: by argument 2 of type ‘const unsigned char *’ to ‘mbedtls_asn1_write_named_bitstring’ declared here
  318 | int mbedtls_asn1_write_named_bitstring( unsigned char **p,
      |     ^~~~~~~~~~~~~~~~~~~~~~~~~~~~~~~~~~
x509write_csr.c:116:19: note: ‘buf’ declared here
  116 |     unsigned char buf[4];
      |                   ^~~
  CC    debug.c
  CC    net_sockets.c
  CC    net_sockets.c
  CC    net_sockets.c
  CC    ssl_cache.c
  CC    ssl_cache.c
  CC    ssl_ciphersuites.c
  CC    ssl_ciphersuites.c
  CC    ssl_cache.c
  CC    ssl_ciphersuites.c
  CC    ssl_cli.c
  CC    ssl_cli.c
  CC    ssl_cli.c
  CC    ssl_cookie.c
  CC    ssl_cookie.c
  CC    ssl_msg.c
  CC    ssl_cookie.c
  CC    ssl_msg.c
  CC    ssl_msg.c
  CC    ssl_srv.c
  CC    ssl_srv.c
  CC    ssl_ticket.c
  CC    ssl_ticket.c
  CC    ssl_tls.c
  CC    ssl_srv.c
  CC    ssl_tls.c
  CC    ssl_tls.c
  CC    ssl_tls13_keys.c
  CC    ssl_tls13_keys.c
  AR    libmbedcrypto.a
  AR    libmbedx509.a
  AR    libmbedcrypto.a
  AR    libmbedx509.a
  CC    ssl_tls13_keys.c
  AR    libmbedcrypto.a
  AR    libmbedx509.a
  AR    libmbedtls.a
make[1]: Leaving directory '/tmp/silent-mbedtls-N004-S0_H0-cdia8igf/library'
  AR    libmbedtls.a
make[1]: Leaving directory '/tmp/silent-mbedtls-N004-S0_H0-cdia8igf/library'
  AR    libmbedtls.a
make[1]: Leaving directory '/tmp/silent-mbedtls-N004-S0_H0-cdia8igf/library'
 cc common.o onefile.o fuzz_client.o ../../tests/src/helpers.o ../../tests/src/psa_crypto_helpers.o ../../tests/src/random.o ../../tests/src/drivers/cipher.o ../../tests/src/drivers/key_management.o ../../tests/src/drivers/signature.o ../../tests/src/drivers/size.o -L../../library -lmbedtls -lmbedx509 -lmbedcrypto  -o fuzz_client
make: Leaving directory '/tmp/silent-mbedtls-N004-S0_H0-cdia8igf/programs/fuzz'

RUNTIME:
Warning: fuzzing without constant time
"
N004,S1_H0,fuzz_client,FAIL,NOT_RUN,2,,2.188,make -j4 mbedtls_test ; make -C programs/fuzz -j4 fuzz_client,"make[1]: Entering directory '/tmp/silent-mbedtls-N004-S1_H0-oxn82bm6/tests'
  CC    src/certs.c
  CC    src/helpers.c
  CC    src/psa_crypto_helpers.c
  CC    src/random.c
  CC    src/drivers/cipher.c
  CC    src/drivers/key_management.c
  CC    src/drivers/signature.c
  CC    src/drivers/size.c
make[1]: Leaving directory '/tmp/silent-mbedtls-N004-S1_H0-oxn82bm6/tests'
make: Entering directory '/tmp/silent-mbedtls-N004-S1_H0-oxn82bm6/programs/fuzz'
make[1]: Entering directory '/tmp/silent-mbedtls-N004-S1_H0-oxn82bm6/library'
  CC    aes.c
fuzz_client.c:4:10: fatal error: mbedtls/certs.h: No such file or directory
    4 | #include ""mbedtls/certs.h""
      |          ^~~~~~~~~~~~~~~~~
compilation terminated.
make: *** [Makefile:55: fuzz_client.o] Error 1
make: *** Waiting for unfinished jobs....
  CC    aesni.c
  CC    arc4.c
  CC    aria.c
  CC    asn1parse.c
  CC    asn1write.c
  CC    base64.c
  CC    bignum.c
  CC    blowfish.c
  CC    camellia.c
  CC    ccm.c
  CC    chacha20.c
  CC    chachapoly.c
  CC    cipher.c
  CC    cipher_wrap.c
  CC    cmac.c
  CC    ctr_drbg.c
  CC    des.c
  CC    dhm.c
  CC    ecdh.c
  CC    ecdsa.c
  CC    ecjpake.c
  CC    ecp.c
  CC    ecp_curves.c
  CC    entropy.c
  CC    entropy_poll.c
  CC    error.c
  CC    gcm.c
  CC    hkdf.c
  CC    hmac_drbg.c
  CC    md.c
  CC    md2.c
  CC    md4.c
  CC    md5.c
  CC    memory_buffer_alloc.c
  CC    nist_kw.c
  CC    oid.c
  CC    padlock.c
  CC    pem.c
  CC    pk.c
  CC    pk_wrap.c
  CC    pkcs12.c
  CC    pkcs5.c
  CC    pkparse.c
  CC    pkwrite.c
  CC    platform.c
  CC    platform_util.c
  CC    poly1305.c
  CC    psa_crypto.c
  CC    psa_crypto_driver_wrappers.c
  CC    psa_crypto_se.c
  CC    psa_crypto_slot_management.c
  CC    psa_crypto_storage.c
  CC    psa_its_file.c
  CC    ripemd160.c
  CC    rsa.c
  CC    rsa_internal.c
  CC    sha1.c
  CC    sha256.c
  CC    sha512.c
  CC    threading.c
  CC    timing.c
  CC    version.c
  CC    version_features.c
  CC    xtea.c
  CC    ../3rdparty/everest/library/everest.c
  CC    ../3rdparty/everest/library/x25519.c
  CC    ../3rdparty/everest/library/Hacl_Curve25519_joined.c
  CC    pkcs11.c
  CC    x509.c
  CC    x509_create.c
  CC    x509_crl.c
  CC    x509_crt.c
  CC    x509_csr.c
  CC    x509write_crt.c
  CC    x509write_csr.c
  CC    debug.c
x509write_crt.c: In function ‘mbedtls_x509write_crt_set_key_usage’:
x509write_crt.c:256:11: warning: ‘buf’ may be used uninitialized [-Wmaybe-uninitialized]
  256 |     ret = mbedtls_asn1_write_named_bitstring( &c, buf, ku, 9 );
      |           ^~~~~~~~~~~~~~~~~~~~~~~~~~~~~~~~~~~~~~~~~~~~~~~~~~~~
In file included from x509write_crt.c:31:
../include/mbedtls/asn1write.h:318:5: note: by argument 2 of type ‘const unsigned char *’ to ‘mbedtls_asn1_write_named_bitstring’ declared here
  318 | int mbedtls_asn1_write_named_bitstring( unsigned char **p,
      |     ^~~~~~~~~~~~~~~~~~~~~~~~~~~~~~~~~~
x509write_crt.c:236:19: note: ‘buf’ declared here
  236 |     unsigned char buf[5], ku[2];
      |                   ^~~
x509write_crt.c: In function ‘mbedtls_x509write_crt_set_ns_cert_type’:
x509write_crt.c:281:11: warning: ‘buf’ may be used uninitialized [-Wmaybe-uninitialized]
  281 |     ret = mbedtls_asn1_write_named_bitstring( &c, buf, &ns_cert_type, 8 );
      |           ^~~~~~~~~~~~~~~~~~~~~~~~~~~~~~~~~~~~~~~~~~~~~~~~~~~~~~~~~~~~~~~
../include/mbedtls/asn1write.h:318:5: note: by argument 2 of type ‘const unsigned char *’ to ‘mbedtls_asn1_write_named_bitstring’ declared here
  318 | int mbedtls_asn1_write_named_bitstring( unsigned char **p,
      |     ^~~~~~~~~~~~~~~~~~~~~~~~~~~~~~~~~~
x509write_crt.c:275:19: note: ‘buf’ declared here
  275 |     unsigned char buf[4];
      |                   ^~~
x509write_csr.c: In function ‘mbedtls_x509write_csr_set_key_usage’:
x509write_csr.c:100:11: warning: ‘buf’ may be used uninitialized [-Wmaybe-uninitialized]
  100 |     ret = mbedtls_asn1_write_named_bitstring( &c, buf, &key_usage, 8 );
      |           ^~~~~~~~~~~~~~~~~~~~~~~~~~~~~~~~~~~~~~~~~~~~~~~~~~~~~~~~~~~~
In file included from x509write_csr.c:30:
../include/mbedtls/asn1write.h:318:5: note: by argument 2 of type ‘const unsigned char *’ to ‘mbedtls_asn1_write_named_bitstring’ declared here
  318 | int mbedtls_asn1_write_named_bitstring( unsigned char **p,
      |     ^~~~~~~~~~~~~~~~~~~~~~~~~~~~~~~~~~
x509write_csr.c:94:19: note: ‘buf’ declared here
   94 |     unsigned char buf[4];
      |                   ^~~
x509write_csr.c: In function ‘mbedtls_x509write_csr_set_ns_cert_type’:
x509write_csr.c:122:11: warning: ‘buf’ may be used uninitialized [-Wmaybe-uninitialized]
  122 |     ret = mbedtls_asn1_write_named_bitstring( &c, buf, &ns_cert_type, 8 );
      |           ^~~~~~~~~~~~~~~~~~~~~~~~~~~~~~~~~~~~~~~~~~~~~~~~~~~~~~~~~~~~~~~
../include/mbedtls/asn1write.h:318:5: note: by argument 2 of type ‘const unsigned char *’ to ‘mbedtls_asn1_write_named_bitstring’ declared here
  318 | int mbedtls_asn1_write_named_bitstring( unsigned char **p,
      |     ^~~~~~~~~~~~~~~~~~~~~~~~~~~~~~~~~~
x509write_csr.c:116:19: note: ‘buf’ declared here
  116 |     unsigned char buf[4];
      |                   ^~~
  CC    net_sockets.c
  CC    ssl_cache.c
  CC    ssl_ciphersuites.c
  CC    ssl_cli.c
  CC    ssl_cookie.c
  CC    ssl_msg.c
  CC    ssl_srv.c
  CC    ssl_ticket.c
  CC    ssl_tls.c
  CC    ssl_tls13_keys.c
  AR    libmbedcrypto.a
  AR    libmbedx509.a
  AR    libmbedtls.a
make[1]: Leaving directory '/tmp/silent-mbedtls-N004-S1_H0-oxn82bm6/library'
make: Leaving directory '/tmp/silent-mbedtls-N004-S1_H0-oxn82bm6/programs/fuzz'
"
N004,S1_H1,fuzz_client,PASS,PASS,0,0,6.105,make -j4 mbedtls_test ; make -C programs/fuzz -j4 fuzz_client,"make[1]: Entering directory '/tmp/silent-mbedtls-N004-S1_H1-viuwhyht/tests'
  CC    src/certs.c
  CC    src/helpers.c
  CC    src/psa_crypto_helpers.c
  CC    src/random.c
  CC    src/drivers/cipher.c
  CC    src/drivers/key_management.c
  CC    src/drivers/signature.c
  CC    src/drivers/size.c
make[1]: Leaving directory '/tmp/silent-mbedtls-N004-S1_H1-viuwhyht/tests'
make: Entering directory '/tmp/silent-mbedtls-N004-S1_H1-viuwhyht/programs/fuzz'
make[1]: Entering directory '/tmp/silent-mbedtls-N004-S1_H1-viuwhyht/library'
  CC    aes.c
make[1]: Entering directory '/tmp/silent-mbedtls-N004-S1_H1-viuwhyht/library'
  CC    aes.c
  CC    aesni.c
  CC    arc4.c
  CC    aria.c
  CC    asn1parse.c
make[1]: Entering directory '/tmp/silent-mbedtls-N004-S1_H1-viuwhyht/library'
  CC    aes.c
  CC    asn1write.c
  CC    asn1parse.c
  CC    aesni.c
  CC    base64.c
  CC    base64.c
  CC    base64.c
  CC    bignum.c
  CC    bignum.c
  CC    bignum.c
  CC    blowfish.c
  CC    camellia.c
  CC    blowfish.c
  CC    ccm.c
  CC    chacha20.c
  CC    chachapoly.c
  CC    blowfish.c
  CC    cipher.c
  CC    ccm.c
  CC    cipher_wrap.c
  CC    chachapoly.c
  CC    chachapoly.c
  CC    cmac.c
  CC    ctr_drbg.c
  CC    cipher.c
  CC    ctr_drbg.c
  CC    cipher.c
  CC    des.c
  CC    des.c
  CC    dhm.c
  CC    ctr_drbg.c
  CC    ecdh.c
  CC    dhm.c
  CC    des.c
  CC    ecdsa.c
  CC    ecjpake.c
  CC    ecdh.c
  CC    ecdh.c
  CC    ecdsa.c
  CC    ecp.c
  CC    ecdsa.c
  CC    ecp.c
  CC    ecp_curves.c
  CC    ecp.c
  CC    entropy.c
  CC    ecp_curves.c
  CC    entropy_poll.c
  CC    error.c
  CC    gcm.c
  CC    ecp_curves.c
  CC    gcm.c
  CC    hkdf.c
  CC    entropy.c
  CC    hmac_drbg.c
  CC    md.c
  CC    hkdf.c
  CC    md2.c
  CC    hmac_drbg.c
  CC    md.c
  CC    hkdf.c
  CC    md4.c
  CC    md5.c
  CC    md4.c
  CC    md5.c
  CC    memory_buffer_alloc.c
  CC    md4.c
  CC    md5.c
  CC    nist_kw.c
  CC    nist_kw.c
  CC    oid.c
  CC    memory_buffer_alloc.c
  CC    oid.c
  CC    oid.c
  CC    padlock.c
  CC    pem.c
  CC    padlock.c
  CC    padlock.c
  CC    pem.c
  CC    pem.c
  CC    pk.c
  CC    pk.c
  CC    pk.c
  CC    pk_wrap.c
  CC    pk_wrap.c
  CC    pk_wrap.c
  CC    pkcs12.c
  CC    pkcs12.c
  CC    pkcs12.c
  CC    pkcs5.c
  CC    pkcs5.c
  CC    pkcs5.c
  CC    pkparse.c
  CC    pkparse.c
  CC    pkparse.c
  CC    pkwrite.c
  CC    platform.c
  CC    pkwrite.c
  CC    platform_util.c
  CC    platform_util.c
  CC    pkwrite.c
  CC    poly1305.c
  CC    psa_crypto.c
  CC    poly1305.c
  CC    poly1305.c
  CC    psa_crypto_driver_wrappers.c
  CC    psa_crypto.c
  CC    psa_crypto_se.c
  CC    psa_crypto_slot_management.c
  CC    psa_crypto.c
  CC    psa_crypto_storage.c
  CC    psa_its_file.c
  CC    psa_crypto_slot_management.c
  CC    ripemd160.c
  CC    ripemd160.c
  CC    rsa.c
  CC    rsa.c
  CC    psa_crypto_driver_wrappers.c
  CC    rsa.c
  CC    rsa_internal.c
  CC    sha1.c
  CC    rsa_internal.c
  CC    rsa_internal.c
  CC    sha256.c
  CC    sha1.c
  CC    sha256.c
  CC    sha512.c
  CC    sha512.c
  CC    sha256.c
  CC    threading.c
  CC    threading.c
  CC    timing.c
  CC    version.c
  CC    timing.c
  CC    version_features.c
  CC    xtea.c
  CC    ../3rdparty/everest/library/everest.c
  CC    version_features.c
  CC    ../3rdparty/everest/library/x25519.c
  CC    xtea.c
  CC    sha512.c
  CC    xtea.c
  CC    ../3rdparty/everest/library/Hacl_Curve25519_joined.c
  CC    pkcs11.c
  CC    x509.c
  CC    ../3rdparty/everest/library/x25519.c
  CC    x509.c
  CC    x509_create.c
  CC    x509_crl.c
  CC    ../3rdparty/everest/library/Hacl_Curve25519_joined.c
  CC    x509.c
  CC    x509_create.c
  CC    x509_crt.c
  CC    x509_csr.c
  CC    x509_crl.c
  CC    x509_crt.c
  CC    x509_crl.c
  CC    x509write_crt.c
  CC    x509_crt.c
x509write_crt.c: In function ‘mbedtls_x509write_crt_set_key_usage’:
x509write_crt.c:256:11: warning: ‘buf’ may be used uninitialized [-Wmaybe-uninitialized]
  256 |     ret = mbedtls_asn1_write_named_bitstring( &c, buf, ku, 9 );
      |           ^~~~~~~~~~~~~~~~~~~~~~~~~~~~~~~~~~~~~~~~~~~~~~~~~~~~
In file included from x509write_crt.c:31:
../include/mbedtls/asn1write.h:318:5: note: by argument 2 of type ‘const unsigned char *’ to ‘mbedtls_asn1_write_named_bitstring’ declared here
  318 | int mbedtls_asn1_write_named_bitstring( unsigned char **p,
      |     ^~~~~~~~~~~~~~~~~~~~~~~~~~~~~~~~~~
x509write_crt.c:236:19: note: ‘buf’ declared here
  236 |     unsigned char buf[5], ku[2];
      |                   ^~~
x509write_crt.c: In function ‘mbedtls_x509write_crt_set_ns_cert_type’:
x509write_crt.c:281:11: warning: ‘buf’ may be used uninitialized [-Wmaybe-uninitialized]
  281 |     ret = mbedtls_asn1_write_named_bitstring( &c, buf, &ns_cert_type, 8 );
      |           ^~~~~~~~~~~~~~~~~~~~~~~~~~~~~~~~~~~~~~~~~~~~~~~~~~~~~~~~~~~~~~~
../include/mbedtls/asn1write.h:318:5: note: by argument 2 of type ‘const unsigned char *’ to ‘mbedtls_asn1_write_named_bitstring’ declared here
  318 | int mbedtls_asn1_write_named_bitstring( unsigned char **p,
      |     ^~~~~~~~~~~~~~~~~~~~~~~~~~~~~~~~~~
x509write_crt.c:275:19: note: ‘buf’ declared here
  275 |     unsigned char buf[4];
      |                   ^~~
  CC    x509write_csr.c
x509write_csr.c: In function ‘mbedtls_x509write_csr_set_key_usage’:
x509write_csr.c:100:11: warning: ‘buf’ may be used uninitialized [-Wmaybe-uninitialized]
  100 |     ret = mbedtls_asn1_write_named_bitstring( &c, buf, &key_usage, 8 );
      |           ^~~~~~~~~~~~~~~~~~~~~~~~~~~~~~~~~~~~~~~~~~~~~~~~~~~~~~~~~~~~
In file included from x509write_csr.c:30:
../include/mbedtls/asn1write.h:318:5: note: by argument 2 of type ‘const unsigned char *’ to ‘mbedtls_asn1_write_named_bitstring’ declared here
  318 | int mbedtls_asn1_write_named_bitstring( unsigned char **p,
      |     ^~~~~~~~~~~~~~~~~~~~~~~~~~~~~~~~~~
x509write_csr.c:94:19: note: ‘buf’ declared here
   94 |     unsigned char buf[4];
      |                   ^~~
x509write_csr.c: In function ‘mbedtls_x509write_csr_set_ns_cert_type’:
x509write_csr.c:122:11: warning: ‘buf’ may be used uninitialized [-Wmaybe-uninitialized]
  122 |     ret = mbedtls_asn1_write_named_bitstring( &c, buf, &ns_cert_type, 8 );
      |           ^~~~~~~~~~~~~~~~~~~~~~~~~~~~~~~~~~~~~~~~~~~~~~~~~~~~~~~~~~~~~~~
../include/mbedtls/asn1write.h:318:5: note: by argument 2 of type ‘const unsigned char *’ to ‘mbedtls_asn1_write_named_bitstring’ declared here
  318 | int mbedtls_asn1_write_named_bitstring( unsigned char **p,
      |     ^~~~~~~~~~~~~~~~~~~~~~~~~~~~~~~~~~
x509write_csr.c:116:19: note: ‘buf’ declared here
  116 |     unsigned char buf[4];
      |                   ^~~
  CC    debug.c
  CC    x509write_crt.c
  CC    net_sockets.c
x509write_crt.c: In function ‘mbedtls_x509write_crt_set_key_usage’:
x509write_crt.c:256:11: warning: ‘buf’ may be used uninitialized [-Wmaybe-uninitialized]
  256 |     ret = mbedtls_asn1_write_named_bitstring( &c, buf, ku, 9 );
      |           ^~~~~~~~~~~~~~~~~~~~~~~~~~~~~~~~~~~~~~~~~~~~~~~~~~~~
In file included from x509write_crt.c:31:
../include/mbedtls/asn1write.h:318:5: note: by argument 2 of type ‘const unsigned char *’ to ‘mbedtls_asn1_write_named_bitstring’ declared here
  318 | int mbedtls_asn1_write_named_bitstring( unsigned char **p,
      |     ^~~~~~~~~~~~~~~~~~~~~~~~~~~~~~~~~~
x509write_crt.c:236:19: note: ‘buf’ declared here
  236 |     unsigned char buf[5], ku[2];
      |                   ^~~
x509write_crt.c: In function ‘mbedtls_x509write_crt_set_ns_cert_type’:
x509write_crt.c:281:11: warning: ‘buf’ may be used uninitialized [-Wmaybe-uninitialized]
  281 |     ret = mbedtls_asn1_write_named_bitstring( &c, buf, &ns_cert_type, 8 );
      |           ^~~~~~~~~~~~~~~~~~~~~~~~~~~~~~~~~~~~~~~~~~~~~~~~~~~~~~~~~~~~~~~
../include/mbedtls/asn1write.h:318:5: note: by argument 2 of type ‘const unsigned char *’ to ‘mbedtls_asn1_write_named_bitstring’ declared here
  318 | int mbedtls_asn1_write_named_bitstring( unsigned char **p,
      |     ^~~~~~~~~~~~~~~~~~~~~~~~~~~~~~~~~~
x509write_crt.c:275:19: note: ‘buf’ declared here
  275 |     unsigned char buf[4];
      |                   ^~~
  CC    debug.c
  CC    net_sockets.c
  CC    ssl_cache.c
  CC    x509write_crt.c
  CC    ssl_cache.c
  CC    ssl_ciphersuites.c
  CC    ssl_ciphersuites.c
  CC    ssl_cli.c
x509write_crt.c: In function ‘mbedtls_x509write_crt_set_key_usage’:
x509write_crt.c:256:11: warning: ‘buf’ may be used uninitialized [-Wmaybe-uninitialized]
  256 |     ret = mbedtls_asn1_write_named_bitstring( &c, buf, ku, 9 );
      |           ^~~~~~~~~~~~~~~~~~~~~~~~~~~~~~~~~~~~~~~~~~~~~~~~~~~~
In file included from x509write_crt.c:31:
../include/mbedtls/asn1write.h:318:5: note: by argument 2 of type ‘const unsigned char *’ to ‘mbedtls_asn1_write_named_bitstring’ declared here
  318 | int mbedtls_asn1_write_named_bitstring( unsigned char **p,
      |     ^~~~~~~~~~~~~~~~~~~~~~~~~~~~~~~~~~
x509write_crt.c:236:19: note: ‘buf’ declared here
  236 |     unsigned char buf[5], ku[2];
      |                   ^~~
  CC    ssl_cli.c
  CC    ssl_cookie.c
x509write_crt.c: In function ‘mbedtls_x509write_crt_set_ns_cert_type’:
x509write_crt.c:281:11: warning: ‘buf’ may be used uninitialized [-Wmaybe-uninitialized]
  281 |     ret = mbedtls_asn1_write_named_bitstring( &c, buf, &ns_cert_type, 8 );
      |           ^~~~~~~~~~~~~~~~~~~~~~~~~~~~~~~~~~~~~~~~~~~~~~~~~~~~~~~~~~~~~~~
../include/mbedtls/asn1write.h:318:5: note: by argument 2 of type ‘const unsigned char *’ to ‘mbedtls_asn1_write_named_bitstring’ declared here
  318 | int mbedtls_asn1_write_named_bitstring( unsigned char **p,
      |     ^~~~~~~~~~~~~~~~~~~~~~~~~~~~~~~~~~
x509write_crt.c:275:19: note: ‘buf’ declared here
  275 |     unsigned char buf[4];
      |                   ^~~
  CC    ssl_cache.c
  CC    ssl_cli.c
  CC    ssl_msg.c
  CC    ssl_cookie.c
  CC    ssl_srv.c
  CC    ssl_msg.c
  CC    ssl_msg.c
  CC    ssl_ticket.c
  CC    ssl_tls.c
  CC    ssl_tls13_keys.c
  CC    ssl_srv.c
  CC    ssl_srv.c
  CC    ssl_tls.c
  CC    ssl_tls.c
  AR    libmbedcrypto.a
  AR    libmbedx509.a
  AR    libmbedtls.a
make[1]: Leaving directory '/tmp/silent-mbedtls-N004-S1_H1-viuwhyht/library'
  AR    libmbedcrypto.a
  AR    libmbedx509.a
  AR    libmbedtls.a
make[1]: Leaving directory '/tmp/silent-mbedtls-N004-S1_H1-viuwhyht/library'
  AR    libmbedcrypto.a
  AR    libmbedx509.a
  AR    libmbedtls.a
make[1]: Leaving directory '/tmp/silent-mbedtls-N004-S1_H1-viuwhyht/library'
 cc common.o onefile.o fuzz_client.o ../../tests/src/certs.o ../../tests/src/helpers.o ../../tests/src/psa_crypto_helpers.o ../../tests/src/random.o ../../tests/src/drivers/cipher.o ../../tests/src/drivers/key_management.o ../../tests/src/drivers/signature.o ../../tests/src/drivers/size.o -L../../library -lmbedtls -lmbedx509 -lmbedcrypto  -o fuzz_client
make: Leaving directory '/tmp/silent-mbedtls-N004-S1_H1-viuwhyht/programs/fuzz'

RUNTIME:
Warning: fuzzing without constant time
"
N005,S0_H0,fuzz_client,PASS,PASS,0,0,6.158,make -j4 mbedtls_test ; make -C programs/fuzz -j4 fuzz_client,"make[1]: Entering directory '/tmp/silent-mbedtls-N005-S0_H0-977upn3g/tests'
  CC    src/certs.c
  CC    src/asn1_helpers.c
  CC    src/fake_external_rng_for_test.c
  CC    src/helpers.c
  CC    src/psa_crypto_helpers.c
  CC    src/psa_exercise_key.c
  CC    src/random.c
  CC    src/threading_helpers.c
  CC    src/drivers/hash.c
  CC    src/drivers/platform_builtin_keys.c
  CC    src/drivers/test_driver_aead.c
  CC    src/drivers/test_driver_cipher.c
  CC    src/drivers/test_driver_key_management.c
  CC    src/drivers/test_driver_mac.c
  CC    src/drivers/test_driver_signature.c
  CC    src/drivers/test_driver_size.c
make[1]: Leaving directory '/tmp/silent-mbedtls-N005-S0_H0-977upn3g/tests'
make: Entering directory '/tmp/silent-mbedtls-N005-S0_H0-977upn3g/programs/fuzz'
make[1]: Entering directory '/tmp/silent-mbedtls-N005-S0_H0-977upn3g/library'
  CC    aes.c
make[1]: Entering directory '/tmp/silent-mbedtls-N005-S0_H0-977upn3g/library'
fuzz_client.c: In function ‘LLVMFuzzerTestOneInput’:
  CC    aes.c
make[1]: Entering directory '/tmp/silent-mbedtls-N005-S0_H0-977upn3g/library'
fuzz_client.c:113:5: warning: implicit declaration of function ‘mbedtls_ssl_conf_cbc_record_splitting’; did you mean ‘mbedtls_ssl_conf_cert_req_ca_list’? [-Wimplicit-function-declaration]
  113 |     mbedtls_ssl_conf_cbc_record_splitting( &conf, (options & 0x40) ? MBEDTLS_SSL_CBC_RECORD_SPLITTING_ENABLED : MBEDTLS_SSL_CBC_RECORD_SPLITTING_DISABLED );
      |     ^~~~~~~~~~~~~~~~~~~~~~~~~~~~~~~~~~~~~
      |     mbedtls_ssl_conf_cert_req_ca_list
  CC    aes.c
  CC    aesni.c
  CC    aesni.c
  CC    arc4.c
  CC    aria.c
  CC    aesni.c
  CC    aria.c
  CC    asn1parse.c
  CC    arc4.c
  CC    asn1parse.c
  CC    asn1parse.c
  CC    asn1write.c
  CC    asn1write.c
  CC    asn1write.c
  CC    base64.c
  CC    base64.c
  CC    base64.c
  CC    bignum.c
  CC    bignum.c
  CC    bignum.c
  CC    blowfish.c
  CC    camellia.c
  CC    ccm.c
  CC    chacha20.c
  CC    chachapoly.c
  CC    blowfish.c
  CC    cipher.c
  CC    blowfish.c
  CC    cipher.c
  CC    cipher_wrap.c
  CC    cipher.c
  CC    cmac.c
  CC    ctr_drbg.c
  CC    cipher_wrap.c
  CC    cipher_wrap.c
  CC    des.c
  CC    cmac.c
  CC    ctr_drbg.c
  CC    cmac.c
  CC    des.c
  CC    des.c
  CC    dhm.c
  CC    ecdh.c
  CC    ecdsa.c
  CC    ecjpake.c
  CC    dhm.c
  CC    dhm.c
  CC    ecp.c
  CC    ecdsa.c
  CC    ecdsa.c
  CC    ecjpake.c
  CC    ecjpake.c
  CC    ecp.c
  CC    ecp.c
  CC    ecp_curves.c
  CC    ecp_curves.c
  CC    entropy.c
  CC    entropy_poll.c
  CC    entropy.c
  Gen   error.c
  CC    ecp_curves.c
  Gen   error.c
  CC    gcm.c
  CC    gcm.c
  CC    hkdf.c
  CC    hmac_drbg.c
  CC    md.c
  CC    hkdf.c
  CC    md.c
  CC    md2.c
  Gen   error.c
  CC    md.c
  CC    md2.c
  CC    md4.c
  CC    md4.c
  CC    md5.c
  CC    md5.c
  CC    memory_buffer_alloc.c
  CC    memory_buffer_alloc.c
  CC    mps_reader.c
  CC    md4.c
  CC    md5.c
  CC    mps_trace.c
  CC    nist_kw.c
  CC    oid.c
  CC    mps_reader.c
  CC    nist_kw.c
  CC    mps_trace.c
  CC    nist_kw.c
  CC    padlock.c
  CC    pem.c
  CC    pk.c
  CC    oid.c
  CC    pem.c
  CC    oid.c
  CC    pk_wrap.c
  CC    pkcs12.c
  CC    pkcs5.c
  CC    pk_wrap.c
  CC    pem.c
  CC    pkparse.c
  CC    pkcs12.c
  CC    pkcs12.c
  CC    pkparse.c
  CC    pkwrite.c
  CC    pkparse.c
  CC    pkwrite.c
  CC    platform.c
  CC    platform_util.c
  CC    platform.c
  CC    platform_util.c
  CC    poly1305.c
  CC    psa_crypto.c
  CC    poly1305.c
  CC    pkwrite.c
  CC    poly1305.c
  CC    psa_crypto.c
  CC    psa_crypto_aead.c
  CC    psa_crypto.c
  CC    psa_crypto_cipher.c
  CC    psa_crypto_aead.c
  CC    psa_crypto_client.c
  CC    psa_crypto_driver_wrappers.c
  CC    psa_crypto_ecp.c
  CC    psa_crypto_hash.c
  CC    psa_crypto_mac.c
  CC    psa_crypto_aead.c
  CC    psa_crypto_rsa.c
  CC    psa_crypto_mac.c
  CC    psa_crypto_rsa.c
  CC    psa_crypto_se.c
  CC    psa_crypto_slot_management.c
  CC    psa_crypto_se.c
  CC    psa_crypto_storage.c
  CC    psa_crypto_client.c
  CC    psa_crypto_slot_management.c
  CC    psa_crypto_slot_management.c
  CC    psa_crypto_storage.c
  CC    psa_its_file.c
  CC    psa_crypto_storage.c
  CC    ripemd160.c
  CC    rsa.c
  CC    psa_its_file.c
  CC    psa_its_file.c
  CC    ripemd160.c
  CC    ripemd160.c
  CC    rsa.c
  CC    rsa.c
  CC    rsa_alt_helpers.c
  CC    rsa_alt_helpers.c
  CC    sha1.c
  CC    sha256.c
  CC    sha512.c
  CC    rsa_alt_helpers.c
  CC    threading.c
  CC    timing.c
  CC    sha1.c
  CC    sha256.c
  CC    sha512.c
  CC    version.c
  Gen   version_features.c
  CC    xtea.c
  CC    ../3rdparty/everest/library/everest.c
  CC    ../3rdparty/everest/library/x25519.c
  CC    sha512.c
  CC    version_features.c
  CC    ../3rdparty/everest/library/Hacl_Curve25519_joined.c
  CC    ../3rdparty/everest/library/everest.c
  CC    x509.c
  CC    version.c
  CC    x509.c
  CC    x509.c
  CC    x509_create.c
  CC    x509_create.c
  CC    x509_crl.c
  CC    x509_create.c
  CC    x509_crl.c
  CC    x509_crl.c
  CC    x509_crt.c
  CC    x509_crt.c
  CC    x509_csr.c
  CC    x509_crt.c
  CC    x509write_crt.c
  CC    x509write_csr.c
  CC    x509_csr.c
  CC    debug.c
  CC    x509_csr.c
  CC    debug.c
  CC    net_sockets.c
  CC    debug.c
  CC    net_sockets.c
  CC    ssl_cache.c
  CC    ssl_cache.c
  CC    net_sockets.c
  CC    ssl_cache.c
  CC    ssl_ciphersuites.c
  CC    ssl_ciphersuites.c
  CC    ssl_ciphersuites.c
  CC    ssl_cli.c
  CC    ssl_cli.c
  CC    ssl_cookie.c
  CC    ssl_cli.c
  CC    ssl_cookie.c
  CC    ssl_msg.c
  CC    ssl_cookie.c
  CC    ssl_msg.c
  CC    ssl_srv.c
  CC    ssl_msg.c
  CC    ssl_ticket.c
  CC    ssl_srv.c
  CC    ssl_tls.c
  CC    ssl_srv.c
  CC    ssl_tls.c
  CC    ssl_tls.c
  CC    ssl_tls13_keys.c
  CC    ssl_tls13_keys.c
  CC    ssl_tls13_keys.c
  CC    error.c
  CC    error.c
  AR    libmbedx509.a
  CC    version_features.c
  AR    libmbedcrypto.a
  AR    libmbedx509.a
  AR    libmbedtls.a
  CC    error.c
  AR    libmbedcrypto.a
make[1]: Leaving directory '/tmp/silent-mbedtls-N005-S0_H0-977upn3g/library'
  AR    libmbedx509.a
  AR    libmbedcrypto.a
  AR    libmbedtls.a
make[1]: Leaving directory '/tmp/silent-mbedtls-N005-S0_H0-977upn3g/library'
  AR    libmbedtls.a
make[1]: Leaving directory '/tmp/silent-mbedtls-N005-S0_H0-977upn3g/library'
 cc common.o onefile.o fuzz_client.o ../../tests/src/asn1_helpers.o ../../tests/src/certs.o ../../tests/src/fake_external_rng_for_test.o ../../tests/src/helpers.o ../../tests/src/psa_crypto_helpers.o ../../tests/src/psa_exercise_key.o ../../tests/src/random.o ../../tests/src/threading_helpers.o ../../tests/src/drivers/hash.o ../../tests/src/drivers/platform_builtin_keys.o ../../tests/src/drivers/test_driver_aead.o ../../tests/src/drivers/test_driver_cipher.o ../../tests/src/drivers/test_driver_key_management.o ../../tests/src/drivers/test_driver_mac.o ../../tests/src/drivers/test_driver_signature.o ../../tests/src/drivers/test_driver_size.o -L../../library -lmbedtls -lmbedx509 -lmbedcrypto  -o fuzz_client
make: Leaving directory '/tmp/silent-mbedtls-N005-S0_H0-977upn3g/programs/fuzz'

RUNTIME:
Warning: fuzzing without constant time
"
N005,S1_H0,fuzz_client,PASS,PASS,0,0,6.460,make -j4 mbedtls_test ; make -C programs/fuzz -j4 fuzz_client,"make[1]: Entering directory '/tmp/silent-mbedtls-N005-S1_H0-9vs4uv_k/tests'
  CC    src/asn1_helpers.c
  CC    src/certs.c
  CC    src/fake_external_rng_for_test.c
  CC    src/helpers.c
  CC    src/psa_crypto_helpers.c
  CC    src/psa_exercise_key.c
  CC    src/random.c
  CC    src/threading_helpers.c
  CC    src/drivers/hash.c
  CC    src/drivers/platform_builtin_keys.c
  CC    src/drivers/test_driver_aead.c
  CC    src/drivers/test_driver_cipher.c
  CC    src/drivers/test_driver_key_management.c
  CC    src/drivers/test_driver_mac.c
  CC    src/drivers/test_driver_signature.c
  CC    src/drivers/test_driver_size.c
make[1]: Leaving directory '/tmp/silent-mbedtls-N005-S1_H0-9vs4uv_k/tests'
make: Entering directory '/tmp/silent-mbedtls-N005-S1_H0-9vs4uv_k/programs/fuzz'
make[1]: Entering directory '/tmp/silent-mbedtls-N005-S1_H0-9vs4uv_k/library'
  CC    aes.c
make[1]: Entering directory '/tmp/silent-mbedtls-N005-S1_H0-9vs4uv_k/library'
  CC    aes.c
  CC    aesni.c
  CC    arc4.c
  CC    aria.c
  CC    asn1parse.c
make[1]: Entering directory '/tmp/silent-mbedtls-N005-S1_H0-9vs4uv_k/library'
  CC    aes.c
  CC    asn1write.c
  CC    aesni.c
  CC    base64.c
  CC    bignum.c
  CC    asn1write.c
  CC    blowfish.c
  CC    base64.c
  CC    aria.c
  CC    bignum.c
  CC    bignum.c
  CC    camellia.c
  CC    ccm.c
  CC    camellia.c
  CC    chacha20.c
  CC    chachapoly.c
  CC    cipher.c
  CC    ccm.c
  CC    camellia.c
  CC    chachapoly.c
  CC    cipher.c
  CC    chachapoly.c
  CC    cipher_wrap.c
  CC    cipher.c
  CC    cipher_wrap.c
  CC    cmac.c
  CC    cipher_wrap.c
  CC    cmac.c
  CC    ctr_drbg.c
  CC    cmac.c
  CC    ctr_drbg.c
  CC    des.c
  CC    des.c
  CC    ctr_drbg.c
  CC    dhm.c
  CC    ecdh.c
  CC    des.c
  CC    ecdsa.c
  CC    ecdh.c
  CC    dhm.c
  CC    ecjpake.c
  CC    ecp.c
  CC    ecdsa.c
  CC    ecdsa.c
  CC    ecp_curves.c
  CC    ecjpake.c
  CC    ecjpake.c
  CC    ecp.c
  CC    ecp.c
  CC    ecp_curves.c
  CC    entropy.c
  CC    entropy_poll.c
  Gen   error.c
  CC    gcm.c
  CC    entropy.c
  CC    ecp_curves.c
  CC    error.c
  CC    error.c
  CC    hkdf.c
  CC    hmac_drbg.c
  CC    md.c
  CC    gcm.c
  CC    md2.c
  CC    md4.c
  CC    hmac_drbg.c
  CC    md5.c
  CC    gcm.c
  CC    md5.c
  CC    md.c
  CC    memory_buffer_alloc.c
  CC    mps_reader.c
  CC    mps_trace.c
  CC    nist_kw.c
  CC    oid.c
  CC    md5.c
  CC    memory_buffer_alloc.c
  CC    nist_kw.c
  CC    oid.c
  CC    padlock.c
  CC    pem.c
  CC    nist_kw.c
  CC    pem.c
  CC    padlock.c
  CC    pem.c
  CC    pk.c
  CC    pk.c
  CC    pk_wrap.c
  CC    pk_wrap.c
  CC    pk.c
  CC    pkcs12.c
  CC    pkcs12.c
  CC    pk_wrap.c
  CC    pkcs5.c
  CC    pkparse.c
  CC    pkcs5.c
  CC    pkcs12.c
  CC    pkcs5.c
  CC    pkparse.c
  CC    pkwrite.c
  CC    pkparse.c
  CC    pkwrite.c
  CC    platform.c
  CC    platform_util.c
  CC    platform.c
  CC    poly1305.c
  CC    platform_util.c
  CC    psa_crypto.c
  CC    pkwrite.c
  CC    poly1305.c
  CC    psa_crypto.c
  CC    poly1305.c
  CC    psa_crypto.c
  CC    psa_crypto_aead.c
  CC    psa_crypto_cipher.c
  CC    psa_crypto_aead.c
  CC    psa_crypto_client.c
  CC    psa_crypto_client.c
  CC    psa_crypto_driver_wrappers.c
  CC    psa_crypto_driver_wrappers.c
  CC    psa_crypto_aead.c
  CC    psa_crypto_ecp.c
  CC    psa_crypto_ecp.c
  CC    psa_crypto_ecp.c
  CC    psa_crypto_hash.c
  CC    psa_crypto_hash.c
  CC    psa_crypto_hash.c
  CC    psa_crypto_mac.c
  CC    psa_crypto_rsa.c
  CC    psa_crypto_mac.c
  CC    psa_crypto_mac.c
  CC    psa_crypto_se.c
  CC    psa_crypto_slot_management.c
  CC    psa_crypto_storage.c
  CC    psa_crypto_rsa.c
  CC    psa_crypto_rsa.c
  CC    psa_crypto_slot_management.c
  CC    psa_its_file.c
  CC    psa_crypto_slot_management.c
  CC    ripemd160.c
  CC    rsa.c
  CC    psa_its_file.c
  CC    psa_its_file.c
  CC    ripemd160.c
  CC    ripemd160.c
  CC    rsa_alt_helpers.c
  CC    rsa.c
  CC    rsa.c
  CC    sha1.c
  CC    sha1.c
  CC    sha256.c
  CC    sha256.c
  CC    sha1.c
  CC    sha256.c
  CC    sha512.c
  CC    sha512.c
  CC    sha512.c
  CC    threading.c
  CC    threading.c
  CC    timing.c
  CC    threading.c
  CC    timing.c
  CC    version.c
  CC    version.c
  Gen   version_features.c
  CC    xtea.c
  Gen   version_features.c
  CC    xtea.c
  CC    ../3rdparty/everest/library/everest.c
  CC    timing.c
  CC    version_features.c
  CC    ../3rdparty/everest/library/x25519.c
  CC    ../3rdparty/everest/library/Hacl_Curve25519_joined.c
  CC    xtea.c
  CC    x509.c
  CC    ../3rdparty/everest/library/everest.c
  CC    x509.c
  CC    x509.c
  CC    x509_create.c
  CC    x509_create.c
  CC    x509_create.c
  CC    x509_crl.c
  CC    x509_crt.c
  CC    x509_crl.c
  CC    x509_crl.c
  CC    x509_csr.c
  CC    x509_crt.c
  CC    x509_crt.c
  CC    x509_csr.c
  CC    x509write_crt.c
  CC    x509write_csr.c
  CC    x509write_crt.c
  CC    debug.c
  CC    x509write_csr.c
  CC    x509_csr.c
  CC    net_sockets.c
  CC    ssl_cache.c
  CC    debug.c
  CC    debug.c
  CC    net_sockets.c
  CC    ssl_ciphersuites.c
  CC    net_sockets.c
  CC    ssl_cli.c
  CC    ssl_ciphersuites.c
  CC    ssl_cookie.c
  CC    ssl_cli.c
  CC    ssl_cookie.c
  CC    ssl_ciphersuites.c
  CC    ssl_msg.c
  CC    ssl_cli.c
  CC    ssl_msg.c
  CC    ssl_srv.c
  CC    ssl_msg.c
  CC    ssl_srv.c
  CC    ssl_ticket.c
  CC    ssl_tls.c
  CC    ssl_srv.c
  CC    ssl_ticket.c
  CC    ssl_tls.c
  CC    ssl_tls13_keys.c
  CC    ssl_tls.c
  CC    version_features.c
  CC    error.c
  AR    libmbedx509.a
  CC    version_features.c
  CC    ssl_tls13_keys.c
  AR    libmbedx509.a
  AR    libmbedcrypto.a
  AR    libmbedcrypto.a
  AR    libmbedx509.a
  AR    libmbedtls.a
  AR    libmbedcrypto.a
make[1]: Leaving directory '/tmp/silent-mbedtls-N005-S1_H0-9vs4uv_k/library'
  AR    libmbedtls.a
make[1]: Leaving directory '/tmp/silent-mbedtls-N005-S1_H0-9vs4uv_k/library'
  AR    libmbedtls.a
make[1]: Leaving directory '/tmp/silent-mbedtls-N005-S1_H0-9vs4uv_k/library'
 cc common.o onefile.o fuzz_client.o ../../tests/src/asn1_helpers.o ../../tests/src/certs.o ../../tests/src/fake_external_rng_for_test.o ../../tests/src/helpers.o ../../tests/src/psa_crypto_helpers.o ../../tests/src/psa_exercise_key.o ../../tests/src/random.o ../../tests/src/threading_helpers.o ../../tests/src/drivers/hash.o ../../tests/src/drivers/platform_builtin_keys.o ../../tests/src/drivers/test_driver_aead.o ../../tests/src/drivers/test_driver_cipher.o ../../tests/src/drivers/test_driver_key_management.o ../../tests/src/drivers/test_driver_mac.o ../../tests/src/drivers/test_driver_signature.o ../../tests/src/drivers/test_driver_size.o -L../../library -lmbedtls -lmbedx509 -lmbedcrypto  -o fuzz_client
make: Leaving directory '/tmp/silent-mbedtls-N005-S1_H0-9vs4uv_k/programs/fuzz'

RUNTIME:
Warning: fuzzing without constant time
"
N005,S1_H1,fuzz_client,PASS,PASS,0,0,6.683,make -j4 mbedtls_test ; make -C programs/fuzz -j4 fuzz_client,"make[1]: Entering directory '/tmp/silent-mbedtls-N005-S1_H1-4wfey1p2/tests'
  CC    src/asn1_helpers.c
  CC    src/certs.c
  CC    src/fake_external_rng_for_test.c
  CC    src/helpers.c
  CC    src/psa_crypto_helpers.c
  CC    src/psa_exercise_key.c
  CC    src/random.c
  CC    src/threading_helpers.c
  CC    src/drivers/hash.c
  CC    src/drivers/platform_builtin_keys.c
  CC    src/drivers/test_driver_aead.c
  CC    src/drivers/test_driver_cipher.c
  CC    src/drivers/test_driver_key_management.c
  CC    src/drivers/test_driver_mac.c
  CC    src/drivers/test_driver_signature.c
  CC    src/drivers/test_driver_size.c
make[1]: Leaving directory '/tmp/silent-mbedtls-N005-S1_H1-4wfey1p2/tests'
make: Entering directory '/tmp/silent-mbedtls-N005-S1_H1-4wfey1p2/programs/fuzz'
make[1]: Entering directory '/tmp/silent-mbedtls-N005-S1_H1-4wfey1p2/library'
  CC    aes.c
make[1]: Entering directory '/tmp/silent-mbedtls-N005-S1_H1-4wfey1p2/library'
make[1]: Entering directory '/tmp/silent-mbedtls-N005-S1_H1-4wfey1p2/library'
  CC    aes.c
  CC    aes.c
  CC    aesni.c
  CC    aesni.c
  CC    arc4.c
  CC    aria.c
  CC    aesni.c
  CC    aria.c
  CC    asn1parse.c
  CC    arc4.c
  CC    asn1parse.c
  CC    asn1write.c
  CC    asn1write.c
  CC    base64.c
  CC    base64.c
  CC    asn1parse.c
  CC    base64.c
  CC    bignum.c
  CC    bignum.c
  CC    blowfish.c
  CC    bignum.c
  CC    camellia.c
  CC    blowfish.c
  CC    ccm.c
  CC    chacha20.c
  CC    blowfish.c
  CC    chachapoly.c
  CC    cipher.c
  CC    chacha20.c
  CC    ccm.c
  CC    chachapoly.c
  CC    chachapoly.c
  CC    cipher.c
  CC    cipher_wrap.c
  CC    cipher_wrap.c
  CC    cipher.c
  CC    cmac.c
  CC    cmac.c
  CC    ctr_drbg.c
  CC    cipher_wrap.c
  CC    cmac.c
  CC    ctr_drbg.c
  CC    des.c
  CC    ctr_drbg.c
  CC    des.c
  CC    des.c
  CC    dhm.c
  CC    dhm.c
  CC    ecdh.c
  CC    dhm.c
  CC    ecdsa.c
  CC    ecdh.c
  CC    ecjpake.c
  CC    ecdsa.c
  CC    ecjpake.c
  CC    ecdh.c
  CC    ecjpake.c
  CC    ecp.c
  CC    ecp.c
  CC    ecp_curves.c
  CC    ecp.c
  CC    entropy.c
  CC    entropy_poll.c
  Gen   error.c
  CC    ecp_curves.c
  CC    entropy_poll.c
  Gen   error.c
  CC    gcm.c
  CC    hkdf.c
  CC    ecp_curves.c
  CC    hmac_drbg.c
  CC    md.c
  CC    gcm.c
  CC    md2.c
  CC    md.c
  CC    md4.c
  CC    md5.c
  CC    error.c
  CC    md5.c
  CC    md4.c
  CC    md5.c
  CC    memory_buffer_alloc.c
  CC    memory_buffer_alloc.c
  CC    mps_reader.c
  CC    mps_trace.c
  CC    mps_reader.c
  CC    nist_kw.c
  CC    oid.c
  CC    mps_trace.c
  CC    nist_kw.c
  CC    memory_buffer_alloc.c
  CC    nist_kw.c
  CC    padlock.c
  CC    pem.c
  CC    oid.c
  CC    oid.c
  CC    pem.c
  CC    pk.c
  CC    pem.c
  CC    pk.c
  CC    pk_wrap.c
  CC    pk.c
  CC    pk_wrap.c
  CC    pk_wrap.c
  CC    pkcs12.c
  CC    pkcs12.c
  CC    pkcs12.c
  CC    pkcs5.c
  CC    pkcs5.c
  CC    pkparse.c
  CC    pkcs5.c
  CC    pkwrite.c
  CC    pkparse.c
  CC    pkparse.c
  CC    pkwrite.c
  CC    platform.c
  CC    platform_util.c
  CC    platform.c
  CC    platform_util.c
  CC    poly1305.c
  CC    pkwrite.c
  CC    poly1305.c
  CC    poly1305.c
  CC    psa_crypto.c
  CC    psa_crypto.c
  CC    psa_crypto_aead.c
  CC    psa_crypto.c
  CC    psa_crypto_cipher.c
  CC    psa_crypto_client.c
  CC    psa_crypto_driver_wrappers.c
  CC    psa_crypto_ecp.c
  CC    psa_crypto_hash.c
  CC    psa_crypto_mac.c
  CC    psa_crypto_rsa.c
  CC    psa_crypto_se.c
  CC    psa_crypto_aead.c
  CC    psa_crypto_se.c
  CC    psa_crypto_slot_management.c
  CC    psa_crypto_slot_management.c
  CC    psa_crypto_aead.c
  CC    psa_crypto_storage.c
  CC    psa_crypto_storage.c
  CC    psa_its_file.c
  CC    psa_crypto_slot_management.c
  CC    psa_its_file.c
  CC    ripemd160.c
  CC    ripemd160.c
  CC    rsa.c
  CC    psa_crypto_storage.c
  CC    ripemd160.c
  CC    rsa.c
  CC    rsa.c
  CC    rsa_alt_helpers.c
  CC    rsa_alt_helpers.c
  CC    rsa_alt_helpers.c
  CC    sha1.c
  CC    sha1.c
  CC    sha1.c
  CC    sha256.c
  CC    sha256.c
  CC    sha512.c
  CC    sha512.c
  CC    sha256.c
  CC    threading.c
  CC    timing.c
  CC    version.c
  Gen   version_features.c
  CC    xtea.c
  CC    threading.c
  CC    version_features.c
  CC    xtea.c
  CC    ../3rdparty/everest/library/everest.c
  CC    ../3rdparty/everest/library/x25519.c
  CC    sha512.c
  CC    ../3rdparty/everest/library/everest.c
  CC    ../3rdparty/everest/library/Hacl_Curve25519_joined.c
  CC    x509.c
  CC    x509_create.c
  CC    ../3rdparty/everest/library/everest.c
  CC    x509.c
  CC    x509_create.c
  CC    ../3rdparty/everest/library/Hacl_Curve25519_joined.c
  CC    x509.c
  CC    x509_crl.c
  CC    x509_crl.c
  CC    x509_crl.c
  CC    x509_crt.c
  CC    x509_crt.c
  CC    x509_csr.c
  CC    x509_crt.c
  CC    x509_csr.c
  CC    x509write_crt.c
  CC    x509write_csr.c
  CC    debug.c
  CC    x509_csr.c
  CC    net_sockets.c
  CC    x509write_crt.c
  CC    debug.c
  CC    ssl_cache.c
  CC    ssl_ciphersuites.c
  CC    ssl_cli.c
  CC    debug.c
  CC    ssl_ciphersuites.c
  CC    net_sockets.c
  CC    ssl_cli.c
  CC    ssl_cli.c
  CC    ssl_cookie.c
  CC    ssl_cookie.c
  CC    ssl_msg.c
  CC    ssl_cookie.c
  CC    ssl_msg.c
  CC    ssl_srv.c
  CC    ssl_msg.c
  CC    ssl_srv.c
  CC    ssl_ticket.c
  CC    ssl_tls.c
  CC    ssl_srv.c
  CC    ssl_ticket.c
  CC    ssl_tls.c
  CC    ssl_tls13_keys.c
  CC    ssl_tls13_keys.c
  CC    version_features.c
  CC    error.c
  AR    libmbedx509.a
  AR    libmbedx509.a
  AR    libmbedcrypto.a
  CC    ssl_tls.c
  AR    libmbedcrypto.a
  AR    libmbedtls.a
make[1]: Leaving directory '/tmp/silent-mbedtls-N005-S1_H1-4wfey1p2/library'
  AR    libmbedtls.a
make[1]: Leaving directory '/tmp/silent-mbedtls-N005-S1_H1-4wfey1p2/library'
  CC    error.c
  AR    libmbedx509.a
  AR    libmbedtls.a
  AR    libmbedcrypto.a
make[1]: Leaving directory '/tmp/silent-mbedtls-N005-S1_H1-4wfey1p2/library'
 cc common.o onefile.o fuzz_client.o ../../tests/src/asn1_helpers.o ../../tests/src/certs.o ../../tests/src/fake_external_rng_for_test.o ../../tests/src/helpers.o ../../tests/src/psa_crypto_helpers.o ../../tests/src/psa_exercise_key.o ../../tests/src/random.o ../../tests/src/threading_helpers.o ../../tests/src/drivers/hash.o ../../tests/src/drivers/platform_builtin_keys.o ../../tests/src/drivers/test_driver_aead.o ../../tests/src/drivers/test_driver_cipher.o ../../tests/src/drivers/test_driver_key_management.o ../../tests/src/drivers/test_driver_mac.o ../../tests/src/drivers/test_driver_signature.o ../../tests/src/drivers/test_driver_size.o -L../../library -lmbedtls -lmbedx509 -lmbedcrypto  -o fuzz_client
make: Leaving directory '/tmp/silent-mbedtls-N005-S1_H1-4wfey1p2/programs/fuzz'

RUNTIME:
Warning: fuzzing without constant time
"
N006,S0_H0,fuzz_client,PASS,PASS,0,0,6.465,make -j4 mbedtls_test ; make -C programs/fuzz -j4 fuzz_client,"make[1]: Entering directory '/tmp/silent-mbedtls-N006-S0_H0-_slnjbk1/tests'
  CC    src/asn1_helpers.c
  CC    src/certs.c
  CC    src/fake_external_rng_for_test.c
  CC    src/helpers.c
  CC    src/psa_crypto_helpers.c
  CC    src/psa_exercise_key.c
  CC    src/random.c
  CC    src/threading_helpers.c
  CC    src/drivers/hash.c
  CC    src/drivers/platform_builtin_keys.c
  CC    src/drivers/test_driver_aead.c
  CC    src/drivers/test_driver_cipher.c
  CC    src/drivers/test_driver_key_management.c
  CC    src/drivers/test_driver_mac.c
  CC    src/drivers/test_driver_signature.c
  CC    src/drivers/test_driver_size.c
make[1]: Leaving directory '/tmp/silent-mbedtls-N006-S0_H0-_slnjbk1/tests'
make: Entering directory '/tmp/silent-mbedtls-N006-S0_H0-_slnjbk1/programs/fuzz'
make[1]: Entering directory '/tmp/silent-mbedtls-N006-S0_H0-_slnjbk1/library'
  CC    aes.c
make[1]: Entering directory '/tmp/silent-mbedtls-N006-S0_H0-_slnjbk1/library'
  CC    aes.c
  CC    aesni.c
  CC    arc4.c
make[1]: Entering directory '/tmp/silent-mbedtls-N006-S0_H0-_slnjbk1/library'
  CC    aes.c
  CC    aria.c
  CC    arc4.c
  CC    aesni.c
  CC    asn1parse.c
  CC    asn1parse.c
  CC    asn1parse.c
  CC    asn1write.c
  CC    base64.c
  CC    asn1write.c
  CC    asn1write.c
  CC    bignum.c
  CC    blowfish.c
  CC    base64.c
  CC    base64.c
  CC    camellia.c
  CC    bignum.c
  CC    bignum.c
  CC    ccm.c
  CC    chacha20.c
  CC    chachapoly.c
  CC    cipher.c
  CC    camellia.c
  CC    cipher.c
  CC    camellia.c
  CC    cipher_wrap.c
  CC    cipher_wrap.c
  CC    cmac.c
  CC    ctr_drbg.c
  CC    cmac.c
  CC    cipher.c
  CC    cmac.c
  CC    des.c
  CC    ctr_drbg.c
  CC    des.c
  CC    ctr_drbg.c
  CC    dhm.c
  CC    dhm.c
  CC    des.c
  CC    dhm.c
  CC    ecdh.c
  CC    ecdh.c
  CC    ecdsa.c
  CC    ecdh.c
  CC    ecdsa.c
  CC    ecdsa.c
  CC    ecjpake.c
  CC    ecp.c
  CC    ecjpake.c
  CC    ecjpake.c
  CC    ecp_curves.c
  CC    ecp.c
  CC    ecp.c
  CC    entropy.c
  CC    ecp_curves.c
  CC    entropy_poll.c
  Gen   error.c
  CC    gcm.c
  CC    ecp_curves.c
  CC    error.c
  CC    entropy.c
  CC    gcm.c
  CC    hkdf.c
  CC    error.c
  CC    hmac_drbg.c
  CC    hkdf.c
  CC    hmac_drbg.c
  CC    md.c
  CC    hkdf.c
  CC    md.c
  CC    md.c
  CC    md2.c
  CC    md4.c
  CC    md2.c
  CC    md2.c
  CC    md5.c
  CC    md5.c
  CC    memory_buffer_alloc.c
  CC    mps_reader.c
  CC    memory_buffer_alloc.c
  CC    mps_trace.c
  CC    md5.c
  CC    mps_trace.c
  CC    nist_kw.c
  CC    mps_trace.c
  CC    nist_kw.c
  CC    nist_kw.c
  CC    oid.c
  CC    oid.c
  CC    oid.c
  CC    padlock.c
  CC    padlock.c
  CC    padlock.c
  CC    pem.c
  CC    pem.c
  CC    pk.c
  CC    pem.c
  CC    pk.c
  CC    pk_wrap.c
  CC    pk.c
  CC    pk_wrap.c
  CC    pkcs12.c
  CC    pk_wrap.c
  CC    pkcs12.c
  CC    pkcs5.c
  CC    pkparse.c
  CC    pkcs12.c
  CC    pkcs5.c
  CC    pkwrite.c
  CC    pkcs5.c
  CC    pkparse.c
  CC    platform.c
  CC    pkparse.c
  CC    platform.c
  CC    platform_util.c
  CC    poly1305.c
  CC    platform_util.c
  CC    psa_crypto.c
  CC    pkwrite.c
  CC    poly1305.c
  CC    poly1305.c
  CC    psa_crypto.c
  CC    psa_crypto.c
  CC    psa_crypto_aead.c
  CC    psa_crypto_cipher.c
  CC    psa_crypto_client.c
  CC    psa_crypto_driver_wrappers.c
  CC    psa_crypto_aead.c
  CC    psa_crypto_ecp.c
  CC    psa_crypto_hash.c
  CC    psa_crypto_aead.c
  CC    psa_crypto_hash.c
  CC    psa_crypto_mac.c
  CC    psa_crypto_ecp.c
  CC    psa_crypto_mac.c
  CC    psa_crypto_rsa.c
  CC    psa_crypto_se.c
  CC    psa_crypto_rsa.c
  CC    psa_crypto_mac.c
  CC    psa_crypto_rsa.c
  CC    psa_crypto_slot_management.c
  CC    psa_crypto_slot_management.c
  CC    psa_crypto_storage.c
  CC    psa_crypto_slot_management.c
  CC    psa_crypto_storage.c
  CC    psa_its_file.c
  CC    psa_its_file.c
  CC    psa_crypto_storage.c
  CC    psa_its_file.c
  CC    ripemd160.c
  CC    ripemd160.c
  CC    ripemd160.c
  CC    rsa.c
  CC    rsa.c
  CC    rsa_alt_helpers.c
  CC    rsa.c
  CC    rsa_alt_helpers.c
  CC    sha1.c
  CC    sha1.c
  CC    sha256.c
  CC    rsa_alt_helpers.c
  CC    sha256.c
  CC    sha256.c
  CC    sha512.c
  CC    sha512.c
  CC    threading.c
  CC    sha512.c
  CC    threading.c
  CC    timing.c
  CC    timing.c
  CC    threading.c
  CC    timing.c
  CC    version.c
  Gen   version_features.c
  CC    xtea.c
  CC    version.c
  CC    ../3rdparty/everest/library/everest.c
  CC    version_features.c
  CC    xtea.c
  CC    version.c
  CC    version_features.c
  CC    ../3rdparty/everest/library/x25519.c
  CC    ../3rdparty/everest/library/Hacl_Curve25519_joined.c
  CC    x509.c
  CC    xtea.c
  CC    ../3rdparty/everest/library/Hacl_Curve25519_joined.c
  CC    x509_create.c
  CC    ../3rdparty/everest/library/x25519.c
  CC    x509.c
  CC    x509.c
  CC    x509_crl.c
  CC    x509_crt.c
  CC    x509_create.c
  CC    x509_create.c
  CC    x509_crt.c
  CC    x509_crt.c
  CC    x509_csr.c
  CC    x509write_crt.c
  CC    x509write_csr.c
  CC    debug.c
  CC    x509_csr.c
  CC    x509_csr.c
  CC    debug.c
  CC    net_sockets.c
  CC    ssl_cache.c
  CC    debug.c
  CC    ssl_ciphersuites.c
  CC    net_sockets.c
  CC    net_sockets.c
  CC    ssl_cli.c
  CC    ssl_ciphersuites.c
  CC    ssl_cli.c
  CC    ssl_ciphersuites.c
  CC    ssl_cli.c
  CC    ssl_cookie.c
  CC    ssl_cookie.c
  CC    ssl_msg.c
  CC    ssl_cookie.c
  CC    ssl_msg.c
  CC    ssl_msg.c
  CC    ssl_srv.c
  CC    ssl_srv.c
  CC    ssl_ticket.c
  CC    ssl_tls.c
  CC    ssl_tls13_keys.c
  CC    ssl_srv.c
  CC    ssl_ticket.c
  AR    libmbedcrypto.a
  AR    libmbedx509.a
  CC    ssl_tls.c
  CC    ssl_tls.c
  AR    libmbedcrypto.a
  AR    libmbedx509.a
  AR    libmbedtls.a
make[1]: Leaving directory '/tmp/silent-mbedtls-N006-S0_H0-_slnjbk1/library'
  AR    libmbedtls.a
make[1]: Leaving directory '/tmp/silent-mbedtls-N006-S0_H0-_slnjbk1/library'
  AR    libmbedx509.a
  AR    libmbedtls.a
  CC    error.c
  CC    version_features.c
  AR    libmbedcrypto.a
make[1]: Leaving directory '/tmp/silent-mbedtls-N006-S0_H0-_slnjbk1/library'
 cc common.o onefile.o fuzz_client.o ../../tests/src/asn1_helpers.o ../../tests/src/certs.o ../../tests/src/fake_external_rng_for_test.o ../../tests/src/helpers.o ../../tests/src/psa_crypto_helpers.o ../../tests/src/psa_exercise_key.o ../../tests/src/random.o ../../tests/src/threading_helpers.o ../../tests/src/drivers/hash.o ../../tests/src/drivers/platform_builtin_keys.o ../../tests/src/drivers/test_driver_aead.o ../../tests/src/drivers/test_driver_cipher.o ../../tests/src/drivers/test_driver_key_management.o ../../tests/src/drivers/test_driver_mac.o ../../tests/src/drivers/test_driver_signature.o ../../tests/src/drivers/test_driver_size.o -L../../library -lmbedtls -lmbedx509 -lmbedcrypto  -o fuzz_client
make: Leaving directory '/tmp/silent-mbedtls-N006-S0_H0-_slnjbk1/programs/fuzz'

RUNTIME:
Warning: fuzzing without constant time
"
N006,S1_H0,fuzz_client,PASS,PASS,0,0,6.219,make -j4 mbedtls_test ; make -C programs/fuzz -j4 fuzz_client,"make[1]: Entering directory '/tmp/silent-mbedtls-N006-S1_H0-4qdvlbml/tests'
  CC    src/asn1_helpers.c
  CC    src/certs.c
  CC    src/fake_external_rng_for_test.c
  CC    src/helpers.c
  CC    src/psa_crypto_helpers.c
  CC    src/psa_exercise_key.c
  CC    src/random.c
  CC    src/threading_helpers.c
  CC    src/drivers/hash.c
  CC    src/drivers/platform_builtin_keys.c
  CC    src/drivers/test_driver_aead.c
  CC    src/drivers/test_driver_cipher.c
  CC    src/drivers/test_driver_key_management.c
  CC    src/drivers/test_driver_mac.c
  CC    src/drivers/test_driver_signature.c
  CC    src/drivers/test_driver_size.c
make[1]: Leaving directory '/tmp/silent-mbedtls-N006-S1_H0-4qdvlbml/tests'
make: Entering directory '/tmp/silent-mbedtls-N006-S1_H0-4qdvlbml/programs/fuzz'
make[1]: Entering directory '/tmp/silent-mbedtls-N006-S1_H0-4qdvlbml/library'
  CC    aes.c
make[1]: Entering directory '/tmp/silent-mbedtls-N006-S1_H0-4qdvlbml/library'
  CC    aes.c
  CC    aesni.c
make[1]: Entering directory '/tmp/silent-mbedtls-N006-S1_H0-4qdvlbml/library'
  CC    aes.c
  CC    arc4.c
  CC    aesni.c
  CC    aria.c
  CC    aesni.c
  CC    asn1parse.c
  CC    aria.c
  CC    aria.c
  CC    asn1parse.c
  CC    asn1write.c
  CC    base64.c
  CC    asn1parse.c
  CC    asn1write.c
  CC    bignum.c
  CC    asn1write.c
  CC    bignum.c
  CC    bignum.c
  CC    blowfish.c
  CC    camellia.c
  CC    ccm.c
  CC    chacha20.c
  CC    chachapoly.c
  CC    blowfish.c
  CC    cipher.c
  CC    chachapoly.c
  CC    blowfish.c
  CC    cipher.c
  CC    cipher.c
  CC    cipher_wrap.c
  CC    cipher_wrap.c
  CC    cipher_wrap.c
  CC    cmac.c
  CC    cmac.c
  CC    cmac.c
  CC    ctr_drbg.c
  CC    ctr_drbg.c
  CC    ctr_drbg.c
  CC    des.c
  CC    dhm.c
  CC    des.c
  CC    des.c
  CC    ecdh.c
  CC    dhm.c
  CC    ecdsa.c
  CC    dhm.c
  CC    ecjpake.c
  CC    ecdsa.c
  CC    ecp.c
  CC    ecdsa.c
  CC    ecjpake.c
  CC    ecp_curves.c
  CC    ecjpake.c
  CC    ecp.c
  CC    ecp.c
  CC    entropy.c
  CC    entropy_poll.c
  Gen   error.c
  CC    gcm.c
  CC    ecp_curves.c
  CC    ecp_curves.c
  CC    hkdf.c
  CC    error.c
  CC    hmac_drbg.c
  CC    md.c
  CC    hkdf.c
  CC    md2.c
  CC    hmac_drbg.c
  CC    md.c
  CC    md4.c
  CC    md5.c
  CC    md4.c
  CC    memory_buffer_alloc.c
  CC    error.c
  CC    mps_reader.c
  CC    md5.c
  CC    mps_reader.c
  CC    mps_trace.c
  CC    mps_trace.c
  CC    nist_kw.c
  CC    md5.c
  CC    nist_kw.c
  CC    nist_kw.c
  CC    oid.c
  CC    padlock.c
  CC    oid.c
  CC    pem.c
  CC    oid.c
  CC    pk.c
  CC    padlock.c
  CC    pem.c
  CC    pk.c
  CC    pk_wrap.c
  CC    pem.c
  CC    pk_wrap.c
  CC    pk_wrap.c
  CC    pkcs12.c
  CC    pkcs12.c
  CC    pkcs12.c
  CC    pkcs5.c
  CC    pkcs5.c
  CC    pkcs5.c
  CC    pkparse.c
  CC    pkparse.c
  CC    pkparse.c
  CC    pkwrite.c
  CC    platform.c
  CC    platform_util.c
  CC    pkwrite.c
  CC    platform_util.c
  CC    poly1305.c
  CC    pkwrite.c
  CC    poly1305.c
  CC    poly1305.c
  CC    psa_crypto.c
  CC    psa_crypto.c
  CC    psa_crypto.c
  CC    psa_crypto_aead.c
  CC    psa_crypto_cipher.c
  CC    psa_crypto_client.c
  CC    psa_crypto_driver_wrappers.c
  CC    psa_crypto_ecp.c
  CC    psa_crypto_hash.c
  CC    psa_crypto_mac.c
  CC    psa_crypto_aead.c
  CC    psa_crypto_aead.c
  CC    psa_crypto_rsa.c
  CC    psa_crypto_rsa.c
  CC    psa_crypto_rsa.c
  CC    psa_crypto_se.c
  CC    psa_crypto_slot_management.c
  CC    psa_crypto_se.c
  CC    psa_crypto_se.c
  CC    psa_crypto_slot_management.c
  CC    psa_crypto_slot_management.c
  CC    psa_crypto_storage.c
  CC    psa_crypto_storage.c
  CC    psa_its_file.c
  CC    psa_crypto_storage.c
  CC    psa_its_file.c
  CC    ripemd160.c
  CC    ripemd160.c
  CC    rsa.c
  CC    psa_its_file.c
  CC    ripemd160.c
  CC    rsa.c
  CC    rsa_alt_helpers.c
  CC    rsa.c
  CC    sha1.c
  CC    rsa_alt_helpers.c
  CC    sha256.c
  CC    sha1.c
  CC    sha256.c
  CC    sha512.c
  CC    sha512.c
  CC    rsa_alt_helpers.c
  CC    sha512.c
  CC    threading.c
  CC    timing.c
  CC    threading.c
  CC    timing.c
  CC    threading.c
  CC    timing.c
  CC    version.c
  Gen   version_features.c
  CC    version.c
  CC    version.c
  CC    xtea.c
  CC    ../3rdparty/everest/library/everest.c
  CC    version_features.c
  CC    version_features.c
  CC    xtea.c
  CC    ../3rdparty/everest/library/x25519.c
  CC    xtea.c
  CC    ../3rdparty/everest/library/x25519.c
  CC    ../3rdparty/everest/library/x25519.c
  CC    ../3rdparty/everest/library/Hacl_Curve25519_joined.c
  CC    ../3rdparty/everest/library/Hacl_Curve25519_joined.c
  CC    ../3rdparty/everest/library/Hacl_Curve25519_joined.c
  CC    x509.c
  CC    x509.c
  CC    x509.c
  CC    x509_create.c
  CC    x509_crl.c
  CC    x509_create.c
  CC    x509_crt.c
  CC    x509_create.c
  CC    x509_crl.c
  CC    x509_crl.c
  CC    x509_crt.c
  CC    x509_csr.c
  CC    x509_crt.c
  CC    x509write_crt.c
  CC    x509write_csr.c
  CC    debug.c
  CC    x509_csr.c
  CC    net_sockets.c
  CC    debug.c
  CC    net_sockets.c
  CC    x509_csr.c
  CC    ssl_cache.c
  CC    ssl_ciphersuites.c
  CC    ssl_cache.c
  CC    ssl_cli.c
  CC    ssl_ciphersuites.c
  CC    ssl_cache.c
  CC    ssl_cli.c
  CC    ssl_cookie.c
  CC    ssl_cli.c
  CC    ssl_cookie.c
  CC    ssl_msg.c
  CC    ssl_cookie.c
  CC    ssl_msg.c
  CC    ssl_msg.c
  CC    ssl_srv.c
  CC    ssl_srv.c
  CC    ssl_ticket.c
  CC    ssl_tls.c
  CC    ssl_srv.c
  CC    ssl_tls.c
  CC    ssl_ticket.c
  CC    ssl_tls.c
  CC    ssl_tls13_keys.c
  CC    ssl_tls13_keys.c
  AR    libmbedcrypto.a
  AR    libmbedx509.a
  CC    error.c
  CC    version_features.c
  CC    ssl_tls13_keys.c
  AR    libmbedcrypto.a
  AR    libmbedx509.a
  AR    libmbedcrypto.a
  AR    libmbedx509.a
  AR    libmbedtls.a
make[1]: Leaving directory '/tmp/silent-mbedtls-N006-S1_H0-4qdvlbml/library'
  AR    libmbedtls.a
make[1]: Leaving directory '/tmp/silent-mbedtls-N006-S1_H0-4qdvlbml/library'
  AR    libmbedtls.a
make[1]: Leaving directory '/tmp/silent-mbedtls-N006-S1_H0-4qdvlbml/library'
 cc common.o onefile.o fuzz_client.o ../../tests/src/asn1_helpers.o ../../tests/src/certs.o ../../tests/src/fake_external_rng_for_test.o ../../tests/src/helpers.o ../../tests/src/psa_crypto_helpers.o ../../tests/src/psa_exercise_key.o ../../tests/src/random.o ../../tests/src/threading_helpers.o ../../tests/src/drivers/hash.o ../../tests/src/drivers/platform_builtin_keys.o ../../tests/src/drivers/test_driver_aead.o ../../tests/src/drivers/test_driver_cipher.o ../../tests/src/drivers/test_driver_key_management.o ../../tests/src/drivers/test_driver_mac.o ../../tests/src/drivers/test_driver_signature.o ../../tests/src/drivers/test_driver_size.o -L../../library -lmbedtls -lmbedx509 -lmbedcrypto  -o fuzz_client
make: Leaving directory '/tmp/silent-mbedtls-N006-S1_H0-4qdvlbml/programs/fuzz'

RUNTIME:
Warning: fuzzing without constant time
"
N006,S1_H1,fuzz_client,PASS,PASS,0,0,6.524,make -j4 mbedtls_test ; make -C programs/fuzz -j4 fuzz_client,"make[1]: Entering directory '/tmp/silent-mbedtls-N006-S1_H1-vgo7mj3m/tests'
  CC    src/asn1_helpers.c
  CC    src/certs.c
  CC    src/fake_external_rng_for_test.c
  CC    src/helpers.c
  CC    src/psa_crypto_helpers.c
  CC    src/psa_exercise_key.c
  CC    src/random.c
  CC    src/threading_helpers.c
  CC    src/drivers/hash.c
  CC    src/drivers/platform_builtin_keys.c
  CC    src/drivers/test_driver_aead.c
  CC    src/drivers/test_driver_cipher.c
  CC    src/drivers/test_driver_key_management.c
  CC    src/drivers/test_driver_mac.c
  CC    src/drivers/test_driver_signature.c
  CC    src/drivers/test_driver_size.c
make[1]: Leaving directory '/tmp/silent-mbedtls-N006-S1_H1-vgo7mj3m/tests'
make: Entering directory '/tmp/silent-mbedtls-N006-S1_H1-vgo7mj3m/programs/fuzz'
make[1]: Entering directory '/tmp/silent-mbedtls-N006-S1_H1-vgo7mj3m/library'
  CC    aes.c
make[1]: Entering directory '/tmp/silent-mbedtls-N006-S1_H1-vgo7mj3m/library'
  CC    aes.c
  CC    aesni.c
  CC    arc4.c
  CC    aria.c
  CC    asn1parse.c
make[1]: Entering directory '/tmp/silent-mbedtls-N006-S1_H1-vgo7mj3m/library'
  CC    aes.c
  CC    aria.c
  CC    aesni.c
  CC    asn1write.c
  CC    asn1write.c
  CC    asn1write.c
  CC    base64.c
  CC    base64.c
  CC    bignum.c
  CC    base64.c
  CC    bignum.c
  CC    blowfish.c
  CC    bignum.c
  CC    camellia.c
  CC    ccm.c
  CC    chacha20.c
  CC    chachapoly.c
  CC    camellia.c
  CC    blowfish.c
  CC    cipher.c
  CC    cipher.c
  CC    cipher.c
  CC    cipher_wrap.c
  CC    cipher_wrap.c
  CC    cmac.c
  CC    cipher_wrap.c
  CC    cmac.c
  CC    cmac.c
  CC    ctr_drbg.c
  CC    ctr_drbg.c
  CC    ctr_drbg.c
  CC    des.c
  CC    des.c
  CC    dhm.c
  CC    des.c
  CC    dhm.c
  CC    ecdh.c
  CC    dhm.c
  CC    ecdsa.c
  CC    ecdh.c
  CC    ecdsa.c
  CC    ecjpake.c
  CC    ecp.c
  CC    ecdh.c
  CC    ecjpake.c
  CC    ecjpake.c
  CC    ecp.c
  CC    ecp.c
  CC    ecp_curves.c
  CC    ecp_curves.c
  CC    entropy.c
  CC    entropy.c
  CC    entropy_poll.c
  Gen   error.c
  CC    ecp_curves.c
  CC    entropy_poll.c
  Gen   error.c
  CC    gcm.c
  CC    hkdf.c
  CC    gcm.c
  CC    hkdf.c
  CC    hmac_drbg.c
  CC    hmac_drbg.c
  CC    md.c
  Gen   error.c
  CC    md.c
  CC    md2.c
  CC    md4.c
  CC    md.c
  CC    md4.c
  CC    md5.c
  CC    md2.c
  CC    md5.c
  CC    md5.c
  CC    memory_buffer_alloc.c
  CC    memory_buffer_alloc.c
  CC    mps_reader.c
  CC    mps_reader.c
  CC    mps_trace.c
  CC    mps_trace.c
  CC    memory_buffer_alloc.c
  CC    nist_kw.c
  CC    mps_trace.c
  CC    nist_kw.c
  CC    oid.c
  CC    nist_kw.c
  CC    oid.c
  CC    padlock.c
  CC    oid.c
  CC    pem.c
  CC    pk.c
  CC    pk_wrap.c
  CC    padlock.c
  CC    padlock.c
  CC    pem.c
  CC    pk_wrap.c
  CC    pem.c
  CC    pkcs12.c
  CC    pkcs5.c
  CC    pkcs12.c
  CC    pk_wrap.c
  CC    pkparse.c
  CC    pkwrite.c
  CC    pkcs5.c
  CC    pkcs12.c
  CC    platform.c
  CC    pkparse.c
  CC    pkparse.c
  CC    platform.c
  CC    platform_util.c
  CC    poly1305.c
  CC    platform_util.c
  CC    poly1305.c
  CC    psa_crypto.c
  CC    platform.c
  CC    psa_crypto.c
  CC    psa_crypto_aead.c
  CC    psa_crypto.c
  CC    psa_crypto_aead.c
  CC    psa_crypto_cipher.c
  CC    psa_crypto_client.c
  CC    psa_crypto_driver_wrappers.c
  CC    psa_crypto_ecp.c
  CC    psa_crypto_hash.c
  CC    psa_crypto_mac.c
  CC    psa_crypto_cipher.c
  CC    psa_crypto_aead.c
  CC    psa_crypto_rsa.c
  CC    psa_crypto_se.c
  CC    psa_crypto_slot_management.c
  CC    psa_crypto_rsa.c
  CC    psa_crypto_rsa.c
  CC    psa_crypto_storage.c
  CC    psa_its_file.c
  CC    psa_crypto_slot_management.c
  CC    psa_crypto_slot_management.c
  CC    psa_crypto_storage.c
  CC    ripemd160.c
  CC    psa_crypto_storage.c
  CC    ripemd160.c
  CC    rsa.c
  CC    ripemd160.c
  CC    rsa.c
  CC    rsa_alt_helpers.c
  CC    rsa.c
  CC    rsa_alt_helpers.c
  CC    sha1.c
  CC    rsa_alt_helpers.c
  CC    sha1.c
  CC    sha1.c
  CC    sha256.c
  CC    sha512.c
  CC    sha256.c
  CC    threading.c
  CC    sha256.c
  CC    timing.c
  CC    version.c
  CC    sha512.c
  Gen   version_features.c
  CC    sha512.c
  CC    xtea.c
  CC    ../3rdparty/everest/library/everest.c
  CC    ../3rdparty/everest/library/x25519.c
  CC    version.c
  CC    ../3rdparty/everest/library/Hacl_Curve25519_joined.c
  CC    x509.c
  CC    x509_create.c
  CC    version_features.c
  CC    x509.c
  Gen   version_features.c
  CC    x509.c
  CC    x509_crl.c
  CC    x509_crt.c
  CC    x509_csr.c
  CC    x509_create.c
  CC    x509_create.c
  CC    x509write_crt.c
  CC    x509_crt.c
  CC    x509_crt.c
  CC    x509write_csr.c
  CC    x509write_crt.c
  CC    debug.c
  CC    debug.c
  CC    net_sockets.c
  CC    net_sockets.c
  CC    x509write_crt.c
  CC    net_sockets.c
  CC    ssl_cache.c
  CC    ssl_cache.c
  CC    ssl_cache.c
  CC    ssl_ciphersuites.c
  CC    ssl_ciphersuites.c
  CC    ssl_ciphersuites.c
  CC    ssl_cli.c
  CC    ssl_cli.c
  CC    ssl_cli.c
  CC    ssl_cookie.c
  CC    ssl_msg.c
  CC    ssl_srv.c
  CC    ssl_cookie.c
  CC    ssl_cookie.c
  CC    ssl_msg.c
  CC    ssl_msg.c
  CC    ssl_ticket.c
  CC    ssl_tls.c
  CC    ssl_srv.c
  CC    ssl_srv.c
  CC    ssl_tls.c
  CC    ssl_tls.c
  CC    ssl_tls13_keys.c
  CC    error.c
  CC    ssl_tls13_keys.c
  AR    libmbedx509.a
  AR    libmbedtls.a
  CC    error.c
  AR    libmbedcrypto.a
make[1]: Leaving directory '/tmp/silent-mbedtls-N006-S1_H1-vgo7mj3m/library'
  CC    version_features.c
  AR    libmbedx509.a
  CC    ssl_tls13_keys.c
  CC    error.c
  CC    version_features.c
  AR    libmbedx509.a
  AR    libmbedcrypto.a
  AR    libmbedcrypto.a
  AR    libmbedtls.a
make[1]: Leaving directory '/tmp/silent-mbedtls-N006-S1_H1-vgo7mj3m/library'
  AR    libmbedtls.a
make[1]: Leaving directory '/tmp/silent-mbedtls-N006-S1_H1-vgo7mj3m/library'
 cc common.o onefile.o fuzz_client.o ../../tests/src/asn1_helpers.o ../../tests/src/certs.o ../../tests/src/fake_external_rng_for_test.o ../../tests/src/helpers.o ../../tests/src/psa_crypto_helpers.o ../../tests/src/psa_exercise_key.o ../../tests/src/random.o ../../tests/src/threading_helpers.o ../../tests/src/drivers/hash.o ../../tests/src/drivers/platform_builtin_keys.o ../../tests/src/drivers/test_driver_aead.o ../../tests/src/drivers/test_driver_cipher.o ../../tests/src/drivers/test_driver_key_management.o ../../tests/src/drivers/test_driver_mac.o ../../tests/src/drivers/test_driver_signature.o ../../tests/src/drivers/test_driver_size.o -L../../library -lmbedtls -lmbedx509 -lmbedcrypto  -o fuzz_client
make: Leaving directory '/tmp/silent-mbedtls-N006-S1_H1-vgo7mj3m/programs/fuzz'

RUNTIME:
Warning: fuzzing without constant time
"
N007,S0_H0,fuzz_dtlsserver,PASS,PASS,0,0,6.347,make -j4 mbedtls_test ; make -C programs/fuzz -j4 fuzz_dtlsserver,"make[1]: Entering directory '/tmp/silent-mbedtls-N007-S0_H0-ud5y0kfe/tests'
  CC    src/asn1_helpers.c
  CC    src/certs.c
  CC    src/fake_external_rng_for_test.c
  CC    src/helpers.c
  CC    src/psa_crypto_helpers.c
  CC    src/psa_exercise_key.c
  CC    src/random.c
  CC    src/threading_helpers.c
  CC    src/drivers/hash.c
  CC    src/drivers/platform_builtin_keys.c
  CC    src/drivers/test_driver_aead.c
  CC    src/drivers/test_driver_cipher.c
  CC    src/drivers/test_driver_key_management.c
  CC    src/drivers/test_driver_mac.c
  CC    src/drivers/test_driver_signature.c
  CC    src/drivers/test_driver_size.c
make[1]: Leaving directory '/tmp/silent-mbedtls-N007-S0_H0-ud5y0kfe/tests'
make: Entering directory '/tmp/silent-mbedtls-N007-S0_H0-ud5y0kfe/programs/fuzz'
make[1]: Entering directory '/tmp/silent-mbedtls-N007-S0_H0-ud5y0kfe/library'
  CC    aes.c
make[1]: Entering directory '/tmp/silent-mbedtls-N007-S0_H0-ud5y0kfe/library'
  CC    aes.c
  CC    aesni.c
  CC    arc4.c
make[1]: Entering directory '/tmp/silent-mbedtls-N007-S0_H0-ud5y0kfe/library'
  CC    aes.c
  CC    arc4.c
  CC    aria.c
  CC    aesni.c
  CC    aria.c
  CC    aria.c
  CC    asn1parse.c
  CC    asn1parse.c
  CC    asn1write.c
  CC    asn1write.c
  CC    asn1parse.c
  CC    asn1write.c
  CC    base64.c
  CC    base64.c
  CC    bignum.c
  CC    base64.c
  CC    bignum.c
  CC    blowfish.c
  CC    bignum.c
  CC    blowfish.c
  CC    camellia.c
  CC    ccm.c
  CC    chacha20.c
  CC    camellia.c
  CC    chachapoly.c
  CC    blowfish.c
  CC    chachapoly.c
  CC    cipher.c
  CC    chachapoly.c
  CC    cipher.c
  CC    cipher_wrap.c
  CC    cipher.c
  CC    cipher_wrap.c
  CC    cmac.c
  CC    cipher_wrap.c
  CC    cmac.c
  CC    cmac.c
  CC    ctr_drbg.c
  CC    ctr_drbg.c
  CC    des.c
  CC    ctr_drbg.c
  CC    des.c
  CC    dhm.c
  CC    des.c
  CC    ecdh.c
  CC    dhm.c
  CC    ecdh.c
  CC    ecdsa.c
  CC    ecdsa.c
  CC    ecjpake.c
  CC    dhm.c
  CC    ecjpake.c
  CC    ecp.c
  CC    ecdsa.c
  CC    ecjpake.c
  CC    ecp.c
  CC    ecp.c
  CC    ecp_curves.c
  CC    ecp_curves.c
  CC    ecp_curves.c
  CC    entropy.c
  CC    entropy_poll.c
  Gen   error.c
  CC    gcm.c
  CC    entropy.c
  CC    hkdf.c
  CC    entropy.c
  CC    hmac_drbg.c
  CC    error.c
  CC    md.c
  CC    error.c
  CC    hmac_drbg.c
  CC    md.c
  CC    hmac_drbg.c
  CC    md2.c
  CC    md2.c
  CC    md4.c
  CC    md4.c
  CC    md5.c
  CC    md5.c
  CC    memory_buffer_alloc.c
  CC    mps_reader.c
  CC    memory_buffer_alloc.c
  CC    md.c
  CC    mps_trace.c
  CC    md5.c
  CC    mps_trace.c
  CC    nist_kw.c
  CC    nist_kw.c
  CC    oid.c
  CC    nist_kw.c
  CC    oid.c
  CC    padlock.c
  CC    padlock.c
  CC    pem.c
  CC    pk.c
  CC    oid.c
  CC    pem.c
  CC    pk_wrap.c
  CC    pk.c
  CC    pem.c
  CC    pk_wrap.c
  CC    pkcs12.c
  CC    pkcs5.c
  CC    pk_wrap.c
  CC    pkparse.c
  CC    pkcs12.c
  CC    pkcs5.c
  CC    pkcs12.c
  CC    pkparse.c
  CC    pkparse.c
  CC    pkwrite.c
  CC    pkwrite.c
  CC    platform.c
  CC    platform_util.c
  CC    pkwrite.c
  CC    platform.c
  CC    poly1305.c
  CC    platform_util.c
  CC    psa_crypto.c
  CC    poly1305.c
  CC    platform_util.c
  CC    poly1305.c
  CC    psa_crypto.c
  CC    psa_crypto.c
  CC    psa_crypto_aead.c
  CC    psa_crypto_aead.c
  CC    psa_crypto_cipher.c
  CC    psa_crypto_client.c
  CC    psa_crypto_driver_wrappers.c
  CC    psa_crypto_cipher.c
  CC    psa_crypto_ecp.c
  CC    psa_crypto_aead.c
  CC    psa_crypto_ecp.c
  CC    psa_crypto_hash.c
  CC    psa_crypto_mac.c
  CC    psa_crypto_ecp.c
  CC    psa_crypto_hash.c
  CC    psa_crypto_mac.c
  CC    psa_crypto_rsa.c
  CC    psa_crypto_rsa.c
  CC    psa_crypto_hash.c
  CC    psa_crypto_se.c
  CC    psa_crypto_slot_management.c
  CC    psa_crypto_rsa.c
  CC    psa_crypto_se.c
  CC    psa_crypto_slot_management.c
  CC    psa_crypto_storage.c
  CC    psa_crypto_storage.c
  CC    psa_its_file.c
  CC    psa_crypto_slot_management.c
  CC    psa_its_file.c
  CC    psa_its_file.c
  CC    ripemd160.c
  CC    ripemd160.c
  CC    rsa.c
  CC    ripemd160.c
  CC    rsa.c
  CC    rsa_alt_helpers.c
  CC    rsa.c
  CC    sha1.c
  CC    rsa_alt_helpers.c
  CC    sha256.c
  CC    sha1.c
  CC    rsa_alt_helpers.c
  CC    sha256.c
  CC    sha256.c
  CC    sha512.c
  CC    threading.c
  CC    timing.c
  CC    version.c
  Gen   version_features.c
  CC    xtea.c
  CC    sha512.c
  CC    version_features.c
  CC    sha512.c
  CC    xtea.c
  CC    ../3rdparty/everest/library/everest.c
  CC    ../3rdparty/everest/library/x25519.c
  CC    ../3rdparty/everest/library/Hacl_Curve25519_joined.c
  CC    ../3rdparty/everest/library/everest.c
  CC    x509.c
  CC    ../3rdparty/everest/library/Hacl_Curve25519_joined.c
  CC    x509_create.c
  CC    x509.c
  CC    version_features.c
  CC    x509.c
  CC    x509_crl.c
  CC    x509_crl.c
  CC    x509_create.c
  CC    x509_crt.c
  CC    x509_crt.c
  CC    x509_csr.c
  CC    x509_crt.c
  CC    x509write_crt.c
  CC    x509write_csr.c
  CC    debug.c
  CC    net_sockets.c
  CC    ssl_cache.c
  CC    x509_csr.c
  CC    x509_csr.c
  CC    ssl_ciphersuites.c
  CC    ssl_cli.c
  CC    net_sockets.c
  CC    ssl_cookie.c
  CC    net_sockets.c
  CC    ssl_msg.c
  CC    ssl_ciphersuites.c
  CC    ssl_cli.c
  CC    ssl_cli.c
  CC    ssl_srv.c
  CC    ssl_msg.c
  CC    ssl_msg.c
  CC    ssl_ticket.c
  CC    ssl_tls.c
  CC    ssl_srv.c
  CC    ssl_srv.c
  CC    ssl_tls.c
  CC    ssl_tls13_keys.c
  CC    ssl_tls.c
  CC    ssl_tls13_keys.c
  CC    error.c
  CC    version_features.c
  AR    libmbedx509.a
  AR    libmbedtls.a
  AR    libmbedcrypto.a
make[1]: Leaving directory '/tmp/silent-mbedtls-N007-S0_H0-ud5y0kfe/library'
  AR    libmbedcrypto.a
  AR    libmbedx509.a
  AR    libmbedcrypto.a
  AR    libmbedx509.a
  AR    libmbedtls.a
make[1]: Leaving directory '/tmp/silent-mbedtls-N007-S0_H0-ud5y0kfe/library'
  AR    libmbedtls.a
make[1]: Leaving directory '/tmp/silent-mbedtls-N007-S0_H0-ud5y0kfe/library'
 cc common.o onefile.o fuzz_dtlsserver.o ../../tests/src/asn1_helpers.o ../../tests/src/certs.o ../../tests/src/fake_external_rng_for_test.o ../../tests/src/helpers.o ../../tests/src/psa_crypto_helpers.o ../../tests/src/psa_exercise_key.o ../../tests/src/random.o ../../tests/src/threading_helpers.o ../../tests/src/drivers/hash.o ../../tests/src/drivers/platform_builtin_keys.o ../../tests/src/drivers/test_driver_aead.o ../../tests/src/drivers/test_driver_cipher.o ../../tests/src/drivers/test_driver_key_management.o ../../tests/src/drivers/test_driver_mac.o ../../tests/src/drivers/test_driver_signature.o ../../tests/src/drivers/test_driver_size.o -L../../library -lmbedtls -lmbedx509 -lmbedcrypto  -o fuzz_dtlsserver
make: Leaving directory '/tmp/silent-mbedtls-N007-S0_H0-ud5y0kfe/programs/fuzz'

RUNTIME:
Warning: fuzzing without constant time
"
N007,S1_H0,fuzz_dtlsserver,FAIL,NOT_RUN,2,,3.824,make -j4 mbedtls_test ; make -C programs/fuzz -j4 fuzz_dtlsserver,"make[1]: Entering directory '/tmp/silent-mbedtls-N007-S1_H0-slpkvpjw/tests'
  CC    src/asn1_helpers.c
  CC    src/certs.c
  CC    src/fake_external_rng_for_test.c
  CC    src/helpers.c
  CC    src/psa_crypto_helpers.c
  CC    src/psa_exercise_key.c
  CC    src/random.c
  CC    src/threading_helpers.c
  CC    src/drivers/hash.c
  CC    src/drivers/platform_builtin_keys.c
  CC    src/drivers/test_driver_aead.c
  CC    src/drivers/test_driver_cipher.c
  CC    src/drivers/test_driver_key_management.c
  CC    src/drivers/test_driver_mac.c
  CC    src/drivers/test_driver_signature.c
  CC    src/drivers/test_driver_size.c
make[1]: Leaving directory '/tmp/silent-mbedtls-N007-S1_H0-slpkvpjw/tests'
make: Entering directory '/tmp/silent-mbedtls-N007-S1_H0-slpkvpjw/programs/fuzz'
make[1]: Entering directory '/tmp/silent-mbedtls-N007-S1_H0-slpkvpjw/library'
  CC    aes.c
fuzz_dtlsserver.c: In function ‘LLVMFuzzerTestOneInput’:
fuzz_dtlsserver.c:57:13: error: too few arguments to function ‘mbedtls_pk_parse_key’
   57 |         if (mbedtls_pk_parse_key( &pkey, (const unsigned char *) mbedtls_test_srv_key,
      |             ^~~~~~~~~~~~~~~~~~~~
In file included from ../../include/mbedtls/ssl_ciphersuites.h:32,
                 from ../../include/mbedtls/ssl.h:35,
                 from fuzz_dtlsserver.c:7:
../../include/mbedtls/pk.h:681:5: note: declared here
  681 | int mbedtls_pk_parse_key( mbedtls_pk_context *ctx,
      |     ^~~~~~~~~~~~~~~~~~~~
make[1]: Entering directory '/tmp/silent-mbedtls-N007-S1_H0-slpkvpjw/library'
make: *** [Makefile:48: fuzz_dtlsserver.o] Error 1
make: *** Waiting for unfinished jobs....
  CC    aesni.c
  CC    arc4.c
  CC    aes.c
  CC    aria.c
  CC    asn1parse.c
  CC    asn1write.c
  CC    base64.c
  CC    bignum.c
  CC    blowfish.c
  CC    aesni.c
  CC    camellia.c
  CC    base64.c
  CC    ccm.c
  CC    bignum.c
  CC    chacha20.c
  CC    chachapoly.c
  CC    cipher.c
  CC    cipher_wrap.c
  CC    cmac.c
  CC    ctr_drbg.c
  CC    des.c
  CC    dhm.c
  CC    ecdh.c
  CC    ecdsa.c
  CC    ecjpake.c
  CC    ecp.c
  CC    ecp_curves.c
  CC    camellia.c
  CC    entropy.c
  CC    entropy_poll.c
  CC    ecjpake.c
  Gen   error.c
  CC    gcm.c
  CC    hkdf.c
  CC    ecp.c
  CC    hmac_drbg.c
  CC    md.c
  CC    md2.c
  CC    md4.c
  CC    md5.c
  CC    memory_buffer_alloc.c
  CC    mps_reader.c
  CC    mps_trace.c
  CC    nist_kw.c
  CC    oid.c
  CC    padlock.c
  CC    pem.c
  CC    pk.c
  CC    pk_wrap.c
  CC    pkcs12.c
  CC    pkcs5.c
  CC    pkparse.c
  CC    pkwrite.c
  CC    platform.c
  CC    error.c
  CC    platform_util.c
  CC    poly1305.c
  CC    psa_crypto.c
  CC    pkparse.c
  CC    psa_crypto_aead.c
  CC    psa_crypto_cipher.c
  CC    psa_crypto_client.c
  CC    psa_crypto_driver_wrappers.c
  CC    psa_crypto_ecp.c
  CC    poly1305.c
  CC    psa_crypto_hash.c
  CC    psa_crypto_mac.c
  CC    psa_crypto.c
  CC    psa_crypto_rsa.c
  CC    psa_crypto_se.c
  CC    psa_crypto_slot_management.c
  CC    psa_crypto_storage.c
  CC    psa_its_file.c
  CC    ripemd160.c
  CC    rsa.c
  CC    rsa_alt_helpers.c
  CC    sha1.c
  CC    sha256.c
  CC    sha512.c
  CC    threading.c
  CC    timing.c
  CC    version.c
  Gen   version_features.c
  CC    xtea.c
  CC    ../3rdparty/everest/library/everest.c
  CC    psa_crypto_hash.c
  CC    ../3rdparty/everest/library/x25519.c
  CC    ../3rdparty/everest/library/Hacl_Curve25519_joined.c
  CC    x509.c
  CC    x509_create.c
  CC    x509_crl.c
  CC    sha512.c
  CC    x509_crt.c
  CC    version_features.c
  CC    x509.c
  CC    x509_csr.c
  CC    x509_crt.c
  CC    x509write_crt.c
  CC    x509_csr.c
  CC    x509write_csr.c
  CC    x509write_crt.c
  CC    debug.c
  CC    x509write_csr.c
  CC    net_sockets.c
  CC    ssl_cache.c
  CC    debug.c
  CC    ssl_ciphersuites.c
  CC    net_sockets.c
  CC    ssl_cli.c
  CC    ssl_cookie.c
  CC    ssl_ciphersuites.c
  CC    ssl_cli.c
  CC    ssl_msg.c
  CC    ssl_msg.c
  CC    ssl_srv.c
  CC    ssl_srv.c
  CC    ssl_ticket.c
  CC    ssl_ticket.c
  CC    ssl_tls.c
  CC    ssl_tls13_keys.c
  CC    ssl_tls.c
  CC    error.c
  CC    version_features.c
  AR    libmbedcrypto.a
  AR    libmbedx509.a
  AR    libmbedcrypto.a
  AR    libmbedx509.a
  AR    libmbedtls.a
make[1]: Leaving directory '/tmp/silent-mbedtls-N007-S1_H0-slpkvpjw/library'
  AR    libmbedtls.a
make[1]: Leaving directory '/tmp/silent-mbedtls-N007-S1_H0-slpkvpjw/library'
make: Leaving directory '/tmp/silent-mbedtls-N007-S1_H0-slpkvpjw/programs/fuzz'
"
N007,S1_H1,fuzz_dtlsserver,PASS,PASS,0,0,5.751,make -j4 mbedtls_test ; make -C programs/fuzz -j4 fuzz_dtlsserver,"make[1]: Entering directory '/tmp/silent-mbedtls-N007-S1_H1-zqro6zr4/tests'
  CC    src/asn1_helpers.c
  CC    src/certs.c
  CC    src/fake_external_rng_for_test.c
  CC    src/helpers.c
  CC    src/psa_crypto_helpers.c
  CC    src/psa_exercise_key.c
  CC    src/random.c
  CC    src/threading_helpers.c
  CC    src/drivers/hash.c
  CC    src/drivers/platform_builtin_keys.c
  CC    src/drivers/test_driver_aead.c
  CC    src/drivers/test_driver_cipher.c
  CC    src/drivers/test_driver_key_management.c
  CC    src/drivers/test_driver_mac.c
  CC    src/drivers/test_driver_signature.c
  CC    src/drivers/test_driver_size.c
make[1]: Leaving directory '/tmp/silent-mbedtls-N007-S1_H1-zqro6zr4/tests'
make: Entering directory '/tmp/silent-mbedtls-N007-S1_H1-zqro6zr4/programs/fuzz'
make[1]: Entering directory '/tmp/silent-mbedtls-N007-S1_H1-zqro6zr4/library'
  CC    aes.c
make[1]: Entering directory '/tmp/silent-mbedtls-N007-S1_H1-zqro6zr4/library'
  CC    aes.c
  CC    aesni.c
  CC    arc4.c
  CC    aria.c
  CC    asn1parse.c
  CC    asn1write.c
  CC    base64.c
  CC    bignum.c
  CC    aesni.c
  CC    base64.c
  CC    blowfish.c
  CC    bignum.c
  CC    camellia.c
  CC    blowfish.c
  CC    camellia.c
  CC    ccm.c
  CC    ccm.c
  CC    chacha20.c
  CC    chachapoly.c
  CC    chacha20.c
  CC    cipher.c
  CC    chachapoly.c
  CC    cipher_wrap.c
  CC    cmac.c
  CC    cipher.c
  CC    ctr_drbg.c
  CC    des.c
  CC    dhm.c
  CC    cipher_wrap.c
  CC    des.c
  CC    ecdh.c
  CC    dhm.c
  CC    ecdsa.c
  CC    ecjpake.c
  CC    ecdh.c
  CC    ecjpake.c
  CC    ecp.c
  CC    ecp.c
  CC    ecp_curves.c
  CC    entropy.c
  CC    entropy_poll.c
  CC    ecp_curves.c
  Gen   error.c
  Gen   error.c
  CC    gcm.c
  CC    gcm.c
  CC    hkdf.c
  CC    hkdf.c
  CC    hmac_drbg.c
  CC    md.c
  CC    md2.c
  CC    md4.c
  CC    hmac_drbg.c
  CC    md.c
  CC    md5.c
  CC    md5.c
  CC    memory_buffer_alloc.c
  CC    memory_buffer_alloc.c
  CC    mps_reader.c
  CC    mps_trace.c
  CC    mps_reader.c
  CC    mps_trace.c
  CC    nist_kw.c
  CC    oid.c
  CC    nist_kw.c
  CC    padlock.c
  CC    oid.c
  CC    pem.c
  CC    pem.c
  CC    pk.c
  CC    pk_wrap.c
  CC    pk.c
  CC    pkcs12.c
  CC    pk_wrap.c
  CC    pkcs5.c
  CC    pkcs12.c
  CC    pkcs5.c
  CC    pkparse.c
  CC    pkparse.c
  CC    pkwrite.c
  CC    platform.c
  CC    platform_util.c
  CC    pkwrite.c
  CC    poly1305.c
  CC    poly1305.c
  CC    psa_crypto.c
  CC    psa_crypto.c
  CC    psa_crypto_aead.c
  CC    psa_crypto_cipher.c
  CC    psa_crypto_aead.c
  CC    psa_crypto_client.c
  CC    psa_crypto_cipher.c
  CC    psa_crypto_client.c
  CC    psa_crypto_driver_wrappers.c
  CC    psa_crypto_ecp.c
  CC    psa_crypto_hash.c
  CC    psa_crypto_driver_wrappers.c
  CC    psa_crypto_mac.c
  CC    psa_crypto_hash.c
  CC    psa_crypto_rsa.c
  CC    psa_crypto_mac.c
  CC    psa_crypto_se.c
  CC    psa_crypto_slot_management.c
  CC    psa_crypto_rsa.c
  CC    psa_crypto_slot_management.c
  CC    psa_crypto_storage.c
  CC    psa_crypto_storage.c
  CC    psa_its_file.c
  CC    psa_its_file.c
  CC    ripemd160.c
  CC    rsa.c
  CC    ripemd160.c
  CC    rsa_alt_helpers.c
  CC    sha1.c
  CC    rsa.c
make[1]: Entering directory '/tmp/silent-mbedtls-N007-S1_H1-zqro6zr4/library'
  CC    error.c
  CC    rsa.c
  CC    sha256.c
  CC    sha512.c
  CC    threading.c
  CC    timing.c
  CC    version.c
  Gen   version_features.c
  CC    sha1.c
  CC    timing.c
  CC    xtea.c
  CC    ../3rdparty/everest/library/everest.c
  CC    sha1.c
  CC    version_features.c
  CC    ../3rdparty/everest/library/x25519.c
  CC    ../3rdparty/everest/library/Hacl_Curve25519_joined.c
  CC    x509.c
  CC    x509_create.c
  CC    ../3rdparty/everest/library/everest.c
  CC    x509_crl.c
  CC    x509.c
  CC    version_features.c
  CC    x509_crt.c
  CC    x509.c
  CC    x509_crl.c
  CC    x509_crl.c
  CC    x509_crt.c
  CC    x509_csr.c
  CC    x509_crt.c
  CC    x509write_crt.c
  CC    x509_csr.c
  CC    x509_csr.c
  CC    x509write_csr.c
  CC    x509write_csr.c
  CC    debug.c
  CC    x509write_csr.c
  CC    debug.c
  CC    net_sockets.c
  CC    debug.c
  CC    net_sockets.c
  CC    net_sockets.c
  CC    ssl_cache.c
  CC    ssl_ciphersuites.c
  CC    ssl_cache.c
  CC    ssl_ciphersuites.c
  CC    ssl_cache.c
  CC    ssl_cli.c
  CC    ssl_cli.c
  CC    ssl_cookie.c
  CC    ssl_ciphersuites.c
  CC    ssl_cli.c
  CC    ssl_msg.c
  CC    ssl_cookie.c
  CC    ssl_msg.c
  CC    ssl_msg.c
  CC    ssl_srv.c
  CC    ssl_ticket.c
  CC    ssl_tls.c
  CC    ssl_tls13_keys.c
  CC    ssl_srv.c
  CC    ssl_tls.c
  CC    ssl_srv.c
  CC    error.c
  CC    version_features.c
  AR    libmbedx509.a
  AR    libmbedcrypto.a
  AR    libmbedtls.a
  AR    libmbedcrypto.a
  AR    libmbedx509.a
  CC    ssl_tls.c
make[1]: Leaving directory '/tmp/silent-mbedtls-N007-S1_H1-zqro6zr4/library'
  CC    error.c
  AR    libmbedx509.a
  AR    libmbedtls.a
make[1]: Leaving directory '/tmp/silent-mbedtls-N007-S1_H1-zqro6zr4/library'
  AR    libmbedcrypto.a
  AR    libmbedtls.a
make[1]: Leaving directory '/tmp/silent-mbedtls-N007-S1_H1-zqro6zr4/library'
 cc common.o onefile.o fuzz_dtlsserver.o ../../tests/src/asn1_helpers.o ../../tests/src/certs.o ../../tests/src/fake_external_rng_for_test.o ../../tests/src/helpers.o ../../tests/src/psa_crypto_helpers.o ../../tests/src/psa_exercise_key.o ../../tests/src/random.o ../../tests/src/threading_helpers.o ../../tests/src/drivers/hash.o ../../tests/src/drivers/platform_builtin_keys.o ../../tests/src/drivers/test_driver_aead.o ../../tests/src/drivers/test_driver_cipher.o ../../tests/src/drivers/test_driver_key_management.o ../../tests/src/drivers/test_driver_mac.o ../../tests/src/drivers/test_driver_signature.o ../../tests/src/drivers/test_driver_size.o -L../../library -lmbedtls -lmbedx509 -lmbedcrypto  -o fuzz_dtlsserver
make: Leaving directory '/tmp/silent-mbedtls-N007-S1_H1-zqro6zr4/programs/fuzz'

RUNTIME:
Warning: fuzzing without constant time
"
N008,S0_H0,fuzz_client,PASS,PASS,0,0,7.081,make -j4 mbedtls_test ; make -C programs/fuzz -j4 fuzz_client,"make[1]: Entering directory '/tmp/silent-mbedtls-N008-S0_H0-i5_6xxkl/tests'
  CC    src/asn1_helpers.c
  CC    src/certs.c
  CC    src/fake_external_rng_for_test.c
  CC    src/helpers.c
  CC    src/psa_crypto_helpers.c
  CC    src/psa_exercise_key.c
  CC    src/random.c
  CC    src/threading_helpers.c
  CC    src/drivers/hash.c
  CC    src/drivers/platform_builtin_keys.c
  CC    src/drivers/test_driver_aead.c
  CC    src/drivers/test_driver_cipher.c
  CC    src/drivers/test_driver_key_management.c
  CC    src/drivers/test_driver_mac.c
  CC    src/drivers/test_driver_signature.c
  CC    src/drivers/test_driver_size.c
make[1]: Leaving directory '/tmp/silent-mbedtls-N008-S0_H0-i5_6xxkl/tests'
make: Entering directory '/tmp/silent-mbedtls-N008-S0_H0-i5_6xxkl/programs/fuzz'
make[1]: Entering directory '/tmp/silent-mbedtls-N008-S0_H0-i5_6xxkl/library'
  CC    aes.c
make[1]: Entering directory '/tmp/silent-mbedtls-N008-S0_H0-i5_6xxkl/library'
  CC    aes.c
  CC    aesni.c
  CC    aria.c
make[1]: Entering directory '/tmp/silent-mbedtls-N008-S0_H0-i5_6xxkl/library'
  CC    aes.c
  CC    aria.c
  CC    aesni.c
  CC    asn1parse.c
  CC    asn1parse.c
  CC    asn1write.c
  CC    asn1parse.c
  CC    asn1write.c
  CC    base64.c
  CC    base64.c
  CC    asn1write.c
  CC    bignum.c
  CC    base64.c
  CC    bignum.c
  CC    bignum.c
  CC    camellia.c
  CC    ccm.c
  CC    chacha20.c
  CC    chachapoly.c
  CC    cipher.c
  CC    camellia.c
  CC    cipher.c
  CC    camellia.c
  CC    cipher_wrap.c
  CC    cipher_wrap.c
  CC    cmac.c
  CC    ctr_drbg.c
  CC    cipher.c
  CC    cmac.c
  CC    ctr_drbg.c
  CC    des.c
  CC    dhm.c
  CC    cmac.c
  CC    des.c
  CC    dhm.c
  CC    ecdh.c
  CC    des.c
  CC    ecdsa.c
  CC    ecdh.c
  CC    ecjpake.c
  CC    ecdsa.c
  CC    ecp.c
  CC    ecdh.c
  CC    ecjpake.c
  CC    ecp.c
  CC    ecjpake.c
  CC    ecp.c
  CC    ecp_curves.c
  CC    ecp_curves.c
  CC    entropy.c
  CC    entropy_poll.c
  Gen   error.c
  CC    gcm.c
  CC    ecp_curves.c
  Gen   error.c
  CC    entropy.c
  CC    hkdf.c
  CC    error.c
  CC    hkdf.c
  CC    hmac_drbg.c
  CC    md.c
  CC    hmac_drbg.c
  CC    md5.c
  CC    memory_buffer_alloc.c
  CC    gcm.c
  CC    md.c
  CC    mps_reader.c
  CC    mps_trace.c
  CC    md5.c
  CC    nist_kw.c
  CC    nist_kw.c
  CC    oid.c
  CC    md5.c
  CC    oid.c
  CC    padlock.c
  CC    padlock.c
  CC    pem.c
  CC    pk.c
  CC    pem.c
  CC    nist_kw.c
  CC    pk_wrap.c
  CC    pkcs12.c
  CC    pk.c
  CC    pem.c
  CC    pkcs5.c
  CC    pkparse.c
  CC    pk_wrap.c
  CC    pkcs5.c
  CC    pkcs12.c
  CC    pkparse.c
  CC    pkparse.c
  CC    pkwrite.c
  CC    pkwrite.c
  CC    platform.c
  CC    platform.c
  CC    platform_util.c
  CC    poly1305.c
  CC    psa_crypto.c
  CC    pkwrite.c
  CC    platform_util.c
  CC    poly1305.c
  CC    psa_crypto_aead.c
  CC    poly1305.c
  CC    psa_crypto.c
  CC    psa_crypto_aead.c
  CC    psa_crypto.c
  CC    psa_crypto_cipher.c
  CC    psa_crypto_client.c
  CC    psa_crypto_cipher.c
  CC    psa_crypto_driver_wrappers.c
  CC    psa_crypto_driver_wrappers.c
  CC    psa_crypto_ecp.c
  CC    psa_crypto_cipher.c
  CC    psa_crypto_ecp.c
  CC    psa_crypto_hash.c
  CC    psa_crypto_hash.c
  CC    psa_crypto_mac.c
  CC    psa_crypto_mac.c
  CC    psa_crypto_ecp.c
  CC    psa_crypto_mac.c
  CC    psa_crypto_rsa.c
  CC    psa_crypto_se.c
  CC    psa_crypto_rsa.c
  CC    psa_crypto_se.c
  CC    psa_crypto_rsa.c
  CC    psa_crypto_slot_management.c
  CC    psa_crypto_slot_management.c
  CC    psa_crypto_storage.c
  CC    psa_crypto_slot_management.c
  CC    psa_crypto_storage.c
  CC    psa_its_file.c
  CC    psa_its_file.c
  CC    ripemd160.c
  CC    psa_crypto_storage.c
  CC    ripemd160.c
  CC    rsa.c
  CC    psa_its_file.c
  CC    ripemd160.c
  CC    rsa_alt_helpers.c
  CC    rsa.c
  CC    rsa_alt_helpers.c
  CC    rsa.c
  CC    sha1.c
  CC    sha1.c
  CC    sha256.c
  CC    sha256.c
  CC    sha512.c
  CC    sha1.c
  CC    sha512.c
  CC    threading.c
  CC    timing.c
  CC    threading.c
  CC    timing.c
  CC    version.c
  CC    version.c
  Gen   version_features.c
  Gen   version_features.c
  CC    ../3rdparty/everest/library/everest.c
  CC    ../3rdparty/everest/library/x25519.c
  CC    ../3rdparty/everest/library/Hacl_Curve25519_joined.c
  CC    x509.c
  CC    ../3rdparty/everest/library/everest.c
  CC    sha256.c
  CC    x509.c
  CC    x509_create.c
  CC    version_features.c
  CC    x509_crl.c
  CC    x509_create.c
  CC    x509.c
  CC    x509_crl.c
  CC    x509_crl.c
  CC    x509_crt.c
  CC    x509_csr.c
  CC    x509_crt.c
  CC    x509_crt.c
  CC    x509_csr.c
  CC    x509write_crt.c
  CC    x509write_csr.c
  CC    debug.c
  CC    x509write_crt.c
  CC    debug.c
  CC    net_sockets.c
  CC    x509_csr.c
  CC    ssl_cache.c
  CC    net_sockets.c
  CC    ssl_cache.c
  CC    net_sockets.c
  CC    ssl_ciphersuites.c
  CC    ssl_ciphersuites.c
  CC    ssl_cli.c
  CC    ssl_cli.c
  CC    ssl_cookie.c
  CC    ssl_ciphersuites.c
  CC    ssl_cli.c
  CC    ssl_msg.c
  CC    ssl_msg.c
  CC    ssl_cookie.c
  CC    ssl_srv.c
  CC    ssl_msg.c
  CC    ssl_ticket.c
  CC    ssl_tls.c
  CC    ssl_srv.c
  CC    ssl_srv.c
  CC    ssl_tls.c
  CC    ssl_tls13_keys.c
  CC    ssl_tls13_keys.c
  CC    ssl_tls.c
  CC    error.c
  CC    version_features.c
  CC    version_features.c
  AR    libmbedx509.a
  AR    libmbedtls.a
  AR    libmbedcrypto.a
  AR    libmbedx509.a
  AR    libmbedcrypto.a
make[1]: Leaving directory '/tmp/silent-mbedtls-N008-S0_H0-i5_6xxkl/library'
  CC    error.c
  AR    libmbedx509.a
  AR    libmbedcrypto.a
  AR    libmbedtls.a
make[1]: Leaving directory '/tmp/silent-mbedtls-N008-S0_H0-i5_6xxkl/library'
  AR    libmbedtls.a
make[1]: Leaving directory '/tmp/silent-mbedtls-N008-S0_H0-i5_6xxkl/library'
 cc common.o onefile.o fuzz_client.o ../../tests/src/asn1_helpers.o ../../tests/src/certs.o ../../tests/src/fake_external_rng_for_test.o ../../tests/src/helpers.o ../../tests/src/psa_crypto_helpers.o ../../tests/src/psa_exercise_key.o ../../tests/src/random.o ../../tests/src/threading_helpers.o ../../tests/src/drivers/hash.o ../../tests/src/drivers/platform_builtin_keys.o ../../tests/src/drivers/test_driver_aead.o ../../tests/src/drivers/test_driver_cipher.o ../../tests/src/drivers/test_driver_key_management.o ../../tests/src/drivers/test_driver_mac.o ../../tests/src/drivers/test_driver_signature.o ../../tests/src/drivers/test_driver_size.o -L../../library -lmbedtls -lmbedx509 -lmbedcrypto  -o fuzz_client
make: Leaving directory '/tmp/silent-mbedtls-N008-S0_H0-i5_6xxkl/programs/fuzz'

RUNTIME:
Warning: fuzzing without constant time
"
N008,S1_H0,fuzz_client,PASS,PASS,0,0,7.319,make -j4 mbedtls_test ; make -C programs/fuzz -j4 fuzz_client,"make[1]: Entering directory '/tmp/silent-mbedtls-N008-S1_H0-li8b876d/tests'
  CC    src/certs.c
  CC    src/asn1_helpers.c
  CC    src/helpers.c
  CC    src/fake_external_rng_for_test.c
  CC    src/psa_crypto_helpers.c
  CC    src/psa_exercise_key.c
  CC    src/random.c
  CC    src/threading_helpers.c
  CC    src/drivers/hash.c
  CC    src/drivers/platform_builtin_keys.c
  CC    src/drivers/test_driver_aead.c
  CC    src/drivers/test_driver_cipher.c
  CC    src/drivers/test_driver_key_management.c
  CC    src/drivers/test_driver_mac.c
  CC    src/drivers/test_driver_signature.c
  CC    src/drivers/test_driver_size.c
make[1]: Leaving directory '/tmp/silent-mbedtls-N008-S1_H0-li8b876d/tests'
make: Entering directory '/tmp/silent-mbedtls-N008-S1_H0-li8b876d/programs/fuzz'
make[1]: Entering directory '/tmp/silent-mbedtls-N008-S1_H0-li8b876d/library'
  CC    aes.c
make[1]: Entering directory '/tmp/silent-mbedtls-N008-S1_H0-li8b876d/library'
make[1]: Entering directory '/tmp/silent-mbedtls-N008-S1_H0-li8b876d/library'
  CC    aes.c
  CC    aes.c
  CC    aesni.c
  CC    aesni.c
  CC    aria.c
  CC    asn1parse.c
  CC    aesni.c
  CC    asn1write.c
  CC    aria.c
  CC    asn1parse.c
  CC    base64.c
  CC    bignum.c
  CC    asn1write.c
  CC    base64.c
  CC    asn1parse.c
  CC    bignum.c
  CC    bignum.c
  CC    camellia.c
  CC    ccm.c
  CC    chacha20.c
  CC    chachapoly.c
  CC    camellia.c
  CC    cipher.c
  CC    camellia.c
  CC    cipher.c
  CC    chachapoly.c
  CC    cipher_wrap.c
  CC    cipher.c
  CC    cipher_wrap.c
  CC    cipher_wrap.c
  CC    cmac.c
  CC    ctr_drbg.c
  CC    cmac.c
  CC    des.c
  CC    cmac.c
  CC    dhm.c
  CC    ctr_drbg.c
  CC    ctr_drbg.c
  CC    ecdh.c
  CC    des.c
  CC    des.c
  CC    ecdh.c
  CC    ecdsa.c
  CC    ecjpake.c
  CC    ecdsa.c
  CC    ecp.c
  CC    ecdh.c
  CC    ecjpake.c
  CC    ecp.c
  CC    ecjpake.c
  CC    ecp_curves.c
  CC    ecp.c
  CC    ecp_curves.c
  CC    entropy.c
  CC    entropy.c
  CC    entropy_poll.c
  CC    entropy_poll.c
  Gen   error.c
  CC    gcm.c
  CC    ecp_curves.c
  CC    hkdf.c
  Gen   error.c
  CC    gcm.c
  CC    hmac_drbg.c
  CC    hmac_drbg.c
  CC    md.c
  CC    md5.c
  Gen   error.c
  CC    md.c
  CC    md5.c
  CC    memory_buffer_alloc.c
  CC    mps_reader.c
  CC    md.c
  CC    memory_buffer_alloc.c
  CC    mps_trace.c
  CC    mps_reader.c
  CC    nist_kw.c
  CC    mps_trace.c
  CC    oid.c
  CC    memory_buffer_alloc.c
  CC    nist_kw.c
  CC    nist_kw.c
  CC    oid.c
  CC    padlock.c
  CC    pem.c
  CC    oid.c
  CC    padlock.c
  CC    pem.c
  CC    pem.c
  CC    pk.c
  CC    pk_wrap.c
  CC    pkcs12.c
  CC    pk.c
  CC    pk.c
  CC    pk_wrap.c
  CC    pkcs5.c
  CC    pk_wrap.c
  CC    pkcs5.c
  CC    pkcs12.c
  CC    pkparse.c
  CC    pkparse.c
  CC    pkwrite.c
  CC    pkcs5.c
  CC    platform.c
  CC    pkparse.c
  CC    platform_util.c
  CC    platform_util.c
  CC    pkwrite.c
  CC    poly1305.c
  CC    poly1305.c
  CC    psa_crypto.c
  CC    psa_crypto.c
  CC    psa_crypto_aead.c
  CC    poly1305.c
  CC    psa_crypto.c
  CC    psa_crypto_cipher.c
  CC    psa_crypto_cipher.c
  CC    psa_crypto_client.c
  CC    psa_crypto_client.c
  CC    psa_crypto_driver_wrappers.c
  CC    psa_crypto_ecp.c
  CC    psa_crypto_hash.c
  CC    psa_crypto_mac.c
  CC    psa_crypto_driver_wrappers.c
  CC    psa_crypto_aead.c
  CC    psa_crypto_rsa.c
  CC    psa_crypto_mac.c
  CC    psa_crypto_rsa.c
  CC    psa_crypto_mac.c
  CC    psa_crypto_se.c
  CC    psa_crypto_slot_management.c
  CC    psa_crypto_storage.c
  CC    psa_crypto_se.c
  CC    psa_crypto_slot_management.c
  CC    psa_crypto_rsa.c
  CC    psa_crypto_slot_management.c
  CC    psa_its_file.c
  CC    psa_crypto_storage.c
  CC    psa_its_file.c
  CC    ripemd160.c
  CC    psa_its_file.c
  CC    ripemd160.c
  CC    ripemd160.c
  CC    rsa.c
  CC    rsa.c
  CC    rsa.c
  CC    rsa_alt_helpers.c
  CC    rsa_alt_helpers.c
  CC    sha1.c
  CC    sha1.c
  CC    rsa_alt_helpers.c
  CC    sha1.c
  CC    sha256.c
  CC    sha256.c
  CC    sha256.c
  CC    sha512.c
  CC    sha512.c
  CC    sha512.c
  CC    threading.c
  CC    threading.c
  CC    timing.c
  CC    version.c
  CC    timing.c
  Gen   version_features.c
  CC    ../3rdparty/everest/library/everest.c
  Gen   version_features.c
  CC    threading.c
  CC    ../3rdparty/everest/library/everest.c
  CC    version_features.c
  CC    ../3rdparty/everest/library/x25519.c
  CC    ../3rdparty/everest/library/x25519.c
  CC    ../3rdparty/everest/library/Hacl_Curve25519_joined.c
  CC    ../3rdparty/everest/library/Hacl_Curve25519_joined.c
  CC    ../3rdparty/everest/library/x25519.c
  CC    ../3rdparty/everest/library/Hacl_Curve25519_joined.c
  CC    x509.c
  CC    x509_create.c
  CC    x509.c
  CC    x509.c
  CC    x509_create.c
  CC    x509_crl.c
  CC    x509_crl.c
  CC    x509_create.c
  CC    x509_crt.c
  CC    x509_crl.c
  CC    x509_crt.c
  CC    x509_csr.c
  CC    x509_crt.c
  CC    x509write_crt.c
  CC    x509write_crt.c
  CC    x509write_csr.c
  CC    x509write_csr.c
  CC    debug.c
  CC    debug.c
  CC    x509_csr.c
  CC    net_sockets.c
  CC    debug.c
  CC    net_sockets.c
  CC    net_sockets.c
  CC    ssl_cache.c
  CC    ssl_cache.c
  CC    ssl_ciphersuites.c
  CC    ssl_cache.c
  CC    ssl_cli.c
  CC    ssl_ciphersuites.c
  CC    ssl_cookie.c
  CC    ssl_ciphersuites.c
  CC    ssl_msg.c
  CC    ssl_cli.c
  CC    ssl_cli.c
  CC    ssl_msg.c
  CC    ssl_msg.c
  CC    ssl_srv.c
  CC    ssl_srv.c
  CC    ssl_ticket.c
  CC    ssl_tls.c
  CC    ssl_srv.c
  CC    ssl_ticket.c
  CC    ssl_tls13_keys.c
  CC    ssl_tls.c
  CC    error.c
  AR    libmbedx509.a
  CC    ssl_tls.c
  CC    error.c
  CC    error.c
  AR    libmbedcrypto.a
  AR    libmbedtls.a
  CC    version_features.c
make[1]: Leaving directory '/tmp/silent-mbedtls-N008-S1_H0-li8b876d/library'
  AR    libmbedx509.a
  CC    version_features.c
  AR    libmbedx509.a
  AR    libmbedcrypto.a
  AR    libmbedcrypto.a
  AR    libmbedtls.a
make[1]: Leaving directory '/tmp/silent-mbedtls-N008-S1_H0-li8b876d/library'
  AR    libmbedtls.a
make[1]: Leaving directory '/tmp/silent-mbedtls-N008-S1_H0-li8b876d/library'
 cc common.o onefile.o fuzz_client.o ../../tests/src/asn1_helpers.o ../../tests/src/certs.o ../../tests/src/fake_external_rng_for_test.o ../../tests/src/helpers.o ../../tests/src/psa_crypto_helpers.o ../../tests/src/psa_exercise_key.o ../../tests/src/random.o ../../tests/src/threading_helpers.o ../../tests/src/drivers/hash.o ../../tests/src/drivers/platform_builtin_keys.o ../../tests/src/drivers/test_driver_aead.o ../../tests/src/drivers/test_driver_cipher.o ../../tests/src/drivers/test_driver_key_management.o ../../tests/src/drivers/test_driver_mac.o ../../tests/src/drivers/test_driver_signature.o ../../tests/src/drivers/test_driver_size.o -L../../library -lmbedtls -lmbedx509 -lmbedcrypto  -o fuzz_client
make: Leaving directory '/tmp/silent-mbedtls-N008-S1_H0-li8b876d/programs/fuzz'

RUNTIME:
Warning: fuzzing without constant time
"
N008,S1_H1,fuzz_client,PASS,PASS,0,0,6.967,make -j4 mbedtls_test ; make -C programs/fuzz -j4 fuzz_client,"make[1]: Entering directory '/tmp/silent-mbedtls-N008-S1_H1-uj58ztmp/tests'
  CC    src/asn1_helpers.c
  CC    src/certs.c
  CC    src/fake_external_rng_for_test.c
  CC    src/helpers.c
  CC    src/psa_crypto_helpers.c
  CC    src/psa_exercise_key.c
  CC    src/random.c
  CC    src/threading_helpers.c
  CC    src/drivers/hash.c
  CC    src/drivers/platform_builtin_keys.c
  CC    src/drivers/test_driver_aead.c
  CC    src/drivers/test_driver_cipher.c
  CC    src/drivers/test_driver_key_management.c
  CC    src/drivers/test_driver_signature.c
  CC    src/drivers/test_driver_mac.c
  CC    src/drivers/test_driver_size.c
make[1]: Leaving directory '/tmp/silent-mbedtls-N008-S1_H1-uj58ztmp/tests'
make: Entering directory '/tmp/silent-mbedtls-N008-S1_H1-uj58ztmp/programs/fuzz'
make[1]: Entering directory '/tmp/silent-mbedtls-N008-S1_H1-uj58ztmp/library'
  CC    aes.c
make[1]: Entering directory '/tmp/silent-mbedtls-N008-S1_H1-uj58ztmp/library'
  CC    aes.c
  CC    aesni.c
make[1]: Entering directory '/tmp/silent-mbedtls-N008-S1_H1-uj58ztmp/library'
  CC    aes.c
  CC    aria.c
  CC    asn1parse.c
  CC    asn1write.c
  CC    aesni.c
  CC    aesni.c
  CC    asn1parse.c
  CC    asn1parse.c
  CC    asn1write.c
  CC    base64.c
  CC    asn1write.c
  CC    base64.c
  CC    base64.c
  CC    bignum.c
  CC    bignum.c
  CC    camellia.c
  CC    bignum.c
  CC    ccm.c
  CC    chacha20.c
  CC    chachapoly.c
  CC    cipher.c
  CC    camellia.c
  CC    camellia.c
  CC    cipher_wrap.c
  CC    cmac.c
  CC    ctr_drbg.c
  CC    cipher.c
  CC    ctr_drbg.c
  CC    cipher.c
  CC    des.c
  CC    des.c
  CC    dhm.c
  CC    ctr_drbg.c
  CC    des.c
  CC    ecdh.c
  CC    dhm.c
  CC    dhm.c
  CC    ecdsa.c
  CC    ecdh.c
  CC    ecdh.c
  CC    ecjpake.c
  CC    ecjpake.c
  CC    ecp.c
  CC    ecjpake.c
  CC    ecp_curves.c
  CC    ecp.c
  CC    ecp.c
  CC    ecp_curves.c
  CC    entropy.c
  CC    entropy_poll.c
  CC    ecp_curves.c
  Gen   error.c
  CC    gcm.c
  CC    hkdf.c
  CC    hmac_drbg.c
  CC    entropy.c
  CC    md.c
  CC    error.c
  CC    md5.c
  CC    entropy_poll.c
  CC    error.c
  CC    md5.c
  CC    md.c
  CC    memory_buffer_alloc.c
  CC    mps_reader.c
  CC    mps_trace.c
  CC    memory_buffer_alloc.c
  CC    nist_kw.c
  CC    mps_trace.c
  CC    nist_kw.c
  CC    oid.c
  CC    md5.c
  CC    padlock.c
  CC    pem.c
  CC    oid.c
  CC    pk.c
  CC    nist_kw.c
  CC    pk_wrap.c
  CC    pem.c
  CC    pem.c
  CC    pk_wrap.c
  CC    pkcs12.c
  CC    pk_wrap.c
  CC    pkcs12.c
  CC    pkcs5.c
  CC    pkcs5.c
  CC    pkparse.c
  CC    pkcs12.c
  CC    pkparse.c
  CC    pkwrite.c
  CC    pkcs5.c
  CC    pkparse.c
  CC    platform.c
  CC    pkwrite.c
  CC    platform.c
  CC    platform_util.c
  CC    platform_util.c
  CC    poly1305.c
  CC    psa_crypto.c
  CC    poly1305.c
  CC    platform.c
  CC    poly1305.c
  CC    psa_crypto.c
  CC    psa_crypto.c
  CC    psa_crypto_aead.c
  CC    psa_crypto_cipher.c
  CC    psa_crypto_aead.c
  CC    psa_crypto_client.c
  CC    psa_crypto_client.c
  CC    psa_crypto_driver_wrappers.c
  CC    psa_crypto_ecp.c
  CC    psa_crypto_hash.c
  CC    psa_crypto_aead.c
  CC    psa_crypto_mac.c
  CC    psa_crypto_hash.c
  CC    psa_crypto_mac.c
  CC    psa_crypto_rsa.c
  CC    psa_crypto_driver_wrappers.c
  CC    psa_crypto_rsa.c
  CC    psa_crypto_se.c
  CC    psa_crypto_slot_management.c
  CC    psa_crypto_se.c
  CC    psa_crypto_rsa.c
  CC    psa_crypto_slot_management.c
  CC    psa_crypto_slot_management.c
  CC    psa_crypto_storage.c
  CC    psa_crypto_storage.c
  CC    psa_its_file.c
  CC    psa_crypto_storage.c
  CC    psa_its_file.c
  CC    psa_its_file.c
  CC    ripemd160.c
  CC    ripemd160.c
  CC    rsa.c
  CC    ripemd160.c
  CC    rsa.c
  CC    rsa_alt_helpers.c
  CC    rsa.c
  CC    sha1.c
  CC    rsa_alt_helpers.c
  CC    sha256.c
  CC    sha1.c
  CC    sha512.c
  CC    rsa_alt_helpers.c
  CC    threading.c
  CC    timing.c
  CC    sha256.c
  CC    version.c
  CC    sha256.c
  Gen   version_features.c
  CC    ../3rdparty/everest/library/everest.c
  CC    sha512.c
  CC    ../3rdparty/everest/library/x25519.c
  CC    ../3rdparty/everest/library/Hacl_Curve25519_joined.c
  CC    x509.c
  CC    sha512.c
  CC    version_features.c
  CC    version_features.c
  CC    x509.c
  CC    x509.c
  CC    x509_create.c
  CC    x509_crl.c
  CC    x509_create.c
  CC    x509_crl.c
  CC    x509_create.c
  CC    x509_crl.c
  CC    x509_crt.c
  CC    x509_csr.c
  CC    x509_crt.c
  CC    x509_crt.c
  CC    x509_csr.c
  CC    x509write_crt.c
  CC    x509write_csr.c
  CC    x509write_crt.c
  CC    debug.c
  CC    x509_csr.c
  CC    net_sockets.c
  CC    debug.c
  CC    ssl_cache.c
  CC    debug.c
  CC    ssl_ciphersuites.c
  CC    ssl_cli.c
  CC    net_sockets.c
  CC    ssl_cookie.c
  CC    net_sockets.c
  CC    ssl_cli.c
  CC    ssl_ciphersuites.c
  CC    ssl_msg.c
  CC    ssl_cli.c
  CC    ssl_msg.c
  CC    ssl_srv.c
  CC    ssl_msg.c
  CC    ssl_srv.c
  CC    ssl_ticket.c
  CC    ssl_tls.c
  CC    ssl_ticket.c
  CC    ssl_tls13_keys.c
  CC    ssl_tls.c
  CC    ssl_srv.c
  CC    ssl_tls.c
  CC    error.c
  CC    version_features.c
  AR    libmbedcrypto.a
  AR    libmbedx509.a
  AR    libmbedtls.a
  AR    libmbedcrypto.a
  AR    libmbedx509.a
  AR    libmbedx509.a
  AR    libmbedcrypto.a
make[1]: Leaving directory '/tmp/silent-mbedtls-N008-S1_H1-uj58ztmp/library'
  AR    libmbedtls.a
make[1]: Leaving directory '/tmp/silent-mbedtls-N008-S1_H1-uj58ztmp/library'
  AR    libmbedtls.a
make[1]: Leaving directory '/tmp/silent-mbedtls-N008-S1_H1-uj58ztmp/library'
 cc common.o onefile.o fuzz_client.o ../../tests/src/asn1_helpers.o ../../tests/src/certs.o ../../tests/src/fake_external_rng_for_test.o ../../tests/src/helpers.o ../../tests/src/psa_crypto_helpers.o ../../tests/src/psa_exercise_key.o ../../tests/src/random.o ../../tests/src/threading_helpers.o ../../tests/src/drivers/hash.o ../../tests/src/drivers/platform_builtin_keys.o ../../tests/src/drivers/test_driver_aead.o ../../tests/src/drivers/test_driver_cipher.o ../../tests/src/drivers/test_driver_key_management.o ../../tests/src/drivers/test_driver_mac.o ../../tests/src/drivers/test_driver_signature.o ../../tests/src/drivers/test_driver_size.o -L../../library -lmbedtls -lmbedx509 -lmbedcrypto  -o fuzz_client
make: Leaving directory '/tmp/silent-mbedtls-N008-S1_H1-uj58ztmp/programs/fuzz'

RUNTIME:
Warning: fuzzing without constant time
"
N009,S0_H0,fuzz_server,PASS,PASS,0,0,7.597,make -j4 mbedtls_test ; make -C programs/fuzz -j4 fuzz_server,"make[1]: Entering directory '/tmp/silent-mbedtls-N009-S0_H0-4abnpfam/tests'
  CC    src/certs.c
  CC    src/fake_external_rng_for_test.c
  CC    src/asn1_helpers.c
  CC    src/helpers.c
  CC    src/psa_crypto_helpers.c
  CC    src/psa_exercise_key.c
  CC    src/random.c
  CC    src/threading_helpers.c
  CC    src/drivers/hash.c
  CC    src/drivers/platform_builtin_keys.c
  CC    src/drivers/test_driver_aead.c
  CC    src/drivers/test_driver_cipher.c
  CC    src/drivers/test_driver_key_management.c
  CC    src/drivers/test_driver_mac.c
  CC    src/drivers/test_driver_signature.c
make[1]: Leaving directory '/tmp/silent-mbedtls-N009-S0_H0-4abnpfam/tests'
make: Entering directory '/tmp/silent-mbedtls-N009-S0_H0-4abnpfam/programs/fuzz'
make[1]: Entering directory '/tmp/silent-mbedtls-N009-S0_H0-4abnpfam/library'
  CC    aes.c
make[1]: Entering directory '/tmp/silent-mbedtls-N009-S0_H0-4abnpfam/library'
  CC    aes.c
  CC    aesni.c
  CC    aria.c
  CC    asn1parse.c
  CC    asn1write.c
make[1]: Entering directory '/tmp/silent-mbedtls-N009-S0_H0-4abnpfam/library'
  CC    aes.c
  CC    base64.c
  CC    aesni.c
  CC    bignum.c
  CC    camellia.c
  CC    base64.c
  CC    bignum.c
  CC    ccm.c
  CC    asn1write.c
  CC    bignum.c
  CC    chacha20.c
  CC    ccm.c
  CC    chachapoly.c
  CC    chachapoly.c
  CC    cipher.c
  CC    cipher.c
  CC    camellia.c
  CC    cipher_wrap.c
  CC    cipher_wrap.c
  CC    cipher.c
  CC    cipher_wrap.c
  CC    cmac.c
  CC    cmac.c
  CC    cmac.c
  CC    constant_time.c
  CC    constant_time.c
  CC    constant_time.c
  CC    ctr_drbg.c
  CC    ctr_drbg.c
  CC    des.c
  CC    ctr_drbg.c
  CC    des.c
  CC    dhm.c
  CC    des.c
  CC    dhm.c
  CC    ecdh.c
  CC    ecdh.c
  CC    ecdsa.c
  CC    ecjpake.c
  CC    ecdsa.c
  CC    dhm.c
  CC    ecp.c
  CC    ecjpake.c
  CC    ecdsa.c
  CC    ecjpake.c
  CC    ecp.c
  CC    ecp.c
  CC    ecp_curves.c
  CC    ecp_curves.c
  CC    entropy.c
  CC    entropy.c
  CC    ecp_curves.c
  CC    entropy.c
  CC    entropy_poll.c
  Gen   error.c
  CC    entropy_poll.c
  CC    entropy_poll.c
  Gen   error.c
  Gen   error.c
  CC    gcm.c
  CC    gcm.c
  CC    gcm.c
  CC    hkdf.c
  CC    hkdf.c
  CC    hkdf.c
  CC    hmac_drbg.c
  CC    md.c
  CC    hmac_drbg.c
  CC    hmac_drbg.c
  CC    md5.c
  CC    md.c
  CC    md5.c
  CC    md.c
  CC    memory_buffer_alloc.c
  CC    mps_reader.c
  CC    memory_buffer_alloc.c
  CC    mps_trace.c
  CC    md5.c
  CC    mps_trace.c
  CC    mps_reader.c
  CC    nist_kw.c
  CC    oid.c
  CC    mps_trace.c
  CC    nist_kw.c
  CC    nist_kw.c
  CC    padlock.c
  CC    pem.c
  CC    padlock.c
  CC    pem.c
  CC    oid.c
  CC    pk.c
  CC    pk.c
  CC    pk_wrap.c
  CC    pem.c
  CC    pkcs12.c
  CC    pk_wrap.c
  CC    pkcs12.c
  CC    pk.c
  CC    pkcs5.c
  CC    pkparse.c
  CC    pkcs5.c
  CC    pkcs12.c
  CC    pkwrite.c
  CC    pkparse.c
  CC    pkcs5.c
  CC    platform.c
  CC    platform_util.c
  CC    poly1305.c
  CC    pkparse.c
  CC    psa_crypto.c
  CC    platform_util.c
  CC    pkwrite.c
  CC    psa_crypto.c
  CC    psa_crypto.c
  CC    psa_crypto_aead.c
  CC    psa_crypto_cipher.c
  CC    psa_crypto_client.c
  Gen   psa_crypto_driver_wrappers.c
  CC    psa_crypto_ecp.c
  CC    psa_crypto_hash.c
  CC    psa_crypto_mac.c
  CC    psa_crypto_rsa.c
  CC    psa_crypto_aead.c
  CC    psa_crypto_driver_wrappers.c
  CC    psa_crypto_se.c
  CC    psa_crypto_se.c
  CC    psa_crypto_slot_management.c
  CC    psa_crypto_slot_management.c
  CC    psa_crypto_storage.c
  CC    psa_crypto_aead.c
  CC    psa_its_file.c
  CC    psa_crypto_storage.c
  CC    ripemd160.c
  CC    rsa.c
  CC    psa_crypto_slot_management.c
  CC    psa_its_file.c
  CC    ripemd160.c
  CC    ripemd160.c
  CC    rsa_alt_helpers.c
  CC    rsa.c
  CC    rsa.c
  CC    sha1.c
  CC    sha1.c
  CC    sha256.c
  CC    sha256.c
  CC    sha1.c
  CC    sha512.c
  CC    sha512.c
  Gen   ssl_debug_helpers_generated.c
  CC    sha256.c
  CC    sha512.c
  CC    threading.c
  CC    timing.c
  CC    version.c
  Gen   ssl_debug_helpers_generated.c
  Gen   version_features.c
  CC    ../3rdparty/everest/library/everest.c
  CC    version.c
  CC    ../3rdparty/everest/library/x25519.c
  CC    ../3rdparty/everest/library/Hacl_Curve25519_joined.c
  CC    version_features.c
  CC    x509.c
  CC    ssl_debug_helpers_generated.c
  CC    x509_create.c
  CC    ../3rdparty/everest/library/Hacl_Curve25519_joined.c
  CC    x509.c
  CC    version_features.c
  CC    x509.c
  CC    x509_crl.c
  CC    x509_create.c
  CC    x509_create.c
  CC    x509_crt.c
  CC    x509_csr.c
  CC    x509_crl.c
  CC    x509_crt.c
  CC    x509_csr.c
  CC    x509_crt.c
  CC    x509write_crt.c
  CC    x509write_crt.c
  CC    x509write_csr.c
  CC    x509write_crt.c
  CC    x509write_csr.c
  CC    debug.c
  CC    net_sockets.c
  CC    debug.c
  CC    x509write_csr.c
  CC    ssl_cache.c
  CC    debug.c
  CC    ssl_ciphersuites.c
  CC    net_sockets.c
  CC    ssl_cli.c
  CC    ssl_cache.c
  CC    ssl_cache.c
  CC    ssl_cli.c
  CC    ssl_cookie.c
  CC    ssl_cli.c
  CC    ssl_msg.c
  CC    ssl_cookie.c
  CC    ssl_msg.c
  CC    ssl_srv.c
  CC    ssl_cookie.c
  CC    ssl_msg.c
  CC    ssl_srv.c
  CC    ssl_ticket.c
  CC    ssl_tls.c
  CC    ssl_ticket.c
  CC    ssl_tls13_keys.c
  CC    ssl_tls.c
  CC    ssl_srv.c
  CC    ssl_tls13_client.c
  CC    ssl_tls13_server.c
  CC    ssl_tls13_generic.c
  CC    ssl_tls13_client.c
  CC    error.c
  CC    ssl_debug_helpers_generated.c
  CC    version_features.c
  CC    error.c
  CC    psa_crypto_driver_wrappers.c
  CC    ssl_tls.c
  CC    ssl_debug_helpers_generated.c
  AR    libmbedx509.a
  AR    libmbedx509.a
  AR    libmbedcrypto.a
  AR    libmbedcrypto.a
  AR    libmbedtls.a
make[1]: Leaving directory '/tmp/silent-mbedtls-N009-S0_H0-4abnpfam/library'
  AR    libmbedtls.a
make[1]: Leaving directory '/tmp/silent-mbedtls-N009-S0_H0-4abnpfam/library'
  CC    error.c
  AR    libmbedx509.a
  AR    libmbedtls.a
  AR    libmbedcrypto.a
make[1]: Leaving directory '/tmp/silent-mbedtls-N009-S0_H0-4abnpfam/library'
 cc common.o onefile.o fuzz_server.o ../../tests/src/asn1_helpers.o ../../tests/src/certs.o ../../tests/src/fake_external_rng_for_test.o ../../tests/src/helpers.o ../../tests/src/psa_crypto_helpers.o ../../tests/src/psa_exercise_key.o ../../tests/src/random.o ../../tests/src/threading_helpers.o ../../tests/src/drivers/hash.o ../../tests/src/drivers/platform_builtin_keys.o ../../tests/src/drivers/test_driver_aead.o ../../tests/src/drivers/test_driver_cipher.o ../../tests/src/drivers/test_driver_key_management.o ../../tests/src/drivers/test_driver_mac.o ../../tests/src/drivers/test_driver_signature.o -L../../library -lmbedtls -lmbedx509 -lmbedcrypto  -o fuzz_server
make: Leaving directory '/tmp/silent-mbedtls-N009-S0_H0-4abnpfam/programs/fuzz'

RUNTIME:
Warning: fuzzing without constant time
"
N009,S1_H0,fuzz_server,PASS,PASS,0,0,6.748,make -j4 mbedtls_test ; make -C programs/fuzz -j4 fuzz_server,"make[1]: Entering directory '/tmp/silent-mbedtls-N009-S1_H0-fdjagcbn/tests'
  CC    src/asn1_helpers.c
  CC    src/helpers.c
  CC    src/certs.c
  CC    src/fake_external_rng_for_test.c
  CC    src/psa_crypto_helpers.c
  CC    src/psa_exercise_key.c
  CC    src/random.c
  CC    src/threading_helpers.c
  CC    src/drivers/hash.c
  CC    src/drivers/platform_builtin_keys.c
  CC    src/drivers/test_driver_aead.c
  CC    src/drivers/test_driver_cipher.c
  CC    src/drivers/test_driver_key_management.c
  CC    src/drivers/test_driver_mac.c
  CC    src/drivers/test_driver_signature.c
make[1]: Leaving directory '/tmp/silent-mbedtls-N009-S1_H0-fdjagcbn/tests'
make: Entering directory '/tmp/silent-mbedtls-N009-S1_H0-fdjagcbn/programs/fuzz'
make[1]: Entering directory '/tmp/silent-mbedtls-N009-S1_H0-fdjagcbn/library'
  CC    aes.c
make[1]: Entering directory '/tmp/silent-mbedtls-N009-S1_H0-fdjagcbn/library'
  CC    aesni.c
  CC    aes.c
  CC    aesni.c
  CC    aria.c
  CC    asn1parse.c
  CC    asn1write.c
  CC    base64.c
  CC    bignum.c
  CC    aria.c
  CC    camellia.c
  CC    ccm.c
  CC    chacha20.c
  CC    chachapoly.c
  CC    base64.c
  CC    bignum.c
  CC    chachapoly.c
  CC    cipher.c
  CC    cipher.c
  CC    cipher_wrap.c
  CC    cipher_wrap.c
  CC    cmac.c
  CC    cmac.c
  CC    constant_time.c
  CC    constant_time.c
  CC    ctr_drbg.c
  CC    des.c
  CC    ctr_drbg.c
  CC    des.c
  CC    dhm.c
  CC    dhm.c
  CC    ecdh.c
  CC    ecdh.c
  CC    ecdsa.c
  CC    ecdsa.c
  CC    ecjpake.c
  CC    ecjpake.c
  CC    ecp.c
  CC    ecp.c
  CC    ecp_curves.c
  CC    ecp_curves.c
  CC    entropy.c
  CC    entropy_poll.c
  Gen   error.c
  CC    entropy.c
  CC    entropy_poll.c
  CC    gcm.c
  CC    hkdf.c
  Gen   error.c
  CC    gcm.c
  CC    hkdf.c
  CC    hmac_drbg.c
  CC    hmac_drbg.c
  CC    md.c
  CC    md.c
  CC    md5.c
make[1]: Entering directory '/tmp/silent-mbedtls-N009-S1_H0-fdjagcbn/library'
  CC    error.c
  CC    memory_buffer_alloc.c
  CC    mps_reader.c
  CC    md5.c
  CC    mps_trace.c
  CC    mps_trace.c
  CC    nist_kw.c
  CC    md.c
  CC    oid.c
  CC    nist_kw.c
  CC    md5.c
  CC    nist_kw.c
  CC    padlock.c
  CC    pem.c
  CC    oid.c
  CC    oid.c
  CC    pem.c
  CC    pk.c
  CC    pem.c
  CC    pk_wrap.c
  CC    pkcs12.c
  CC    pk.c
  CC    pk_wrap.c
  CC    pkcs12.c
  CC    pkcs5.c
  CC    pk.c
  CC    pkcs5.c
  CC    pkcs5.c
  CC    pkparse.c
  CC    pkwrite.c
  CC    pkparse.c
  CC    pkparse.c
  CC    pkwrite.c
  CC    platform.c
  CC    platform.c
  CC    platform_util.c
  CC    platform_util.c
  CC    poly1305.c
  CC    poly1305.c
  CC    pkwrite.c
  CC    psa_crypto.c
  CC    psa_crypto.c
  CC    psa_crypto_aead.c
  CC    poly1305.c
  CC    psa_crypto.c
  CC    psa_crypto_cipher.c
  CC    psa_crypto_client.c
  Gen   psa_crypto_driver_wrappers.c
  CC    psa_crypto_ecp.c
  CC    psa_crypto_hash.c
  CC    psa_crypto_mac.c
  CC    psa_crypto_rsa.c
  CC    psa_crypto_se.c
  CC    psa_crypto_slot_management.c
  CC    psa_crypto_aead.c
  CC    psa_crypto_driver_wrappers.c
  CC    psa_crypto_cipher.c
  CC    psa_crypto_storage.c
  CC    psa_its_file.c
  CC    psa_crypto_driver_wrappers.c
  CC    ripemd160.c
  CC    psa_crypto_storage.c
  CC    rsa.c
  CC    psa_its_file.c
  CC    psa_its_file.c
  CC    ripemd160.c
  CC    ripemd160.c
  CC    rsa.c
  CC    rsa.c
  CC    rsa_alt_helpers.c
  CC    rsa_alt_helpers.c
  CC    sha1.c
  CC    sha1.c
  CC    sha256.c
  CC    sha256.c
  CC    sha512.c
  CC    rsa_alt_helpers.c
  CC    sha256.c
  CC    sha512.c
  Gen   ssl_debug_helpers_generated.c
  CC    sha512.c
  CC    threading.c
  CC    timing.c
  CC    version.c
  Gen   ssl_debug_helpers_generated.c
  CC    version.c
  Gen   version_features.c
  CC    ../3rdparty/everest/library/everest.c
  CC    ../3rdparty/everest/library/x25519.c
  Gen   version_features.c
  CC    ../3rdparty/everest/library/Hacl_Curve25519_joined.c
  CC    ../3rdparty/everest/library/everest.c
  CC    ../3rdparty/everest/library/Hacl_Curve25519_joined.c
  CC    x509.c
  CC    x509_create.c
  Gen   ssl_debug_helpers_generated.c
  CC    x509.c
  CC    version_features.c
  CC    x509_crl.c
  CC    x509.c
  CC    x509_crt.c
  CC    x509_create.c
  CC    x509_crl.c
  CC    x509_crl.c
  CC    x509_crt.c
  CC    x509_crt.c
  CC    x509_csr.c
  CC    x509write_crt.c
  CC    x509write_csr.c
  CC    x509_csr.c
  CC    debug.c
  CC    x509write_csr.c
  CC    x509_csr.c
  CC    debug.c
  CC    net_sockets.c
  CC    ssl_cache.c
  CC    debug.c
  CC    net_sockets.c
  CC    net_sockets.c
  CC    ssl_ciphersuites.c
  CC    ssl_cli.c
  CC    ssl_cookie.c
  CC    ssl_ciphersuites.c
  CC    ssl_ciphersuites.c
  CC    ssl_cli.c
  CC    ssl_cli.c
  CC    ssl_msg.c
  CC    ssl_msg.c
  CC    ssl_srv.c
  CC    ssl_msg.c
  CC    ssl_srv.c
  CC    ssl_ticket.c
  CC    ssl_srv.c
  CC    ssl_tls.c
  CC    ssl_ticket.c
  CC    ssl_tls.c
  CC    ssl_tls13_keys.c
  CC    ssl_tls13_client.c
  CC    ssl_tls13_server.c
  CC    ssl_tls13_generic.c
  CC    ssl_ticket.c
  CC    ssl_tls.c
  CC    error.c
  CC    psa_crypto_driver_wrappers.c
  CC    ssl_debug_helpers_generated.c
  CC    ssl_debug_helpers_generated.c
  CC    version_features.c
  CC    ssl_tls13_keys.c
  CC    error.c
  AR    libmbedx509.a
  CC    ssl_debug_helpers_generated.c
  CC    version_features.c
  AR    libmbedx509.a
  AR    libmbedcrypto.a
  AR    libmbedtls.a
  AR    libmbedx509.a
  AR    libmbedcrypto.a
  AR    libmbedcrypto.a
make[1]: Leaving directory '/tmp/silent-mbedtls-N009-S1_H0-fdjagcbn/library'
  AR    libmbedtls.a
make[1]: Leaving directory '/tmp/silent-mbedtls-N009-S1_H0-fdjagcbn/library'
  AR    libmbedtls.a
make[1]: Leaving directory '/tmp/silent-mbedtls-N009-S1_H0-fdjagcbn/library'
 cc common.o onefile.o fuzz_server.o ../../tests/src/asn1_helpers.o ../../tests/src/certs.o ../../tests/src/fake_external_rng_for_test.o ../../tests/src/helpers.o ../../tests/src/psa_crypto_helpers.o ../../tests/src/psa_exercise_key.o ../../tests/src/random.o ../../tests/src/threading_helpers.o ../../tests/src/drivers/hash.o ../../tests/src/drivers/platform_builtin_keys.o ../../tests/src/drivers/test_driver_aead.o ../../tests/src/drivers/test_driver_cipher.o ../../tests/src/drivers/test_driver_key_management.o ../../tests/src/drivers/test_driver_mac.o ../../tests/src/drivers/test_driver_signature.o -L../../library -lmbedtls -lmbedx509 -lmbedcrypto  -o fuzz_server
make: Leaving directory '/tmp/silent-mbedtls-N009-S1_H0-fdjagcbn/programs/fuzz'

RUNTIME:
Warning: fuzzing without constant time
"
N009,S1_H1,fuzz_server,PASS,PASS,0,0,7.328,make -j4 mbedtls_test ; make -C programs/fuzz -j4 fuzz_server,"make[1]: Entering directory '/tmp/silent-mbedtls-N009-S1_H1-8etiv_xr/tests'
  CC    src/certs.c
  CC    src/asn1_helpers.c
  CC    src/fake_external_rng_for_test.c
  CC    src/helpers.c
  CC    src/psa_crypto_helpers.c
  CC    src/psa_exercise_key.c
  CC    src/random.c
  CC    src/threading_helpers.c
  CC    src/drivers/hash.c
  CC    src/drivers/platform_builtin_keys.c
  CC    src/drivers/test_driver_aead.c
  CC    src/drivers/test_driver_cipher.c
  CC    src/drivers/test_driver_key_management.c
  CC    src/drivers/test_driver_mac.c
  CC    src/drivers/test_driver_signature.c
make[1]: Leaving directory '/tmp/silent-mbedtls-N009-S1_H1-8etiv_xr/tests'
make: Entering directory '/tmp/silent-mbedtls-N009-S1_H1-8etiv_xr/programs/fuzz'
make[1]: Entering directory '/tmp/silent-mbedtls-N009-S1_H1-8etiv_xr/library'
  CC    aes.c
make[1]: Entering directory '/tmp/silent-mbedtls-N009-S1_H1-8etiv_xr/library'
  CC    aes.c
make[1]: Entering directory '/tmp/silent-mbedtls-N009-S1_H1-8etiv_xr/library'
  CC    aes.c
  CC    aesni.c
  CC    aria.c
  CC    asn1parse.c
  CC    aesni.c
  CC    aesni.c
  CC    asn1parse.c
  CC    asn1parse.c
  CC    asn1write.c
  CC    asn1write.c
  CC    asn1write.c
  CC    base64.c
  CC    base64.c
  CC    base64.c
  CC    bignum.c
  CC    bignum.c
  CC    bignum.c
  CC    camellia.c
  CC    ccm.c
  CC    chacha20.c
  CC    chachapoly.c
  CC    cipher.c
  CC    camellia.c
  CC    camellia.c
  CC    cipher.c
  CC    cipher_wrap.c
  CC    cipher.c
  CC    cipher_wrap.c
  CC    cipher_wrap.c
  CC    cmac.c
  CC    cmac.c
  CC    constant_time.c
  CC    constant_time.c
  CC    cmac.c
  CC    constant_time.c
  CC    ctr_drbg.c
  CC    ctr_drbg.c
  CC    des.c
  CC    des.c
  CC    ctr_drbg.c
  CC    dhm.c
  CC    des.c
  CC    dhm.c
  CC    ecdh.c
  CC    dhm.c
  CC    ecdsa.c
  CC    ecdh.c
  CC    ecdh.c
  CC    ecjpake.c
  CC    ecp.c
  CC    ecdsa.c
  CC    ecdsa.c
  CC    ecjpake.c
  CC    ecp_curves.c
  CC    ecjpake.c
  CC    ecp.c
  CC    ecp.c
  CC    ecp_curves.c
  CC    entropy.c
  CC    entropy_poll.c
  Gen   error.c
  CC    ecp_curves.c
  CC    entropy.c
  CC    gcm.c
  Gen   error.c
  CC    hkdf.c
  CC    hmac_drbg.c
  CC    gcm.c
  CC    md.c
  CC    hmac_drbg.c
  Gen   error.c
  CC    md5.c
  CC    md.c
  CC    memory_buffer_alloc.c
  CC    md5.c
  CC    md.c
  CC    mps_reader.c
  CC    mps_trace.c
  CC    mps_reader.c
  CC    nist_kw.c
  CC    oid.c
  CC    mps_trace.c
  CC    nist_kw.c
  CC    md5.c
  CC    padlock.c
  CC    pem.c
  CC    pk.c
  CC    oid.c
  CC    nist_kw.c
  CC    pk_wrap.c
  CC    pkcs12.c
  CC    pem.c
  CC    pk_wrap.c
  CC    pem.c
  CC    pkcs5.c
  CC    pkparse.c
  CC    pkcs12.c
  CC    pkwrite.c
  CC    pkcs12.c
  CC    pkcs5.c
  CC    pkparse.c
  CC    pkparse.c
  CC    platform.c
  CC    platform.c
  CC    platform_util.c
  CC    poly1305.c
  CC    psa_crypto.c
  CC    platform.c
  CC    platform_util.c
  CC    poly1305.c
  CC    psa_crypto.c
  CC    psa_crypto.c
  CC    psa_crypto_aead.c
  CC    psa_crypto_cipher.c
  CC    psa_crypto_aead.c
  CC    psa_crypto_client.c
  Gen   psa_crypto_driver_wrappers.c
  CC    psa_crypto_ecp.c
  CC    psa_crypto_client.c
  CC    psa_crypto_driver_wrappers.c
  CC    psa_crypto_aead.c
  CC    psa_crypto_driver_wrappers.c
  CC    psa_crypto_hash.c
  CC    psa_crypto_mac.c
  CC    psa_crypto_hash.c
  CC    psa_crypto_hash.c
  CC    psa_crypto_mac.c
  CC    psa_crypto_mac.c
  CC    psa_crypto_rsa.c
  CC    psa_crypto_rsa.c
  CC    psa_crypto_rsa.c
  CC    psa_crypto_se.c
  CC    psa_crypto_se.c
  CC    psa_crypto_se.c
  CC    psa_crypto_slot_management.c
  CC    psa_crypto_slot_management.c
  CC    psa_crypto_storage.c
  CC    psa_crypto_slot_management.c
  CC    psa_crypto_storage.c
  CC    psa_its_file.c
  CC    psa_crypto_storage.c
  CC    psa_its_file.c
  CC    ripemd160.c
  CC    psa_its_file.c
  CC    ripemd160.c
  CC    ripemd160.c
  CC    rsa.c
  CC    rsa.c
  CC    rsa_alt_helpers.c
  CC    rsa.c
  CC    rsa_alt_helpers.c
  CC    sha1.c
  CC    rsa_alt_helpers.c
  CC    sha1.c
  CC    sha256.c
  CC    sha512.c
  CC    sha1.c
  CC    sha256.c
  CC    sha512.c
  Gen   ssl_debug_helpers_generated.c
  CC    sha256.c
  CC    threading.c
  CC    timing.c
  Gen   ssl_debug_helpers_generated.c
  CC    version.c
  Gen   version_features.c
  CC    ../3rdparty/everest/library/everest.c
  CC    ../3rdparty/everest/library/x25519.c
  CC    version.c
  CC    version_features.c
  CC    ../3rdparty/everest/library/Hacl_Curve25519_joined.c
  CC    x509.c
  CC    x509_create.c
  CC    ../3rdparty/everest/library/Hacl_Curve25519_joined.c
  CC    x509.c
  CC    ssl_debug_helpers_generated.c
  CC    x509_crl.c
  CC    x509.c
  CC    x509_crl.c
  CC    x509_create.c
  CC    x509_crt.c
  CC    x509_csr.c
  CC    x509_crl.c
  CC    x509_crt.c
  CC    x509_csr.c
  CC    x509_crt.c
  CC    x509write_crt.c
  CC    x509write_csr.c
  CC    debug.c
  CC    x509write_crt.c
  CC    net_sockets.c
  CC    debug.c
  CC    ssl_cache.c
  CC    net_sockets.c
  CC    x509write_crt.c
  CC    ssl_ciphersuites.c
  CC    ssl_cli.c
  CC    ssl_cookie.c
  CC    ssl_ciphersuites.c
  CC    net_sockets.c
  CC    ssl_msg.c
  CC    ssl_cli.c
  CC    ssl_cli.c
  CC    ssl_msg.c
  CC    ssl_msg.c
  CC    ssl_srv.c
  CC    ssl_srv.c
  CC    ssl_srv.c
  CC    ssl_ticket.c
  CC    ssl_tls.c
  CC    ssl_tls13_keys.c
  CC    ssl_ticket.c
  CC    ssl_ticket.c
  CC    ssl_tls.c
  CC    ssl_tls.c
  CC    ssl_tls13_client.c
  CC    ssl_tls13_server.c
  CC    ssl_tls13_generic.c
  CC    ssl_tls13_client.c
  CC    error.c
  AR    libmbedx509.a
  CC    error.c
  CC    ssl_debug_helpers_generated.c
  AR    libmbedcrypto.a
  AR    libmbedx509.a
  AR    libmbedcrypto.a
  CC    ssl_tls13_client.c
  CC    error.c
  CC    psa_crypto_driver_wrappers.c
  CC    ssl_debug_helpers_generated.c
  CC    version_features.c
  AR    libmbedtls.a
  AR    libmbedx509.a
make[1]: Leaving directory '/tmp/silent-mbedtls-N009-S1_H1-8etiv_xr/library'
  AR    libmbedtls.a
  AR    libmbedcrypto.a
make[1]: Leaving directory '/tmp/silent-mbedtls-N009-S1_H1-8etiv_xr/library'
  AR    libmbedtls.a
make[1]: Leaving directory '/tmp/silent-mbedtls-N009-S1_H1-8etiv_xr/library'
 cc common.o onefile.o fuzz_server.o ../../tests/src/asn1_helpers.o ../../tests/src/certs.o ../../tests/src/fake_external_rng_for_test.o ../../tests/src/helpers.o ../../tests/src/psa_crypto_helpers.o ../../tests/src/psa_exercise_key.o ../../tests/src/random.o ../../tests/src/threading_helpers.o ../../tests/src/drivers/hash.o ../../tests/src/drivers/platform_builtin_keys.o ../../tests/src/drivers/test_driver_aead.o ../../tests/src/drivers/test_driver_cipher.o ../../tests/src/drivers/test_driver_key_management.o ../../tests/src/drivers/test_driver_mac.o ../../tests/src/drivers/test_driver_signature.o -L../../library -lmbedtls -lmbedx509 -lmbedcrypto  -o fuzz_server
make: Leaving directory '/tmp/silent-mbedtls-N009-S1_H1-8etiv_xr/programs/fuzz'

RUNTIME:
Warning: fuzzing without constant time
"
N010,S0_H0,fuzz_server,PASS,PASS,0,0,7.251,make -j4 mbedtls_test ; make -C programs/fuzz -j4 fuzz_server,"make[1]: Entering directory '/tmp/silent-mbedtls-N010-S0_H0-u06bxj1w/tests'
  CC    src/asn1_helpers.c
  CC    src/certs.c
  CC    src/fake_external_rng_for_test.c
  CC    src/helpers.c
  CC    src/psa_crypto_helpers.c
  CC    src/psa_exercise_key.c
  CC    src/random.c
  CC    src/threading_helpers.c
  CC    src/drivers/hash.c
  CC    src/drivers/platform_builtin_keys.c
  CC    src/drivers/test_driver_aead.c
  CC    src/drivers/test_driver_asymmetric_encryption.c
  CC    src/drivers/test_driver_cipher.c
  CC    src/drivers/test_driver_key_management.c
  CC    src/drivers/test_driver_mac.c
  CC    src/drivers/test_driver_signature.c
make[1]: Leaving directory '/tmp/silent-mbedtls-N010-S0_H0-u06bxj1w/tests'
make: Entering directory '/tmp/silent-mbedtls-N010-S0_H0-u06bxj1w/programs/fuzz'
make[1]: Entering directory '/tmp/silent-mbedtls-N010-S0_H0-u06bxj1w/library'
  CC    aes.c
make[1]: Entering directory '/tmp/silent-mbedtls-N010-S0_H0-u06bxj1w/library'
  CC    aes.c
  CC    aesni.c
make[1]: Entering directory '/tmp/silent-mbedtls-N010-S0_H0-u06bxj1w/library'
  CC    aes.c
  CC    aria.c
  CC    asn1parse.c
  CC    aesni.c
  CC    asn1parse.c
  CC    aesni.c
  CC    asn1write.c
  CC    asn1write.c
  CC    asn1write.c
  CC    base64.c
  CC    base64.c
  CC    bignum.c
  CC    base64.c
  CC    bignum.c
  CC    bignum_core.c
  CC    bignum.c
  CC    bignum_core.c
  CC    bignum_mod.c
  CC    bignum_mod_raw.c
  CC    camellia.c
  CC    bignum_mod.c
  CC    bignum_core.c
  CC    ccm.c
  CC    ccm.c
  CC    chacha20.c
  CC    ccm.c
  CC    chacha20.c
  CC    chachapoly.c
  CC    cipher.c
  CC    chachapoly.c
  CC    chacha20.c
  CC    cipher.c
  CC    cipher.c
  CC    cipher_wrap.c
  CC    cipher_wrap.c
  CC    cmac.c
  CC    cmac.c
  CC    constant_time.c
  CC    cipher_wrap.c
  CC    constant_time.c
  CC    ctr_drbg.c
  CC    cmac.c
  CC    constant_time.c
  CC    des.c
  CC    ctr_drbg.c
  CC    des.c
  CC    ctr_drbg.c
  CC    des.c
  CC    dhm.c
  CC    dhm.c
  CC    dhm.c
  CC    ecdh.c
  CC    ecdh.c
  CC    ecdh.c
  CC    ecdsa.c
  CC    ecdsa.c
  CC    ecdsa.c
  CC    ecjpake.c
  CC    ecjpake.c
  CC    ecp.c
  CC    ecjpake.c
  CC    ecp.c
  CC    ecp.c
  CC    ecp_curves.c
  CC    ecp_curves.c
  CC    entropy.c
  CC    ecp_curves.c
  CC    entropy_poll.c
  Gen   error.c
  CC    gcm.c
  CC    hash_info.c
  CC    entropy.c
  CC    error.c
  CC    hkdf.c
  CC    hmac_drbg.c
  CC    gcm.c
  CC    md.c
  CC    entropy.c
  CC    md5.c
  CC    hmac_drbg.c
  CC    memory_buffer_alloc.c
  CC    mps_reader.c
  CC    md5.c
  CC    hmac_drbg.c
  CC    md5.c
  CC    mps_trace.c
  CC    nist_kw.c
  CC    mps_trace.c
  CC    nist_kw.c
  CC    mps_trace.c
  CC    nist_kw.c
  CC    oid.c
  CC    oid.c
  CC    padlock.c
  CC    pem.c
  CC    oid.c
  CC    pem.c
  CC    padlock.c
  CC    pem.c
  CC    pk.c
  CC    pk_wrap.c
  CC    pk.c
  CC    pk.c
  CC    pkcs12.c
  CC    pkcs5.c
  CC    pk_wrap.c
  CC    pk_wrap.c
  CC    pkcs12.c
  CC    pkparse.c
  CC    pkcs12.c
  CC    pkparse.c
  CC    pkcs5.c
  CC    pkwrite.c
  CC    pkparse.c
  CC    pkwrite.c
  CC    platform.c
  CC    platform.c
  CC    platform_util.c
  CC    platform_util.c
  CC    poly1305.c
  CC    poly1305.c
  CC    psa_crypto.c
  CC    pkwrite.c
  CC    psa_crypto.c
  CC    psa_crypto.c
  CC    psa_crypto_aead.c
  CC    psa_crypto_aead.c
  CC    psa_crypto_cipher.c
  CC    psa_crypto_client.c
  Gen   psa_crypto_driver_wrappers.c
  CC    psa_crypto_ecp.c
  CC    psa_crypto_hash.c
  CC    psa_crypto_mac.c
  CC    psa_crypto_aead.c
  CC    psa_crypto_pake.c
  CC    psa_crypto_driver_wrappers.c
  CC    psa_crypto_rsa.c
  CC    psa_crypto_cipher.c
  CC    psa_crypto_driver_wrappers.c
  CC    psa_crypto_pake.c
  CC    psa_crypto_rsa.c
  CC    psa_crypto_se.c
  CC    psa_crypto_slot_management.c
  CC    psa_crypto_rsa.c
  CC    psa_crypto_storage.c
  CC    psa_its_file.c
  CC    psa_crypto_se.c
  CC    psa_crypto_storage.c
  CC    psa_crypto_slot_management.c
  CC    psa_crypto_storage.c
  CC    ripemd160.c
  CC    psa_its_file.c
  CC    ripemd160.c
  CC    rsa.c
  CC    ripemd160.c
  CC    rsa.c
  CC    rsa_alt_helpers.c
  CC    rsa.c
  CC    rsa_alt_helpers.c
  CC    sha1.c
  CC    sha1.c
  CC    rsa_alt_helpers.c
  CC    sha1.c
  CC    sha256.c
  CC    sha512.c
  CC    sha256.c
  CC    sha256.c
  CC    sha512.c
  Gen   ssl_debug_helpers_generated.c
  CC    sha512.c
  CC    threading.c
  CC    timing.c
  CC    version.c
  Gen   version_features.c
  CC    ../3rdparty/everest/library/everest.c
  CC    ../3rdparty/everest/library/x25519.c
  CC    ../3rdparty/everest/library/Hacl_Curve25519_joined.c
  Gen   ssl_debug_helpers_generated.c
  CC    x509.c
  CC    version_features.c
  Gen   ssl_debug_helpers_generated.c
  CC    version_features.c
  CC    x509.c
  CC    x509_create.c
  CC    x509.c
  CC    x509_crl.c
  CC    x509_create.c
  CC    x509_crt.c
  CC    x509_csr.c
  CC    x509_create.c
  CC    x509_crl.c
  CC    x509_crt.c
  CC    x509write_crt.c
  CC    x509_crt.c
  CC    x509write_crt.c
  CC    x509write_csr.c
  CC    debug.c
  CC    x509write_crt.c
  CC    x509write_csr.c
  CC    debug.c
  CC    debug.c
  CC    net_sockets.c
  CC    ssl_cache.c
  CC    net_sockets.c
  CC    net_sockets.c
  CC    ssl_cache.c
  CC    ssl_ciphersuites.c
  CC    ssl_ciphersuites.c
  CC    ssl_cache.c
  CC    ssl_client.c
  CC    ssl_client.c
  CC    ssl_cookie.c
  CC    ssl_ciphersuites.c
  CC    ssl_client.c
  CC    ssl_msg.c
  CC    ssl_cookie.c
  CC    ssl_msg.c
  CC    ssl_ticket.c
  CC    ssl_msg.c
  CC    ssl_tls.c
  CC    ssl_tls12_client.c
  CC    ssl_ticket.c
  CC    ssl_tls.c
  CC    ssl_ticket.c
  CC    ssl_tls.c
  CC    ssl_tls12_server.c
  CC    ssl_tls12_client.c
  CC    ssl_tls12_server.c
  CC    ssl_tls13_keys.c
  CC    ssl_tls13_client.c
  CC    ssl_tls13_server.c
  CC    ssl_tls13_generic.c
  CC    ssl_debug_helpers_generated.c
  CC    version_features.c
  AR    libmbedx509.a
  AR    libmbedtls.a
  AR    libmbedcrypto.a
make[1]: Leaving directory '/tmp/silent-mbedtls-N010-S0_H0-u06bxj1w/library'
  CC    ssl_tls13_keys.c
  CC    ssl_tls12_client.c
  CC    error.c
  CC    psa_crypto_driver_wrappers.c
  CC    ssl_debug_helpers_generated.c
  AR    libmbedx509.a
  CC    ssl_debug_helpers_generated.c
  AR    libmbedx509.a
  AR    libmbedtls.a
  AR    libmbedcrypto.a
  AR    libmbedcrypto.a
make[1]: Leaving directory '/tmp/silent-mbedtls-N010-S0_H0-u06bxj1w/library'
  AR    libmbedtls.a
make[1]: Leaving directory '/tmp/silent-mbedtls-N010-S0_H0-u06bxj1w/library'
 cc common.o onefile.o fuzz_server.o ../../tests/src/asn1_helpers.o ../../tests/src/certs.o ../../tests/src/fake_external_rng_for_test.o ../../tests/src/helpers.o ../../tests/src/psa_crypto_helpers.o ../../tests/src/psa_exercise_key.o ../../tests/src/random.o ../../tests/src/threading_helpers.o ../../tests/src/drivers/hash.o ../../tests/src/drivers/platform_builtin_keys.o ../../tests/src/drivers/test_driver_aead.o ../../tests/src/drivers/test_driver_asymmetric_encryption.o ../../tests/src/drivers/test_driver_cipher.o ../../tests/src/drivers/test_driver_key_management.o ../../tests/src/drivers/test_driver_mac.o ../../tests/src/drivers/test_driver_signature.o -L../../library -lmbedtls -lmbedx509 -lmbedcrypto  -o fuzz_server
make: Leaving directory '/tmp/silent-mbedtls-N010-S0_H0-u06bxj1w/programs/fuzz'

RUNTIME:
Warning: fuzzing without constant time
"
N010,S1_H0,fuzz_server,PASS,PASS,0,0,5.868,make -j4 mbedtls_test ; make -C programs/fuzz -j4 fuzz_server,"make[1]: Entering directory '/tmp/silent-mbedtls-N010-S1_H0-2scv_0d5/tests'
  CC    src/asn1_helpers.c
  CC    src/certs.c
  CC    src/fake_external_rng_for_test.c
  CC    src/helpers.c
  CC    src/psa_crypto_helpers.c
  CC    src/psa_exercise_key.c
  CC    src/random.c
  CC    src/threading_helpers.c
  CC    src/drivers/hash.c
  CC    src/drivers/platform_builtin_keys.c
  CC    src/drivers/test_driver_aead.c
  CC    src/drivers/test_driver_asymmetric_encryption.c
  CC    src/drivers/test_driver_cipher.c
  CC    src/drivers/test_driver_key_management.c
  CC    src/drivers/test_driver_mac.c
  CC    src/drivers/test_driver_signature.c
make[1]: Leaving directory '/tmp/silent-mbedtls-N010-S1_H0-2scv_0d5/tests'
make: Entering directory '/tmp/silent-mbedtls-N010-S1_H0-2scv_0d5/programs/fuzz'
make[1]: Entering directory '/tmp/silent-mbedtls-N010-S1_H0-2scv_0d5/library'
  CC    aes.c
make[1]: Entering directory '/tmp/silent-mbedtls-N010-S1_H0-2scv_0d5/library'
  CC    aes.c
  CC    aesni.c
  CC    aria.c
  CC    asn1parse.c
  CC    asn1write.c
  CC    base64.c
  CC    bignum.c
  CC    bignum_core.c
  CC    aesni.c
  CC    bignum.c
  CC    bignum_mod.c
  CC    bignum_mod_raw.c
  CC    bignum_core.c
  CC    camellia.c
  CC    bignum_mod_raw.c
  CC    ccm.c
  CC    chacha20.c
  CC    chachapoly.c
  CC    cipher.c
  CC    cipher_wrap.c
  CC    cmac.c
  CC    constant_time.c
  CC    ctr_drbg.c
  CC    camellia.c
  CC    des.c
  CC    dhm.c
  CC    ecdh.c
  CC    ecdsa.c
  CC    ecjpake.c
  CC    cmac.c
  CC    des.c
  CC    ecdsa.c
  CC    ecp.c
  CC    ecjpake.c
  CC    ecp.c
  CC    ecp_curves.c
  CC    ecp_curves.c
  CC    entropy.c
  CC    entropy.c
  CC    entropy_poll.c
  Gen   error.c
  CC    entropy_poll.c
  Gen   error.c
  CC    gcm.c
  CC    gcm.c
  CC    hash_info.c
  CC    hkdf.c
  CC    hmac_drbg.c
  CC    md.c
  CC    md5.c
  CC    hash_info.c
  CC    hmac_drbg.c
  CC    memory_buffer_alloc.c
  CC    md.c
  CC    mps_reader.c
  CC    mps_trace.c
  CC    md5.c
  CC    nist_kw.c
  CC    mps_trace.c
  CC    oid.c
  CC    padlock.c
  CC    pem.c
  CC    pk.c
  CC    nist_kw.c
  CC    pk_wrap.c
  CC    pkcs12.c
  CC    pkcs5.c
  CC    oid.c
  CC    pk_wrap.c
  CC    pkcs12.c
  CC    pkparse.c
  CC    pkcs5.c
  CC    pkwrite.c
  CC    pkparse.c
  CC    pkwrite.c
  CC    platform.c
  CC    platform.c
  CC    platform_util.c
  CC    poly1305.c
  CC    psa_crypto.c
  CC    psa_crypto_aead.c
  CC    platform_util.c
  CC    poly1305.c
  CC    psa_crypto.c
  CC    psa_crypto_aead.c
  CC    psa_crypto_cipher.c
  CC    psa_crypto_client.c
  Gen   psa_crypto_driver_wrappers.c
  CC    psa_crypto_cipher.c
  CC    psa_crypto_ecp.c
  Gen   psa_crypto_driver_wrappers.c
  CC    psa_crypto_hash.c
  CC    psa_crypto_ecp.c
  CC    psa_crypto_mac.c
  CC    psa_crypto_hash.c
  CC    psa_crypto_mac.c
  CC    psa_crypto_pake.c
  CC    psa_crypto_pake.c
  CC    psa_crypto_rsa.c
  CC    psa_crypto_rsa.c
  CC    psa_crypto_se.c
  CC    psa_crypto_slot_management.c
  CC    psa_crypto_se.c
  CC    psa_crypto_slot_management.c
  CC    psa_crypto_storage.c
  CC    psa_crypto_storage.c
  CC    psa_its_file.c
  CC    ripemd160.c
  CC    psa_its_file.c
  CC    ripemd160.c
  CC    rsa.c
  CC    rsa_alt_helpers.c
  CC    sha1.c
  CC    rsa.c
  CC    sha256.c
  CC    sha512.c
  Gen   ssl_debug_helpers_generated.c
  CC    threading.c
  CC    timing.c
  CC    version.c
  CC    sha1.c
  CC    sha512.c
  Gen   version_features.c
  CC    ../3rdparty/everest/library/everest.c
  CC    ../3rdparty/everest/library/x25519.c
  CC    ../3rdparty/everest/library/Hacl_Curve25519_joined.c
  CC    x509.c
  CC    ssl_debug_helpers_generated.c
  CC    version_features.c
  CC    x509_create.c
  CC    x509_crl.c
  CC    x509.c
  CC    x509_crt.c
  CC    x509_csr.c
make[1]: Entering directory '/tmp/silent-mbedtls-N010-S1_H0-2scv_0d5/library'
  CC    error.c
  CC    x509write_crt.c
  CC    x509_create.c
  CC    psa_crypto_driver_wrappers.c
  CC    x509_crt.c
  CC    x509write_crt.c
  CC    x509_crt.c
  CC    x509write_csr.c
  CC    debug.c
  CC    x509write_csr.c
  CC    debug.c
  CC    net_sockets.c
  CC    ssl_cache.c
  CC    net_sockets.c
  CC    ssl_cache.c
  CC    x509write_csr.c
  CC    ssl_ciphersuites.c
  CC    ssl_ciphersuites.c
  CC    ssl_client.c
  CC    ssl_client.c
  CC    ssl_cache.c
  CC    ssl_cookie.c
  CC    ssl_client.c
  CC    ssl_cookie.c
  CC    ssl_msg.c
  CC    ssl_cookie.c
  CC    ssl_msg.c
  CC    ssl_msg.c
  CC    ssl_ticket.c
  CC    ssl_tls.c
  CC    ssl_ticket.c
  CC    ssl_tls.c
  CC    ssl_ticket.c
  CC    ssl_tls.c
  CC    ssl_tls12_client.c
  CC    ssl_tls12_client.c
  CC    ssl_tls12_server.c
  CC    ssl_tls12_server.c
  CC    ssl_tls13_keys.c
  CC    ssl_tls13_client.c
  CC    ssl_tls12_client.c
  CC    ssl_tls12_server.c
  CC    ssl_tls13_server.c
  CC    ssl_tls13_generic.c
  CC    error.c
  CC    psa_crypto_driver_wrappers.c
  CC    ssl_tls13_keys.c
  AR    libmbedcrypto.a
  AR    libmbedx509.a
  AR    libmbedtls.a
make[1]: Leaving directory '/tmp/silent-mbedtls-N010-S1_H0-2scv_0d5/library'
  CC    ssl_debug_helpers_generated.c
  CC    version_features.c
  AR    libmbedx509.a
  AR    libmbedtls.a
  CC    ssl_tls13_server.c
  CC    error.c
  AR    libmbedcrypto.a
  CC    psa_crypto_driver_wrappers.c
make[1]: Leaving directory '/tmp/silent-mbedtls-N010-S1_H0-2scv_0d5/library'
  AR    libmbedx509.a
  AR    libmbedtls.a
  AR    libmbedcrypto.a
make[1]: Leaving directory '/tmp/silent-mbedtls-N010-S1_H0-2scv_0d5/library'
 cc common.o onefile.o fuzz_server.o ../../tests/src/asn1_helpers.o ../../tests/src/certs.o ../../tests/src/fake_external_rng_for_test.o ../../tests/src/helpers.o ../../tests/src/psa_crypto_helpers.o ../../tests/src/psa_exercise_key.o ../../tests/src/random.o ../../tests/src/threading_helpers.o ../../tests/src/drivers/hash.o ../../tests/src/drivers/platform_builtin_keys.o ../../tests/src/drivers/test_driver_aead.o ../../tests/src/drivers/test_driver_asymmetric_encryption.o ../../tests/src/drivers/test_driver_cipher.o ../../tests/src/drivers/test_driver_key_management.o ../../tests/src/drivers/test_driver_mac.o ../../tests/src/drivers/test_driver_signature.o -L../../library -lmbedtls -lmbedx509 -lmbedcrypto  -o fuzz_server
make: Leaving directory '/tmp/silent-mbedtls-N010-S1_H0-2scv_0d5/programs/fuzz'

RUNTIME:
Warning: fuzzing without constant time
"
N010,S1_H1,fuzz_server,PASS,PASS,0,0,7.833,make -j4 mbedtls_test ; make -C programs/fuzz -j4 fuzz_server,"make[1]: Entering directory '/tmp/silent-mbedtls-N010-S1_H1-8bgvip2d/tests'
  CC    src/asn1_helpers.c
  CC    src/certs.c
  CC    src/fake_external_rng_for_test.c
  CC    src/helpers.c
  CC    src/psa_crypto_helpers.c
  CC    src/psa_exercise_key.c
  CC    src/random.c
  CC    src/threading_helpers.c
  CC    src/drivers/hash.c
  CC    src/drivers/platform_builtin_keys.c
  CC    src/drivers/test_driver_aead.c
  CC    src/drivers/test_driver_asymmetric_encryption.c
  CC    src/drivers/test_driver_cipher.c
  CC    src/drivers/test_driver_key_management.c
  CC    src/drivers/test_driver_mac.c
  CC    src/drivers/test_driver_signature.c
make[1]: Leaving directory '/tmp/silent-mbedtls-N010-S1_H1-8bgvip2d/tests'
make: Entering directory '/tmp/silent-mbedtls-N010-S1_H1-8bgvip2d/programs/fuzz'
make[1]: Entering directory '/tmp/silent-mbedtls-N010-S1_H1-8bgvip2d/library'
  CC    aes.c
make[1]: Entering directory '/tmp/silent-mbedtls-N010-S1_H1-8bgvip2d/library'
  CC    aes.c
make[1]: Entering directory '/tmp/silent-mbedtls-N010-S1_H1-8bgvip2d/library'
  CC    aes.c
  CC    aesni.c
  CC    aria.c
  CC    asn1parse.c
  CC    aesni.c
  CC    asn1parse.c
  CC    aesni.c
  CC    asn1write.c
  CC    base64.c
  CC    asn1parse.c
  CC    asn1write.c
  CC    bignum.c
  CC    base64.c
  CC    asn1write.c
  CC    bignum.c
  CC    bignum.c
  CC    bignum_core.c
  CC    bignum_mod.c
  CC    bignum_core.c
  CC    bignum_mod_raw.c
  CC    camellia.c
  CC    ccm.c
  CC    bignum_core.c
  CC    ccm.c
  CC    chacha20.c
  CC    bignum_mod_raw.c
  CC    chacha20.c
  CC    ccm.c
  CC    chachapoly.c
  CC    chacha20.c
  CC    chachapoly.c
  CC    cipher.c
  CC    chachapoly.c
  CC    cipher.c
  CC    cipher.c
  CC    cipher_wrap.c
  CC    cipher_wrap.c
  CC    cmac.c
  CC    cipher_wrap.c
  CC    cmac.c
  CC    cmac.c
  CC    constant_time.c
  CC    constant_time.c
  CC    ctr_drbg.c
  CC    constant_time.c
  CC    ctr_drbg.c
  CC    des.c
  CC    des.c
  CC    ctr_drbg.c
  CC    des.c
  CC    dhm.c
  CC    dhm.c
  CC    ecdh.c
  CC    ecdh.c
  CC    ecdsa.c
  CC    ecjpake.c
  CC    dhm.c
  CC    ecdsa.c
  CC    ecjpake.c
  CC    ecdsa.c
  CC    ecjpake.c
  CC    ecp.c
  CC    ecp_curves.c
  CC    ecp.c
  CC    ecp.c
  CC    entropy.c
  CC    ecp_curves.c
  CC    entropy_poll.c
  Gen   error.c
  CC    ecp_curves.c
  Gen   error.c
  CC    gcm.c
  CC    gcm.c
  CC    entropy.c
  CC    hash_info.c
  CC    hkdf.c
  CC    error.c
  CC    hash_info.c
  CC    hash_info.c
  CC    hmac_drbg.c
  CC    md.c
  CC    hkdf.c
  CC    hkdf.c
  CC    hmac_drbg.c
  CC    md.c
  CC    hmac_drbg.c
  CC    md5.c
  CC    memory_buffer_alloc.c
  CC    md.c
  CC    md5.c
  CC    md5.c
  CC    mps_reader.c
  CC    mps_trace.c
  CC    nist_kw.c
  CC    mps_reader.c
  CC    oid.c
  CC    nist_kw.c
  CC    mps_reader.c
  CC    nist_kw.c
  CC    padlock.c
  CC    oid.c
  CC    pem.c
  CC    oid.c
  CC    pem.c
  CC    pem.c
  CC    pk.c
  CC    pk.c
  CC    pk_wrap.c
  CC    pk_wrap.c
  CC    pk.c
  CC    pkcs12.c
  CC    pkcs12.c
  CC    pk_wrap.c
  CC    pkcs5.c
  CC    pkcs12.c
  CC    pkcs5.c
  CC    pkparse.c
  CC    pkwrite.c
  CC    pkcs5.c
  CC    pkparse.c
  CC    pkparse.c
  CC    platform.c
  CC    platform_util.c
  CC    poly1305.c
  CC    psa_crypto.c
  CC    pkwrite.c
  CC    poly1305.c
  CC    pkwrite.c
  CC    psa_crypto.c
  CC    psa_crypto.c
  CC    psa_crypto_aead.c
  CC    psa_crypto_cipher.c
  CC    psa_crypto_client.c
  Gen   psa_crypto_driver_wrappers.c
  CC    psa_crypto_ecp.c
  CC    psa_crypto_aead.c
  CC    psa_crypto_hash.c
  CC    psa_crypto_mac.c
  CC    psa_crypto_aead.c
  CC    psa_crypto_pake.c
  CC    psa_crypto_driver_wrappers.c
  CC    psa_crypto_driver_wrappers.c
  CC    psa_crypto_pake.c
  CC    psa_crypto_rsa.c
  CC    psa_crypto_pake.c
  CC    psa_crypto_rsa.c
  CC    psa_crypto_se.c
  CC    psa_crypto_slot_management.c
  CC    psa_crypto_se.c
  CC    psa_crypto_slot_management.c
  CC    psa_crypto_rsa.c
  CC    psa_crypto_slot_management.c
  CC    psa_crypto_storage.c
  CC    psa_crypto_storage.c
  CC    psa_its_file.c
  CC    psa_crypto_storage.c
  CC    psa_its_file.c
  CC    psa_its_file.c
  CC    ripemd160.c
  CC    ripemd160.c
  CC    ripemd160.c
  CC    rsa.c
  CC    rsa.c
  CC    rsa.c
  CC    rsa_alt_helpers.c
  CC    sha1.c
  CC    rsa_alt_helpers.c
  CC    sha1.c
  CC    sha256.c
  CC    rsa_alt_helpers.c
  CC    sha256.c
  CC    sha512.c
  CC    sha256.c
  CC    sha512.c
  CC    sha512.c
  Gen   ssl_debug_helpers_generated.c
  CC    threading.c
  Gen   ssl_debug_helpers_generated.c
  CC    timing.c
  CC    timing.c
  CC    version.c
  CC    version.c
  Gen   version_features.c
  CC    ../3rdparty/everest/library/everest.c
  Gen   version_features.c
  CC    ../3rdparty/everest/library/everest.c
  CC    ../3rdparty/everest/library/x25519.c
  Gen   ssl_debug_helpers_generated.c
  CC    ../3rdparty/everest/library/Hacl_Curve25519_joined.c
  CC    version_features.c
  CC    ../3rdparty/everest/library/x25519.c
  CC    x509.c
  CC    ../3rdparty/everest/library/Hacl_Curve25519_joined.c
  CC    x509.c
  CC    x509_create.c
  CC    ../3rdparty/everest/library/Hacl_Curve25519_joined.c
  CC    x509.c
  CC    x509_create.c
  CC    x509_crl.c
  CC    x509_create.c
  CC    x509_crl.c
  CC    x509_crt.c
  CC    x509_crl.c
  CC    x509_crt.c
  CC    x509_csr.c
  CC    x509_crt.c
  CC    x509_csr.c
  CC    x509write_crt.c
  CC    x509write_csr.c
  CC    debug.c
  CC    x509write_crt.c
  CC    x509_csr.c
  CC    debug.c
  CC    net_sockets.c
  CC    debug.c
  CC    net_sockets.c
  CC    ssl_cache.c
  CC    ssl_cache.c
  CC    net_sockets.c
  CC    ssl_cache.c
  CC    ssl_ciphersuites.c
  CC    ssl_ciphersuites.c
  CC    ssl_ciphersuites.c
  CC    ssl_client.c
  CC    ssl_cookie.c
  CC    ssl_client.c
  CC    ssl_client.c
  CC    ssl_cookie.c
  CC    ssl_msg.c
  CC    ssl_msg.c
  CC    ssl_cookie.c
  CC    ssl_ticket.c
  CC    ssl_msg.c
  CC    ssl_tls.c
  CC    ssl_ticket.c
  CC    ssl_tls.c
  CC    ssl_ticket.c
  CC    ssl_tls12_client.c
  CC    ssl_tls.c
  CC    ssl_tls12_client.c
  CC    ssl_tls12_server.c
  CC    ssl_tls12_server.c
  CC    ssl_tls13_keys.c
  CC    ssl_tls13_client.c
  CC    ssl_tls13_keys.c
  CC    ssl_tls13_server.c
  CC    ssl_tls13_server.c
  CC    ssl_tls13_generic.c
  CC    ssl_tls13_generic.c
  CC    error.c
  CC    ssl_debug_helpers_generated.c
  CC    version_features.c
  CC    ssl_debug_helpers_generated.c
  CC    ssl_tls12_client.c
  AR    libmbedx509.a
  AR    libmbedtls.a
  AR    libmbedcrypto.a
make[1]: Leaving directory '/tmp/silent-mbedtls-N010-S1_H1-8bgvip2d/library'
  AR    libmbedx509.a
  AR    libmbedcrypto.a
  AR    libmbedtls.a
make[1]: Leaving directory '/tmp/silent-mbedtls-N010-S1_H1-8bgvip2d/library'
  CC    error.c
  CC    psa_crypto_driver_wrappers.c
  CC    ssl_debug_helpers_generated.c
  CC    version_features.c
  AR    libmbedx509.a
  AR    libmbedtls.a
  AR    libmbedcrypto.a
make[1]: Leaving directory '/tmp/silent-mbedtls-N010-S1_H1-8bgvip2d/library'
 cc common.o onefile.o fuzz_server.o ../../tests/src/asn1_helpers.o ../../tests/src/certs.o ../../tests/src/fake_external_rng_for_test.o ../../tests/src/helpers.o ../../tests/src/psa_crypto_helpers.o ../../tests/src/psa_exercise_key.o ../../tests/src/random.o ../../tests/src/threading_helpers.o ../../tests/src/drivers/hash.o ../../tests/src/drivers/platform_builtin_keys.o ../../tests/src/drivers/test_driver_aead.o ../../tests/src/drivers/test_driver_asymmetric_encryption.o ../../tests/src/drivers/test_driver_cipher.o ../../tests/src/drivers/test_driver_key_management.o ../../tests/src/drivers/test_driver_mac.o ../../tests/src/drivers/test_driver_signature.o -L../../library -lmbedtls -lmbedx509 -lmbedcrypto  -o fuzz_server
make: Leaving directory '/tmp/silent-mbedtls-N010-S1_H1-8bgvip2d/programs/fuzz'

RUNTIME:
Warning: fuzzing without constant time
"
N011,S0_H0,fuzz_server,PASS,PASS,0,0,6.291,make -j4 mbedtls_test ; make -C programs/fuzz -j4 fuzz_server,"make[1]: Entering directory '/tmp/silent-mbedtls-N011-S0_H0-be3tizaz/tests'
  CC    src/asn1_helpers.c
  CC    src/fake_external_rng_for_test.c
  CC    src/helpers.c
  CC    src/psa_crypto_helpers.c
  CC    src/psa_exercise_key.c
  CC    src/random.c
  CC    src/threading_helpers.c
  CC    src/drivers/hash.c
  CC    src/drivers/platform_builtin_keys.c
  CC    src/drivers/test_driver_aead.c
  CC    src/drivers/test_driver_cipher.c
  CC    src/drivers/test_driver_key_management.c
  CC    src/drivers/test_driver_mac.c
  CC    src/drivers/test_driver_signature.c
  CC    src/drivers/test_driver_size.c
make[1]: Leaving directory '/tmp/silent-mbedtls-N011-S0_H0-be3tizaz/tests'
make: Entering directory '/tmp/silent-mbedtls-N011-S0_H0-be3tizaz/programs/fuzz'
make[1]: Entering directory '/tmp/silent-mbedtls-N011-S0_H0-be3tizaz/library'
  CC    aes.c
make[1]: Entering directory '/tmp/silent-mbedtls-N011-S0_H0-be3tizaz/library'
make[1]: Entering directory '/tmp/silent-mbedtls-N011-S0_H0-be3tizaz/library'
  CC    aes.c
  CC    aes.c
  CC    aesni.c
  CC    aesni.c
  CC    arc4.c
  CC    arc4.c
  CC    aria.c
  CC    asn1parse.c
  CC    asn1write.c
  CC    aesni.c
  CC    base64.c
  CC    aria.c
  CC    asn1write.c
  CC    asn1write.c
  CC    bignum.c
  CC    blowfish.c
  CC    base64.c
  CC    base64.c
  CC    camellia.c
  CC    bignum.c
  CC    bignum.c
  CC    camellia.c
  CC    ccm.c
  CC    chacha20.c
  CC    ccm.c
  CC    chachapoly.c
  CC    chacha20.c
  CC    camellia.c
  CC    chachapoly.c
  CC    cipher.c
  CC    chachapoly.c
  CC    cipher.c
  CC    cipher_wrap.c
  CC    cipher.c
  CC    cipher_wrap.c
  CC    cmac.c
  CC    constant_time.c
  CC    cmac.c
  CC    constant_time.c
  CC    ctr_drbg.c
  CC    cipher_wrap.c
  CC    ctr_drbg.c
  CC    des.c
  CC    dhm.c
  CC    constant_time.c
  CC    des.c
  CC    ecdh.c
  CC    des.c
  CC    ecdh.c
  CC    ecdsa.c
  CC    ecjpake.c
  CC    ecdsa.c
  CC    dhm.c
  CC    ecp.c
  CC    ecp.c
  CC    ecp_curves.c
  CC    ecdsa.c
  CC    ecp.c
  CC    entropy.c
  CC    ecp_curves.c
  CC    entropy.c
  CC    entropy_poll.c
  CC    error.c
  CC    gcm.c
  CC    havege.c
  CC    ecp_curves.c
  CC    hkdf.c
  CC    hmac_drbg.c
  CC    entropy_poll.c
  CC    gcm.c
  CC    hmac_drbg.c
  CC    md.c
  CC    md.c
  CC    md2.c
  CC    gcm.c
  CC    md2.c
  CC    md4.c
  CC    md5.c
  CC    md.c
  CC    md4.c
  CC    md5.c
  CC    md5.c
  CC    memory_buffer_alloc.c
  CC    memory_buffer_alloc.c
  CC    mps_reader.c
  CC    mps_reader.c
  CC    mps_trace.c
  CC    mps_trace.c
  CC    nist_kw.c
  CC    nist_kw.c
  CC    oid.c
  CC    memory_buffer_alloc.c
  CC    oid.c
  CC    oid.c
  CC    padlock.c
  CC    padlock.c
  CC    pem.c
  CC    pem.c
  CC    padlock.c
  CC    pk.c
  CC    pem.c
  CC    pk.c
  CC    pk.c
  CC    pk_wrap.c
  CC    pkcs12.c
  CC    pk_wrap.c
  CC    pk_wrap.c
  CC    pkcs5.c
  CC    pkparse.c
  CC    pkcs12.c
  CC    pkcs12.c
  CC    pkcs5.c
  CC    pkcs5.c
  CC    pkparse.c
  CC    pkwrite.c
  CC    pkwrite.c
  CC    pkparse.c
  CC    platform.c
  CC    pkwrite.c
  CC    platform.c
  CC    platform_util.c
  CC    platform_util.c
  CC    poly1305.c
  CC    poly1305.c
  CC    platform_util.c
  CC    poly1305.c
  CC    psa_crypto.c
  CC    psa_crypto_aead.c
  CC    psa_crypto.c
  CC    psa_crypto.c
  CC    psa_crypto_cipher.c
  CC    psa_crypto_client.c
  CC    psa_crypto_driver_wrappers.c
  CC    psa_crypto_aead.c
  CC    psa_crypto_ecp.c
  CC    psa_crypto_hash.c
  CC    psa_crypto_ecp.c
  CC    psa_crypto_mac.c
  CC    psa_crypto_mac.c
  CC    psa_crypto_rsa.c
  CC    psa_crypto_aead.c
  CC    psa_crypto_rsa.c
  CC    psa_crypto_se.c
  CC    psa_crypto_se.c
  CC    psa_crypto_slot_management.c
  CC    psa_crypto_rsa.c
  CC    psa_crypto_slot_management.c
  CC    psa_crypto_slot_management.c
  CC    psa_crypto_storage.c
  CC    psa_crypto_storage.c
  CC    psa_crypto_storage.c
  CC    psa_its_file.c
  CC    psa_its_file.c
  CC    ripemd160.c
  CC    psa_its_file.c
  CC    ripemd160.c
  CC    ripemd160.c
  CC    rsa.c
  CC    rsa.c
  CC    rsa_internal.c
  CC    rsa.c
  CC    rsa_internal.c
  CC    sha1.c
  CC    sha1.c
  CC    rsa_internal.c
  CC    sha256.c
  CC    sha256.c
  CC    sha512.c
  CC    sha1.c
  CC    threading.c
  CC    sha512.c
  CC    threading.c
  CC    timing.c
  CC    version.c
  CC    timing.c
  CC    sha256.c
  CC    version_features.c
  CC    xtea.c
  CC    version_features.c
  CC    xtea.c
  CC    ../3rdparty/everest/library/everest.c
  CC    ../3rdparty/everest/library/everest.c
  CC    ../3rdparty/everest/library/x25519.c
  CC    ../3rdparty/everest/library/x25519.c
  CC    ../3rdparty/everest/library/Hacl_Curve25519_joined.c
  CC    ../3rdparty/everest/library/Hacl_Curve25519_joined.c
  CC    certs.c
  CC    certs.c
  CC    pkcs11.c
  CC    timing.c
  CC    x509.c
  CC    pkcs11.c
  CC    x509_create.c
  CC    x509.c
  CC    certs.c
  CC    x509_crl.c
  CC    x509.c
  CC    x509_crt.c
  CC    x509_create.c
  CC    x509_crl.c
  CC    x509_crt.c
  CC    x509_crl.c
  CC    x509_csr.c
  CC    x509write_crt.c
  CC    x509_crt.c
  CC    x509write_csr.c
  CC    debug.c
  CC    x509_csr.c
  CC    debug.c
  CC    net_sockets.c
  CC    net_sockets.c
  CC    ssl_cache.c
  CC    ssl_cache.c
  CC    ssl_ciphersuites.c
  CC    x509write_crt.c
  CC    ssl_cli.c
  CC    ssl_ciphersuites.c
  CC    ssl_cache.c
  CC    ssl_cli.c
  CC    ssl_cookie.c
  CC    ssl_cli.c
  CC    ssl_msg.c
  CC    ssl_cookie.c
  CC    ssl_msg.c
  CC    ssl_srv.c
  CC    ssl_cookie.c
  CC    ssl_msg.c
  CC    ssl_ticket.c
  CC    ssl_srv.c
  CC    ssl_tls.c
  CC    ssl_srv.c
  CC    ssl_tls.c
  CC    ssl_tls.c
  CC    ssl_tls13_keys.c
  CC    ssl_tls13_keys.c
  AR    libmbedcrypto.a
  AR    libmbedcrypto.a
  CC    ssl_tls13_keys.c
  AR    libmbedx509.a
  AR    libmbedcrypto.a
  AR    libmbedx509.a
  AR    libmbedtls.a
  AR    libmbedx509.a
make[1]: Leaving directory '/tmp/silent-mbedtls-N011-S0_H0-be3tizaz/library'
  AR    libmbedtls.a
make[1]: Leaving directory '/tmp/silent-mbedtls-N011-S0_H0-be3tizaz/library'
  AR    libmbedtls.a
make[1]: Leaving directory '/tmp/silent-mbedtls-N011-S0_H0-be3tizaz/library'
 cc common.o onefile.o fuzz_server.o ../../tests/src/asn1_helpers.o ../../tests/src/fake_external_rng_for_test.o ../../tests/src/helpers.o ../../tests/src/psa_crypto_helpers.o ../../tests/src/psa_exercise_key.o ../../tests/src/random.o ../../tests/src/threading_helpers.o ../../tests/src/drivers/hash.o ../../tests/src/drivers/platform_builtin_keys.o ../../tests/src/drivers/test_driver_aead.o ../../tests/src/drivers/test_driver_cipher.o ../../tests/src/drivers/test_driver_key_management.o ../../tests/src/drivers/test_driver_mac.o ../../tests/src/drivers/test_driver_signature.o ../../tests/src/drivers/test_driver_size.o -L../../library -lmbedtls -lmbedx509 -lmbedcrypto  -o fuzz_server
make: Leaving directory '/tmp/silent-mbedtls-N011-S0_H0-be3tizaz/programs/fuzz'

RUNTIME:
Warning: fuzzing without constant time
"
N011,S1_H0,fuzz_server,PASS,PASS,0,0,6.339,make -j4 mbedtls_test ; make -C programs/fuzz -j4 fuzz_server,"make[1]: Entering directory '/tmp/silent-mbedtls-N011-S1_H0-y9mmlmh3/tests'
  CC    src/asn1_helpers.c
  CC    src/fake_external_rng_for_test.c
  CC    src/helpers.c
  CC    src/psa_crypto_helpers.c
  CC    src/psa_exercise_key.c
  CC    src/random.c
  CC    src/threading_helpers.c
  CC    src/drivers/hash.c
  CC    src/drivers/platform_builtin_keys.c
  CC    src/drivers/test_driver_aead.c
  CC    src/drivers/test_driver_cipher.c
  CC    src/drivers/test_driver_key_management.c
  CC    src/drivers/test_driver_mac.c
  CC    src/drivers/test_driver_signature.c
  CC    src/drivers/test_driver_size.c
make[1]: Leaving directory '/tmp/silent-mbedtls-N011-S1_H0-y9mmlmh3/tests'
make: Entering directory '/tmp/silent-mbedtls-N011-S1_H0-y9mmlmh3/programs/fuzz'
make[1]: Entering directory '/tmp/silent-mbedtls-N011-S1_H0-y9mmlmh3/library'
  CC    aes.c
make[1]: Entering directory '/tmp/silent-mbedtls-N011-S1_H0-y9mmlmh3/library'
  CC    aes.c
  CC    aesni.c
make[1]: Entering directory '/tmp/silent-mbedtls-N011-S1_H0-y9mmlmh3/library'
  CC    aes.c
  CC    arc4.c
  CC    aesni.c
  CC    aria.c
  CC    aria.c
  CC    asn1parse.c
  CC    asn1parse.c
  CC    aesni.c
  CC    asn1write.c
  CC    asn1write.c
  CC    base64.c
  CC    asn1write.c
  CC    base64.c
  CC    base64.c
  CC    bignum.c
  CC    blowfish.c
  CC    bignum.c
  CC    bignum.c
  CC    camellia.c
  CC    ccm.c
  CC    chacha20.c
  CC    chachapoly.c
  CC    cipher.c
  CC    blowfish.c
  CC    blowfish.c
  CC    cipher.c
  CC    cipher.c
  CC    cipher_wrap.c
  CC    cmac.c
  CC    cipher_wrap.c
  CC    constant_time.c
  CC    ctr_drbg.c
  CC    constant_time.c
  CC    cipher_wrap.c
  CC    constant_time.c
  CC    ctr_drbg.c
  CC    des.c
  CC    ctr_drbg.c
  CC    des.c
  CC    des.c
  CC    dhm.c
  CC    dhm.c
  CC    ecdh.c
  CC    ecdh.c
  CC    ecdsa.c
  CC    ecdsa.c
  CC    dhm.c
  CC    ecdsa.c
  CC    ecjpake.c
  CC    ecjpake.c
  CC    ecp.c
  CC    ecp_curves.c
  CC    ecp.c
  CC    ecjpake.c
  CC    ecp.c
  CC    entropy.c
  CC    entropy_poll.c
  CC    error.c
  CC    gcm.c
  CC    ecp_curves.c
  CC    ecp_curves.c
  CC    error.c
  CC    gcm.c
  CC    havege.c
  CC    hkdf.c
  CC    hmac_drbg.c
  CC    error.c
  CC    md.c
  CC    md2.c
  CC    md4.c
  CC    md5.c
  CC    havege.c
  CC    md.c
  CC    hmac_drbg.c
  CC    md.c
  CC    md5.c
  CC    memory_buffer_alloc.c
  CC    md5.c
  CC    mps_reader.c
  CC    mps_trace.c
  CC    nist_kw.c
  CC    oid.c
  CC    memory_buffer_alloc.c
  CC    padlock.c
  CC    oid.c
  CC    memory_buffer_alloc.c
  CC    pem.c
  CC    oid.c
  CC    pem.c
  CC    pk.c
  CC    pk.c
  CC    pem.c
  CC    pk.c
  CC    pk_wrap.c
  CC    pk_wrap.c
  CC    pkcs12.c
  CC    pk_wrap.c
  CC    pkcs12.c
  CC    pkcs5.c
  CC    pkcs5.c
  CC    pkcs12.c
  CC    pkparse.c
  CC    pkparse.c
  CC    pkwrite.c
  CC    pkcs5.c
  CC    pkparse.c
  CC    pkwrite.c
  CC    platform.c
  CC    platform_util.c
  CC    pkwrite.c
  CC    poly1305.c
  CC    platform.c
  CC    poly1305.c
  CC    platform_util.c
  CC    psa_crypto.c
  CC    poly1305.c
  CC    psa_crypto.c
  CC    psa_crypto.c
  CC    psa_crypto_aead.c
  CC    psa_crypto_aead.c
  CC    psa_crypto_cipher.c
  CC    psa_crypto_cipher.c
  CC    psa_crypto_client.c
  CC    psa_crypto_driver_wrappers.c
  CC    psa_crypto_ecp.c
  CC    psa_crypto_hash.c
  CC    psa_crypto_client.c
  CC    psa_crypto_mac.c
  CC    psa_crypto_aead.c
  CC    psa_crypto_mac.c
  CC    psa_crypto_mac.c
  CC    psa_crypto_rsa.c
  CC    psa_crypto_rsa.c
  CC    psa_crypto_rsa.c
  CC    psa_crypto_se.c
  CC    psa_crypto_slot_management.c
  CC    psa_crypto_se.c
  CC    psa_crypto_slot_management.c
  CC    psa_crypto_se.c
  CC    psa_crypto_slot_management.c
  CC    psa_crypto_storage.c
  CC    psa_crypto_storage.c
  CC    psa_its_file.c
  CC    psa_crypto_storage.c
  CC    psa_its_file.c
  CC    psa_its_file.c
  CC    ripemd160.c
  CC    ripemd160.c
  CC    rsa.c
  CC    ripemd160.c
  CC    rsa_internal.c
  CC    rsa.c
  CC    rsa.c
  CC    sha1.c
  CC    sha256.c
  CC    sha512.c
  CC    rsa_internal.c
  CC    rsa_internal.c
  CC    sha512.c
  CC    sha512.c
  CC    threading.c
  CC    threading.c
  CC    timing.c
  CC    threading.c
  CC    timing.c
  CC    version.c
  CC    version.c
  CC    version_features.c
  CC    timing.c
  CC    version_features.c
  CC    xtea.c
  CC    version_features.c
  CC    xtea.c
  CC    ../3rdparty/everest/library/everest.c
  CC    xtea.c
  CC    ../3rdparty/everest/library/everest.c
  CC    ../3rdparty/everest/library/x25519.c
  CC    ../3rdparty/everest/library/Hacl_Curve25519_joined.c
  CC    ../3rdparty/everest/library/x25519.c
  CC    ../3rdparty/everest/library/Hacl_Curve25519_joined.c
  CC    certs.c
  CC    certs.c
  CC    pkcs11.c
  CC    x509.c
  CC    x509_create.c
  CC    pkcs11.c
  CC    ../3rdparty/everest/library/x25519.c
  CC    x509.c
  CC    x509.c
  CC    x509_crl.c
  CC    x509_create.c
  CC    x509_create.c
  CC    x509_crt.c
  CC    x509_csr.c
  CC    x509_crl.c
  CC    x509_crl.c
  CC    x509_crt.c
  CC    x509_crt.c
  CC    x509write_crt.c
  CC    x509write_csr.c
  CC    debug.c
  CC    x509write_crt.c
  CC    net_sockets.c
  CC    x509write_crt.c
  CC    debug.c
  CC    ssl_cache.c
  CC    ssl_ciphersuites.c
  CC    net_sockets.c
  CC    net_sockets.c
  CC    ssl_cache.c
  CC    ssl_cli.c
  CC    ssl_cli.c
  CC    ssl_cache.c
  CC    ssl_cookie.c
  CC    ssl_cli.c
  CC    ssl_cookie.c
  CC    ssl_msg.c
  CC    ssl_cookie.c
  CC    ssl_srv.c
  CC    ssl_msg.c
  CC    ssl_msg.c
  CC    ssl_srv.c
  CC    ssl_ticket.c
  CC    ssl_tls.c
  CC    ssl_srv.c
  CC    ssl_ticket.c
  CC    ssl_tls.c
  CC    ssl_tls.c
  CC    ssl_tls13_keys.c
  CC    ssl_tls13_keys.c
  AR    libmbedcrypto.a
  AR    libmbedx509.a
  AR    libmbedcrypto.a
  AR    libmbedx509.a
  CC    ssl_tls13_keys.c
  AR    libmbedcrypto.a
  AR    libmbedx509.a
  AR    libmbedtls.a
make[1]: Leaving directory '/tmp/silent-mbedtls-N011-S1_H0-y9mmlmh3/library'
  AR    libmbedtls.a
make[1]: Leaving directory '/tmp/silent-mbedtls-N011-S1_H0-y9mmlmh3/library'
  AR    libmbedtls.a
make[1]: Leaving directory '/tmp/silent-mbedtls-N011-S1_H0-y9mmlmh3/library'
 cc common.o onefile.o fuzz_server.o ../../tests/src/asn1_helpers.o ../../tests/src/fake_external_rng_for_test.o ../../tests/src/helpers.o ../../tests/src/psa_crypto_helpers.o ../../tests/src/psa_exercise_key.o ../../tests/src/random.o ../../tests/src/threading_helpers.o ../../tests/src/drivers/hash.o ../../tests/src/drivers/platform_builtin_keys.o ../../tests/src/drivers/test_driver_aead.o ../../tests/src/drivers/test_driver_cipher.o ../../tests/src/drivers/test_driver_key_management.o ../../tests/src/drivers/test_driver_mac.o ../../tests/src/drivers/test_driver_signature.o ../../tests/src/drivers/test_driver_size.o -L../../library -lmbedtls -lmbedx509 -lmbedcrypto  -o fuzz_server
make: Leaving directory '/tmp/silent-mbedtls-N011-S1_H0-y9mmlmh3/programs/fuzz'

RUNTIME:
Warning: fuzzing without constant time
"
N011,S1_H1,fuzz_server,PASS,PASS,0,0,6.379,make -j4 mbedtls_test ; make -C programs/fuzz -j4 fuzz_server,"make[1]: Entering directory '/tmp/silent-mbedtls-N011-S1_H1-pm777rqk/tests'
  CC    src/asn1_helpers.c
  CC    src/fake_external_rng_for_test.c
  CC    src/helpers.c
  CC    src/psa_crypto_helpers.c
  CC    src/psa_exercise_key.c
  CC    src/random.c
  CC    src/threading_helpers.c
  CC    src/drivers/hash.c
  CC    src/drivers/platform_builtin_keys.c
  CC    src/drivers/test_driver_aead.c
  CC    src/drivers/test_driver_cipher.c
  CC    src/drivers/test_driver_key_management.c
  CC    src/drivers/test_driver_mac.c
  CC    src/drivers/test_driver_signature.c
  CC    src/drivers/test_driver_size.c
make[1]: Leaving directory '/tmp/silent-mbedtls-N011-S1_H1-pm777rqk/tests'
make: Entering directory '/tmp/silent-mbedtls-N011-S1_H1-pm777rqk/programs/fuzz'
make[1]: Entering directory '/tmp/silent-mbedtls-N011-S1_H1-pm777rqk/library'
  CC    aes.c
make[1]: Entering directory '/tmp/silent-mbedtls-N011-S1_H1-pm777rqk/library'
  CC    aes.c
  CC    aesni.c
  CC    arc4.c
make[1]: Entering directory '/tmp/silent-mbedtls-N011-S1_H1-pm777rqk/library'
  CC    aes.c
  CC    arc4.c
  CC    aria.c
  CC    asn1parse.c
  CC    asn1write.c
  CC    aesni.c
  CC    base64.c
  CC    asn1write.c
  CC    base64.c
  CC    aria.c
  CC    base64.c
  CC    bignum.c
  CC    bignum.c
  CC    blowfish.c
  CC    bignum.c
  CC    camellia.c
  CC    ccm.c
  CC    chacha20.c
  CC    chachapoly.c
  CC    blowfish.c
  CC    cipher.c
  CC    blowfish.c
  CC    cipher.c
  CC    cipher.c
  CC    cipher_wrap.c
  CC    cipher_wrap.c
  CC    cmac.c
  CC    constant_time.c
  CC    cmac.c
  CC    constant_time.c
  CC    cipher_wrap.c
  CC    ctr_drbg.c
  CC    des.c
  CC    constant_time.c
  CC    ctr_drbg.c
  CC    des.c
  CC    ctr_drbg.c
  CC    des.c
  CC    dhm.c
  CC    dhm.c
  CC    dhm.c
  CC    ecdh.c
  CC    ecdh.c
  CC    ecdh.c
  CC    ecdsa.c
  CC    ecdsa.c
  CC    ecjpake.c
  CC    ecdsa.c
  CC    ecjpake.c
  CC    ecp.c
  CC    ecjpake.c
  CC    ecp.c
  CC    ecp.c
  CC    ecp_curves.c
  CC    entropy.c
  CC    ecp_curves.c
  CC    entropy_poll.c
  CC    ecp_curves.c
  CC    entropy.c
  CC    error.c
  CC    gcm.c
  CC    entropy_poll.c
  CC    havege.c
  CC    gcm.c
  CC    hkdf.c
  CC    entropy.c
  CC    hkdf.c
  CC    hmac_drbg.c
  CC    hmac_drbg.c
  CC    hkdf.c
  CC    hmac_drbg.c
  CC    md.c
  CC    md.c
  CC    md2.c
  CC    md2.c
  CC    md4.c
  CC    md5.c
  CC    md.c
  CC    memory_buffer_alloc.c
  CC    md5.c
  CC    md4.c
  CC    md5.c
  CC    mps_reader.c
  CC    mps_reader.c
  CC    mps_trace.c
  CC    mps_trace.c
  CC    nist_kw.c
  CC    oid.c
  CC    nist_kw.c
  CC    oid.c
  CC    padlock.c
  CC    padlock.c
  CC    mps_reader.c
  CC    pem.c
  CC    oid.c
  CC    pem.c
  CC    pk.c
  CC    pk.c
  CC    pem.c
  CC    pk.c
  CC    pk_wrap.c
  CC    pk_wrap.c
  CC    pkcs12.c
  CC    pk_wrap.c
  CC    pkcs12.c
  CC    pkcs5.c
  CC    pkcs12.c
  CC    pkcs5.c
  CC    pkparse.c
  CC    pkparse.c
  CC    pkwrite.c
  CC    pkcs5.c
  CC    pkparse.c
  CC    platform.c
  CC    platform_util.c
  CC    poly1305.c
  CC    psa_crypto.c
  CC    pkwrite.c
  CC    poly1305.c
  CC    psa_crypto_aead.c
  CC    pkwrite.c
  CC    psa_crypto_cipher.c
  CC    psa_crypto.c
  CC    psa_crypto.c
  CC    psa_crypto_cipher.c
  CC    psa_crypto_client.c
  CC    psa_crypto_client.c
  CC    psa_crypto_driver_wrappers.c
  CC    psa_crypto_ecp.c
  CC    psa_crypto_hash.c
  CC    psa_crypto_mac.c
  CC    psa_crypto_driver_wrappers.c
  CC    psa_crypto_mac.c
  CC    psa_crypto_rsa.c
  CC    psa_crypto_rsa.c
  CC    psa_crypto_cipher.c
  CC    psa_crypto_rsa.c
  CC    psa_crypto_se.c
  CC    psa_crypto_slot_management.c
  CC    psa_crypto_se.c
  CC    psa_crypto_slot_management.c
  CC    psa_crypto_se.c
  CC    psa_crypto_slot_management.c
  CC    psa_crypto_storage.c
  CC    psa_crypto_storage.c
  CC    psa_its_file.c
  CC    psa_its_file.c
  CC    psa_crypto_storage.c
  CC    psa_its_file.c
  CC    ripemd160.c
  CC    ripemd160.c
  CC    ripemd160.c
  CC    rsa.c
  CC    rsa.c
  CC    rsa.c
  CC    rsa_internal.c
  CC    sha1.c
  CC    rsa_internal.c
  CC    sha1.c
  CC    sha256.c
  CC    rsa_internal.c
  CC    sha256.c
  CC    sha256.c
  CC    sha512.c
  CC    sha512.c
  CC    sha512.c
  CC    threading.c
  CC    threading.c
  CC    threading.c
  CC    timing.c
  CC    version.c
  CC    timing.c
  CC    version_features.c
  CC    xtea.c
  CC    version_features.c
  CC    xtea.c
  CC    ../3rdparty/everest/library/everest.c
  CC    timing.c
  CC    ../3rdparty/everest/library/everest.c
  CC    ../3rdparty/everest/library/x25519.c
  CC    ../3rdparty/everest/library/x25519.c
  CC    ../3rdparty/everest/library/Hacl_Curve25519_joined.c
  CC    ../3rdparty/everest/library/Hacl_Curve25519_joined.c
  CC    certs.c
  CC    xtea.c
  CC    certs.c
  CC    pkcs11.c
  CC    pkcs11.c
  CC    x509.c
  CC    x509.c
  CC    x509_create.c
  CC    certs.c
  CC    x509.c
  CC    x509_create.c
  CC    x509_crl.c
  CC    x509_crl.c
  CC    x509_create.c
  CC    x509_crt.c
  CC    x509_crl.c
  CC    x509_csr.c
  CC    x509_crt.c
  CC    x509write_crt.c
  CC    x509_crt.c
  CC    x509write_csr.c
  CC    debug.c
  CC    net_sockets.c
  CC    ssl_cache.c
  CC    x509_csr.c
  CC    net_sockets.c
  CC    ssl_ciphersuites.c
  CC    x509write_crt.c
  CC    ssl_ciphersuites.c
  CC    ssl_cli.c
  CC    ssl_cookie.c
  CC    ssl_cli.c
  CC    ssl_ciphersuites.c
  CC    ssl_msg.c
  CC    ssl_cli.c
  CC    ssl_msg.c
  CC    ssl_cookie.c
  CC    ssl_msg.c
  CC    ssl_srv.c
  CC    ssl_srv.c
  CC    ssl_ticket.c
  CC    ssl_srv.c
  CC    ssl_ticket.c
  CC    ssl_ticket.c
  CC    ssl_tls.c
  CC    ssl_tls13_keys.c
  CC    ssl_tls.c
  CC    ssl_tls13_keys.c
  AR    libmbedcrypto.a
  AR    libmbedx509.a
  AR    libmbedcrypto.a
  AR    libmbedx509.a
  CC    ssl_tls.c
  AR    libmbedcrypto.a
  AR    libmbedx509.a
  AR    libmbedtls.a
make[1]: Leaving directory '/tmp/silent-mbedtls-N011-S1_H1-pm777rqk/library'
  AR    libmbedtls.a
make[1]: Leaving directory '/tmp/silent-mbedtls-N011-S1_H1-pm777rqk/library'
  AR    libmbedtls.a
make[1]: Leaving directory '/tmp/silent-mbedtls-N011-S1_H1-pm777rqk/library'
 cc common.o onefile.o fuzz_server.o ../../tests/src/asn1_helpers.o ../../tests/src/fake_external_rng_for_test.o ../../tests/src/helpers.o ../../tests/src/psa_crypto_helpers.o ../../tests/src/psa_exercise_key.o ../../tests/src/random.o ../../tests/src/threading_helpers.o ../../tests/src/drivers/hash.o ../../tests/src/drivers/platform_builtin_keys.o ../../tests/src/drivers/test_driver_aead.o ../../tests/src/drivers/test_driver_cipher.o ../../tests/src/drivers/test_driver_key_management.o ../../tests/src/drivers/test_driver_mac.o ../../tests/src/drivers/test_driver_signature.o ../../tests/src/drivers/test_driver_size.o -L../../library -lmbedtls -lmbedx509 -lmbedcrypto  -o fuzz_server
make: Leaving directory '/tmp/silent-mbedtls-N011-S1_H1-pm777rqk/programs/fuzz'

RUNTIME:
Warning: fuzzing without constant time
"
N012,S0_H0,fuzz_dtlsserver,PASS,PASS,0,0,6.875,make -j4 mbedtls_test ; make -C programs/fuzz -j4 fuzz_dtlsserver,"make[1]: Entering directory '/tmp/silent-mbedtls-N012-S0_H0-tpg6b5wi/tests'
  CC    src/asn1_helpers.c
  CC    src/certs.c
  CC    src/helpers.c
  CC    src/fake_external_rng_for_test.c
  CC    src/psa_crypto_helpers.c
  CC    src/psa_exercise_key.c
  CC    src/random.c
  CC    src/threading_helpers.c
  CC    src/drivers/hash.c
  CC    src/drivers/platform_builtin_keys.c
  CC    src/drivers/test_driver_aead.c
  CC    src/drivers/test_driver_asymmetric_encryption.c
  CC    src/drivers/test_driver_cipher.c
  CC    src/drivers/test_driver_key_management.c
  CC    src/drivers/test_driver_mac.c
  CC    src/drivers/test_driver_signature.c
make[1]: Leaving directory '/tmp/silent-mbedtls-N012-S0_H0-tpg6b5wi/tests'
make: Entering directory '/tmp/silent-mbedtls-N012-S0_H0-tpg6b5wi/programs/fuzz'
make[1]: Entering directory '/tmp/silent-mbedtls-N012-S0_H0-tpg6b5wi/library'
  CC    aes.c
make[1]: Entering directory '/tmp/silent-mbedtls-N012-S0_H0-tpg6b5wi/library'
make[1]: Entering directory '/tmp/silent-mbedtls-N012-S0_H0-tpg6b5wi/library'
  CC    aes.c
  CC    aes.c
  CC    aesni.c
  CC    aria.c
  CC    asn1parse.c
  CC    aesni.c
  CC    asn1parse.c
  CC    aesni.c
  CC    asn1write.c
  CC    base64.c
  CC    asn1parse.c
  CC    asn1write.c
  CC    base64.c
  CC    bignum.c
  CC    asn1write.c
  CC    bignum.c
  CC    bignum.c
  CC    bignum_core.c
  CC    bignum_mod.c
  CC    bignum_mod_raw.c
  CC    camellia.c
  CC    ccm.c
  CC    bignum_core.c
  CC    bignum_core.c
  CC    chacha20.c
  CC    ccm.c
  CC    chacha20.c
  CC    chachapoly.c
  CC    ccm.c
  CC    chachapoly.c
  CC    cipher.c
  CC    cipher_wrap.c
  CC    cipher.c
  CC    chachapoly.c
  CC    cmac.c
  CC    cipher.c
  CC    constant_time.c
  CC    cipher_wrap.c
  CC    cmac.c
  CC    ctr_drbg.c
  CC    constant_time.c
  CC    cmac.c
  CC    ctr_drbg.c
  CC    des.c
  CC    des.c
  CC    ctr_drbg.c
  CC    dhm.c
  CC    des.c
  CC    ecdh.c
  CC    dhm.c
  CC    ecdh.c
  CC    ecdsa.c
  CC    ecdsa.c
  CC    ecjpake.c
  CC    ecjpake.c
  CC    dhm.c
  CC    ecjpake.c
  CC    ecp.c
  CC    ecp_curves.c
  CC    ecp.c
  CC    ecp.c
  CC    entropy.c
  CC    ecp_curves.c
  CC    entropy_poll.c
  CC    ecp_curves.c
  Gen   error.c
  CC    entropy_poll.c
  CC    gcm.c
  Gen   error.c
  CC    hash_info.c
  CC    gcm.c
  CC    hash_info.c
  CC    hkdf.c
  CC    entropy_poll.c
  CC    hkdf.c
  CC    hmac_drbg.c
  CC    error.c
  CC    hmac_drbg.c
  CC    lmots.c
  CC    lmots.c
  CC    hmac_drbg.c
  CC    lmots.c
  CC    lms.c
  CC    md.c
  CC    lms.c
  CC    lms.c
  CC    md.c
  CC    md.c
  CC    md5.c
  CC    md5.c
  CC    md5.c
  CC    memory_buffer_alloc.c
  CC    mps_reader.c
  CC    memory_buffer_alloc.c
  CC    memory_buffer_alloc.c
  CC    mps_trace.c
  CC    mps_trace.c
  CC    nist_kw.c
  CC    nist_kw.c
  CC    oid.c
  CC    mps_trace.c
  CC    nist_kw.c
  CC    oid.c
  CC    padlock.c
  CC    oid.c
  CC    pem.c
  CC    pk.c
  CC    padlock.c
  CC    padlock.c
  CC    pem.c
  CC    pk.c
  CC    pem.c
  CC    pk_wrap.c
  CC    pkcs12.c
  CC    pk_wrap.c
  CC    pk.c
  CC    pkcs5.c
  CC    pkparse.c
  CC    pk_wrap.c
  CC    pkcs12.c
  CC    pkwrite.c
  CC    pkcs5.c
  CC    pkcs5.c
  CC    pkparse.c
  CC    platform.c
  CC    pkparse.c
  CC    platform.c
  CC    platform_util.c
  CC    poly1305.c
  CC    platform_util.c
  CC    psa_crypto.c
  CC    psa_crypto_aead.c
  CC    platform.c
  CC    psa_crypto.c
  CC    poly1305.c
  CC    psa_crypto_cipher.c
  CC    psa_crypto.c
  CC    psa_crypto_client.c
  Gen   psa_crypto_driver_wrappers.c
  CC    psa_crypto_ecp.c
  CC    psa_crypto_hash.c
  CC    psa_crypto_mac.c
  CC    psa_crypto_pake.c
  CC    psa_crypto_rsa.c
  CC    psa_crypto_se.c
  CC    psa_crypto_slot_management.c
  CC    psa_crypto_storage.c
  CC    psa_its_file.c
  CC    psa_crypto_aead.c
  CC    psa_crypto_driver_wrappers.c
  CC    ripemd160.c
  CC    psa_its_file.c
  CC    psa_crypto_cipher.c
  CC    ripemd160.c
  CC    ripemd160.c
  CC    rsa.c
  CC    rsa.c
  CC    rsa.c
  CC    rsa_alt_helpers.c
  CC    sha1.c
  CC    rsa_alt_helpers.c
  CC    rsa_alt_helpers.c
  CC    sha256.c
  CC    sha512.c
  CC    sha1.c
  CC    sha1.c
  Gen   ssl_debug_helpers_generated.c
  CC    sha256.c
  CC    threading.c
  CC    timing.c
  CC    sha256.c
  Gen   ssl_debug_helpers_generated.c
  CC    version.c
  Gen   version_features.c
  CC    timing.c
  CC    ../3rdparty/everest/library/everest.c
  CC    ../3rdparty/everest/library/x25519.c
  CC    version_features.c
  CC    ../3rdparty/everest/library/Hacl_Curve25519_joined.c
  CC    x509.c
  CC    x509_create.c
  CC    ../3rdparty/everest/library/Hacl_Curve25519_joined.c
  CC    x509.c
  CC    ssl_debug_helpers_generated.c
  CC    x509.c
  CC    x509_crl.c
  CC    x509_crt.c
  CC    x509_create.c
  CC    x509_csr.c
  CC    x509_crl.c
  CC    x509_crl.c
  CC    x509_crt.c
  CC    x509_crt.c
  CC    x509write_crt.c
  CC    x509write_csr.c
  CC    x509write_crt.c
  CC    x509write_csr.c
  CC    debug.c
  CC    debug.c
  CC    x509write_crt.c
  CC    debug.c
  CC    net_sockets.c
  CC    net_sockets.c
  CC    ssl_cache.c
  CC    ssl_cache.c
  CC    net_sockets.c
  CC    ssl_cache.c
  CC    ssl_ciphersuites.c
  CC    ssl_ciphersuites.c
  CC    ssl_client.c
  CC    ssl_client.c
  CC    ssl_ciphersuites.c
  CC    ssl_cookie.c
  CC    ssl_client.c
  CC    ssl_cookie.c
  CC    ssl_msg.c
  CC    ssl_cookie.c
  CC    ssl_msg.c
  CC    ssl_msg.c
  CC    ssl_ticket.c
  CC    ssl_tls.c
  CC    ssl_ticket.c
  CC    ssl_ticket.c
  CC    ssl_tls.c
  CC    ssl_tls.c
  CC    ssl_tls12_client.c
  CC    ssl_tls12_client.c
  CC    ssl_tls12_server.c
  CC    ssl_tls12_server.c
  CC    ssl_tls12_client.c
  CC    ssl_tls12_server.c
  CC    ssl_tls13_keys.c
  CC    ssl_tls13_client.c
  CC    ssl_tls13_server.c
  CC    ssl_tls13_generic.c
  CC    error.c
  CC    psa_crypto_driver_wrappers.c
  CC    ssl_tls13_keys.c
  CC    error.c
  AR    libmbedx509.a
  AR    libmbedtls.a
  AR    libmbedcrypto.a
  CC    ssl_tls13_keys.c
make[1]: Leaving directory '/tmp/silent-mbedtls-N012-S0_H0-tpg6b5wi/library'
  CC    ssl_debug_helpers_generated.c
  CC    version_features.c
  AR    libmbedx509.a
  AR    libmbedtls.a
  CC    ssl_debug_helpers_generated.c
  AR    libmbedx509.a
  AR    libmbedcrypto.a
make[1]: Leaving directory '/tmp/silent-mbedtls-N012-S0_H0-tpg6b5wi/library'
  AR    libmbedcrypto.a
  AR    libmbedtls.a
make[1]: Leaving directory '/tmp/silent-mbedtls-N012-S0_H0-tpg6b5wi/library'
 cc common.o onefile.o fuzz_dtlsserver.o ../../tests/src/asn1_helpers.o ../../tests/src/certs.o ../../tests/src/fake_external_rng_for_test.o ../../tests/src/helpers.o ../../tests/src/psa_crypto_helpers.o ../../tests/src/psa_exercise_key.o ../../tests/src/random.o ../../tests/src/threading_helpers.o ../../tests/src/drivers/hash.o ../../tests/src/drivers/platform_builtin_keys.o ../../tests/src/drivers/test_driver_aead.o ../../tests/src/drivers/test_driver_asymmetric_encryption.o ../../tests/src/drivers/test_driver_cipher.o ../../tests/src/drivers/test_driver_key_management.o ../../tests/src/drivers/test_driver_mac.o ../../tests/src/drivers/test_driver_signature.o -L../../library -lmbedtls -lmbedx509 -lmbedcrypto  -o fuzz_dtlsserver
make: Leaving directory '/tmp/silent-mbedtls-N012-S0_H0-tpg6b5wi/programs/fuzz'

RUNTIME:
Warning: fuzzing without constant time
"
N012,S1_H0,fuzz_dtlsserver,PASS,PASS,0,0,7.363,make -j4 mbedtls_test ; make -C programs/fuzz -j4 fuzz_dtlsserver,"make[1]: Entering directory '/tmp/silent-mbedtls-N012-S1_H0-74i1q3a1/tests'
  CC    src/asn1_helpers.c
  CC    src/certs.c
  CC    src/fake_external_rng_for_test.c
  CC    src/helpers.c
  CC    src/psa_crypto_helpers.c
  CC    src/psa_exercise_key.c
  CC    src/random.c
  CC    src/threading_helpers.c
  CC    src/drivers/hash.c
  CC    src/drivers/platform_builtin_keys.c
  CC    src/drivers/test_driver_aead.c
  CC    src/drivers/test_driver_asymmetric_encryption.c
  CC    src/drivers/test_driver_cipher.c
  CC    src/drivers/test_driver_key_management.c
  CC    src/drivers/test_driver_mac.c
  CC    src/drivers/test_driver_signature.c
make[1]: Leaving directory '/tmp/silent-mbedtls-N012-S1_H0-74i1q3a1/tests'
make: Entering directory '/tmp/silent-mbedtls-N012-S1_H0-74i1q3a1/programs/fuzz'
make[1]: Entering directory '/tmp/silent-mbedtls-N012-S1_H0-74i1q3a1/library'
  CC    aes.c
make[1]: Entering directory '/tmp/silent-mbedtls-N012-S1_H0-74i1q3a1/library'
  CC    aes.c
  CC    aesni.c
  CC    aria.c
  CC    asn1parse.c
  CC    asn1write.c
  CC    base64.c
make[1]: Entering directory '/tmp/silent-mbedtls-N012-S1_H0-74i1q3a1/library'
  CC    aes.c
  CC    base64.c
  CC    aesni.c
  CC    bignum.c
  CC    bignum.c
  CC    bignum.c
  CC    bignum_core.c
  CC    bignum_core.c
  CC    bignum_mod.c
  CC    bignum_mod_raw.c
  CC    bignum_core.c
  CC    camellia.c
  CC    bignum_mod.c
  CC    camellia.c
  CC    ccm.c
  CC    bignum_mod_raw.c
  CC    camellia.c
  CC    chacha20.c
  CC    chachapoly.c
  CC    ccm.c
  CC    chacha20.c
  CC    cipher.c
  CC    ccm.c
  CC    cipher.c
  CC    chachapoly.c
  CC    cipher.c
  CC    cipher_wrap.c
  CC    cipher_wrap.c
  CC    cmac.c
  CC    cmac.c
  CC    constant_time.c
  CC    cipher_wrap.c
  CC    constant_time.c
  CC    ctr_drbg.c
  CC    cmac.c
  CC    ctr_drbg.c
  CC    des.c
  CC    des.c
  CC    dhm.c
  CC    constant_time.c
  CC    des.c
  CC    ecdh.c
  CC    dhm.c
  CC    ecdh.c
  CC    ecdsa.c
  CC    ecjpake.c
  CC    ecdh.c
  CC    ecp.c
  CC    ecdsa.c
  CC    ecdsa.c
  CC    ecjpake.c
  CC    ecp.c
  CC    ecjpake.c
  CC    ecp_curves.c
  CC    ecp.c
  CC    ecp_curves.c
  CC    entropy.c
  CC    entropy.c
  CC    entropy_poll.c
  Gen   error.c
  CC    entropy_poll.c
  CC    ecp_curves.c
  Gen   error.c
  Gen   error.c
  CC    gcm.c
  CC    gcm.c
  CC    gcm.c
  CC    hash_info.c
  CC    hkdf.c
  CC    hmac_drbg.c
  CC    hash_info.c
  CC    lmots.c
  CC    hkdf.c
  CC    hash_info.c
  CC    hmac_drbg.c
  CC    hmac_drbg.c
  CC    lms.c
  CC    lmots.c
  CC    md.c
  CC    md5.c
  CC    lmots.c
  CC    lms.c
  CC    md.c
  CC    md.c
  CC    memory_buffer_alloc.c
  CC    mps_reader.c
  CC    mps_trace.c
  CC    md5.c
  CC    nist_kw.c
  CC    mps_trace.c
  CC    md5.c
  CC    nist_kw.c
  CC    nist_kw.c
  CC    oid.c
  CC    oid.c
  CC    padlock.c
  CC    padlock.c
  CC    oid.c
  CC    pem.c
  CC    pem.c
  CC    pem.c
  CC    pk.c
  CC    pk.c
  CC    pk.c
  CC    pk_wrap.c
  CC    pk_wrap.c
  CC    pk_wrap.c
  CC    pkcs12.c
  CC    pkcs5.c
  CC    pkparse.c
  CC    pkcs12.c
  CC    pkcs12.c
  CC    pkwrite.c
  CC    pkcs5.c
  CC    pkcs5.c
  CC    pkparse.c
  CC    pkparse.c
  CC    platform.c
  CC    platform_util.c
  CC    platform.c
  CC    poly1305.c
  CC    psa_crypto.c
  CC    platform_util.c
  CC    psa_crypto_aead.c
  CC    psa_crypto.c
  CC    platform.c
  CC    psa_crypto.c
  CC    psa_crypto_cipher.c
  CC    psa_crypto_aead.c
  CC    psa_crypto_client.c
  CC    psa_crypto_client.c
  Gen   psa_crypto_driver_wrappers.c
  Gen   psa_crypto_driver_wrappers.c
  CC    psa_crypto_ecp.c
  CC    psa_crypto_hash.c
  CC    psa_crypto_ecp.c
  CC    psa_crypto_mac.c
  CC    psa_crypto_mac.c
  CC    psa_crypto_pake.c
  CC    psa_crypto_rsa.c
  CC    psa_crypto_aead.c
  CC    psa_crypto_pake.c
  CC    psa_crypto_driver_wrappers.c
  CC    psa_crypto_pake.c
  CC    psa_crypto_se.c
  CC    psa_crypto_slot_management.c
  CC    psa_crypto_rsa.c
  CC    psa_crypto_storage.c
  CC    psa_crypto_se.c
  CC    psa_crypto_storage.c
  CC    psa_its_file.c
  CC    psa_crypto_slot_management.c
  CC    psa_crypto_storage.c
  CC    ripemd160.c
  CC    psa_its_file.c
  CC    ripemd160.c
  CC    rsa.c
  CC    psa_its_file.c
  CC    ripemd160.c
  CC    rsa.c
  CC    rsa_alt_helpers.c
  CC    rsa.c
  CC    rsa_alt_helpers.c
  CC    sha1.c
  CC    sha1.c
  CC    rsa_alt_helpers.c
  CC    sha256.c
  CC    sha512.c
  CC    sha1.c
  CC    sha256.c
  Gen   ssl_debug_helpers_generated.c
  CC    sha256.c
  Gen   ssl_debug_helpers_generated.c
  CC    threading.c
  CC    timing.c
  CC    sha512.c
  CC    threading.c
  CC    version.c
  Gen   version_features.c
  CC    timing.c
  CC    ../3rdparty/everest/library/everest.c
  CC    ../3rdparty/everest/library/x25519.c
  CC    ../3rdparty/everest/library/Hacl_Curve25519_joined.c
  CC    version.c
  CC    x509.c
  CC    version_features.c
  CC    x509.c
  CC    x509_create.c
  CC    ssl_debug_helpers_generated.c
  CC    x509.c
  CC    x509_crl.c
  CC    x509_create.c
  CC    x509_crl.c
  CC    x509_crl.c
  CC    x509_crt.c
  CC    x509_crt.c
  CC    x509_crt.c
  CC    x509_csr.c
  CC    x509write_crt.c
  CC    x509write_csr.c
  CC    debug.c
  CC    x509_csr.c
  CC    x509_csr.c
  CC    net_sockets.c
  CC    debug.c
  CC    net_sockets.c
  CC    debug.c
  CC    ssl_cache.c
  CC    ssl_cache.c
  CC    ssl_ciphersuites.c
  CC    net_sockets.c
  CC    ssl_ciphersuites.c
  CC    ssl_client.c
  CC    ssl_client.c
  CC    ssl_cookie.c
  CC    ssl_cache.c
  CC    ssl_cookie.c
  CC    ssl_msg.c
  CC    ssl_msg.c
  CC    ssl_client.c
  CC    ssl_msg.c
  CC    ssl_ticket.c
  CC    ssl_ticket.c
  CC    ssl_tls.c
  CC    ssl_tls.c
  CC    ssl_ticket.c
  CC    ssl_tls.c
  CC    ssl_tls12_client.c
  CC    ssl_tls12_server.c
  CC    ssl_tls13_keys.c
  CC    ssl_tls13_client.c
  CC    ssl_tls13_server.c
  CC    ssl_tls13_generic.c
  CC    ssl_tls12_client.c
  CC    ssl_tls12_client.c
  CC    ssl_tls12_server.c
  CC    error.c
  CC    ssl_tls12_server.c
  CC    psa_crypto_driver_wrappers.c
  AR    libmbedx509.a
  AR    libmbedtls.a
  AR    libmbedcrypto.a
make[1]: Leaving directory '/tmp/silent-mbedtls-N012-S1_H0-74i1q3a1/library'
  CC    error.c
  CC    psa_crypto_driver_wrappers.c
  CC    ssl_debug_helpers_generated.c
  AR    libmbedx509.a
  AR    libmbedtls.a
  AR    libmbedcrypto.a
make[1]: Leaving directory '/tmp/silent-mbedtls-N012-S1_H0-74i1q3a1/library'
  CC    error.c
  CC    ssl_debug_helpers_generated.c
  CC    version_features.c
  AR    libmbedx509.a
  AR    libmbedtls.a
  AR    libmbedcrypto.a
make[1]: Leaving directory '/tmp/silent-mbedtls-N012-S1_H0-74i1q3a1/library'
 cc common.o onefile.o fuzz_dtlsserver.o ../../tests/src/asn1_helpers.o ../../tests/src/certs.o ../../tests/src/fake_external_rng_for_test.o ../../tests/src/helpers.o ../../tests/src/psa_crypto_helpers.o ../../tests/src/psa_exercise_key.o ../../tests/src/random.o ../../tests/src/threading_helpers.o ../../tests/src/drivers/hash.o ../../tests/src/drivers/platform_builtin_keys.o ../../tests/src/drivers/test_driver_aead.o ../../tests/src/drivers/test_driver_asymmetric_encryption.o ../../tests/src/drivers/test_driver_cipher.o ../../tests/src/drivers/test_driver_key_management.o ../../tests/src/drivers/test_driver_mac.o ../../tests/src/drivers/test_driver_signature.o -L../../library -lmbedtls -lmbedx509 -lmbedcrypto  -o fuzz_dtlsserver
make: Leaving directory '/tmp/silent-mbedtls-N012-S1_H0-74i1q3a1/programs/fuzz'

RUNTIME:
Warning: fuzzing without constant time
"
N012,S1_H1,fuzz_dtlsserver,PASS,PASS,0,0,7.531,make -j4 mbedtls_test ; make -C programs/fuzz -j4 fuzz_dtlsserver,"make[1]: Entering directory '/tmp/silent-mbedtls-N012-S1_H1-l13gbjpb/tests'
  CC    src/asn1_helpers.c
  CC    src/certs.c
  CC    src/fake_external_rng_for_test.c
  CC    src/helpers.c
  CC    src/psa_crypto_helpers.c
  CC    src/psa_exercise_key.c
  CC    src/random.c
  CC    src/threading_helpers.c
  CC    src/drivers/hash.c
  CC    src/drivers/platform_builtin_keys.c
  CC    src/drivers/test_driver_aead.c
  CC    src/drivers/test_driver_asymmetric_encryption.c
  CC    src/drivers/test_driver_cipher.c
  CC    src/drivers/test_driver_key_management.c
  CC    src/drivers/test_driver_mac.c
  CC    src/drivers/test_driver_signature.c
make[1]: Leaving directory '/tmp/silent-mbedtls-N012-S1_H1-l13gbjpb/tests'
make: Entering directory '/tmp/silent-mbedtls-N012-S1_H1-l13gbjpb/programs/fuzz'
make[1]: Entering directory '/tmp/silent-mbedtls-N012-S1_H1-l13gbjpb/library'
  CC    aes.c
make[1]: Entering directory '/tmp/silent-mbedtls-N012-S1_H1-l13gbjpb/library'
  CC    aes.c
  CC    aesni.c
make[1]: Entering directory '/tmp/silent-mbedtls-N012-S1_H1-l13gbjpb/library'
  CC    aes.c
  CC    aria.c
  CC    asn1parse.c
  CC    aesni.c
  CC    asn1write.c
  CC    asn1parse.c
  CC    base64.c
  CC    aesni.c
  CC    asn1write.c
  CC    bignum.c
  CC    bignum_core.c
  CC    asn1write.c
  CC    base64.c
  CC    bignum.c
  CC    bignum_core.c
  CC    bignum.c
  CC    bignum_mod.c
  CC    bignum_mod_raw.c
  CC    camellia.c
  CC    ccm.c
  CC    bignum_mod.c
  CC    ccm.c
  CC    chacha20.c
  CC    chachapoly.c
  CC    bignum_mod.c
  CC    cipher.c
  CC    chacha20.c
  CC    cipher_wrap.c
  CC    chacha20.c
  CC    chachapoly.c
  CC    cmac.c
  CC    cipher.c
  CC    cipher.c
  CC    cmac.c
  CC    constant_time.c
  CC    constant_time.c
  CC    cmac.c
  CC    ctr_drbg.c
  CC    ctr_drbg.c
  CC    des.c
  CC    constant_time.c
  CC    ctr_drbg.c
  CC    des.c
  CC    des.c
  CC    dhm.c
  CC    dhm.c
  CC    ecdh.c
  CC    ecdh.c
  CC    ecdsa.c
  CC    ecdsa.c
  CC    dhm.c
  CC    ecjpake.c
  CC    ecp.c
  CC    ecjpake.c
  CC    ecdsa.c
  CC    ecp_curves.c
  CC    ecjpake.c
  CC    ecp.c
  CC    ecp.c
  CC    entropy.c
  CC    entropy_poll.c
  Gen   error.c
  CC    gcm.c
  CC    hash_info.c
  CC    ecp_curves.c
  CC    hkdf.c
  CC    hmac_drbg.c
  CC    lmots.c
  CC    ecp_curves.c
  CC    lms.c
  CC    md.c
  CC    error.c
  CC    md5.c
  CC    error.c
  CC    md.c
  CC    md5.c
  CC    memory_buffer_alloc.c
  CC    mps_reader.c
  CC    mps_trace.c
  CC    md5.c
  CC    nist_kw.c
  CC    mps_reader.c
  CC    nist_kw.c
  CC    memory_buffer_alloc.c
  CC    nist_kw.c
  CC    oid.c
  CC    oid.c
  CC    padlock.c
  CC    pem.c
  CC    oid.c
  CC    pem.c
  CC    padlock.c
  CC    pem.c
  CC    pk.c
  CC    pk.c
  CC    pk_wrap.c
  CC    pk.c
  CC    pk_wrap.c
  CC    pkcs12.c
  CC    pkcs12.c
  CC    pk_wrap.c
  CC    pkcs12.c
  CC    pkcs5.c
  CC    pkcs5.c
  CC    pkparse.c
  CC    pkcs5.c
  CC    pkparse.c
  CC    pkwrite.c
  CC    pkparse.c
  CC    platform.c
  CC    platform_util.c
  CC    pkwrite.c
  CC    poly1305.c
  CC    psa_crypto.c
  CC    pkwrite.c
  CC    platform_util.c
  CC    psa_crypto_aead.c
  CC    poly1305.c
  CC    poly1305.c
  CC    psa_crypto_cipher.c
  CC    psa_crypto.c
  CC    psa_crypto.c
  CC    psa_crypto_client.c
  CC    psa_crypto_cipher.c
  Gen   psa_crypto_driver_wrappers.c
  Gen   psa_crypto_driver_wrappers.c
  CC    psa_crypto_ecp.c
  CC    psa_crypto_cipher.c
  CC    psa_crypto_hash.c
  CC    psa_crypto_mac.c
  CC    psa_crypto_pake.c
  CC    psa_crypto_rsa.c
  CC    psa_crypto_se.c
  CC    psa_crypto_slot_management.c
  CC    psa_crypto_driver_wrappers.c
  CC    psa_crypto_slot_management.c
  CC    psa_crypto_storage.c
  CC    psa_crypto_ecp.c
  CC    psa_crypto_storage.c
  CC    psa_crypto_storage.c
  CC    psa_its_file.c
  CC    ripemd160.c
  CC    psa_its_file.c
  CC    psa_its_file.c
  CC    rsa.c
  CC    ripemd160.c
  CC    ripemd160.c
  CC    rsa.c
  CC    rsa.c
  CC    rsa_alt_helpers.c
  CC    sha1.c
  CC    rsa_alt_helpers.c
  CC    sha1.c
  CC    sha256.c
  CC    rsa_alt_helpers.c
  CC    sha256.c
  CC    sha512.c
  CC    sha256.c
  CC    sha512.c
  Gen   ssl_debug_helpers_generated.c
  CC    sha512.c
  Gen   ssl_debug_helpers_generated.c
  CC    threading.c
  CC    timing.c
  CC    version.c
  Gen   version_features.c
  Gen   ssl_debug_helpers_generated.c
  CC    version.c
  CC    ../3rdparty/everest/library/everest.c
  CC    ../3rdparty/everest/library/x25519.c
  CC    ../3rdparty/everest/library/Hacl_Curve25519_joined.c
  Gen   version_features.c
  CC    x509.c
  CC    x509_create.c
  CC    ../3rdparty/everest/library/Hacl_Curve25519_joined.c
  CC    x509.c
  CC    threading.c
  CC    version_features.c
  CC    x509_crl.c
  CC    x509.c
  CC    x509_crl.c
  CC    x509_crt.c
  CC    x509_create.c
  CC    x509_crt.c
  CC    x509_crt.c
  CC    x509_csr.c
  CC    x509write_crt.c
  CC    x509_csr.c
  CC    x509write_csr.c
  CC    x509_csr.c
  CC    x509write_csr.c
  CC    x509write_csr.c
  CC    debug.c
  CC    debug.c
  CC    net_sockets.c
  CC    debug.c
  CC    ssl_cache.c
  CC    net_sockets.c
  CC    ssl_ciphersuites.c
  CC    net_sockets.c
  CC    ssl_cache.c
  CC    ssl_client.c
  CC    ssl_cache.c
  CC    ssl_client.c
  CC    ssl_ciphersuites.c
  CC    ssl_cookie.c
  CC    ssl_cookie.c
  CC    ssl_client.c
  CC    ssl_cookie.c
  CC    ssl_msg.c
  CC    ssl_msg.c
  CC    ssl_msg.c
  CC    ssl_ticket.c
  CC    ssl_tls.c
  CC    ssl_ticket.c
  CC    ssl_ticket.c
  CC    ssl_tls12_client.c
  CC    ssl_tls.c
  CC    ssl_tls.c
  CC    ssl_tls12_server.c
  CC    ssl_tls12_client.c
  CC    ssl_tls12_server.c
  CC    ssl_tls13_keys.c
  CC    ssl_tls13_client.c
  CC    ssl_tls13_server.c
  CC    ssl_tls13_generic.c
  CC    ssl_debug_helpers_generated.c
  CC    ssl_tls12_client.c
  AR    libmbedx509.a
  AR    libmbedtls.a
  CC    ssl_tls13_keys.c
  AR    libmbedcrypto.a
make[1]: Leaving directory '/tmp/silent-mbedtls-N012-S1_H1-l13gbjpb/library'
  CC    error.c
  CC    psa_crypto_driver_wrappers.c
  CC    ssl_debug_helpers_generated.c
  CC    version_features.c
  AR    libmbedx509.a
  AR    libmbedcrypto.a
  AR    libmbedtls.a
make[1]: Leaving directory '/tmp/silent-mbedtls-N012-S1_H1-l13gbjpb/library'
  CC    psa_crypto_driver_wrappers.c
  CC    ssl_debug_helpers_generated.c
  CC    version_features.c
  AR    libmbedx509.a
  AR    libmbedtls.a
  AR    libmbedcrypto.a
make[1]: Leaving directory '/tmp/silent-mbedtls-N012-S1_H1-l13gbjpb/library'
 cc common.o onefile.o fuzz_dtlsserver.o ../../tests/src/asn1_helpers.o ../../tests/src/certs.o ../../tests/src/fake_external_rng_for_test.o ../../tests/src/helpers.o ../../tests/src/psa_crypto_helpers.o ../../tests/src/psa_exercise_key.o ../../tests/src/random.o ../../tests/src/threading_helpers.o ../../tests/src/drivers/hash.o ../../tests/src/drivers/platform_builtin_keys.o ../../tests/src/drivers/test_driver_aead.o ../../tests/src/drivers/test_driver_asymmetric_encryption.o ../../tests/src/drivers/test_driver_cipher.o ../../tests/src/drivers/test_driver_key_management.o ../../tests/src/drivers/test_driver_mac.o ../../tests/src/drivers/test_driver_signature.o -L../../library -lmbedtls -lmbedx509 -lmbedcrypto  -o fuzz_dtlsserver
make: Leaving directory '/tmp/silent-mbedtls-N012-S1_H1-l13gbjpb/programs/fuzz'

RUNTIME:
Warning: fuzzing without constant time
"
N013,S0_H0,fuzz_client,PASS,PASS,0,0,8.344,make -j4 mbedtls_test ; make -C programs/fuzz -j4 fuzz_client,"make[1]: Entering directory '/tmp/silent-mbedtls-N013-S0_H0-5_s5q9f5/tests'
  CC    src/asn1_helpers.c
  CC    src/bignum_helpers.c
  CC    src/certs.c
  CC    src/fake_external_rng_for_test.c
  CC    src/helpers.c
  CC    src/psa_crypto_helpers.c
  CC    src/psa_exercise_key.c
  CC    src/random.c
  CC    src/threading_helpers.c
  CC    src/drivers/hash.c
  CC    src/drivers/platform_builtin_keys.c
  CC    src/drivers/test_driver_aead.c
  CC    src/drivers/test_driver_asymmetric_encryption.c
  CC    src/drivers/test_driver_cipher.c
  CC    src/drivers/test_driver_key_agreement.c
  CC    src/drivers/test_driver_key_management.c
  CC    src/drivers/test_driver_mac.c
  CC    src/drivers/test_driver_signature.c
make[1]: Leaving directory '/tmp/silent-mbedtls-N013-S0_H0-5_s5q9f5/tests'
make: Entering directory '/tmp/silent-mbedtls-N013-S0_H0-5_s5q9f5/programs/fuzz'
make[1]: Entering directory '/tmp/silent-mbedtls-N013-S0_H0-5_s5q9f5/library'
  CC    aes.c
make[1]: Entering directory '/tmp/silent-mbedtls-N013-S0_H0-5_s5q9f5/library'
  CC    aes.c
  CC    aesni.c
make[1]: Entering directory '/tmp/silent-mbedtls-N013-S0_H0-5_s5q9f5/library'
  CC    aes.c
  CC    aria.c
  CC    asn1parse.c
  CC    aesni.c
  CC    asn1write.c
  CC    asn1parse.c
  CC    base64.c
  CC    aesni.c
  CC    asn1write.c
  CC    bignum.c
  CC    bignum_core.c
  CC    asn1write.c
  CC    base64.c
  CC    bignum.c
  CC    bignum.c
  CC    bignum_core.c
  CC    bignum_mod.c
  CC    bignum_mod.c
  CC    bignum_mod_raw.c
  CC    camellia.c
  CC    bignum_mod_raw.c
  CC    bignum_core.c
  CC    camellia.c
  CC    camellia.c
  CC    ccm.c
  CC    ccm.c
  CC    ccm.c
  CC    chacha20.c
  CC    chacha20.c
  CC    chachapoly.c
  CC    chachapoly.c
  CC    cipher.c
  CC    chacha20.c
  CC    cipher.c
  CC    cipher_wrap.c
  CC    chachapoly.c
  CC    cmac.c
  CC    constant_time.c
  CC    cipher.c
  CC    cipher_wrap.c
  CC    cmac.c
  CC    ctr_drbg.c
  CC    constant_time.c
  CC    cmac.c
  CC    ctr_drbg.c
  CC    des.c
  CC    ctr_drbg.c
  CC    des.c
  CC    des.c
  CC    dhm.c
  CC    dhm.c
  CC    ecdh.c
  CC    dhm.c
  CC    ecdh.c
  CC    ecdsa.c
  CC    ecdsa.c
  CC    ecjpake.c
  CC    ecdh.c
  CC    ecjpake.c
  CC    ecp.c
  CC    ecdsa.c
  CC    ecp.c
  CC    ecjpake.c
  CC    ecp_curves.c
  CC    ecp.c
  CC    entropy.c
  CC    ecp_curves.c
  CC    entropy_poll.c
  CC    ecp_curves.c
  Gen   error.c
  CC    gcm.c
  CC    hash_info.c
  CC    hkdf.c
  CC    entropy.c
  CC    error.c
  CC    hmac_drbg.c
  CC    entropy_poll.c
  CC    error.c
  CC    gcm.c
  CC    hmac_drbg.c
  CC    lmots.c
  CC    lms.c
  CC    lmots.c
  CC    md.c
  CC    md5.c
  CC    hmac_drbg.c
  CC    lms.c
  CC    md.c
  CC    memory_buffer_alloc.c
  CC    md.c
  CC    memory_buffer_alloc.c
  CC    nist_kw.c
  CC    oid.c
  CC    md5.c
  CC    nist_kw.c
  CC    oid.c
  CC    padlock.c
  CC    pem.c
  CC    nist_kw.c
  CC    padlock.c
  CC    pem.c
  CC    pem.c
  CC    pk.c
  CC    pk_wrap.c
  CC    pk.c
  CC    pk_wrap.c
  CC    pk.c
  CC    pkcs12.c
  CC    pkcs5.c
  CC    pk_wrap.c
  CC    pkcs12.c
  CC    pkparse.c
  CC    pkwrite.c
  CC    pkcs5.c
  CC    pkcs12.c
  CC    platform.c
  CC    pkparse.c
  CC    platform_util.c
  CC    pkparse.c
  CC    platform_util.c
  CC    poly1305.c
  CC    psa_crypto.c
  CC    psa_crypto_aead.c
  CC    platform.c
  CC    poly1305.c
  CC    psa_crypto.c
  CC    psa_crypto_aead.c
  CC    psa_crypto.c
  CC    psa_crypto_cipher.c
  CC    psa_crypto_client.c
  Gen   psa_crypto_driver_wrappers.c
  CC    psa_crypto_ecp.c
  CC    psa_crypto_hash.c
  CC    psa_crypto_cipher.c
  CC    psa_crypto_driver_wrappers.c
  CC    psa_crypto_cipher.c
  CC    psa_crypto_driver_wrappers.c
  CC    psa_crypto_mac.c
  CC    psa_crypto_mac.c
  CC    psa_crypto_pake.c
  CC    psa_crypto_pake.c
  CC    psa_crypto_rsa.c
  CC    psa_crypto_mac.c
  CC    psa_crypto_pake.c
  CC    psa_crypto_se.c
  CC    psa_crypto_slot_management.c
  CC    psa_crypto_rsa.c
  CC    psa_crypto_se.c
  CC    psa_crypto_storage.c
  CC    psa_crypto_slot_management.c
  CC    psa_its_file.c
  CC    psa_crypto_rsa.c
  CC    psa_crypto_storage.c
  CC    ripemd160.c
  CC    psa_its_file.c
  CC    ripemd160.c
  CC    psa_its_file.c
  CC    ripemd160.c
  CC    rsa.c
  CC    rsa.c
  CC    rsa_alt_helpers.c
  CC    rsa.c
  CC    sha1.c
  CC    rsa_alt_helpers.c
  CC    sha256.c
  CC    sha512.c
  CC    sha1.c
  CC    rsa_alt_helpers.c
  CC    sha256.c
  CC    threading.c
  CC    timing.c
  CC    sha512.c
  CC    version.c
  CC    sha256.c
  Gen   version_features.c
  CC    ../3rdparty/everest/library/everest.c
  CC    ../3rdparty/everest/library/x25519.c
  CC    ../3rdparty/everest/library/Hacl_Curve25519_joined.c
  CC    x509.c
  CC    timing.c
  CC    version_features.c
  CC    x509.c
  CC    version.c
  CC    x509.c
  CC    x509_create.c
  CC    x509_create.c
  CC    x509_create.c
  CC    x509_crl.c
  CC    x509_crt.c
  CC    x509_crl.c
  CC    x509_crl.c
  CC    x509_crt.c
  CC    x509_crt.c
  CC    x509_csr.c
  CC    x509write_crt.c
  CC    x509write_csr.c
  CC    pkcs7.c
  CC    x509_csr.c
  CC    debug.c
  CC    pkcs7.c
  CC    debug.c
  CC    mps_reader.c
  CC    mps_reader.c
  CC    x509_csr.c
  CC    mps_trace.c
  CC    mps_trace.c
  CC    net_sockets.c
  CC    net_sockets.c
  CC    debug.c
  CC    net_sockets.c
  CC    ssl_cache.c
  CC    ssl_cache.c
  CC    ssl_ciphersuites.c
  CC    ssl_cache.c
  CC    ssl_ciphersuites.c
  CC    ssl_client.c
  CC    ssl_client.c
  CC    ssl_ciphersuites.c
  CC    ssl_cookie.c
  Gen   ssl_debug_helpers_generated.c
  CC    ssl_client.c
  CC    ssl_msg.c
  CC    ssl_cookie.c
  CC    ssl_debug_helpers_generated.c
  CC    ssl_msg.c
  CC    ssl_ticket.c
  CC    ssl_cookie.c
  CC    ssl_msg.c
  CC    ssl_tls.c
  CC    ssl_ticket.c
  CC    ssl_tls12_client.c
  CC    ssl_ticket.c
  CC    ssl_tls.c
  CC    ssl_tls.c
  CC    ssl_tls12_client.c
  CC    ssl_tls12_server.c
  CC    ssl_tls12_server.c
  CC    ssl_tls13_keys.c
  CC    ssl_tls13_client.c
  CC    ssl_tls13_server.c
  CC    ssl_tls13_generic.c
  CC    error.c
  AR    libmbedx509.a
  CC    ssl_tls12_client.c
  CC    ssl_debug_helpers_generated.c
  CC    ssl_tls13_keys.c
  CC    psa_crypto_driver_wrappers.c
  AR    libmbedcrypto.a
  AR    libmbedtls.a
make[1]: Leaving directory '/tmp/silent-mbedtls-N013-S0_H0-5_s5q9f5/library'
  CC    version_features.c
  AR    libmbedx509.a
  AR    libmbedtls.a
  AR    libmbedcrypto.a
make[1]: Leaving directory '/tmp/silent-mbedtls-N013-S0_H0-5_s5q9f5/library'
  AR    libmbedcrypto.a
  AR    libmbedx509.a
  AR    libmbedtls.a
make[1]: Leaving directory '/tmp/silent-mbedtls-N013-S0_H0-5_s5q9f5/library'
 cc common.o onefile.o fuzz_client.o ../../tests/src/asn1_helpers.o ../../tests/src/bignum_helpers.o ../../tests/src/certs.o ../../tests/src/fake_external_rng_for_test.o ../../tests/src/helpers.o ../../tests/src/psa_crypto_helpers.o ../../tests/src/psa_exercise_key.o ../../tests/src/random.o ../../tests/src/threading_helpers.o ../../tests/src/drivers/hash.o ../../tests/src/drivers/platform_builtin_keys.o ../../tests/src/drivers/test_driver_aead.o ../../tests/src/drivers/test_driver_asymmetric_encryption.o ../../tests/src/drivers/test_driver_cipher.o ../../tests/src/drivers/test_driver_key_agreement.o ../../tests/src/drivers/test_driver_key_management.o ../../tests/src/drivers/test_driver_mac.o ../../tests/src/drivers/test_driver_signature.o -L../../library -lmbedtls -lmbedx509 -lmbedcrypto  -o fuzz_client
make: Leaving directory '/tmp/silent-mbedtls-N013-S0_H0-5_s5q9f5/programs/fuzz'

RUNTIME:
Warning: fuzzing without constant time
"
N013,S1_H0,fuzz_client,PASS,PASS,0,0,7.653,make -j4 mbedtls_test ; make -C programs/fuzz -j4 fuzz_client,"make[1]: Entering directory '/tmp/silent-mbedtls-N013-S1_H0-eonrdd8m/tests'
  CC    src/asn1_helpers.c
  CC    src/bignum_helpers.c
  CC    src/fake_external_rng_for_test.c
  CC    src/certs.c
  CC    src/helpers.c
  CC    src/psa_crypto_helpers.c
  CC    src/psa_exercise_key.c
  CC    src/random.c
  CC    src/threading_helpers.c
  CC    src/drivers/hash.c
  CC    src/drivers/platform_builtin_keys.c
  CC    src/drivers/test_driver_asymmetric_encryption.c
  CC    src/drivers/test_driver_aead.c
  CC    src/drivers/test_driver_cipher.c
  CC    src/drivers/test_driver_key_agreement.c
  CC    src/drivers/test_driver_key_management.c
  CC    src/drivers/test_driver_signature.c
  CC    src/drivers/test_driver_mac.c
make[1]: Leaving directory '/tmp/silent-mbedtls-N013-S1_H0-eonrdd8m/tests'
make: Entering directory '/tmp/silent-mbedtls-N013-S1_H0-eonrdd8m/programs/fuzz'
make[1]: Entering directory '/tmp/silent-mbedtls-N013-S1_H0-eonrdd8m/library'
  CC    aes.c
make[1]: Entering directory '/tmp/silent-mbedtls-N013-S1_H0-eonrdd8m/library'
  CC    aes.c
make[1]: Entering directory '/tmp/silent-mbedtls-N013-S1_H0-eonrdd8m/library'
  CC    aes.c
  CC    aesni.c
  CC    aria.c
  CC    asn1parse.c
  CC    aesni.c
  CC    aesni.c
  CC    asn1parse.c
  CC    asn1write.c
  CC    asn1write.c
  CC    asn1parse.c
  CC    base64.c
  CC    asn1write.c
  CC    base64.c
  CC    base64.c
  CC    bignum.c
  CC    bignum.c
  CC    bignum.c
  CC    bignum_core.c
  CC    bignum_mod.c
  CC    bignum_mod_raw.c
  CC    camellia.c
  CC    bignum_core.c
  CC    camellia.c
  CC    ccm.c
  CC    bignum_core.c
  CC    chacha20.c
  CC    chachapoly.c
  CC    ccm.c
  CC    ccm.c
  CC    chacha20.c
  CC    cipher.c
  CC    chacha20.c
  CC    cipher.c
  CC    cipher.c
  CC    cipher_wrap.c
  CC    cipher_wrap.c
  CC    cipher_wrap.c
  CC    cmac.c
  CC    cmac.c
  CC    constant_time.c
  CC    cmac.c
  CC    ctr_drbg.c
  CC    constant_time.c
  CC    des.c
  CC    constant_time.c
  CC    ctr_drbg.c
  CC    ctr_drbg.c
  CC    dhm.c
  CC    ecdh.c
  CC    des.c
  CC    des.c
  CC    ecdsa.c
  CC    dhm.c
  CC    ecjpake.c
  CC    ecp.c
  CC    dhm.c
  CC    ecdsa.c
  CC    ecjpake.c
  CC    ecjpake.c
  CC    ecp.c
  CC    ecp.c
  CC    ecp_curves.c
  CC    ecp_curves.c
  CC    entropy.c
  CC    entropy_poll.c
  CC    entropy.c
  Gen   error.c
  CC    ecp_curves.c
  Gen   error.c
  Gen   error.c
  CC    gcm.c
  CC    gcm.c
  CC    gcm.c
  CC    hash_info.c
  CC    hkdf.c
  CC    hmac_drbg.c
  CC    hash_info.c
  CC    hash_info.c
  CC    hkdf.c
  CC    hkdf.c
  CC    hmac_drbg.c
  CC    hmac_drbg.c
  CC    lmots.c
  CC    lms.c
  CC    lmots.c
  CC    lmots.c
  CC    md.c
  CC    md5.c
  CC    lms.c
  CC    lms.c
  CC    memory_buffer_alloc.c
  CC    nist_kw.c
  CC    md.c
  CC    nist_kw.c
  CC    md.c
  CC    oid.c
  CC    padlock.c
  CC    oid.c
  CC    pem.c
  CC    nist_kw.c
  CC    pem.c
  CC    pk.c
  CC    pk.c
  CC    oid.c
  CC    pk.c
  CC    pk_wrap.c
  CC    pk_wrap.c
  CC    pk_wrap.c
  CC    pkcs12.c
  CC    pkcs12.c
  CC    pkcs12.c
  CC    pkcs5.c
  CC    pkcs5.c
  CC    pkcs5.c
  CC    pkparse.c
  CC    pkparse.c
  CC    pkparse.c
  CC    pkwrite.c
  CC    pkwrite.c
  CC    platform.c
  CC    pkwrite.c
  CC    platform_util.c
  CC    platform.c
  CC    platform_util.c
  CC    poly1305.c
  CC    poly1305.c
  CC    psa_crypto.c
  CC    platform.c
  CC    poly1305.c
  CC    psa_crypto_aead.c
  CC    psa_crypto.c
  CC    psa_crypto.c
  CC    psa_crypto_cipher.c
  CC    psa_crypto_aead.c
  CC    psa_crypto_client.c
  CC    psa_crypto_client.c
  Gen   psa_crypto_driver_wrappers.c
  CC    psa_crypto_ecp.c
  CC    psa_crypto_hash.c
  CC    psa_crypto_mac.c
  CC    psa_crypto_pake.c
  CC    psa_crypto_aead.c
  CC    psa_crypto_rsa.c
  Gen   psa_crypto_driver_wrappers.c
  CC    psa_crypto_pake.c
  CC    psa_crypto_driver_wrappers.c
  CC    psa_crypto_se.c
  CC    psa_crypto_slot_management.c
  CC    psa_crypto_storage.c
  CC    psa_crypto_rsa.c
  CC    psa_crypto_rsa.c
  CC    psa_its_file.c
  CC    ripemd160.c
  CC    rsa.c
  CC    psa_crypto_slot_management.c
  CC    psa_crypto_slot_management.c
  CC    ripemd160.c
  CC    ripemd160.c
  CC    rsa_alt_helpers.c
  CC    sha1.c
  CC    rsa.c
  CC    rsa.c
  CC    sha256.c
  CC    sha512.c
  CC    sha1.c
  CC    threading.c
  CC    timing.c
  CC    version.c
  Gen   version_features.c
  CC    ../3rdparty/everest/library/everest.c
  CC    ../3rdparty/everest/library/x25519.c
  CC    sha1.c
  CC    version_features.c
  CC    ../3rdparty/everest/library/Hacl_Curve25519_joined.c
  CC    sha512.c
  CC    x509.c
  CC    x509_create.c
  CC    x509_crl.c
  CC    version_features.c
  CC    ../3rdparty/everest/library/everest.c
  CC    x509.c
  CC    x509.c
  CC    x509_crl.c
  CC    x509_crt.c
  CC    x509_crt.c
  CC    x509_crl.c
  CC    x509_crt.c
  CC    x509_csr.c
  CC    x509_csr.c
  CC    x509write_crt.c
  CC    x509_csr.c
  CC    x509write_crt.c
  CC    x509write_crt.c
  CC    x509write_csr.c
  CC    x509write_csr.c
  CC    pkcs7.c
  CC    x509write_csr.c
  CC    debug.c
  CC    pkcs7.c
  CC    debug.c
  CC    mps_reader.c
  CC    mps_reader.c
  CC    mps_trace.c
  CC    pkcs7.c
  CC    net_sockets.c
  CC    debug.c
  CC    mps_trace.c
  CC    net_sockets.c
  CC    ssl_cache.c
  CC    net_sockets.c
  CC    ssl_cache.c
  CC    ssl_ciphersuites.c
  CC    ssl_cache.c
  CC    ssl_ciphersuites.c
  CC    ssl_client.c
  CC    ssl_ciphersuites.c
  CC    ssl_client.c
  CC    ssl_client.c
  CC    ssl_cookie.c
  CC    ssl_cookie.c
  CC    ssl_cookie.c
  Gen   ssl_debug_helpers_generated.c
  CC    ssl_msg.c
  Gen   ssl_debug_helpers_generated.c
  CC    ssl_ticket.c
  CC    ssl_msg.c
  Gen   ssl_debug_helpers_generated.c
  CC    ssl_msg.c
  CC    ssl_ticket.c
  CC    ssl_tls.c
  CC    ssl_tls.c
  CC    ssl_ticket.c
  CC    ssl_tls12_client.c
  CC    ssl_tls.c
  CC    ssl_tls12_server.c
  CC    ssl_tls13_keys.c
  CC    ssl_tls13_client.c
  CC    ssl_tls12_client.c
  CC    ssl_tls12_client.c
  CC    ssl_tls13_server.c
  CC    ssl_tls12_server.c
  CC    ssl_tls13_generic.c
  CC    error.c
  CC    ssl_tls13_server.c
  AR    libmbedx509.a
  CC    ssl_debug_helpers_generated.c
  CC    ssl_tls12_server.c
  AR    libmbedcrypto.a
  AR    libmbedtls.a
make[1]: Leaving directory '/tmp/silent-mbedtls-N013-S1_H0-eonrdd8m/library'
  CC    error.c
  CC    psa_crypto_driver_wrappers.c
  CC    error.c
  CC    psa_crypto_driver_wrappers.c
  AR    libmbedx509.a
  CC    ssl_debug_helpers_generated.c
  CC    version_features.c
  AR    libmbedx509.a
  CC    ssl_debug_helpers_generated.c
  AR    libmbedcrypto.a
  AR    libmbedtls.a
make[1]: Leaving directory '/tmp/silent-mbedtls-N013-S1_H0-eonrdd8m/library'
  AR    libmbedcrypto.a
  AR    libmbedtls.a
make[1]: Leaving directory '/tmp/silent-mbedtls-N013-S1_H0-eonrdd8m/library'
 cc common.o onefile.o fuzz_client.o ../../tests/src/asn1_helpers.o ../../tests/src/bignum_helpers.o ../../tests/src/certs.o ../../tests/src/fake_external_rng_for_test.o ../../tests/src/helpers.o ../../tests/src/psa_crypto_helpers.o ../../tests/src/psa_exercise_key.o ../../tests/src/random.o ../../tests/src/threading_helpers.o ../../tests/src/drivers/hash.o ../../tests/src/drivers/platform_builtin_keys.o ../../tests/src/drivers/test_driver_aead.o ../../tests/src/drivers/test_driver_asymmetric_encryption.o ../../tests/src/drivers/test_driver_cipher.o ../../tests/src/drivers/test_driver_key_agreement.o ../../tests/src/drivers/test_driver_key_management.o ../../tests/src/drivers/test_driver_mac.o ../../tests/src/drivers/test_driver_signature.o -L../../library -lmbedtls -lmbedx509 -lmbedcrypto  -o fuzz_client
make: Leaving directory '/tmp/silent-mbedtls-N013-S1_H0-eonrdd8m/programs/fuzz'

RUNTIME:
Warning: fuzzing without constant time
"
N013,S1_H1,fuzz_client,PASS,PASS,0,0,7.557,make -j4 mbedtls_test ; make -C programs/fuzz -j4 fuzz_client,"make[1]: Entering directory '/tmp/silent-mbedtls-N013-S1_H1-d54du169/tests'
  CC    src/asn1_helpers.c
  CC    src/certs.c
  CC    src/bignum_helpers.c
  CC    src/fake_external_rng_for_test.c
  CC    src/helpers.c
  CC    src/psa_crypto_helpers.c
  CC    src/psa_exercise_key.c
  CC    src/random.c
  CC    src/threading_helpers.c
  CC    src/drivers/hash.c
  CC    src/drivers/platform_builtin_keys.c
  CC    src/drivers/test_driver_aead.c
  CC    src/drivers/test_driver_asymmetric_encryption.c
  CC    src/drivers/test_driver_cipher.c
  CC    src/drivers/test_driver_key_agreement.c
  CC    src/drivers/test_driver_key_management.c
  CC    src/drivers/test_driver_mac.c
  CC    src/drivers/test_driver_signature.c
make[1]: Leaving directory '/tmp/silent-mbedtls-N013-S1_H1-d54du169/tests'
make: Entering directory '/tmp/silent-mbedtls-N013-S1_H1-d54du169/programs/fuzz'
make[1]: Entering directory '/tmp/silent-mbedtls-N013-S1_H1-d54du169/library'
  CC    aes.c
make[1]: Entering directory '/tmp/silent-mbedtls-N013-S1_H1-d54du169/library'
  CC    aes.c
make[1]: Entering directory '/tmp/silent-mbedtls-N013-S1_H1-d54du169/library'
  CC    aes.c
  CC    aesni.c
  CC    aesni.c
  CC    aria.c
  CC    aria.c
  CC    asn1parse.c
  CC    asn1parse.c
  CC    aesni.c
  CC    asn1parse.c
  CC    asn1write.c
  CC    asn1write.c
  CC    asn1write.c
  CC    base64.c
  CC    base64.c
  CC    base64.c
  CC    bignum.c
  CC    bignum.c
  CC    bignum_core.c
  CC    bignum.c
  CC    bignum_mod.c
  CC    bignum_core.c
  CC    bignum_mod_raw.c
  CC    bignum_core.c
  CC    bignum_mod_raw.c
  CC    camellia.c
  CC    camellia.c
  CC    ccm.c
  CC    bignum_mod_raw.c
  CC    chacha20.c
  CC    ccm.c
  CC    chacha20.c
  CC    camellia.c
  CC    chachapoly.c
  CC    cipher.c
  CC    cipher_wrap.c
  CC    chachapoly.c
  CC    chacha20.c
  CC    cipher.c
  CC    cmac.c
  CC    constant_time.c
  CC    cipher.c
  CC    cmac.c
  CC    cipher_wrap.c
  CC    ctr_drbg.c
  CC    des.c
  CC    constant_time.c
  CC    constant_time.c
  CC    des.c
  CC    ctr_drbg.c
  CC    dhm.c
  CC    dhm.c
  CC    ecdh.c
  CC    des.c
  CC    ecdh.c
  CC    ecdsa.c
  CC    ecdsa.c
  CC    ecjpake.c
  CC    ecp.c
  CC    ecjpake.c
  CC    dhm.c
  CC    ecp_curves.c
  CC    ecp.c
  CC    ecjpake.c
  CC    ecp.c
  CC    entropy.c
  CC    ecp_curves.c
  CC    entropy_poll.c
  Gen   error.c
  CC    ecp_curves.c
  CC    gcm.c
  CC    entropy.c
  CC    error.c
  CC    hash_info.c
  CC    gcm.c
  CC    hash_info.c
  CC    hkdf.c
  CC    hmac_drbg.c
  Gen   error.c
  CC    hkdf.c
  CC    lmots.c
  CC    hmac_drbg.c
  CC    hkdf.c
  CC    lmots.c
  CC    lmots.c
  CC    lms.c
  CC    md.c
  CC    lms.c
  CC    md.c
  CC    lms.c
  CC    md5.c
  CC    memory_buffer_alloc.c
  CC    nist_kw.c
  CC    md.c
  CC    md5.c
  CC    oid.c
  CC    padlock.c
  CC    md5.c
  CC    oid.c
  CC    nist_kw.c
  CC    pem.c
  CC    pem.c
  CC    pk.c
  CC    oid.c
  CC    pk.c
  CC    pk_wrap.c
  CC    pkcs12.c
  CC    pem.c
  CC    pk_wrap.c
  CC    pkcs5.c
  CC    pkcs12.c
  CC    pk_wrap.c
  CC    pkcs5.c
  CC    pkparse.c
  CC    pkcs5.c
  CC    pkparse.c
  CC    pkparse.c
  CC    pkwrite.c
  CC    pkwrite.c
  CC    platform.c
  CC    platform_util.c
  CC    platform.c
  CC    pkwrite.c
  CC    platform_util.c
  CC    poly1305.c
  CC    poly1305.c
  CC    psa_crypto.c
  CC    platform_util.c
  CC    psa_crypto_aead.c
  CC    psa_crypto.c
  CC    poly1305.c
  CC    psa_crypto_cipher.c
  CC    psa_crypto.c
  CC    psa_crypto_client.c
  CC    psa_crypto_cipher.c
  Gen   psa_crypto_driver_wrappers.c
  CC    psa_crypto_ecp.c
  CC    psa_crypto_hash.c
  CC    psa_crypto_mac.c
  Gen   psa_crypto_driver_wrappers.c
  CC    psa_crypto_pake.c
  CC    psa_crypto_aead.c
  CC    psa_crypto_driver_wrappers.c
  CC    psa_crypto_mac.c
  CC    psa_crypto_pake.c
  CC    psa_crypto_rsa.c
  CC    psa_crypto_pake.c
  CC    psa_crypto_rsa.c
  CC    psa_crypto_se.c
  CC    psa_crypto_slot_management.c
  CC    psa_crypto_se.c
  CC    psa_crypto_slot_management.c
  CC    psa_crypto_storage.c
  CC    psa_crypto_storage.c
  CC    psa_crypto_rsa.c
  CC    psa_its_file.c
  CC    psa_its_file.c
  CC    ripemd160.c
  CC    ripemd160.c
  CC    rsa.c
  CC    psa_crypto_storage.c
  CC    ripemd160.c
  CC    rsa_alt_helpers.c
  CC    rsa.c
  CC    sha1.c
  CC    rsa.c
  CC    sha1.c
  CC    sha256.c
  CC    rsa_alt_helpers.c
  CC    sha256.c
  CC    sha512.c
  CC    sha512.c
  CC    sha256.c
  CC    sha512.c
  CC    threading.c
  CC    timing.c
  CC    threading.c
  CC    timing.c
  CC    threading.c
  CC    version.c
  Gen   version_features.c
  CC    ../3rdparty/everest/library/everest.c
  CC    version.c
  CC    version_features.c
  CC    ../3rdparty/everest/library/x25519.c
  CC    ../3rdparty/everest/library/Hacl_Curve25519_joined.c
  CC    timing.c
  CC    ../3rdparty/everest/library/everest.c
  CC    ../3rdparty/everest/library/x25519.c
  CC    x509.c
  CC    version_features.c
  CC    ../3rdparty/everest/library/Hacl_Curve25519_joined.c
  CC    x509.c
  CC    x509.c
  CC    x509_create.c
  CC    x509_create.c
  CC    x509_create.c
  CC    x509_crl.c
  CC    x509_crl.c
  CC    x509_crl.c
  CC    x509_crt.c
  CC    x509_crt.c
  CC    x509_csr.c
  CC    x509_crt.c
  CC    x509write_crt.c
  CC    x509_csr.c
  CC    x509write_csr.c
  CC    x509_csr.c
  CC    pkcs7.c
  CC    pkcs7.c
  CC    x509write_csr.c
  CC    debug.c
  CC    debug.c
  CC    debug.c
  CC    mps_reader.c
  CC    mps_reader.c
  CC    mps_trace.c
  CC    mps_trace.c
  CC    mps_reader.c
  CC    net_sockets.c
  CC    net_sockets.c
  CC    ssl_cache.c
  CC    mps_trace.c
  CC    net_sockets.c
  CC    ssl_cache.c
  CC    ssl_ciphersuites.c
  CC    ssl_cache.c
  CC    ssl_ciphersuites.c
  CC    ssl_ciphersuites.c
  CC    ssl_client.c
  CC    ssl_cookie.c
  CC    ssl_client.c
  CC    ssl_client.c
  Gen   ssl_debug_helpers_generated.c
  CC    ssl_msg.c
  CC    ssl_cookie.c
  CC    ssl_cookie.c
  CC    ssl_debug_helpers_generated.c
  CC    ssl_debug_helpers_generated.c
  CC    ssl_msg.c
  CC    ssl_msg.c
  CC    ssl_ticket.c
  CC    ssl_ticket.c
  CC    ssl_tls.c
  CC    ssl_ticket.c
  CC    ssl_tls.c
  CC    ssl_tls12_client.c
  CC    ssl_tls.c
  CC    ssl_tls12_server.c
  CC    ssl_tls12_client.c
  CC    ssl_tls12_server.c
  CC    ssl_tls13_keys.c
  CC    ssl_tls13_keys.c
  CC    ssl_tls13_client.c
  CC    ssl_tls12_client.c
  CC    ssl_tls13_client.c
  CC    ssl_tls13_server.c
  CC    ssl_tls13_generic.c
  CC    ssl_tls13_server.c
  CC    error.c
  CC    psa_crypto_driver_wrappers.c
  AR    libmbedx509.a
  CC    ssl_debug_helpers_generated.c
  CC    ssl_tls13_generic.c
  AR    libmbedcrypto.a
  CC    psa_crypto_driver_wrappers.c
  AR    libmbedtls.a
make[1]: Leaving directory '/tmp/silent-mbedtls-N013-S1_H1-d54du169/library'
  CC    version_features.c
  AR    libmbedx509.a
  CC    ssl_tls13_client.c
  CC    error.c
  AR    libmbedx509.a
  AR    libmbedtls.a
  AR    libmbedtls.a
  AR    libmbedcrypto.a
make[1]: Leaving directory '/tmp/silent-mbedtls-N013-S1_H1-d54du169/library'
  AR    libmbedcrypto.a
make[1]: Leaving directory '/tmp/silent-mbedtls-N013-S1_H1-d54du169/library'
 cc common.o onefile.o fuzz_client.o ../../tests/src/asn1_helpers.o ../../tests/src/bignum_helpers.o ../../tests/src/certs.o ../../tests/src/fake_external_rng_for_test.o ../../tests/src/helpers.o ../../tests/src/psa_crypto_helpers.o ../../tests/src/psa_exercise_key.o ../../tests/src/random.o ../../tests/src/threading_helpers.o ../../tests/src/drivers/hash.o ../../tests/src/drivers/platform_builtin_keys.o ../../tests/src/drivers/test_driver_aead.o ../../tests/src/drivers/test_driver_asymmetric_encryption.o ../../tests/src/drivers/test_driver_cipher.o ../../tests/src/drivers/test_driver_key_agreement.o ../../tests/src/drivers/test_driver_key_management.o ../../tests/src/drivers/test_driver_mac.o ../../tests/src/drivers/test_driver_signature.o -L../../library -lmbedtls -lmbedx509 -lmbedcrypto  -o fuzz_client
make: Leaving directory '/tmp/silent-mbedtls-N013-S1_H1-d54du169/programs/fuzz'

RUNTIME:
Warning: fuzzing without constant time
"
N014,S0_H0,fuzz_client,PASS,PASS,0,0,7.815,make -j4 mbedtls_test ; make -C programs/fuzz -j4 fuzz_client,"make[1]: Entering directory '/tmp/silent-mbedtls-N014-S0_H0-5al_nt15/tests'
  CC    src/asn1_helpers.c
  CC    src/bignum_helpers.c
  CC    src/certs.c
  CC    src/fake_external_rng_for_test.c
  CC    src/helpers.c
  CC    src/psa_crypto_helpers.c
  CC    src/psa_exercise_key.c
  CC    src/random.c
  CC    src/threading_helpers.c
  CC    src/drivers/hash.c
  CC    src/drivers/platform_builtin_keys.c
  CC    src/drivers/test_driver_aead.c
  CC    src/drivers/test_driver_asymmetric_encryption.c
  CC    src/drivers/test_driver_cipher.c
  CC    src/drivers/test_driver_key_agreement.c
  CC    src/drivers/test_driver_key_management.c
  CC    src/drivers/test_driver_mac.c
  CC    src/drivers/test_driver_signature.c
make[1]: Leaving directory '/tmp/silent-mbedtls-N014-S0_H0-5al_nt15/tests'
make: Entering directory '/tmp/silent-mbedtls-N014-S0_H0-5al_nt15/programs/fuzz'
make[1]: Entering directory '/tmp/silent-mbedtls-N014-S0_H0-5al_nt15/library'
  CC    aes.c
make[1]: Entering directory '/tmp/silent-mbedtls-N014-S0_H0-5al_nt15/library'
  CC    aes.c
  CC    aesni.c
make[1]: Entering directory '/tmp/silent-mbedtls-N014-S0_H0-5al_nt15/library'
  CC    aes.c
  CC    aria.c
  CC    asn1parse.c
  CC    aesni.c
  CC    asn1parse.c
  CC    asn1write.c
  CC    asn1write.c
  CC    aesni.c
  CC    asn1write.c
  CC    base64.c
  CC    base64.c
  CC    bignum.c
  CC    base64.c
  CC    bignum.c
  CC    bignum_core.c
  CC    bignum.c
  CC    bignum_mod.c
  CC    bignum_mod_raw.c
  CC    bignum_core.c
  CC    bignum_core.c
  CC    camellia.c
  CC    ccm.c
  CC    camellia.c
  CC    chacha20.c
  CC    camellia.c
  CC    chachapoly.c
  CC    ccm.c
  CC    chacha20.c
  CC    cipher.c
  CC    chachapoly.c
  CC    ccm.c
  CC    cipher.c
  CC    cipher.c
  CC    cipher_wrap.c
  CC    cmac.c
  CC    cipher_wrap.c
  CC    cipher_wrap.c
  CC    cmac.c
  CC    constant_time.c
  CC    cmac.c
  CC    constant_time.c
  CC    ctr_drbg.c
  CC    ctr_drbg.c
  CC    constant_time.c
  CC    ctr_drbg.c
  CC    des.c
  CC    des.c
  CC    dhm.c
  CC    des.c
  CC    dhm.c
  CC    dhm.c
  CC    ecdh.c
  CC    ecdh.c
  CC    ecdsa.c
  CC    ecdh.c
  CC    ecdsa.c
  CC    ecjpake.c
  CC    ecjpake.c
  CC    ecdsa.c
  CC    ecjpake.c
  CC    ecp.c
  CC    ecp.c
  CC    ecp.c
  CC    ecp_curves.c
  CC    entropy.c
  CC    entropy_poll.c
  CC    ecp_curves.c
  CC    entropy.c
  CC    ecp_curves.c
  Gen   error.c
  CC    gcm.c
  CC    hash_info.c
  CC    hkdf.c
  CC    hmac_drbg.c
  Gen   error.c
  CC    lmots.c
  CC    entropy.c
  CC    lms.c
  CC    hmac_drbg.c
  CC    lmots.c
  CC    error.c
  CC    md.c
  CC    md5.c
  CC    lms.c
  CC    lms.c
  CC    md.c
  CC    md.c
  CC    md5.c
  CC    memory_buffer_alloc.c
  CC    nist_kw.c
  CC    md5.c
  CC    memory_buffer_alloc.c
  CC    nist_kw.c
  CC    nist_kw.c
  CC    oid.c
  CC    oid.c
  CC    padlock.c
  CC    oid.c
  CC    padlock.c
  CC    padlock.c
  CC    pem.c
  CC    pem.c
  CC    pem.c
  CC    pk.c
  CC    pk.c
  CC    pk.c
  CC    pk_wrap.c
  CC    pk_wrap.c
  CC    pk_wrap.c
  CC    pkcs12.c
  CC    pkcs12.c
  CC    pkcs5.c
  CC    pkcs5.c
  CC    pkcs12.c
  CC    pkcs5.c
  CC    pkparse.c
  CC    pkparse.c
  CC    pkparse.c
  CC    pkwrite.c
  CC    pkwrite.c
  CC    pkwrite.c
  CC    platform.c
  CC    platform_util.c
  CC    platform.c
  CC    platform_util.c
  CC    poly1305.c
  CC    poly1305.c
  CC    platform.c
  CC    poly1305.c
  CC    psa_crypto.c
  CC    psa_crypto.c
  CC    psa_crypto.c
  CC    psa_crypto_aead.c
  CC    psa_crypto_cipher.c
  CC    psa_crypto_client.c
  Gen   psa_crypto_driver_wrappers.c
  CC    psa_crypto_ecp.c
  CC    psa_crypto_hash.c
  CC    psa_crypto_mac.c
  CC    psa_crypto_pake.c
  CC    psa_crypto_aead.c
  CC    psa_crypto_rsa.c
  CC    psa_crypto_aead.c
  CC    psa_crypto_driver_wrappers.c
  CC    psa_crypto_driver_wrappers.c
  CC    psa_crypto_se.c
  CC    psa_crypto_rsa.c
  CC    psa_crypto_slot_management.c
  CC    psa_crypto_se.c
  CC    psa_crypto_storage.c
  CC    psa_crypto_rsa.c
  CC    psa_crypto_slot_management.c
  CC    psa_crypto_storage.c
  CC    psa_its_file.c
  CC    ripemd160.c
  CC    psa_its_file.c
  CC    rsa.c
  CC    psa_crypto_slot_management.c
  CC    ripemd160.c
  CC    ripemd160.c
  CC    rsa.c
  CC    rsa.c
  CC    rsa_alt_helpers.c
  CC    rsa_alt_helpers.c
  CC    sha1.c
  CC    sha1.c
  CC    rsa_alt_helpers.c
  CC    sha256.c
  CC    sha512.c
  CC    sha1.c
  CC    sha256.c
  CC    sha512.c
  CC    threading.c
  CC    timing.c
  CC    version.c
  Gen   version_features.c
  CC    sha256.c
  CC    version.c
  CC    ../3rdparty/everest/library/everest.c
  CC    ../3rdparty/everest/library/x25519.c
  CC    ../3rdparty/everest/library/Hacl_Curve25519_joined.c
  CC    x509.c
  CC    threading.c
  CC    x509_create.c
  CC    version_features.c
  CC    x509.c
  CC    x509_crl.c
  CC    version_features.c
  CC    x509.c
  CC    x509_crl.c
  CC    x509_crt.c
  CC    x509_create.c
  CC    x509_crt.c
  CC    x509_crt.c
  CC    x509_csr.c
  CC    x509write_crt.c
  CC    x509write_csr.c
  CC    pkcs7.c
  CC    x509_csr.c
  CC    x509_csr.c
  CC    debug.c
  CC    debug.c
  CC    mps_reader.c
  CC    debug.c
  CC    mps_trace.c
  CC    net_sockets.c
  CC    ssl_cache.c
  CC    mps_reader.c
  CC    net_sockets.c
  CC    mps_reader.c
  CC    net_sockets.c
  CC    ssl_cache.c
  CC    ssl_ciphersuites.c
  CC    ssl_ciphersuites.c
  CC    ssl_cache.c
  CC    ssl_client.c
  CC    ssl_client.c
  CC    ssl_cookie.c
  CC    ssl_ciphersuites.c
  Gen   ssl_debug_helpers_generated.c
  CC    ssl_cookie.c
  CC    ssl_client.c
  Gen   ssl_debug_helpers_generated.c
  CC    ssl_msg.c
  CC    ssl_ticket.c
  Gen   ssl_debug_helpers_generated.c
  CC    ssl_msg.c
  CC    ssl_msg.c
  CC    ssl_tls.c
  CC    ssl_tls12_client.c
  CC    ssl_ticket.c
  CC    ssl_ticket.c
  CC    ssl_tls.c
  CC    ssl_tls.c
  CC    ssl_tls12_server.c
  CC    ssl_tls13_keys.c
  CC    ssl_tls13_client.c
  CC    ssl_tls13_server.c
  CC    ssl_tls13_generic.c
  CC    ssl_tls12_client.c
  CC    error.c
  CC    ssl_tls12_server.c
  AR    libmbedx509.a
  CC    ssl_debug_helpers_generated.c
  AR    libmbedcrypto.a
  AR    libmbedtls.a
make[1]: Leaving directory '/tmp/silent-mbedtls-N014-S0_H0-5al_nt15/library'
  CC    ssl_tls12_client.c
  CC    error.c
  CC    psa_crypto_driver_wrappers.c
  CC    version_features.c
  AR    libmbedx509.a
  CC    ssl_debug_helpers_generated.c
  AR    libmbedcrypto.a
  AR    libmbedx509.a
  CC    ssl_debug_helpers_generated.c
  AR    libmbedcrypto.a
  AR    libmbedtls.a
  AR    libmbedtls.a
make[1]: Leaving directory '/tmp/silent-mbedtls-N014-S0_H0-5al_nt15/library'
make[1]: Leaving directory '/tmp/silent-mbedtls-N014-S0_H0-5al_nt15/library'
 cc common.o onefile.o fuzz_client.o ../../tests/src/asn1_helpers.o ../../tests/src/bignum_helpers.o ../../tests/src/certs.o ../../tests/src/fake_external_rng_for_test.o ../../tests/src/helpers.o ../../tests/src/psa_crypto_helpers.o ../../tests/src/psa_exercise_key.o ../../tests/src/random.o ../../tests/src/threading_helpers.o ../../tests/src/drivers/hash.o ../../tests/src/drivers/platform_builtin_keys.o ../../tests/src/drivers/test_driver_aead.o ../../tests/src/drivers/test_driver_asymmetric_encryption.o ../../tests/src/drivers/test_driver_cipher.o ../../tests/src/drivers/test_driver_key_agreement.o ../../tests/src/drivers/test_driver_key_management.o ../../tests/src/drivers/test_driver_mac.o ../../tests/src/drivers/test_driver_signature.o -L../../library -lmbedtls -lmbedx509 -lmbedcrypto  -o fuzz_client
make: Leaving directory '/tmp/silent-mbedtls-N014-S0_H0-5al_nt15/programs/fuzz'

RUNTIME:
Warning: fuzzing without constant time
"
N014,S1_H0,fuzz_client,PASS,PASS,0,0,7.625,make -j4 mbedtls_test ; make -C programs/fuzz -j4 fuzz_client,"make[1]: Entering directory '/tmp/silent-mbedtls-N014-S1_H0-0e7u139r/tests'
  CC    src/bignum_helpers.c
  CC    src/asn1_helpers.c
  CC    src/certs.c
  CC    src/fake_external_rng_for_test.c
  CC    src/helpers.c
  CC    src/psa_crypto_helpers.c
  CC    src/psa_exercise_key.c
  CC    src/random.c
  CC    src/threading_helpers.c
  CC    src/drivers/hash.c
  CC    src/drivers/platform_builtin_keys.c
  CC    src/drivers/test_driver_aead.c
  CC    src/drivers/test_driver_asymmetric_encryption.c
  CC    src/drivers/test_driver_cipher.c
  CC    src/drivers/test_driver_key_agreement.c
  CC    src/drivers/test_driver_key_management.c
  CC    src/drivers/test_driver_mac.c
  CC    src/drivers/test_driver_signature.c
make[1]: Leaving directory '/tmp/silent-mbedtls-N014-S1_H0-0e7u139r/tests'
make: Entering directory '/tmp/silent-mbedtls-N014-S1_H0-0e7u139r/programs/fuzz'
make[1]: Entering directory '/tmp/silent-mbedtls-N014-S1_H0-0e7u139r/library'
  CC    aes.c
make[1]: Entering directory '/tmp/silent-mbedtls-N014-S1_H0-0e7u139r/library'
  CC    aes.c
make[1]: Entering directory '/tmp/silent-mbedtls-N014-S1_H0-0e7u139r/library'
  CC    aes.c
  CC    aesni.c
  CC    aria.c
  CC    asn1parse.c
  CC    aesni.c
  CC    asn1parse.c
  CC    aesni.c
  CC    asn1write.c
  CC    asn1write.c
  CC    asn1parse.c
  CC    asn1write.c
  CC    base64.c
  CC    base64.c
  CC    bignum.c
  CC    bignum.c
  CC    base64.c
  CC    bignum.c
  CC    bignum_core.c
  CC    bignum_core.c
  CC    bignum_mod.c
  CC    bignum_mod.c
  CC    bignum_core.c
  CC    bignum_mod_raw.c
  CC    camellia.c
  CC    bignum_mod_raw.c
  CC    ccm.c
  CC    camellia.c
  CC    bignum_mod.c
  CC    camellia.c
  CC    chacha20.c
  CC    chachapoly.c
  CC    ccm.c
  CC    chacha20.c
  CC    cipher.c
  CC    ccm.c
  CC    cipher.c
  CC    chachapoly.c
  CC    cipher_wrap.c
  CC    cipher.c
  CC    cipher_wrap.c
  CC    cipher_wrap.c
  CC    cmac.c
  CC    cmac.c
  CC    constant_time.c
  CC    cmac.c
  CC    constant_time.c
  CC    ctr_drbg.c
  CC    constant_time.c
  CC    des.c
  CC    ctr_drbg.c
  CC    des.c
  CC    ctr_drbg.c
  CC    dhm.c
  CC    dhm.c
  CC    des.c
  CC    ecdh.c
  CC    dhm.c
  CC    ecdh.c
  CC    ecdsa.c
  CC    ecdsa.c
  CC    ecjpake.c
  CC    ecjpake.c
  CC    ecdh.c
  CC    ecp.c
  CC    ecjpake.c
  CC    ecp_curves.c
  CC    ecp.c
  CC    ecp.c
  CC    entropy.c
  CC    entropy_poll.c
  Gen   error.c
  CC    ecp_curves.c
  CC    ecp_curves.c
  CC    gcm.c
  Gen   error.c
  CC    hash_info.c
  CC    gcm.c
  CC    hash_info.c
  CC    hkdf.c
  CC    hmac_drbg.c
  Gen   error.c
  CC    lmots.c
  CC    lms.c
  CC    hkdf.c
  CC    lmots.c
  CC    hmac_drbg.c
  CC    lms.c
  CC    md.c
  CC    lms.c
  CC    md.c
  CC    md5.c
  CC    md5.c
  CC    md.c
  CC    md5.c
  CC    memory_buffer_alloc.c
  CC    nist_kw.c
  CC    memory_buffer_alloc.c
  CC    nist_kw.c
  CC    memory_buffer_alloc.c
  CC    nist_kw.c
  CC    oid.c
  CC    oid.c
  CC    oid.c
  CC    padlock.c
  CC    pem.c
  CC    pk.c
  CC    padlock.c
  CC    pem.c
  CC    padlock.c
  CC    pem.c
  CC    pk.c
  CC    pk_wrap.c
  CC    pk.c
  CC    pk_wrap.c
  CC    pkcs12.c
  CC    pkcs12.c
  CC    pk_wrap.c
  CC    pkcs12.c
  CC    pkcs5.c
  CC    pkcs5.c
  CC    pkparse.c
  CC    pkwrite.c
  CC    pkparse.c
  CC    pkcs5.c
  CC    pkparse.c
  CC    platform.c
  CC    platform_util.c
  CC    poly1305.c
  CC    platform.c
  CC    psa_crypto.c
  CC    pkwrite.c
  CC    psa_crypto_aead.c
  CC    poly1305.c
  CC    poly1305.c
  CC    psa_crypto_cipher.c
  CC    psa_crypto.c
  CC    psa_crypto.c
  CC    psa_crypto_client.c
  Gen   psa_crypto_driver_wrappers.c
  CC    psa_crypto_ecp.c
  CC    psa_crypto_cipher.c
  CC    psa_crypto_driver_wrappers.c
  CC    psa_crypto_hash.c
  CC    psa_crypto_hash.c
  CC    psa_crypto_mac.c
  CC    psa_crypto_pake.c
  CC    psa_crypto_rsa.c
  CC    psa_crypto_cipher.c
  CC    psa_crypto_mac.c
  CC    psa_crypto_pake.c
  CC    psa_crypto_se.c
  CC    psa_crypto_pake.c
  CC    psa_crypto_rsa.c
  CC    psa_crypto_slot_management.c
  CC    psa_crypto_se.c
  CC    psa_crypto_slot_management.c
  CC    psa_crypto_storage.c
  CC    psa_its_file.c
  CC    psa_crypto_se.c
  CC    psa_crypto_storage.c
  CC    ripemd160.c
  CC    psa_crypto_storage.c
  CC    psa_its_file.c
  CC    psa_its_file.c
  CC    ripemd160.c
  CC    rsa.c
  CC    ripemd160.c
  CC    rsa.c
  CC    rsa_alt_helpers.c
  CC    rsa.c
  CC    sha1.c
  CC    rsa_alt_helpers.c
  CC    sha1.c
  CC    sha256.c
  CC    sha512.c
  CC    rsa_alt_helpers.c
  CC    threading.c
  CC    sha256.c
  CC    timing.c
  CC    version.c
  CC    threading.c
  Gen   version_features.c
  CC    ../3rdparty/everest/library/everest.c
  CC    sha256.c
  CC    ../3rdparty/everest/library/x25519.c
  CC    version_features.c
  CC    ../3rdparty/everest/library/Hacl_Curve25519_joined.c
  CC    x509.c
  CC    x509_create.c
  CC    timing.c
  CC    x509_crl.c
  CC    x509.c
  CC    ../3rdparty/everest/library/everest.c
  CC    x509.c
  CC    x509_crt.c
  CC    x509_csr.c
  CC    x509write_crt.c
  CC    x509_crl.c
  CC    x509_crl.c
  CC    x509write_csr.c
  CC    x509_crt.c
  CC    x509_crt.c
  CC    pkcs7.c
  CC    debug.c
  CC    mps_reader.c
  CC    mps_trace.c
  CC    x509write_csr.c
  CC    net_sockets.c
  CC    ssl_cache.c
  CC    net_sockets.c
  CC    ssl_ciphersuites.c
  CC    x509write_csr.c
  CC    ssl_client.c
  CC    ssl_cache.c
  CC    ssl_ciphersuites.c
  CC    ssl_client.c
  CC    ssl_client.c
  CC    ssl_cookie.c
  CC    ssl_cookie.c
  Gen   ssl_debug_helpers_generated.c
  Gen   ssl_debug_helpers_generated.c
  CC    ssl_msg.c
  CC    ssl_ticket.c
  CC    ssl_cookie.c
  CC    ssl_msg.c
  CC    ssl_debug_helpers_generated.c
  CC    ssl_msg.c
  CC    ssl_tls.c
  CC    ssl_tls12_client.c
  CC    ssl_ticket.c
  CC    ssl_tls.c
  CC    ssl_tls.c
  CC    ssl_tls12_server.c
  CC    ssl_tls13_keys.c
  CC    ssl_tls13_client.c
  CC    ssl_tls12_client.c
  CC    ssl_tls13_server.c
  CC    ssl_tls12_server.c
  CC    ssl_tls13_generic.c
  CC    error.c
  AR    libmbedx509.a
  CC    ssl_debug_helpers_generated.c
  CC    ssl_tls12_client.c
  CC    ssl_tls13_server.c
  AR    libmbedcrypto.a
  AR    libmbedtls.a
  CC    error.c
make[1]: Leaving directory '/tmp/silent-mbedtls-N014-S1_H0-0e7u139r/library'
  CC    psa_crypto_driver_wrappers.c
  CC    version_features.c
  AR    libmbedx509.a
  CC    ssl_debug_helpers_generated.c
  AR    libmbedcrypto.a
  AR    libmbedtls.a
make[1]: Leaving directory '/tmp/silent-mbedtls-N014-S1_H0-0e7u139r/library'
  CC    error.c
  AR    libmbedx509.a
  AR    libmbedtls.a
  AR    libmbedcrypto.a
make[1]: Leaving directory '/tmp/silent-mbedtls-N014-S1_H0-0e7u139r/library'
 cc common.o onefile.o fuzz_client.o ../../tests/src/asn1_helpers.o ../../tests/src/bignum_helpers.o ../../tests/src/certs.o ../../tests/src/fake_external_rng_for_test.o ../../tests/src/helpers.o ../../tests/src/psa_crypto_helpers.o ../../tests/src/psa_exercise_key.o ../../tests/src/random.o ../../tests/src/threading_helpers.o ../../tests/src/drivers/hash.o ../../tests/src/drivers/platform_builtin_keys.o ../../tests/src/drivers/test_driver_aead.o ../../tests/src/drivers/test_driver_asymmetric_encryption.o ../../tests/src/drivers/test_driver_cipher.o ../../tests/src/drivers/test_driver_key_agreement.o ../../tests/src/drivers/test_driver_key_management.o ../../tests/src/drivers/test_driver_mac.o ../../tests/src/drivers/test_driver_signature.o -L../../library -lmbedtls -lmbedx509 -lmbedcrypto  -o fuzz_client
make: Leaving directory '/tmp/silent-mbedtls-N014-S1_H0-0e7u139r/programs/fuzz'

RUNTIME:
Warning: fuzzing without constant time
"
N014,S1_H1,fuzz_client,PASS,PASS,0,0,7.946,make -j4 mbedtls_test ; make -C programs/fuzz -j4 fuzz_client,"make[1]: Entering directory '/tmp/silent-mbedtls-N014-S1_H1-itxin8lj/tests'
  CC    src/asn1_helpers.c
  CC    src/bignum_helpers.c
  CC    src/certs.c
  CC    src/fake_external_rng_for_test.c
  CC    src/helpers.c
  CC    src/psa_crypto_helpers.c
  CC    src/psa_exercise_key.c
  CC    src/random.c
  CC    src/threading_helpers.c
  CC    src/drivers/hash.c
  CC    src/drivers/platform_builtin_keys.c
  CC    src/drivers/test_driver_aead.c
  CC    src/drivers/test_driver_asymmetric_encryption.c
  CC    src/drivers/test_driver_cipher.c
  CC    src/drivers/test_driver_key_agreement.c
  CC    src/drivers/test_driver_key_management.c
  CC    src/drivers/test_driver_mac.c
  CC    src/drivers/test_driver_signature.c
make[1]: Leaving directory '/tmp/silent-mbedtls-N014-S1_H1-itxin8lj/tests'
make: Entering directory '/tmp/silent-mbedtls-N014-S1_H1-itxin8lj/programs/fuzz'
make[1]: Entering directory '/tmp/silent-mbedtls-N014-S1_H1-itxin8lj/library'
  CC    aes.c
make[1]: Entering directory '/tmp/silent-mbedtls-N014-S1_H1-itxin8lj/library'
  CC    aes.c
make[1]: Entering directory '/tmp/silent-mbedtls-N014-S1_H1-itxin8lj/library'
  CC    aes.c
  CC    aesni.c
  CC    aria.c
  CC    asn1parse.c
  CC    aesni.c
  CC    aesni.c
  CC    asn1write.c
  CC    asn1parse.c
  CC    asn1write.c
  CC    asn1parse.c
  CC    base64.c
  CC    base64.c
  CC    bignum.c
  CC    asn1write.c
  CC    bignum_core.c
  CC    bignum.c
  CC    base64.c
  CC    bignum.c
  CC    bignum_mod.c
  CC    bignum_core.c
  CC    bignum_mod_raw.c
  CC    camellia.c
  CC    bignum_mod_raw.c
  CC    bignum_core.c
  CC    camellia.c
  CC    ccm.c
  CC    camellia.c
  CC    ccm.c
  CC    ccm.c
  CC    chacha20.c
  CC    chacha20.c
  CC    chachapoly.c
  CC    chacha20.c
  CC    chachapoly.c
  CC    cipher.c
  CC    cipher.c
  CC    chachapoly.c
  CC    cipher.c
  CC    cipher_wrap.c
  CC    cipher_wrap.c
  CC    cipher_wrap.c
  CC    cmac.c
  CC    cmac.c
  CC    cmac.c
  CC    constant_time.c
  CC    constant_time.c
  CC    ctr_drbg.c
  CC    constant_time.c
  CC    des.c
  CC    ctr_drbg.c
  CC    des.c
  CC    ctr_drbg.c
  CC    des.c
  CC    dhm.c
  CC    ecdh.c
  CC    dhm.c
  CC    ecdh.c
  CC    ecdsa.c
  CC    ecdsa.c
  CC    ecjpake.c
  CC    dhm.c
  CC    ecp.c
  CC    ecjpake.c
  CC    ecdsa.c
  CC    ecjpake.c
  CC    ecp_curves.c
  CC    ecp.c
  CC    ecp.c
  CC    entropy.c
  CC    entropy_poll.c
  Gen   error.c
  CC    gcm.c
  CC    ecp_curves.c
  CC    hash_info.c
  Gen   error.c
  CC    ecp_curves.c
  CC    hkdf.c
  CC    hmac_drbg.c
  CC    gcm.c
  CC    lmots.c
  CC    hmac_drbg.c
  CC    lms.c
  CC    md.c
  CC    error.c
  CC    md5.c
  CC    lms.c
  CC    lms.c
  CC    memory_buffer_alloc.c
  CC    md.c
  CC    md5.c
  CC    nist_kw.c
  CC    md.c
  CC    nist_kw.c
  CC    nist_kw.c
  CC    oid.c
  CC    padlock.c
  CC    oid.c
  CC    pem.c
  CC    oid.c
  CC    pem.c
  CC    pem.c
  CC    pk.c
  CC    pk.c
  CC    pk_wrap.c
  CC    pk.c
  CC    pk_wrap.c
  CC    pkcs12.c
  CC    pkcs12.c
  CC    pk_wrap.c
  CC    pkcs5.c
  CC    pkcs12.c
  CC    pkcs5.c
  CC    pkcs5.c
  CC    pkparse.c
  CC    pkparse.c
  CC    pkparse.c
  CC    pkwrite.c
  CC    platform.c
  CC    pkwrite.c
  CC    platform_util.c
  CC    platform_util.c
  CC    pkwrite.c
  CC    poly1305.c
  CC    poly1305.c
  CC    psa_crypto.c
  CC    platform_util.c
  CC    psa_crypto_aead.c
  CC    psa_crypto.c
  CC    poly1305.c
  CC    psa_crypto.c
  CC    psa_crypto_cipher.c
  CC    psa_crypto_cipher.c
  CC    psa_crypto_client.c
  Gen   psa_crypto_driver_wrappers.c
  CC    psa_crypto_ecp.c
  CC    psa_crypto_hash.c
  CC    psa_crypto_mac.c
  CC    psa_crypto_pake.c
  CC    psa_crypto_client.c
  CC    psa_crypto_aead.c
  CC    psa_crypto_driver_wrappers.c
  CC    psa_crypto_pake.c
  CC    psa_crypto_driver_wrappers.c
  CC    psa_crypto_rsa.c
  CC    psa_crypto_rsa.c
  CC    psa_crypto_se.c
  CC    psa_crypto_slot_management.c
  CC    psa_crypto_se.c
  CC    psa_crypto_pake.c
  CC    psa_crypto_slot_management.c
  CC    psa_crypto_storage.c
  CC    psa_its_file.c
  CC    psa_crypto_storage.c
  CC    psa_its_file.c
  CC    psa_crypto_slot_management.c
  CC    ripemd160.c
  CC    rsa.c
  CC    ripemd160.c
  CC    psa_its_file.c
  CC    ripemd160.c
  CC    rsa.c
  CC    rsa.c
  CC    rsa_alt_helpers.c
  CC    rsa_alt_helpers.c
  CC    sha1.c
  CC    sha1.c
  CC    sha256.c
  CC    rsa_alt_helpers.c
  CC    sha256.c
  CC    sha512.c
  CC    sha1.c
  CC    threading.c
  CC    sha256.c
  CC    timing.c
  CC    sha512.c
  CC    version.c
  Gen   version_features.c
  CC    ../3rdparty/everest/library/everest.c
  CC    sha512.c
  CC    ../3rdparty/everest/library/x25519.c
  CC    ../3rdparty/everest/library/Hacl_Curve25519_joined.c
  CC    x509.c
  CC    version_features.c
  CC    timing.c
  CC    version_features.c
  CC    x509.c
  CC    x509.c
  CC    x509_create.c
  CC    x509_crl.c
  CC    x509_create.c
  CC    x509_create.c
  CC    x509_crt.c
  CC    x509_crl.c
  CC    x509_crt.c
  CC    x509_crl.c
  CC    x509_crt.c
  CC    x509_csr.c
  CC    x509write_crt.c
  CC    x509write_csr.c
  CC    x509_csr.c
  CC    x509_csr.c
  CC    pkcs7.c
  CC    debug.c
  CC    x509write_csr.c
  CC    x509write_csr.c
  CC    mps_reader.c
  CC    debug.c
  CC    mps_reader.c
  CC    mps_trace.c
  CC    debug.c
  CC    mps_trace.c
  CC    net_sockets.c
  CC    ssl_cache.c
  CC    mps_trace.c
  CC    net_sockets.c
  CC    ssl_ciphersuites.c
  CC    net_sockets.c
  CC    ssl_ciphersuites.c
  CC    ssl_client.c
  CC    ssl_client.c
  CC    ssl_cookie.c
  CC    ssl_ciphersuites.c
  Gen   ssl_debug_helpers_generated.c
  CC    ssl_cookie.c
  CC    ssl_client.c
  Gen   ssl_debug_helpers_generated.c
  CC    ssl_msg.c
  Gen   ssl_debug_helpers_generated.c
  CC    ssl_msg.c
  CC    ssl_ticket.c
  CC    ssl_msg.c
  CC    ssl_ticket.c
  CC    ssl_tls.c
  CC    ssl_ticket.c
  CC    ssl_tls.c
  CC    ssl_tls.c
  CC    ssl_tls12_client.c
  CC    ssl_tls12_client.c
  CC    ssl_tls12_server.c
  CC    ssl_tls12_server.c
  CC    ssl_tls13_keys.c
  CC    ssl_tls13_client.c
  CC    ssl_tls13_keys.c
  CC    ssl_tls12_client.c
  CC    ssl_tls13_server.c
  CC    ssl_tls13_generic.c
  CC    ssl_tls13_server.c
  CC    error.c
  AR    libmbedx509.a
  CC    ssl_debug_helpers_generated.c
  CC    ssl_tls12_server.c
  AR    libmbedtls.a
  AR    libmbedcrypto.a
make[1]: Leaving directory '/tmp/silent-mbedtls-N014-S1_H1-itxin8lj/library'
  CC    psa_crypto_driver_wrappers.c
  AR    libmbedx509.a
  CC    ssl_debug_helpers_generated.c
  AR    libmbedcrypto.a
  CC    error.c
  CC    version_features.c
  AR    libmbedtls.a
make[1]: Leaving directory '/tmp/silent-mbedtls-N014-S1_H1-itxin8lj/library'
  AR    libmbedx509.a
  CC    ssl_debug_helpers_generated.c
  AR    libmbedcrypto.a
  AR    libmbedtls.a
make[1]: Leaving directory '/tmp/silent-mbedtls-N014-S1_H1-itxin8lj/library'
 cc common.o onefile.o fuzz_client.o ../../tests/src/asn1_helpers.o ../../tests/src/bignum_helpers.o ../../tests/src/certs.o ../../tests/src/fake_external_rng_for_test.o ../../tests/src/helpers.o ../../tests/src/psa_crypto_helpers.o ../../tests/src/psa_exercise_key.o ../../tests/src/random.o ../../tests/src/threading_helpers.o ../../tests/src/drivers/hash.o ../../tests/src/drivers/platform_builtin_keys.o ../../tests/src/drivers/test_driver_aead.o ../../tests/src/drivers/test_driver_asymmetric_encryption.o ../../tests/src/drivers/test_driver_cipher.o ../../tests/src/drivers/test_driver_key_agreement.o ../../tests/src/drivers/test_driver_key_management.o ../../tests/src/drivers/test_driver_mac.o ../../tests/src/drivers/test_driver_signature.o -L../../library -lmbedtls -lmbedx509 -lmbedcrypto  -o fuzz_client
make: Leaving directory '/tmp/silent-mbedtls-N014-S1_H1-itxin8lj/programs/fuzz'

RUNTIME:
Warning: fuzzing without constant time
"
N015,S0_H0,fuzz_client,PASS,PASS,0,0,6.917,make -j4 mbedtls_test ; make -C programs/fuzz -j4 fuzz_client,"make[1]: Entering directory '/tmp/silent-mbedtls-N015-S0_H0-uyufkksj/tests'
  CC    src/asn1_helpers.c
  CC    src/fake_external_rng_for_test.c
  CC    src/helpers.c
  CC    src/psa_crypto_helpers.c
  CC    src/psa_exercise_key.c
  CC    src/random.c
  CC    src/threading_helpers.c
  CC    src/drivers/hash.c
  CC    src/drivers/platform_builtin_keys.c
  CC    src/drivers/test_driver_aead.c
  CC    src/drivers/test_driver_cipher.c
  CC    src/drivers/test_driver_key_management.c
  CC    src/drivers/test_driver_mac.c
  CC    src/drivers/test_driver_signature.c
  CC    src/drivers/test_driver_size.c
make[1]: Leaving directory '/tmp/silent-mbedtls-N015-S0_H0-uyufkksj/tests'
make: Entering directory '/tmp/silent-mbedtls-N015-S0_H0-uyufkksj/programs/fuzz'
make[1]: Entering directory '/tmp/silent-mbedtls-N015-S0_H0-uyufkksj/library'
  CC    aes.c
make[1]: Entering directory '/tmp/silent-mbedtls-N015-S0_H0-uyufkksj/library'
  CC    aes.c
  CC    aesni.c
make[1]: Entering directory '/tmp/silent-mbedtls-N015-S0_H0-uyufkksj/library'
  CC    aes.c
  CC    aesni.c
  CC    arc4.c
  CC    aria.c
  CC    asn1parse.c
  CC    arc4.c
  CC    aesni.c
  CC    asn1write.c
  CC    asn1write.c
  CC    base64.c
  CC    asn1write.c
  CC    base64.c
  CC    bignum.c
  CC    bignum.c
  CC    base64.c
  CC    blowfish.c
  CC    bignum.c
  CC    blowfish.c
  CC    camellia.c
  CC    ccm.c
  CC    chacha20.c
  CC    camellia.c
  CC    chacha20.c
  CC    blowfish.c
  CC    chachapoly.c
  CC    cipher.c
  CC    chachapoly.c
  CC    cipher.c
  CC    chachapoly.c
  CC    cipher_wrap.c
  CC    cipher.c
  CC    cipher_wrap.c
  CC    cmac.c
  CC    cmac.c
  CC    constant_time.c
  CC    constant_time.c
  CC    ctr_drbg.c
  CC    cipher_wrap.c
  CC    ctr_drbg.c
  CC    des.c
  CC    des.c
  CC    constant_time.c
  CC    des.c
  CC    dhm.c
  CC    dhm.c
  CC    ecdh.c
  CC    ecdsa.c
  CC    ecjpake.c
  CC    ecdh.c
  CC    dhm.c
  CC    ecp.c
  CC    ecdsa.c
  CC    ecp_curves.c
  CC    ecdsa.c
  CC    ecp.c
  CC    ecp.c
  CC    ecp_curves.c
  CC    entropy.c
  CC    entropy_poll.c
  CC    error.c
  CC    ecp_curves.c
  CC    entropy.c
  CC    error.c
  CC    gcm.c
  CC    gcm.c
  CC    havege.c
  CC    hkdf.c
  CC    hmac_drbg.c
  CC    havege.c
  CC    hmac_drbg.c
  CC    md.c
  CC    md.c
  CC    error.c
  CC    md2.c
  CC    md4.c
  CC    md5.c
  CC    md.c
  CC    md5.c
  CC    md2.c
  CC    md5.c
  CC    memory_buffer_alloc.c
  CC    memory_buffer_alloc.c
  CC    memory_buffer_alloc.c
  CC    mps_reader.c
  CC    mps_reader.c
  CC    mps_reader.c
  CC    mps_trace.c
  CC    mps_trace.c
  CC    nist_kw.c
  CC    mps_trace.c
  CC    nist_kw.c
  CC    oid.c
  CC    oid.c
  CC    nist_kw.c
  CC    oid.c
  CC    padlock.c
  CC    pem.c
  CC    padlock.c
  CC    padlock.c
  CC    pem.c
  CC    pem.c
  CC    pk.c
  CC    pk.c
  CC    pk_wrap.c
  CC    pk_wrap.c
  CC    pk.c
  CC    pkcs12.c
  CC    pkcs12.c
  CC    pk_wrap.c
  CC    pkcs12.c
  CC    pkcs5.c
  CC    pkcs5.c
  CC    pkcs5.c
  CC    pkparse.c
  CC    pkparse.c
  CC    pkparse.c
  CC    pkwrite.c
  CC    platform.c
  CC    platform_util.c
  CC    pkwrite.c
  CC    poly1305.c
  CC    psa_crypto.c
  CC    pkwrite.c
  CC    platform_util.c
  CC    poly1305.c
  CC    psa_crypto.c
  CC    poly1305.c
  CC    psa_crypto.c
  CC    psa_crypto_aead.c
  CC    psa_crypto_cipher.c
  CC    psa_crypto_client.c
  CC    psa_crypto_aead.c
  CC    psa_crypto_driver_wrappers.c
  CC    psa_crypto_ecp.c
  CC    psa_crypto_hash.c
  CC    psa_crypto_aead.c
  CC    psa_crypto_hash.c
  CC    psa_crypto_mac.c
  CC    psa_crypto_rsa.c
  CC    psa_crypto_driver_wrappers.c
  CC    psa_crypto_se.c
  CC    psa_crypto_mac.c
  CC    psa_crypto_rsa.c
  CC    psa_crypto_slot_management.c
  CC    psa_crypto_mac.c
  CC    psa_crypto_se.c
  CC    psa_crypto_storage.c
  CC    psa_its_file.c
  CC    psa_crypto_slot_management.c
  CC    psa_crypto_slot_management.c
  CC    ripemd160.c
  CC    psa_crypto_storage.c
  CC    psa_crypto_storage.c
  CC    ripemd160.c
  CC    ripemd160.c
  CC    rsa.c
  CC    rsa.c
  CC    rsa_internal.c
  CC    rsa.c
  CC    sha1.c
  CC    sha256.c
  CC    sha512.c
  CC    rsa_internal.c
  CC    sha256.c
  CC    sha512.c
  CC    rsa_internal.c
  CC    threading.c
  CC    timing.c
  CC    sha512.c
  CC    version.c
  CC    version_features.c
  CC    threading.c
  CC    xtea.c
  CC    version_features.c
  CC    xtea.c
  CC    ../3rdparty/everest/library/everest.c
  CC    ../3rdparty/everest/library/everest.c
  CC    ../3rdparty/everest/library/x25519.c
  CC    ../3rdparty/everest/library/Hacl_Curve25519_joined.c
  CC    certs.c
  CC    timing.c
  CC    ../3rdparty/everest/library/x25519.c
  CC    ../3rdparty/everest/library/Hacl_Curve25519_joined.c
  CC    certs.c
  CC    pkcs11.c
  CC    x509.c
  CC    pkcs11.c
  CC    x509.c
  CC    ../3rdparty/everest/library/Hacl_Curve25519_joined.c
  CC    x509.c
  CC    x509_create.c
  CC    x509_create.c
  CC    x509_crl.c
  CC    x509_create.c
  CC    x509_crl.c
  CC    x509_crl.c
  CC    x509_crt.c
  CC    x509_crt.c
  CC    x509_crt.c
  CC    x509_csr.c
  CC    x509write_crt.c
  CC    x509write_csr.c
  CC    debug.c
  CC    net_sockets.c
  CC    x509_csr.c
  CC    x509_csr.c
  CC    ssl_cache.c
  CC    net_sockets.c
  CC    net_sockets.c
  CC    ssl_ciphersuites.c
  CC    ssl_cache.c
  CC    ssl_cli.c
  CC    ssl_ciphersuites.c
  CC    ssl_cache.c
  CC    ssl_cli.c
  CC    ssl_cookie.c
  CC    ssl_cli.c
  CC    ssl_cookie.c
  CC    ssl_msg.c
  CC    ssl_cookie.c
  CC    ssl_msg.c
  CC    ssl_msg.c
  CC    ssl_srv.c
  CC    ssl_srv.c
  CC    ssl_ticket.c
  CC    ssl_tls.c
  CC    ssl_srv.c
  CC    ssl_tls13_keys.c
  CC    ssl_tls.c
  CC    ssl_ticket.c
  CC    ssl_tls.c
  AR    libmbedcrypto.a
  AR    libmbedx509.a
  AR    libmbedcrypto.a
  AR    libmbedx509.a
  AR    libmbedtls.a
make[1]: Leaving directory '/tmp/silent-mbedtls-N015-S0_H0-uyufkksj/library'
  AR    libmbedtls.a
make[1]: Leaving directory '/tmp/silent-mbedtls-N015-S0_H0-uyufkksj/library'
  AR    libmbedcrypto.a
  AR    libmbedx509.a
  AR    libmbedtls.a
make[1]: Leaving directory '/tmp/silent-mbedtls-N015-S0_H0-uyufkksj/library'
 cc common.o onefile.o fuzz_client.o ../../tests/src/asn1_helpers.o ../../tests/src/fake_external_rng_for_test.o ../../tests/src/helpers.o ../../tests/src/psa_crypto_helpers.o ../../tests/src/psa_exercise_key.o ../../tests/src/random.o ../../tests/src/threading_helpers.o ../../tests/src/drivers/hash.o ../../tests/src/drivers/platform_builtin_keys.o ../../tests/src/drivers/test_driver_aead.o ../../tests/src/drivers/test_driver_cipher.o ../../tests/src/drivers/test_driver_key_management.o ../../tests/src/drivers/test_driver_mac.o ../../tests/src/drivers/test_driver_signature.o ../../tests/src/drivers/test_driver_size.o -L../../library -lmbedtls -lmbedx509 -lmbedcrypto  -o fuzz_client
make: Leaving directory '/tmp/silent-mbedtls-N015-S0_H0-uyufkksj/programs/fuzz'

RUNTIME:
Warning: fuzzing without constant time
"
N015,S1_H0,fuzz_client,PASS,PASS,0,0,7.411,make -j4 mbedtls_test ; make -C programs/fuzz -j4 fuzz_client,"make[1]: Entering directory '/tmp/silent-mbedtls-N015-S1_H0-9cu7i7z7/tests'
  CC    src/asn1_helpers.c
  CC    src/fake_external_rng_for_test.c
  CC    src/helpers.c
  CC    src/psa_crypto_helpers.c
  CC    src/psa_exercise_key.c
  CC    src/random.c
  CC    src/threading_helpers.c
  CC    src/drivers/hash.c
  CC    src/drivers/platform_builtin_keys.c
  CC    src/drivers/test_driver_aead.c
  CC    src/drivers/test_driver_cipher.c
  CC    src/drivers/test_driver_key_management.c
  CC    src/drivers/test_driver_mac.c
  CC    src/drivers/test_driver_signature.c
  CC    src/drivers/test_driver_size.c
make[1]: Leaving directory '/tmp/silent-mbedtls-N015-S1_H0-9cu7i7z7/tests'
make: Entering directory '/tmp/silent-mbedtls-N015-S1_H0-9cu7i7z7/programs/fuzz'
make[1]: Entering directory '/tmp/silent-mbedtls-N015-S1_H0-9cu7i7z7/library'
  CC    aes.c
make[1]: Entering directory '/tmp/silent-mbedtls-N015-S1_H0-9cu7i7z7/library'
  CC    aes.c
  CC    aesni.c
  CC    arc4.c
make[1]: Entering directory '/tmp/silent-mbedtls-N015-S1_H0-9cu7i7z7/library'
  CC    aes.c
  CC    arc4.c
  CC    aria.c
  CC    asn1parse.c
  CC    asn1write.c
  CC    aesni.c
  CC    aria.c
  CC    asn1write.c
  CC    asn1write.c
  CC    base64.c
  CC    base64.c
  CC    bignum.c
  CC    base64.c
  CC    bignum.c
  CC    blowfish.c
  CC    bignum.c
  CC    blowfish.c
  CC    camellia.c
  CC    ccm.c
  CC    chacha20.c
  CC    chachapoly.c
  CC    camellia.c
  CC    blowfish.c
  CC    cipher.c
  CC    cipher.c
  CC    cipher_wrap.c
  CC    cipher_wrap.c
  CC    chachapoly.c
  CC    cipher_wrap.c
  CC    cmac.c
  CC    constant_time.c
  CC    cmac.c
  CC    cmac.c
  CC    constant_time.c
  CC    constant_time.c
  CC    ctr_drbg.c
  CC    ctr_drbg.c
  CC    des.c
  CC    des.c
  CC    ctr_drbg.c
  CC    dhm.c
  CC    des.c
  CC    ecdh.c
  CC    dhm.c
  CC    ecdh.c
  CC    ecdsa.c
  CC    ecjpake.c
  CC    ecdsa.c
  CC    ecp.c
  CC    dhm.c
  CC    ecdsa.c
  CC    ecp.c
  CC    ecp_curves.c
  CC    ecp.c
  CC    entropy.c
  CC    ecp_curves.c
  CC    entropy.c
  CC    entropy_poll.c
  CC    error.c
  CC    ecp_curves.c
  CC    error.c
  CC    gcm.c
  CC    gcm.c
  CC    entropy_poll.c
  CC    gcm.c
  CC    havege.c
  CC    hkdf.c
  CC    hmac_drbg.c
  CC    havege.c
  CC    hkdf.c
  CC    hmac_drbg.c
  CC    md.c
  CC    havege.c
  CC    hmac_drbg.c
  CC    md.c
  CC    md2.c
  CC    md2.c
  CC    md4.c
  CC    md4.c
  CC    md5.c
  CC    memory_buffer_alloc.c
  CC    md.c
  CC    md5.c
  CC    md5.c
  CC    mps_reader.c
  CC    mps_reader.c
  CC    mps_trace.c
  CC    mps_trace.c
  CC    nist_kw.c
  CC    oid.c
  CC    nist_kw.c
  CC    padlock.c
  CC    mps_reader.c
  CC    oid.c
  CC    padlock.c
  CC    oid.c
  CC    pem.c
  CC    pem.c
  CC    pem.c
  CC    pk.c
  CC    pk.c
  CC    pk_wrap.c
  CC    pk.c
  CC    pk_wrap.c
  CC    pk_wrap.c
  CC    pkcs12.c
  CC    pkcs12.c
  CC    pkcs12.c
  CC    pkcs5.c
  CC    pkcs5.c
  CC    pkcs5.c
  CC    pkparse.c
  CC    pkparse.c
  CC    pkparse.c
  CC    pkwrite.c
  CC    platform.c
  CC    pkwrite.c
  CC    platform_util.c
  CC    poly1305.c
  CC    platform.c
  CC    psa_crypto.c
  CC    pkwrite.c
  CC    poly1305.c
  CC    psa_crypto.c
  CC    poly1305.c
  CC    psa_crypto.c
  CC    psa_crypto_aead.c
  CC    psa_crypto_aead.c
  CC    psa_crypto_cipher.c
  CC    psa_crypto_client.c
  CC    psa_crypto_cipher.c
  CC    psa_crypto_driver_wrappers.c
  CC    psa_crypto_driver_wrappers.c
  CC    psa_crypto_aead.c
  CC    psa_crypto_ecp.c
  CC    psa_crypto_ecp.c
  CC    psa_crypto_ecp.c
  CC    psa_crypto_hash.c
  CC    psa_crypto_hash.c
  CC    psa_crypto_mac.c
  CC    psa_crypto_hash.c
  CC    psa_crypto_mac.c
  CC    psa_crypto_rsa.c
  CC    psa_crypto_mac.c
  CC    psa_crypto_rsa.c
  CC    psa_crypto_se.c
  CC    psa_crypto_se.c
  CC    psa_crypto_slot_management.c
  CC    psa_crypto_storage.c
  CC    psa_crypto_rsa.c
  CC    psa_crypto_slot_management.c
  CC    psa_crypto_storage.c
  CC    psa_its_file.c
  CC    psa_crypto_slot_management.c
  CC    psa_its_file.c
  CC    ripemd160.c
  CC    ripemd160.c
  CC    rsa.c
  CC    psa_its_file.c
  CC    ripemd160.c
  CC    rsa.c
  CC    rsa_internal.c
  CC    rsa_internal.c
  CC    rsa.c
  CC    sha1.c
  CC    sha1.c
  CC    sha1.c
  CC    sha256.c
  CC    sha256.c
  CC    sha256.c
  CC    sha512.c
  CC    sha512.c
  CC    sha512.c
  CC    threading.c
  CC    timing.c
  CC    version.c
  CC    threading.c
  CC    timing.c
  CC    version.c
  CC    threading.c
  CC    timing.c
  CC    version_features.c
  CC    version_features.c
  CC    xtea.c
  CC    xtea.c
  CC    version_features.c
  CC    xtea.c
  CC    ../3rdparty/everest/library/everest.c
  CC    ../3rdparty/everest/library/everest.c
  CC    ../3rdparty/everest/library/everest.c
  CC    ../3rdparty/everest/library/x25519.c
  CC    ../3rdparty/everest/library/x25519.c
  CC    ../3rdparty/everest/library/Hacl_Curve25519_joined.c
  CC    ../3rdparty/everest/library/x25519.c
  CC    ../3rdparty/everest/library/Hacl_Curve25519_joined.c
  CC    certs.c
  CC    certs.c
  CC    pkcs11.c
  CC    ../3rdparty/everest/library/Hacl_Curve25519_joined.c
  CC    certs.c
  CC    pkcs11.c
  CC    x509.c
  CC    x509.c
  CC    x509_create.c
  CC    x509.c
  CC    x509_create.c
  CC    x509_crl.c
  CC    x509_crl.c
  CC    x509_create.c
  CC    x509_crt.c
  CC    x509_crl.c
  CC    x509_crt.c
  CC    x509_csr.c
  CC    x509_crt.c
  CC    x509_csr.c
  CC    x509write_crt.c
  CC    x509write_csr.c
  CC    x509write_crt.c
  CC    x509write_csr.c
  CC    x509_csr.c
  CC    debug.c
  CC    debug.c
  CC    net_sockets.c
  CC    debug.c
  CC    net_sockets.c
  CC    ssl_cache.c
  CC    ssl_cache.c
  CC    ssl_ciphersuites.c
  CC    net_sockets.c
  CC    ssl_ciphersuites.c
  CC    ssl_cli.c
  CC    ssl_cli.c
  CC    ssl_cookie.c
  CC    ssl_ciphersuites.c
  CC    ssl_cli.c
  CC    ssl_cookie.c
  CC    ssl_msg.c
  CC    ssl_msg.c
  CC    ssl_msg.c
  CC    ssl_srv.c
  CC    ssl_ticket.c
  CC    ssl_srv.c
  CC    ssl_tls.c
  CC    ssl_srv.c
  CC    ssl_tls.c
  CC    ssl_tls.c
  CC    ssl_tls13_keys.c
  CC    ssl_tls13_keys.c
  AR    libmbedcrypto.a
  AR    libmbedx509.a
  AR    libmbedcrypto.a
  AR    libmbedx509.a
  CC    ssl_tls13_keys.c
  AR    libmbedcrypto.a
  AR    libmbedx509.a
  AR    libmbedtls.a
make[1]: Leaving directory '/tmp/silent-mbedtls-N015-S1_H0-9cu7i7z7/library'
  AR    libmbedtls.a
make[1]: Leaving directory '/tmp/silent-mbedtls-N015-S1_H0-9cu7i7z7/library'
  AR    libmbedtls.a
make[1]: Leaving directory '/tmp/silent-mbedtls-N015-S1_H0-9cu7i7z7/library'
 cc common.o onefile.o fuzz_client.o ../../tests/src/asn1_helpers.o ../../tests/src/fake_external_rng_for_test.o ../../tests/src/helpers.o ../../tests/src/psa_crypto_helpers.o ../../tests/src/psa_exercise_key.o ../../tests/src/random.o ../../tests/src/threading_helpers.o ../../tests/src/drivers/hash.o ../../tests/src/drivers/platform_builtin_keys.o ../../tests/src/drivers/test_driver_aead.o ../../tests/src/drivers/test_driver_cipher.o ../../tests/src/drivers/test_driver_key_management.o ../../tests/src/drivers/test_driver_mac.o ../../tests/src/drivers/test_driver_signature.o ../../tests/src/drivers/test_driver_size.o -L../../library -lmbedtls -lmbedx509 -lmbedcrypto  -o fuzz_client
make: Leaving directory '/tmp/silent-mbedtls-N015-S1_H0-9cu7i7z7/programs/fuzz'

RUNTIME:
Warning: fuzzing without constant time
"
N015,S1_H1,fuzz_client,PASS,PASS,0,0,6.823,make -j4 mbedtls_test ; make -C programs/fuzz -j4 fuzz_client,"make[1]: Entering directory '/tmp/silent-mbedtls-N015-S1_H1-06ua1aj7/tests'
  CC    src/asn1_helpers.c
  CC    src/fake_external_rng_for_test.c
  CC    src/helpers.c
  CC    src/psa_crypto_helpers.c
  CC    src/psa_exercise_key.c
  CC    src/random.c
  CC    src/threading_helpers.c
  CC    src/drivers/hash.c
  CC    src/drivers/platform_builtin_keys.c
  CC    src/drivers/test_driver_aead.c
  CC    src/drivers/test_driver_cipher.c
  CC    src/drivers/test_driver_key_management.c
  CC    src/drivers/test_driver_mac.c
  CC    src/drivers/test_driver_signature.c
  CC    src/drivers/test_driver_size.c
make[1]: Leaving directory '/tmp/silent-mbedtls-N015-S1_H1-06ua1aj7/tests'
make: Entering directory '/tmp/silent-mbedtls-N015-S1_H1-06ua1aj7/programs/fuzz'
make[1]: Entering directory '/tmp/silent-mbedtls-N015-S1_H1-06ua1aj7/library'
  CC    aes.c
make[1]: Entering directory '/tmp/silent-mbedtls-N015-S1_H1-06ua1aj7/library'
  CC    aes.c
  CC    aesni.c
  CC    arc4.c
make[1]: Entering directory '/tmp/silent-mbedtls-N015-S1_H1-06ua1aj7/library'
  CC    aes.c
  CC    aria.c
  CC    aesni.c
  CC    asn1parse.c
  CC    asn1parse.c
  CC    asn1write.c
  CC    base64.c
  CC    asn1write.c
  CC    arc4.c
  CC    asn1write.c
  CC    bignum.c
  CC    blowfish.c
  CC    base64.c
  CC    base64.c
  CC    camellia.c
  CC    bignum.c
  CC    bignum.c
  CC    ccm.c
  CC    chacha20.c
  CC    chachapoly.c
  CC    cipher.c
  CC    cipher_wrap.c
  CC    cmac.c
  CC    constant_time.c
  CC    camellia.c
  CC    cipher.c
  CC    camellia.c
  CC    ctr_drbg.c
  CC    constant_time.c
  CC    des.c
  CC    dhm.c
  CC    constant_time.c
  CC    ctr_drbg.c
  CC    ecdh.c
  CC    des.c
  CC    ecdsa.c
  CC    ecdh.c
  CC    des.c
  CC    ecdsa.c
  CC    ecjpake.c
  CC    ecp.c
  CC    ecjpake.c
  CC    ecp.c
  CC    ecp_curves.c
  CC    ecdsa.c
  CC    ecp.c
  CC    entropy.c
  CC    entropy_poll.c
  CC    error.c
  CC    gcm.c
  CC    ecp_curves.c
  CC    havege.c
  CC    error.c
  CC    hkdf.c
  CC    hmac_drbg.c
  CC    ecp_curves.c
  CC    hkdf.c
  CC    md.c
  CC    hmac_drbg.c
  CC    gcm.c
  CC    md2.c
  CC    md.c
  CC    md4.c
  CC    md5.c
  CC    md.c
  CC    md2.c
  CC    md5.c
  CC    md5.c
  CC    memory_buffer_alloc.c
  CC    mps_reader.c
  CC    mps_trace.c
  CC    nist_kw.c
  CC    memory_buffer_alloc.c
  CC    oid.c
  CC    nist_kw.c
  CC    oid.c
  CC    padlock.c
  CC    memory_buffer_alloc.c
  CC    oid.c
  CC    padlock.c
  CC    pem.c
  CC    padlock.c
  CC    pem.c
  CC    pk.c
  CC    pem.c
  CC    pk.c
  CC    pk_wrap.c
  CC    pkcs12.c
  CC    pk_wrap.c
  CC    pk.c
  CC    pkcs5.c
  CC    pkparse.c
  CC    pk_wrap.c
  CC    pkcs12.c
  CC    pkcs5.c
  CC    pkcs5.c
  CC    pkparse.c
  CC    pkwrite.c
  CC    pkparse.c
  CC    pkwrite.c
  CC    platform.c
  CC    platform.c
  CC    pkwrite.c
  CC    platform_util.c
  CC    platform_util.c
  CC    poly1305.c
  CC    poly1305.c
  CC    psa_crypto.c
  CC    platform_util.c
  CC    poly1305.c
  CC    psa_crypto.c
  CC    psa_crypto_aead.c
  CC    psa_crypto_cipher.c
  CC    psa_crypto.c
  CC    psa_crypto_client.c
  CC    psa_crypto_driver_wrappers.c
  CC    psa_crypto_ecp.c
  CC    psa_crypto_hash.c
  CC    psa_crypto_mac.c
  CC    psa_crypto_rsa.c
  CC    psa_crypto_se.c
  CC    psa_crypto_slot_management.c
  CC    psa_crypto_aead.c
  CC    psa_crypto_slot_management.c
  CC    psa_crypto_storage.c
  CC    psa_crypto_storage.c
  CC    psa_crypto_cipher.c
  CC    psa_its_file.c
  CC    psa_its_file.c
  CC    ripemd160.c
  CC    ripemd160.c
  CC    rsa.c
  CC    psa_crypto_storage.c
  CC    ripemd160.c
  CC    rsa_internal.c
  CC    rsa.c
  CC    rsa_internal.c
  CC    rsa.c
  CC    sha1.c
  CC    sha1.c
  CC    sha256.c
  CC    sha256.c
  CC    sha1.c
  CC    sha256.c
  CC    sha512.c
  CC    sha512.c
  CC    sha512.c
  CC    threading.c
  CC    threading.c
  CC    timing.c
  CC    timing.c
  CC    version.c
  CC    threading.c
  CC    timing.c
  CC    version_features.c
  CC    xtea.c
  CC    version.c
  CC    version_features.c
  CC    ../3rdparty/everest/library/everest.c
  CC    xtea.c
  CC    ../3rdparty/everest/library/x25519.c
  CC    version_features.c
  CC    ../3rdparty/everest/library/Hacl_Curve25519_joined.c
  CC    ../3rdparty/everest/library/x25519.c
  CC    certs.c
  CC    ../3rdparty/everest/library/Hacl_Curve25519_joined.c
  CC    pkcs11.c
  CC    certs.c
  CC    x509.c
  CC    ../3rdparty/everest/library/everest.c
  CC    x509.c
  CC    pkcs11.c
  CC    x509.c
  CC    x509_create.c
  CC    x509_crl.c
  CC    x509_create.c
  CC    x509_create.c
  CC    x509_crt.c
  CC    x509_crl.c
  CC    x509_crl.c
  CC    x509_crt.c
  CC    x509_csr.c
  CC    x509_crt.c
  CC    x509write_crt.c
  CC    x509write_csr.c
  CC    debug.c
  CC    x509_csr.c
  CC    debug.c
  CC    net_sockets.c
  CC    net_sockets.c
  CC    ssl_cache.c
  CC    x509_csr.c
  CC    net_sockets.c
  CC    ssl_cache.c
  CC    ssl_ciphersuites.c
  CC    ssl_cache.c
  CC    ssl_ciphersuites.c
  CC    ssl_cli.c
  CC    ssl_cookie.c
  CC    ssl_ciphersuites.c
  CC    ssl_cli.c
  CC    ssl_msg.c
  CC    ssl_cli.c
  CC    ssl_srv.c
  CC    ssl_cookie.c
  CC    ssl_msg.c
  CC    ssl_msg.c
  CC    ssl_srv.c
  CC    ssl_ticket.c
  CC    ssl_tls.c
  CC    ssl_srv.c
  CC    ssl_ticket.c
  CC    ssl_tls.c
  CC    ssl_tls13_keys.c
  CC    ssl_tls.c
  AR    libmbedcrypto.a
  CC    ssl_tls13_keys.c
  AR    libmbedx509.a
  AR    libmbedcrypto.a
  AR    libmbedx509.a
  AR    libmbedtls.a
  AR    libmbedcrypto.a
make[1]: Leaving directory '/tmp/silent-mbedtls-N015-S1_H1-06ua1aj7/library'
  AR    libmbedx509.a
  AR    libmbedtls.a
make[1]: Leaving directory '/tmp/silent-mbedtls-N015-S1_H1-06ua1aj7/library'
  AR    libmbedtls.a
make[1]: Leaving directory '/tmp/silent-mbedtls-N015-S1_H1-06ua1aj7/library'
 cc common.o onefile.o fuzz_client.o ../../tests/src/asn1_helpers.o ../../tests/src/fake_external_rng_for_test.o ../../tests/src/helpers.o ../../tests/src/psa_crypto_helpers.o ../../tests/src/psa_exercise_key.o ../../tests/src/random.o ../../tests/src/threading_helpers.o ../../tests/src/drivers/hash.o ../../tests/src/drivers/platform_builtin_keys.o ../../tests/src/drivers/test_driver_aead.o ../../tests/src/drivers/test_driver_cipher.o ../../tests/src/drivers/test_driver_key_management.o ../../tests/src/drivers/test_driver_mac.o ../../tests/src/drivers/test_driver_signature.o ../../tests/src/drivers/test_driver_size.o -L../../library -lmbedtls -lmbedx509 -lmbedcrypto  -o fuzz_client
make: Leaving directory '/tmp/silent-mbedtls-N015-S1_H1-06ua1aj7/programs/fuzz'

RUNTIME:
Warning: fuzzing without constant time
"
N016,S0_H0,fuzz_client,PASS,PASS,0,0,8.124,make -j4 mbedtls_test ; make -C programs/fuzz -j4 fuzz_client,"make[1]: Entering directory '/tmp/silent-mbedtls-N016-S0_H0-f977ml0a/tests'
  CC    src/bignum_helpers.c
  CC    src/asn1_helpers.c
  CC    src/certs.c
  CC    src/fake_external_rng_for_test.c
  CC    src/helpers.c
  CC    src/psa_crypto_helpers.c
  CC    src/psa_exercise_key.c
  CC    src/random.c
  CC    src/threading_helpers.c
  CC    src/drivers/hash.c
  CC    src/drivers/platform_builtin_keys.c
  CC    src/drivers/test_driver_aead.c
  CC    src/drivers/test_driver_asymmetric_encryption.c
  CC    src/drivers/test_driver_cipher.c
  CC    src/drivers/test_driver_key_agreement.c
  CC    src/drivers/test_driver_key_management.c
  CC    src/drivers/test_driver_mac.c
  CC    src/drivers/test_driver_signature.c
make[1]: Leaving directory '/tmp/silent-mbedtls-N016-S0_H0-f977ml0a/tests'
make: Entering directory '/tmp/silent-mbedtls-N016-S0_H0-f977ml0a/programs/fuzz'
make[1]: Entering directory '/tmp/silent-mbedtls-N016-S0_H0-f977ml0a/library'
  CC    aes.c
make[1]: Entering directory '/tmp/silent-mbedtls-N016-S0_H0-f977ml0a/library'
  CC    aes.c
  CC    aesni.c
  CC    aria.c
make[1]: Entering directory '/tmp/silent-mbedtls-N016-S0_H0-f977ml0a/library'
  CC    aes.c
  CC    asn1parse.c
  CC    aesni.c
  CC    asn1write.c
  CC    base64.c
  CC    asn1parse.c
  CC    aria.c
  CC    asn1write.c
  CC    bignum.c
  CC    asn1write.c
  CC    bignum.c
  CC    bignum_core.c
  CC    bignum.c
  CC    bignum_mod.c
  CC    bignum_mod_raw.c
  CC    camellia.c
  CC    bignum_core.c
  CC    ccm.c
  CC    camellia.c
  CC    bignum_core.c
  CC    ccm.c
  CC    chacha20.c
  CC    ccm.c
  CC    chachapoly.c
  CC    cipher.c
  CC    chacha20.c
  CC    chachapoly.c
  CC    cipher_wrap.c
  CC    chacha20.c
  CC    cipher.c
  CC    cmac.c
  CC    constant_time.c
  CC    cipher.c
  CC    ctr_drbg.c
  CC    cipher_wrap.c
  CC    des.c
  CC    cmac.c
  CC    constant_time.c
  CC    dhm.c
  CC    ctr_drbg.c
  CC    ecdh.c
  CC    ecdsa.c
  CC    ctr_drbg.c
  CC    ecdh.c
  CC    ecjpake.c
  CC    dhm.c
  CC    ecjpake.c
  CC    ecdsa.c
  CC    ecp.c
  CC    ecjpake.c
  CC    ecp.c
  CC    ecp_curves.c
  CC    ecp.c
  CC    entropy.c
  CC    ecp_curves.c
  CC    entropy_poll.c
  Gen   error.c
  CC    entropy.c
  CC    ecp_curves.c
  Gen   error.c
  CC    gcm.c
  CC    hash_info.c
  CC    gcm.c
  CC    hkdf.c
  CC    hash_info.c
  CC    hmac_drbg.c
  CC    lmots.c
  CC    lms.c
  Gen   error.c
  CC    hkdf.c
  CC    lmots.c
  CC    lmots.c
  CC    md.c
  CC    lms.c
  CC    md.c
  CC    lms.c
  CC    md5.c
  CC    memory_buffer_alloc.c
  CC    nist_kw.c
  CC    md.c
  CC    md5.c
  CC    nist_kw.c
  CC    oid.c
  CC    md5.c
  CC    oid.c
  CC    padlock.c
  CC    oid.c
  CC    padlock.c
  CC    pem.c
  CC    pem.c
  CC    pem.c
  CC    pk.c
  CC    pk.c
  CC    pk_wrap.c
  CC    pk.c
  CC    pk_wrap.c
  CC    pkcs12.c
  CC    pkcs12.c
  CC    pk_wrap.c
  CC    pkcs5.c
  CC    pkcs12.c
  CC    pkcs5.c
  CC    pkparse.c
  CC    pkparse.c
  CC    pkwrite.c
  CC    pkcs5.c
  CC    pkparse.c
  CC    platform.c
  CC    platform_util.c
  CC    pkwrite.c
  CC    platform_util.c
  CC    platform.c
  CC    poly1305.c
  CC    poly1305.c
  CC    psa_crypto.c
  CC    psa_crypto.c
  CC    poly1305.c
  CC    psa_crypto.c
  CC    psa_crypto_aead.c
  CC    psa_crypto_cipher.c
  CC    psa_crypto_client.c
  CC    psa_crypto_aead.c
  Gen   psa_crypto_driver_wrappers.c
  CC    psa_crypto_ecp.c
  CC    psa_crypto_hash.c
  CC    psa_crypto_mac.c
  CC    psa_crypto_aead.c
  Gen   psa_crypto_driver_wrappers.c
  CC    psa_crypto_mac.c
  CC    psa_crypto_pake.c
  CC    psa_crypto_driver_wrappers.c
  CC    psa_crypto_pake.c
  CC    psa_crypto_rsa.c
  CC    psa_crypto_pake.c
  CC    psa_crypto_rsa.c
  CC    psa_crypto_se.c
  CC    psa_crypto_se.c
  CC    psa_crypto_slot_management.c
  CC    psa_crypto_slot_management.c
  CC    psa_crypto_storage.c
  CC    psa_crypto_rsa.c
  CC    psa_crypto_slot_management.c
  CC    psa_crypto_storage.c
  CC    psa_its_file.c
  CC    psa_its_file.c
  CC    ripemd160.c
  CC    psa_its_file.c
  CC    ripemd160.c
  CC    ripemd160.c
  CC    rsa.c
  CC    rsa.c
  CC    rsa_alt_helpers.c
  CC    rsa.c
  CC    sha1.c
  CC    rsa_alt_helpers.c
  CC    sha256.c
  CC    sha1.c
  CC    sha256.c
  CC    rsa_alt_helpers.c
  CC    sha512.c
  CC    sha256.c
  CC    sha512.c
  CC    sha512.c
  CC    threading.c
  CC    timing.c
  CC    threading.c
  CC    version.c
  Gen   version_features.c
  CC    timing.c
  CC    ../3rdparty/everest/library/everest.c
  CC    version.c
  CC    threading.c
  CC    version_features.c
  CC    ../3rdparty/everest/library/x25519.c
  CC    version_features.c
  CC    ../3rdparty/everest/library/Hacl_Curve25519_joined.c
  CC    x509.c
  CC    ../3rdparty/everest/library/everest.c
  CC    x509_create.c
  CC    ../3rdparty/everest/library/x25519.c
  CC    x509.c
  CC    ../3rdparty/everest/library/Hacl_Curve25519_joined.c
  CC    x509.c
  CC    x509_create.c
  CC    x509_crl.c
  CC    x509_crt.c
  CC    x509_create.c
  CC    x509_crl.c
  CC    x509_csr.c
  CC    x509_crl.c
  CC    x509_crt.c
  CC    x509_csr.c
  CC    x509_crt.c
  CC    x509write_crt.c
  CC    x509write_csr.c
  CC    x509write_crt.c
  CC    pkcs7.c
  CC    x509write_csr.c
  CC    debug.c
  CC    debug.c
  CC    mps_reader.c
  CC    mps_trace.c
  CC    x509write_crt.c
  CC    debug.c
  CC    net_sockets.c
  CC    mps_reader.c
  CC    net_sockets.c
  CC    ssl_cache.c
  CC    net_sockets.c
  CC    ssl_cache.c
  CC    ssl_ciphersuites.c
  CC    ssl_ciphersuites.c
  CC    ssl_client.c
  CC    ssl_cache.c
  CC    ssl_ciphersuites.c
  CC    ssl_client.c
  CC    ssl_cookie.c
  CC    ssl_client.c
  CC    ssl_cookie.c
  Gen   ssl_debug_helpers_generated.c
  Gen   ssl_debug_helpers_generated.c
  CC    ssl_msg.c
  CC    ssl_msg.c
  CC    ssl_ticket.c
  CC    ssl_cookie.c
  CC    ssl_debug_helpers_generated.c
  CC    ssl_tls.c
  CC    ssl_msg.c
  CC    ssl_ticket.c
  CC    ssl_tls12_client.c
  CC    ssl_tls.c
  CC    ssl_tls.c
  CC    ssl_tls12_server.c
  CC    ssl_tls12_client.c
  CC    ssl_tls12_server.c
  CC    ssl_tls13_keys.c
  CC    ssl_tls13_client.c
  CC    ssl_tls13_server.c
  CC    ssl_tls13_generic.c
  CC    error.c
  CC    psa_crypto_driver_wrappers.c
  CC    ssl_tls12_client.c
  CC    ssl_tls13_keys.c
  CC    version_features.c
  AR    libmbedx509.a
  CC    ssl_debug_helpers_generated.c
  CC    error.c
  AR    libmbedcrypto.a
  AR    libmbedtls.a
  CC    psa_crypto_driver_wrappers.c
make[1]: Leaving directory '/tmp/silent-mbedtls-N016-S0_H0-f977ml0a/library'
  AR    libmbedx509.a
  AR    libmbedtls.a
  AR    libmbedcrypto.a
make[1]: Leaving directory '/tmp/silent-mbedtls-N016-S0_H0-f977ml0a/library'
  CC    error.c
  AR    libmbedx509.a
  CC    ssl_debug_helpers_generated.c
  AR    libmbedtls.a
  AR    libmbedcrypto.a
make[1]: Leaving directory '/tmp/silent-mbedtls-N016-S0_H0-f977ml0a/library'
 cc common.o onefile.o fuzz_client.o ../../tests/src/asn1_helpers.o ../../tests/src/bignum_helpers.o ../../tests/src/certs.o ../../tests/src/fake_external_rng_for_test.o ../../tests/src/helpers.o ../../tests/src/psa_crypto_helpers.o ../../tests/src/psa_exercise_key.o ../../tests/src/random.o ../../tests/src/threading_helpers.o ../../tests/src/drivers/hash.o ../../tests/src/drivers/platform_builtin_keys.o ../../tests/src/drivers/test_driver_aead.o ../../tests/src/drivers/test_driver_asymmetric_encryption.o ../../tests/src/drivers/test_driver_cipher.o ../../tests/src/drivers/test_driver_key_agreement.o ../../tests/src/drivers/test_driver_key_management.o ../../tests/src/drivers/test_driver_mac.o ../../tests/src/drivers/test_driver_signature.o -L../../library -lmbedtls -lmbedx509 -lmbedcrypto  -o fuzz_client
make: Leaving directory '/tmp/silent-mbedtls-N016-S0_H0-f977ml0a/programs/fuzz'

RUNTIME:
Warning: fuzzing without constant time
"
N016,S1_H0,fuzz_client,PASS,PASS,0,0,7.244,make -j4 mbedtls_test ; make -C programs/fuzz -j4 fuzz_client,"make[1]: Entering directory '/tmp/silent-mbedtls-N016-S1_H0-4doua0my/tests'
  CC    src/asn1_helpers.c
  CC    src/bignum_helpers.c
  CC    src/fake_external_rng_for_test.c
  CC    src/certs.c
  CC    src/helpers.c
  CC    src/psa_crypto_helpers.c
  CC    src/psa_exercise_key.c
  CC    src/random.c
  CC    src/threading_helpers.c
  CC    src/drivers/hash.c
  CC    src/drivers/platform_builtin_keys.c
  CC    src/drivers/test_driver_aead.c
  CC    src/drivers/test_driver_asymmetric_encryption.c
  CC    src/drivers/test_driver_cipher.c
  CC    src/drivers/test_driver_key_agreement.c
  CC    src/drivers/test_driver_key_management.c
  CC    src/drivers/test_driver_mac.c
  CC    src/drivers/test_driver_signature.c
make[1]: Leaving directory '/tmp/silent-mbedtls-N016-S1_H0-4doua0my/tests'
make: Entering directory '/tmp/silent-mbedtls-N016-S1_H0-4doua0my/programs/fuzz'
make[1]: Entering directory '/tmp/silent-mbedtls-N016-S1_H0-4doua0my/library'
  CC    aes.c
make[1]: Entering directory '/tmp/silent-mbedtls-N016-S1_H0-4doua0my/library'
  CC    aes.c
make[1]: Entering directory '/tmp/silent-mbedtls-N016-S1_H0-4doua0my/library'
  CC    aes.c
  CC    aesni.c
  CC    aesni.c
  CC    aria.c
  CC    aesni.c
  CC    asn1parse.c
  CC    aria.c
  CC    asn1write.c
  CC    asn1parse.c
  CC    asn1write.c
  CC    base64.c
  CC    bignum.c
  CC    base64.c
  CC    bignum.c
  CC    asn1parse.c
  CC    bignum_core.c
  CC    bignum.c
  CC    bignum_mod.c
  CC    bignum_mod_raw.c
  CC    camellia.c
  CC    bignum_core.c
  CC    ccm.c
  CC    chacha20.c
  CC    bignum_core.c
  CC    camellia.c
  CC    chachapoly.c
  CC    cipher.c
  CC    cipher_wrap.c
  CC    ccm.c
  CC    ccm.c
  CC    cipher.c
  CC    cmac.c
  CC    cmac.c
  CC    cipher.c
  CC    constant_time.c
  CC    constant_time.c
  CC    ctr_drbg.c
  CC    des.c
  CC    cmac.c
  CC    ctr_drbg.c
  CC    des.c
  CC    dhm.c
  CC    ctr_drbg.c
  CC    dhm.c
  CC    ecdh.c
  CC    des.c
  CC    ecdh.c
  CC    ecdsa.c
  CC    ecdsa.c
  CC    ecjpake.c
  CC    ecjpake.c
  CC    ecp.c
  CC    ecdh.c
  CC    ecp_curves.c
  CC    ecjpake.c
  CC    ecp.c
  CC    ecp.c
  CC    entropy.c
  CC    ecp_curves.c
  CC    entropy_poll.c
  Gen   error.c
  CC    ecp_curves.c
  CC    gcm.c
  CC    hash_info.c
  CC    entropy.c
  CC    error.c
  CC    gcm.c
  CC    hkdf.c
  CC    hkdf.c
  Gen   error.c
  CC    hmac_drbg.c
  CC    hmac_drbg.c
  CC    lmots.c
  CC    lmots.c
  CC    hkdf.c
  CC    lmots.c
  CC    lms.c
  CC    lms.c
  CC    md.c
  CC    lms.c
  CC    md.c
  CC    md5.c
  CC    md.c
  CC    memory_buffer_alloc.c
  CC    nist_kw.c
  CC    md5.c
  CC    oid.c
  CC    md5.c
  CC    nist_kw.c
  CC    nist_kw.c
  CC    padlock.c
  CC    pem.c
  CC    oid.c
  CC    pem.c
  CC    oid.c
  CC    pk.c
  CC    pk.c
  CC    pk_wrap.c
  CC    pem.c
  CC    pk.c
  CC    pk_wrap.c
  CC    pkcs12.c
  CC    pkcs5.c
  CC    pk_wrap.c
  CC    pkcs12.c
  CC    pkparse.c
  CC    pkcs5.c
  CC    pkcs12.c
  CC    pkparse.c
  CC    pkwrite.c
  CC    pkparse.c
  CC    platform.c
  CC    pkwrite.c
  CC    platform_util.c
  CC    poly1305.c
  CC    platform.c
  CC    psa_crypto.c
  CC    poly1305.c
  CC    pkwrite.c
  CC    psa_crypto_aead.c
  CC    psa_crypto.c
  CC    poly1305.c
  CC    psa_crypto.c
  CC    psa_crypto_cipher.c
  CC    psa_crypto_cipher.c
  CC    psa_crypto_client.c
  CC    psa_crypto_client.c
  Gen   psa_crypto_driver_wrappers.c
  CC    psa_crypto_ecp.c
  CC    psa_crypto_hash.c
  Gen   psa_crypto_driver_wrappers.c
  CC    psa_crypto_hash.c
  CC    psa_crypto_aead.c
  CC    psa_crypto_driver_wrappers.c
  CC    psa_crypto_mac.c
  CC    psa_crypto_mac.c
  CC    psa_crypto_pake.c
  CC    psa_crypto_mac.c
  CC    psa_crypto_pake.c
  CC    psa_crypto_rsa.c
  CC    psa_crypto_se.c
  CC    psa_crypto_slot_management.c
  CC    psa_crypto_pake.c
  CC    psa_crypto_rsa.c
  CC    psa_crypto_rsa.c
  CC    psa_crypto_storage.c
In file included from psa_crypto_storage.c:33:
psa_crypto_its.h:58: warning: ""PSA_ERROR_INVALID_SIGNATURE"" redefined
   58 | #define PSA_ERROR_INVALID_SIGNATURE     ((psa_status_t) -149)
      | 
In file included from ../include/psa/crypto.h:68,
                 from psa_crypto_storage.c:28:
../include/psa/crypto_values.h:272: note: this is the location of the previous definition
  272 | #define PSA_ERROR_INVALID_SIGNATURE     ((psa_status_t)-149)
      | 
psa_crypto_its.h:59: warning: ""PSA_ERROR_DATA_CORRUPT"" redefined
   59 | #define PSA_ERROR_DATA_CORRUPT          ((psa_status_t) -152)
      | 
../include/psa/crypto_values.h:320: note: this is the location of the previous definition
  320 | #define PSA_ERROR_DATA_CORRUPT          ((psa_status_t)-152)
      | 
  CC    psa_its_file.c
  CC    psa_crypto_slot_management.c
  CC    ripemd160.c
In file included from psa_its_file.c:31:
psa_crypto_its.h:58: warning: ""PSA_ERROR_INVALID_SIGNATURE"" redefined
   58 | #define PSA_ERROR_INVALID_SIGNATURE     ((psa_status_t) -149)
      | 
In file included from psa_crypto_its.h:28:
../include/psa/crypto_values.h:272: note: this is the location of the previous definition
  272 | #define PSA_ERROR_INVALID_SIGNATURE     ((psa_status_t)-149)
      | 
psa_crypto_its.h:59: warning: ""PSA_ERROR_DATA_CORRUPT"" redefined
   59 | #define PSA_ERROR_DATA_CORRUPT          ((psa_status_t) -152)
      | 
../include/psa/crypto_values.h:320: note: this is the location of the previous definition
  320 | #define PSA_ERROR_DATA_CORRUPT          ((psa_status_t)-152)
      | 
  CC    psa_crypto_slot_management.c
  CC    rsa.c
  CC    psa_its_file.c
In file included from psa_its_file.c:31:
psa_crypto_its.h:58: warning: ""PSA_ERROR_INVALID_SIGNATURE"" redefined
   58 | #define PSA_ERROR_INVALID_SIGNATURE     ((psa_status_t) -149)
      | 
In file included from psa_crypto_its.h:28:
../include/psa/crypto_values.h:272: note: this is the location of the previous definition
  272 | #define PSA_ERROR_INVALID_SIGNATURE     ((psa_status_t)-149)
      | 
psa_crypto_its.h:59: warning: ""PSA_ERROR_DATA_CORRUPT"" redefined
   59 | #define PSA_ERROR_DATA_CORRUPT          ((psa_status_t) -152)
      | 
../include/psa/crypto_values.h:320: note: this is the location of the previous definition
  320 | #define PSA_ERROR_DATA_CORRUPT          ((psa_status_t)-152)
      | 
  CC    psa_its_file.c
In file included from psa_its_file.c:31:
psa_crypto_its.h:58: warning: ""PSA_ERROR_INVALID_SIGNATURE"" redefined
   58 | #define PSA_ERROR_INVALID_SIGNATURE     ((psa_status_t) -149)
      | 
In file included from psa_crypto_its.h:28:
../include/psa/crypto_values.h:272: note: this is the location of the previous definition
  272 | #define PSA_ERROR_INVALID_SIGNATURE     ((psa_status_t)-149)
      | 
psa_crypto_its.h:59: warning: ""PSA_ERROR_DATA_CORRUPT"" redefined
   59 | #define PSA_ERROR_DATA_CORRUPT          ((psa_status_t) -152)
      | 
../include/psa/crypto_values.h:320: note: this is the location of the previous definition
  320 | #define PSA_ERROR_DATA_CORRUPT          ((psa_status_t)-152)
      | 
  CC    ripemd160.c
  CC    ripemd160.c
  CC    rsa_alt_helpers.c
  CC    rsa.c
  CC    rsa.c
  CC    sha1.c
  CC    sha1.c
  CC    sha256.c
  CC    sha256.c
  CC    sha512.c
  CC    sha1.c
  CC    sha512.c
  CC    threading.c
  CC    timing.c
  CC    sha256.c
  CC    version.c
  Gen   version_features.c
  CC    ../3rdparty/everest/library/everest.c
  CC    threading.c
  CC    ../3rdparty/everest/library/x25519.c
  CC    version_features.c
  CC    ../3rdparty/everest/library/x25519.c
  CC    ../3rdparty/everest/library/Hacl_Curve25519_joined.c
  CC    x509.c
  CC    ../3rdparty/everest/library/Hacl_Curve25519_joined.c
  CC    x509_create.c
  CC    x509.c
  CC    timing.c
  CC    x509.c
  CC    x509_create.c
  CC    x509_crl.c
  CC    x509_crt.c
  CC    x509_create.c
  CC    x509_crl.c
  CC    x509_crl.c
  CC    x509_crt.c
  CC    x509_crt.c
  CC    x509_csr.c
  CC    x509_csr.c
  CC    x509write_crt.c
  CC    x509_csr.c
  CC    x509write_crt.c
  CC    x509write_csr.c
  CC    pkcs7.c
  CC    debug.c
  CC    mps_reader.c
  CC    x509write_crt.c
  CC    debug.c
  CC    x509write_csr.c
  CC    mps_trace.c
  CC    debug.c
  CC    net_sockets.c
  CC    ssl_cache.c
  CC    mps_trace.c
  CC    net_sockets.c
  CC    ssl_cache.c
  CC    mps_trace.c
  CC    ssl_ciphersuites.c
  CC    ssl_ciphersuites.c
  CC    ssl_ciphersuites.c
  CC    ssl_client.c
  CC    ssl_client.c
  CC    ssl_cookie.c
  CC    ssl_client.c
  Gen   ssl_debug_helpers_generated.c
  CC    ssl_msg.c
  CC    ssl_cookie.c
  Gen   ssl_debug_helpers_generated.c
  CC    ssl_cookie.c
  CC    ssl_msg.c
  CC    ssl_debug_helpers_generated.c
  CC    ssl_ticket.c
  CC    ssl_msg.c
  CC    ssl_ticket.c
  CC    ssl_tls.c
  CC    ssl_ticket.c
  CC    ssl_tls12_client.c
  CC    ssl_tls.c
  CC    ssl_tls.c
  CC    ssl_tls12_server.c
  CC    ssl_tls13_keys.c
  CC    ssl_tls12_client.c
  CC    ssl_tls12_server.c
  CC    ssl_tls13_client.c
  CC    ssl_tls13_server.c
  CC    ssl_tls13_generic.c
  CC    error.c
  CC    ssl_tls12_client.c
  CC    ssl_tls13_client.c
  CC    psa_crypto_driver_wrappers.c
  AR    libmbedx509.a
  CC    ssl_debug_helpers_generated.c
  CC    error.c
  AR    libmbedtls.a
  AR    libmbedcrypto.a
make[1]: Leaving directory '/tmp/silent-mbedtls-N016-S1_H0-4doua0my/library'
  AR    libmbedx509.a
  AR    libmbedcrypto.a
  AR    libmbedtls.a
make[1]: Leaving directory '/tmp/silent-mbedtls-N016-S1_H0-4doua0my/library'
  CC    psa_crypto_driver_wrappers.c
  CC    version_features.c
  AR    libmbedx509.a
  CC    ssl_debug_helpers_generated.c
  AR    libmbedtls.a
  AR    libmbedcrypto.a
make[1]: Leaving directory '/tmp/silent-mbedtls-N016-S1_H0-4doua0my/library'
 cc common.o onefile.o fuzz_client.o ../../tests/src/asn1_helpers.o ../../tests/src/bignum_helpers.o ../../tests/src/certs.o ../../tests/src/fake_external_rng_for_test.o ../../tests/src/helpers.o ../../tests/src/psa_crypto_helpers.o ../../tests/src/psa_exercise_key.o ../../tests/src/random.o ../../tests/src/threading_helpers.o ../../tests/src/drivers/hash.o ../../tests/src/drivers/platform_builtin_keys.o ../../tests/src/drivers/test_driver_aead.o ../../tests/src/drivers/test_driver_asymmetric_encryption.o ../../tests/src/drivers/test_driver_cipher.o ../../tests/src/drivers/test_driver_key_agreement.o ../../tests/src/drivers/test_driver_key_management.o ../../tests/src/drivers/test_driver_mac.o ../../tests/src/drivers/test_driver_signature.o -L../../library -lmbedtls -lmbedx509 -lmbedcrypto  -o fuzz_client
make: Leaving directory '/tmp/silent-mbedtls-N016-S1_H0-4doua0my/programs/fuzz'

RUNTIME:
Warning: fuzzing without constant time
"
N016,S1_H1,fuzz_client,PASS,PASS,0,0,5.182,make -j4 mbedtls_test ; make -C programs/fuzz -j4 fuzz_client,"make[1]: Entering directory '/tmp/silent-mbedtls-N016-S1_H1-a3ppt1dx/tests'
  CC    src/asn1_helpers.c
  CC    src/bignum_helpers.c
  CC    src/certs.c
  CC    src/fake_external_rng_for_test.c
  CC    src/helpers.c
  CC    src/psa_crypto_helpers.c
  CC    src/psa_exercise_key.c
  CC    src/random.c
  CC    src/threading_helpers.c
  CC    src/drivers/hash.c
  CC    src/drivers/platform_builtin_keys.c
  CC    src/drivers/test_driver_aead.c
  CC    src/drivers/test_driver_asymmetric_encryption.c
  CC    src/drivers/test_driver_cipher.c
  CC    src/drivers/test_driver_key_agreement.c
  CC    src/drivers/test_driver_key_management.c
  CC    src/drivers/test_driver_mac.c
  CC    src/drivers/test_driver_signature.c
make[1]: Leaving directory '/tmp/silent-mbedtls-N016-S1_H1-a3ppt1dx/tests'
make: Entering directory '/tmp/silent-mbedtls-N016-S1_H1-a3ppt1dx/programs/fuzz'
make[1]: Entering directory '/tmp/silent-mbedtls-N016-S1_H1-a3ppt1dx/library'
  CC    aes.c
make[1]: Entering directory '/tmp/silent-mbedtls-N016-S1_H1-a3ppt1dx/library'
  CC    aes.c
  CC    aesni.c
  CC    aria.c
  CC    asn1parse.c
  CC    asn1write.c
  CC    base64.c
  CC    bignum.c
  CC    aesni.c
  CC    bignum_core.c
  CC    bignum_mod.c
  CC    base64.c
  CC    bignum.c
  CC    bignum_core.c
  CC    bignum_mod_raw.c
  CC    camellia.c
  CC    bignum_mod_raw.c
  CC    camellia.c
  CC    ccm.c
  CC    ccm.c
  CC    chacha20.c
  CC    chacha20.c
  CC    chachapoly.c
  CC    chachapoly.c
  CC    cipher.c
  CC    cipher_wrap.c
  CC    cipher.c
  CC    cipher_wrap.c
  CC    cmac.c
  CC    constant_time.c
  CC    ctr_drbg.c
  CC    cmac.c
  CC    constant_time.c
  CC    des.c
  CC    dhm.c
  CC    ecdh.c
  CC    ctr_drbg.c
  CC    des.c
  CC    ecdsa.c
  CC    ecjpake.c
  CC    ecdh.c
  CC    ecdsa.c
  CC    ecjpake.c
  CC    ecp.c
  CC    ecp.c
  CC    ecp_curves.c
  CC    entropy.c
  CC    entropy_poll.c
  Gen   error.c
  CC    ecp_curves.c
  CC    gcm.c
  CC    hash_info.c
  CC    hkdf.c
  Gen   error.c
  CC    hmac_drbg.c
  CC    lmots.c
  CC    lms.c
  CC    md.c
  CC    gcm.c
  CC    lmots.c
  CC    md.c
  CC    md5.c
  CC    memory_buffer_alloc.c
  CC    nist_kw.c
  CC    md5.c
  CC    nist_kw.c
  CC    oid.c
  CC    padlock.c
  CC    oid.c
  CC    pem.c
  CC    padlock.c
  CC    pk.c
  CC    pk_wrap.c
  CC    pem.c
  CC    pk.c
  CC    pk_wrap.c
  CC    pkcs12.c
  CC    pkcs5.c
  CC    pkparse.c
  CC    pkcs12.c
  CC    pkwrite.c
  CC    platform.c
  CC    platform_util.c
  CC    pkcs5.c
  CC    poly1305.c
  CC    psa_crypto.c
  CC    pkparse.c
  CC    psa_crypto_aead.c
  CC    poly1305.c
  CC    psa_crypto.c
  CC    psa_crypto_cipher.c
  CC    psa_crypto_aead.c
  CC    psa_crypto_client.c
  Gen   psa_crypto_driver_wrappers.c
  CC    psa_crypto_ecp.c
  CC    psa_crypto_hash.c
  CC    psa_crypto_mac.c
  CC    psa_crypto_cipher.c
  CC    psa_crypto_driver_wrappers.c
  CC    psa_crypto_pake.c
  CC    psa_crypto_rsa.c
  CC    psa_crypto_pake.c
  CC    psa_crypto_se.c
  CC    psa_crypto_slot_management.c
  CC    psa_crypto_storage.c
In file included from psa_crypto_storage.c:33:
psa_crypto_its.h:58: warning: ""PSA_ERROR_INVALID_SIGNATURE"" redefined
   58 | #define PSA_ERROR_INVALID_SIGNATURE     ((psa_status_t) -149)
      | 
In file included from ../include/psa/crypto.h:68,
                 from psa_crypto_storage.c:28:
../include/psa/crypto_values.h:272: note: this is the location of the previous definition
  272 | #define PSA_ERROR_INVALID_SIGNATURE     ((psa_status_t)-149)
      | 
psa_crypto_its.h:59: warning: ""PSA_ERROR_DATA_CORRUPT"" redefined
   59 | #define PSA_ERROR_DATA_CORRUPT          ((psa_status_t) -152)
      | 
../include/psa/crypto_values.h:320: note: this is the location of the previous definition
  320 | #define PSA_ERROR_DATA_CORRUPT          ((psa_status_t)-152)
      | 
  CC    psa_crypto_rsa.c
  CC    psa_its_file.c
  CC    ripemd160.c
In file included from psa_its_file.c:31:
psa_crypto_its.h:58: warning: ""PSA_ERROR_INVALID_SIGNATURE"" redefined
   58 | #define PSA_ERROR_INVALID_SIGNATURE     ((psa_status_t) -149)
      | 
In file included from psa_crypto_its.h:28:
../include/psa/crypto_values.h:272: note: this is the location of the previous definition
  272 | #define PSA_ERROR_INVALID_SIGNATURE     ((psa_status_t)-149)
      | 
psa_crypto_its.h:59: warning: ""PSA_ERROR_DATA_CORRUPT"" redefined
   59 | #define PSA_ERROR_DATA_CORRUPT          ((psa_status_t) -152)
      | 
../include/psa/crypto_values.h:320: note: this is the location of the previous definition
  320 | #define PSA_ERROR_DATA_CORRUPT          ((psa_status_t)-152)
      | 
  CC    rsa.c
  CC    rsa_alt_helpers.c
  CC    psa_crypto_slot_management.c
  CC    sha1.c
  CC    ripemd160.c
  CC    sha256.c
  CC    sha512.c
  CC    rsa.c
  CC    threading.c
  CC    timing.c
  CC    sha256.c
  CC    sha512.c
  CC    version.c
  Gen   version_features.c
  CC    ../3rdparty/everest/library/everest.c
  CC    ../3rdparty/everest/library/x25519.c
  CC    ../3rdparty/everest/library/Hacl_Curve25519_joined.c
  CC    x509.c
  CC    x509_create.c
  CC    x509_crl.c
  CC    x509_crt.c
  CC    x509_csr.c
  CC    version.c
  CC    x509write_crt.c
  CC    version_features.c
  CC    x509_crt.c
  CC    x509write_crt.c
  CC    x509write_csr.c
  CC    x509write_csr.c
  CC    pkcs7.c
  CC    pkcs7.c
  CC    debug.c
  CC    debug.c
  CC    mps_reader.c
  CC    mps_reader.c
  CC    mps_trace.c
  CC    mps_trace.c
  CC    net_sockets.c
  CC    ssl_cache.c
  CC    net_sockets.c
  CC    ssl_ciphersuites.c
  CC    ssl_client.c
  CC    ssl_cache.c
  CC    ssl_cookie.c
  CC    ssl_ciphersuites.c
  CC    ssl_client.c
  CC    ssl_cookie.c
  Gen   ssl_debug_helpers_generated.c
  Gen   ssl_debug_helpers_generated.c
  CC    ssl_msg.c
  CC    ssl_ticket.c
  CC    ssl_msg.c
  CC    ssl_tls.c
  CC    ssl_ticket.c
  CC    ssl_tls.c
  CC    ssl_tls12_client.c
  CC    ssl_tls12_server.c
  CC    ssl_tls12_client.c
  CC    ssl_tls12_server.c
  CC    ssl_tls13_keys.c
  CC    ssl_tls13_keys.c
  CC    ssl_tls13_client.c
  CC    ssl_tls13_client.c
  CC    ssl_tls13_server.c
  CC    ssl_tls13_server.c
  CC    ssl_tls13_generic.c
  CC    ssl_tls13_generic.c
  CC    error.c
  CC    psa_crypto_driver_wrappers.c
  AR    libmbedx509.a
  CC    error.c
  CC    version_features.c
  CC    ssl_debug_helpers_generated.c
  AR    libmbedx509.a
  CC    ssl_debug_helpers_generated.c
make[1]: Entering directory '/tmp/silent-mbedtls-N016-S1_H1-a3ppt1dx/library'
  AR    libmbedcrypto.a
  AR    libmbedcrypto.a
  CC    ssl_debug_helpers_generated.c
  AR    libmbedcrypto.a
  AR    libmbedtls.a
make[1]: Leaving directory '/tmp/silent-mbedtls-N016-S1_H1-a3ppt1dx/library'
  AR    libmbedtls.a
make[1]: Leaving directory '/tmp/silent-mbedtls-N016-S1_H1-a3ppt1dx/library'
  AR    libmbedtls.a
make[1]: Leaving directory '/tmp/silent-mbedtls-N016-S1_H1-a3ppt1dx/library'
 cc common.o onefile.o fuzz_client.o ../../tests/src/asn1_helpers.o ../../tests/src/bignum_helpers.o ../../tests/src/certs.o ../../tests/src/fake_external_rng_for_test.o ../../tests/src/helpers.o ../../tests/src/psa_crypto_helpers.o ../../tests/src/psa_exercise_key.o ../../tests/src/random.o ../../tests/src/threading_helpers.o ../../tests/src/drivers/hash.o ../../tests/src/drivers/platform_builtin_keys.o ../../tests/src/drivers/test_driver_aead.o ../../tests/src/drivers/test_driver_asymmetric_encryption.o ../../tests/src/drivers/test_driver_cipher.o ../../tests/src/drivers/test_driver_key_agreement.o ../../tests/src/drivers/test_driver_key_management.o ../../tests/src/drivers/test_driver_mac.o ../../tests/src/drivers/test_driver_signature.o -L../../library -lmbedtls -lmbedx509 -lmbedcrypto  -o fuzz_client
make: Leaving directory '/tmp/silent-mbedtls-N016-S1_H1-a3ppt1dx/programs/fuzz'

RUNTIME:
Warning: fuzzing without constant time
"
N017,S0_H0,fuzz_client,PASS,PASS,0,0,7.236,make -j4 mbedtls_test ; make -C programs/fuzz -j4 fuzz_client,"make[1]: Entering directory '/tmp/silent-mbedtls-N017-S0_H0-nlyc83lh/tests'
  CC    src/asn1_helpers.c
  CC    src/bignum_helpers.c
  CC    src/certs.c
  CC    src/fake_external_rng_for_test.c
  CC    src/helpers.c
  CC    src/psa_crypto_helpers.c
  CC    src/psa_exercise_key.c
  CC    src/random.c
  CC    src/threading_helpers.c
  CC    src/drivers/hash.c
  CC    src/drivers/platform_builtin_keys.c
  CC    src/drivers/test_driver_asymmetric_encryption.c
  CC    src/drivers/test_driver_aead.c
  CC    src/drivers/test_driver_cipher.c
  CC    src/drivers/test_driver_key_agreement.c
  CC    src/drivers/test_driver_key_management.c
  CC    src/drivers/test_driver_mac.c
  CC    src/drivers/test_driver_signature.c
make[1]: Leaving directory '/tmp/silent-mbedtls-N017-S0_H0-nlyc83lh/tests'
make: Entering directory '/tmp/silent-mbedtls-N017-S0_H0-nlyc83lh/programs/fuzz'
make[1]: Entering directory '/tmp/silent-mbedtls-N017-S0_H0-nlyc83lh/library'
  CC    aes.c
make[1]: Entering directory '/tmp/silent-mbedtls-N017-S0_H0-nlyc83lh/library'
  CC    aes.c
make[1]: Entering directory '/tmp/silent-mbedtls-N017-S0_H0-nlyc83lh/library'
  CC    aes.c
  CC    aesni.c
  CC    aria.c
  CC    aesni.c
  CC    asn1parse.c
  CC    aesni.c
  CC    asn1parse.c
  CC    asn1write.c
  CC    asn1parse.c
  CC    asn1write.c
  CC    base64.c
  CC    asn1write.c
  CC    bignum.c
  CC    base64.c
  CC    bignum_core.c
  CC    base64.c
  CC    bignum.c
  CC    bignum.c
  CC    bignum_core.c
  CC    bignum_mod.c
  CC    bignum_mod.c
  CC    bignum_mod_raw.c
  CC    bignum_mod_raw.c
  CC    camellia.c
  CC    bignum_core.c
  CC    camellia.c
  CC    camellia.c
  CC    ccm.c
  CC    chacha20.c
  CC    ccm.c
  CC    ccm.c
  CC    chacha20.c
  CC    chachapoly.c
  CC    chacha20.c
  CC    cipher.c
  CC    chachapoly.c
  CC    cipher_wrap.c
  CC    chachapoly.c
  CC    cipher.c
  CC    cipher_wrap.c
  CC    cipher.c
  CC    cmac.c
  CC    constant_time.c
  CC    cmac.c
  CC    constant_time.c
  CC    cmac.c
  CC    ctr_drbg.c
  CC    ctr_drbg.c
  CC    des.c
  CC    constant_time.c
  CC    ctr_drbg.c
  CC    des.c
  CC    des.c
  CC    dhm.c
  CC    dhm.c
  CC    ecdh.c
  CC    dhm.c
  CC    ecdh.c
  CC    ecdsa.c
  CC    ecdsa.c
  CC    ecdh.c
  CC    ecjpake.c
  CC    ecjpake.c
  CC    ecp.c
  CC    ecdsa.c
  CC    ecp.c
  CC    ecjpake.c
  CC    ecp.c
  CC    ecp_curves.c
  CC    ecp_curves.c
  CC    ecp_curves.c
  CC    entropy.c
  CC    entropy.c
  CC    entropy_poll.c
  Gen   error.c
  CC    entropy_poll.c
  CC    gcm.c
  CC    entropy.c
  Gen   error.c
  CC    gcm.c
  Gen   error.c
  CC    hash_info.c
  CC    hash_info.c
  CC    hkdf.c
  CC    hkdf.c
  CC    gcm.c
  CC    hkdf.c
  CC    hmac_drbg.c
  CC    hmac_drbg.c
  CC    hmac_drbg.c
  CC    lmots.c
  CC    lmots.c
  CC    lms.c
  CC    lmots.c
  CC    lms.c
  CC    md.c
  CC    md.c
  CC    lms.c
  CC    md.c
  CC    md5.c
  CC    md5.c
  CC    memory_buffer_alloc.c
  CC    nist_kw.c
  CC    md5.c
  CC    oid.c
  CC    memory_buffer_alloc.c
  CC    nist_kw.c
  CC    oid.c
  CC    nist_kw.c
  CC    padlock.c
  CC    pem.c
  CC    pk.c
  CC    padlock.c
  CC    pem.c
  CC    oid.c
  CC    pk_wrap.c
  CC    pem.c
  CC    pk.c
  CC    pk_wrap.c
  CC    pkcs12.c
  CC    pk_wrap.c
  CC    pkcs12.c
  CC    pkcs5.c
  CC    pkcs5.c
  CC    pkcs12.c
  CC    pkcs5.c
  CC    pkparse.c
  CC    pkparse.c
  CC    pkwrite.c
  CC    pkparse.c
  CC    platform.c
  CC    platform_util.c
  CC    pkwrite.c
  CC    platform_util.c
  CC    poly1305.c
  CC    psa_crypto.c
  CC    pkwrite.c
  CC    poly1305.c
  CC    psa_crypto.c
  CC    poly1305.c
  CC    psa_crypto_aead.c
  CC    psa_crypto.c
  CC    psa_crypto_cipher.c
  CC    psa_crypto_client.c
  Gen   psa_crypto_driver_wrappers.c
  CC    psa_crypto_ecp.c
  CC    psa_crypto_hash.c
  CC    psa_crypto_mac.c
  CC    psa_crypto_pake.c
  CC    psa_crypto_aead.c
  CC    psa_crypto_rsa.c
  CC    psa_crypto_driver_wrappers.c
  CC    psa_crypto_rsa.c
  CC    psa_crypto_se.c
  CC    psa_crypto_slot_management.c
  CC    psa_crypto_storage.c
  CC    psa_crypto_aead.c
  CC    psa_crypto_se.c
  CC    psa_crypto_slot_management.c
  CC    psa_its_file.c
  CC    psa_crypto_storage.c
  CC    psa_crypto_slot_management.c
  CC    ripemd160.c
  CC    rsa.c
  CC    psa_its_file.c
  CC    psa_its_file.c
  CC    ripemd160.c
  CC    ripemd160.c
  CC    rsa.c
  CC    rsa.c
  CC    rsa_alt_helpers.c
  CC    rsa_alt_helpers.c
  CC    sha1.c
  CC    sha1.c
  CC    sha256.c
  CC    sha256.c
  CC    rsa_alt_helpers.c
  CC    sha512.c
  CC    threading.c
  CC    sha256.c
  CC    sha512.c
  CC    sha512.c
  CC    timing.c
  CC    version.c
  Gen   version_features.c
  CC    ../3rdparty/everest/library/everest.c
  CC    ../3rdparty/everest/library/x25519.c
  CC    timing.c
  CC    timing.c
  CC    ../3rdparty/everest/library/Hacl_Curve25519_joined.c
  CC    version_features.c
  CC    x509.c
  CC    x509_create.c
  CC    ../3rdparty/everest/library/Hacl_Curve25519_joined.c
  CC    version_features.c
  CC    x509.c
  CC    x509.c
  CC    x509_crl.c
  CC    x509_crt.c
  CC    x509_csr.c
  CC    x509_create.c
  CC    x509_create.c
  CC    x509_crt.c
  CC    x509_crt.c
  CC    x509write_crt.c
  CC    x509write_csr.c
  CC    pkcs7.c
  CC    x509write_crt.c
  CC    x509write_crt.c
  CC    debug.c
  CC    debug.c
  CC    debug.c
  CC    mps_reader.c
  CC    mps_trace.c
  CC    net_sockets.c
  CC    mps_reader.c
  CC    net_sockets.c
  CC    mps_reader.c
  CC    net_sockets.c
  CC    ssl_cache.c
  CC    ssl_cache.c
  CC    ssl_ciphersuites.c
  CC    ssl_ciphersuites.c
  CC    ssl_cache.c
  CC    ssl_ciphersuites.c
  CC    ssl_client.c
  CC    ssl_client.c
  CC    ssl_client.c
  CC    ssl_cookie.c
  Gen   ssl_debug_helpers_generated.c
  CC    ssl_cookie.c
  CC    ssl_msg.c
  CC    ssl_ticket.c
  CC    ssl_cookie.c
  Gen   ssl_debug_helpers_generated.c
  CC    ssl_debug_helpers_generated.c
  CC    ssl_msg.c
  CC    ssl_msg.c
  CC    ssl_tls.c
  CC    ssl_tls.c
  CC    ssl_tls.c
  CC    ssl_tls12_client.c
  CC    ssl_tls12_server.c
  CC    ssl_tls13_keys.c
  CC    ssl_tls13_client.c
  CC    ssl_tls13_server.c
  CC    ssl_tls13_generic.c
  CC    ssl_tls12_client.c
  CC    error.c
  AR    libmbedx509.a
  AR    libmbedtls.a
  CC    ssl_tls12_server.c
  CC    ssl_tls12_client.c
  AR    libmbedcrypto.a
make[1]: Leaving directory '/tmp/silent-mbedtls-N017-S0_H0-nlyc83lh/library'
  CC    error.c
  AR    libmbedx509.a
  CC    ssl_debug_helpers_generated.c
  AR    libmbedcrypto.a
  CC    error.c
  CC    psa_crypto_driver_wrappers.c
  CC    version_features.c
  AR    libmbedx509.a
  CC    ssl_debug_helpers_generated.c
  AR    libmbedtls.a
make[1]: Leaving directory '/tmp/silent-mbedtls-N017-S0_H0-nlyc83lh/library'
  AR    libmbedtls.a
  AR    libmbedcrypto.a
make[1]: Leaving directory '/tmp/silent-mbedtls-N017-S0_H0-nlyc83lh/library'
 cc common.o onefile.o fuzz_client.o ../../tests/src/asn1_helpers.o ../../tests/src/bignum_helpers.o ../../tests/src/certs.o ../../tests/src/fake_external_rng_for_test.o ../../tests/src/helpers.o ../../tests/src/psa_crypto_helpers.o ../../tests/src/psa_exercise_key.o ../../tests/src/random.o ../../tests/src/threading_helpers.o ../../tests/src/drivers/hash.o ../../tests/src/drivers/platform_builtin_keys.o ../../tests/src/drivers/test_driver_aead.o ../../tests/src/drivers/test_driver_asymmetric_encryption.o ../../tests/src/drivers/test_driver_cipher.o ../../tests/src/drivers/test_driver_key_agreement.o ../../tests/src/drivers/test_driver_key_management.o ../../tests/src/drivers/test_driver_mac.o ../../tests/src/drivers/test_driver_signature.o -L../../library -lmbedtls -lmbedx509 -lmbedcrypto  -o fuzz_client
make: Leaving directory '/tmp/silent-mbedtls-N017-S0_H0-nlyc83lh/programs/fuzz'

RUNTIME:
Warning: fuzzing without constant time
"
N017,S1_H0,fuzz_client,PASS,PASS,0,0,7.735,make -j4 mbedtls_test ; make -C programs/fuzz -j4 fuzz_client,"make[1]: Entering directory '/tmp/silent-mbedtls-N017-S1_H0-_a2pizma/tests'
  CC    src/asn1_helpers.c
  CC    src/bignum_helpers.c
  CC    src/certs.c
  CC    src/fake_external_rng_for_test.c
  CC    src/helpers.c
  CC    src/psa_crypto_helpers.c
  CC    src/psa_exercise_key.c
  CC    src/random.c
  CC    src/threading_helpers.c
  CC    src/drivers/hash.c
  CC    src/drivers/platform_builtin_keys.c
  CC    src/drivers/test_driver_aead.c
  CC    src/drivers/test_driver_asymmetric_encryption.c
  CC    src/drivers/test_driver_cipher.c
  CC    src/drivers/test_driver_key_agreement.c
  CC    src/drivers/test_driver_key_management.c
  CC    src/drivers/test_driver_mac.c
  CC    src/drivers/test_driver_signature.c
make[1]: Leaving directory '/tmp/silent-mbedtls-N017-S1_H0-_a2pizma/tests'
make: Entering directory '/tmp/silent-mbedtls-N017-S1_H0-_a2pizma/programs/fuzz'
make[1]: Entering directory '/tmp/silent-mbedtls-N017-S1_H0-_a2pizma/library'
  CC    aes.c
make[1]: Entering directory '/tmp/silent-mbedtls-N017-S1_H0-_a2pizma/library'
  CC    aes.c
  CC    aesni.c
make[1]: Entering directory '/tmp/silent-mbedtls-N017-S1_H0-_a2pizma/library'
  CC    aes.c
  CC    aria.c
  CC    asn1parse.c
  CC    aesni.c
  CC    asn1write.c
  CC    asn1parse.c
  CC    asn1write.c
  CC    aesni.c
  CC    asn1write.c
  CC    base64.c
  CC    base64.c
  CC    bignum.c
  CC    base64.c
  CC    bignum_core.c
  CC    bignum.c
  CC    bignum.c
  CC    bignum_core.c
  CC    bignum_mod.c
  CC    bignum_mod.c
  CC    bignum_mod_raw.c
  CC    bignum_core.c
  CC    bignum_mod_raw.c
  CC    camellia.c
  CC    bignum_mod_raw.c
  CC    camellia.c
  CC    camellia.c
  CC    ccm.c
  CC    ccm.c
  CC    chacha20.c
  CC    ccm.c
  CC    chacha20.c
  CC    chachapoly.c
  CC    chachapoly.c
  CC    cipher.c
  CC    cipher.c
  CC    cipher_wrap.c
  CC    chacha20.c
  CC    cmac.c
  CC    cipher.c
  CC    cipher_wrap.c
  CC    cmac.c
  CC    constant_time.c
  CC    constant_time.c
  CC    cmac.c
  CC    constant_time.c
  CC    ctr_drbg.c
  CC    ctr_drbg.c
  CC    des.c
  CC    ctr_drbg.c
  CC    des.c
  CC    dhm.c
  CC    des.c
  CC    ecdh.c
  CC    dhm.c
  CC    ecdsa.c
  CC    ecjpake.c
  CC    ecdh.c
  CC    dhm.c
  CC    ecp.c
  CC    ecdsa.c
  CC    ecp_curves.c
  CC    ecdsa.c
  CC    ecjpake.c
  CC    ecp.c
  CC    ecp.c
  CC    entropy.c
  CC    entropy_poll.c
  Gen   error.c
  CC    ecp_curves.c
  CC    gcm.c
  CC    ecp_curves.c
  CC    error.c
  Gen   error.c
  CC    hash_info.c
  CC    hkdf.c
  CC    hash_info.c
  CC    hmac_drbg.c
  CC    lmots.c
  CC    hkdf.c
  CC    gcm.c
  CC    lms.c
  CC    hmac_drbg.c
  CC    lmots.c
  CC    md.c
  CC    md5.c
  CC    lms.c
  CC    hmac_drbg.c
  CC    memory_buffer_alloc.c
  CC    md.c
  CC    nist_kw.c
  CC    md.c
  CC    nist_kw.c
  CC    nist_kw.c
  CC    oid.c
  CC    padlock.c
  CC    oid.c
  CC    pem.c
  CC    pem.c
  CC    oid.c
  CC    pk.c
  CC    pk_wrap.c
  CC    pk.c
  CC    pem.c
  CC    pkcs12.c
  CC    pk.c
  CC    pk_wrap.c
  CC    pkcs12.c
  CC    pkcs5.c
  CC    pkcs12.c
  CC    pkcs5.c
  CC    pkparse.c
  CC    pkwrite.c
  CC    pkcs5.c
  CC    pkparse.c
  CC    platform.c
  CC    pkparse.c
  CC    platform.c
  CC    platform_util.c
  CC    platform_util.c
  CC    poly1305.c
  CC    poly1305.c
  CC    psa_crypto.c
  CC    pkwrite.c
  CC    psa_crypto.c
  CC    psa_crypto.c
  CC    psa_crypto_aead.c
  CC    psa_crypto_aead.c
  CC    psa_crypto_cipher.c
  CC    psa_crypto_cipher.c
  CC    psa_crypto_client.c
  Gen   psa_crypto_driver_wrappers.c
  CC    psa_crypto_client.c
  CC    psa_crypto_ecp.c
  CC    psa_crypto_aead.c
  CC    psa_crypto_driver_wrappers.c
  CC    psa_crypto_hash.c
  CC    psa_crypto_ecp.c
  CC    psa_crypto_driver_wrappers.c
  CC    psa_crypto_mac.c
  CC    psa_crypto_pake.c
  CC    psa_crypto_hash.c
  CC    psa_crypto_mac.c
  CC    psa_crypto_rsa.c
  CC    psa_crypto_hash.c
  CC    psa_crypto_se.c
  CC    psa_crypto_slot_management.c
  CC    psa_crypto_pake.c
  CC    psa_crypto_pake.c
  CC    psa_crypto_rsa.c
  CC    psa_crypto_storage.c
  CC    psa_crypto_rsa.c
  CC    psa_crypto_slot_management.c
  CC    psa_crypto_storage.c
  CC    psa_its_file.c
  CC    ripemd160.c
  CC    rsa.c
  CC    psa_crypto_storage.c
  CC    psa_its_file.c
  CC    ripemd160.c
  CC    ripemd160.c
  CC    rsa.c
  CC    rsa.c
  CC    rsa_alt_helpers.c
  CC    rsa_alt_helpers.c
  CC    sha1.c
  CC    sha1.c
  CC    rsa_alt_helpers.c
  CC    sha256.c
  CC    sha256.c
  CC    sha1.c
  CC    sha256.c
  CC    sha512.c
  CC    sha512.c
  CC    threading.c
  CC    sha512.c
  CC    threading.c
  CC    timing.c
  CC    threading.c
  CC    timing.c
  CC    version.c
  CC    version.c
  Gen   version_features.c
  Gen   version_features.c
  CC    ../3rdparty/everest/library/everest.c
  CC    ../3rdparty/everest/library/x25519.c
  CC    ../3rdparty/everest/library/everest.c
  CC    timing.c
  CC    ../3rdparty/everest/library/Hacl_Curve25519_joined.c
  CC    x509.c
  CC    ../3rdparty/everest/library/x25519.c
  CC    ../3rdparty/everest/library/Hacl_Curve25519_joined.c
  CC    version_features.c
  CC    x509.c
  CC    x509.c
  CC    x509_create.c
  CC    x509_create.c
  CC    x509_create.c
  CC    x509_crl.c
  CC    x509_crt.c
  CC    x509_crl.c
  CC    x509_crl.c
  CC    x509_csr.c
  CC    x509_crt.c
  CC    x509_crt.c
  CC    x509write_crt.c
  CC    x509write_csr.c
  CC    x509_csr.c
  CC    pkcs7.c
  CC    debug.c
  CC    pkcs7.c
  CC    mps_reader.c
  CC    mps_trace.c
  CC    net_sockets.c
  CC    x509_csr.c
  CC    ssl_cache.c
  CC    debug.c
  CC    debug.c
  CC    ssl_ciphersuites.c
  CC    net_sockets.c
  CC    net_sockets.c
  CC    ssl_client.c
  CC    ssl_ciphersuites.c
  CC    ssl_client.c
  CC    ssl_cookie.c
  CC    ssl_ciphersuites.c
  CC    ssl_cookie.c
  Gen   ssl_debug_helpers_generated.c
  Gen   ssl_debug_helpers_generated.c
  CC    ssl_client.c
  Gen   ssl_debug_helpers_generated.c
  CC    ssl_msg.c
  CC    ssl_msg.c
  CC    ssl_msg.c
  CC    ssl_ticket.c
  CC    ssl_tls.c
  CC    ssl_ticket.c
  CC    ssl_tls.c
  CC    ssl_ticket.c
  CC    ssl_tls12_client.c
  CC    ssl_tls.c
  CC    ssl_tls12_client.c
  CC    ssl_tls12_server.c
  CC    ssl_tls12_server.c
  CC    ssl_tls13_keys.c
  CC    ssl_tls13_client.c
  CC    ssl_tls13_keys.c
  CC    ssl_tls13_server.c
  CC    ssl_tls13_server.c
  CC    ssl_tls13_generic.c
  CC    ssl_tls13_generic.c
  CC    ssl_tls12_client.c
  AR    libmbedcrypto.a
  CC    error.c
  AR    libmbedx509.a
  CC    ssl_debug_helpers_generated.c
  AR    libmbedtls.a
make[1]: Leaving directory '/tmp/silent-mbedtls-N017-S1_H0-_a2pizma/library'
  CC    version_features.c
  AR    libmbedx509.a
  CC    ssl_debug_helpers_generated.c
  CC    error.c
  AR    libmbedcrypto.a
  CC    psa_crypto_driver_wrappers.c
  AR    libmbedtls.a
make[1]: Leaving directory '/tmp/silent-mbedtls-N017-S1_H0-_a2pizma/library'
  CC    version_features.c
  AR    libmbedx509.a
  CC    ssl_debug_helpers_generated.c
  AR    libmbedtls.a
  AR    libmbedcrypto.a
make[1]: Leaving directory '/tmp/silent-mbedtls-N017-S1_H0-_a2pizma/library'
 cc common.o onefile.o fuzz_client.o ../../tests/src/asn1_helpers.o ../../tests/src/bignum_helpers.o ../../tests/src/certs.o ../../tests/src/fake_external_rng_for_test.o ../../tests/src/helpers.o ../../tests/src/psa_crypto_helpers.o ../../tests/src/psa_exercise_key.o ../../tests/src/random.o ../../tests/src/threading_helpers.o ../../tests/src/drivers/hash.o ../../tests/src/drivers/platform_builtin_keys.o ../../tests/src/drivers/test_driver_aead.o ../../tests/src/drivers/test_driver_asymmetric_encryption.o ../../tests/src/drivers/test_driver_cipher.o ../../tests/src/drivers/test_driver_key_agreement.o ../../tests/src/drivers/test_driver_key_management.o ../../tests/src/drivers/test_driver_mac.o ../../tests/src/drivers/test_driver_signature.o -L../../library -lmbedtls -lmbedx509 -lmbedcrypto  -o fuzz_client
make: Leaving directory '/tmp/silent-mbedtls-N017-S1_H0-_a2pizma/programs/fuzz'

RUNTIME:
Warning: fuzzing without constant time
"
N017,S1_H1,fuzz_client,PASS,PASS,0,0,7.345,make -j4 mbedtls_test ; make -C programs/fuzz -j4 fuzz_client,"make[1]: Entering directory '/tmp/silent-mbedtls-N017-S1_H1-_8evwatc/tests'
  CC    src/asn1_helpers.c
  CC    src/bignum_helpers.c
  CC    src/certs.c
  CC    src/fake_external_rng_for_test.c
  CC    src/helpers.c
  CC    src/psa_crypto_helpers.c
  CC    src/psa_exercise_key.c
  CC    src/random.c
  CC    src/threading_helpers.c
  CC    src/drivers/hash.c
  CC    src/drivers/platform_builtin_keys.c
  CC    src/drivers/test_driver_aead.c
  CC    src/drivers/test_driver_asymmetric_encryption.c
  CC    src/drivers/test_driver_cipher.c
  CC    src/drivers/test_driver_key_agreement.c
  CC    src/drivers/test_driver_key_management.c
  CC    src/drivers/test_driver_mac.c
  CC    src/drivers/test_driver_signature.c
make[1]: Leaving directory '/tmp/silent-mbedtls-N017-S1_H1-_8evwatc/tests'
make: Entering directory '/tmp/silent-mbedtls-N017-S1_H1-_8evwatc/programs/fuzz'
make[1]: Entering directory '/tmp/silent-mbedtls-N017-S1_H1-_8evwatc/library'
  CC    aes.c
make[1]: Entering directory '/tmp/silent-mbedtls-N017-S1_H1-_8evwatc/library'
  CC    aes.c
make[1]: Entering directory '/tmp/silent-mbedtls-N017-S1_H1-_8evwatc/library'
  CC    aes.c
  CC    aesni.c
  CC    aria.c
  CC    asn1parse.c
  CC    aesni.c
  CC    aesni.c
  CC    asn1parse.c
  CC    asn1write.c
  CC    asn1write.c
  CC    asn1parse.c
  CC    base64.c
  CC    base64.c
  CC    asn1write.c
  CC    base64.c
  CC    bignum.c
  CC    bignum.c
  CC    bignum.c
  CC    bignum_core.c
  CC    bignum_mod.c
  CC    bignum_mod_raw.c
  CC    camellia.c
  CC    bignum_core.c
  CC    bignum_core.c
  CC    ccm.c
  CC    camellia.c
  CC    chacha20.c
  CC    camellia.c
  CC    ccm.c
  CC    chacha20.c
  CC    chachapoly.c
  CC    chachapoly.c
  CC    cipher.c
  CC    chacha20.c
  CC    cipher.c
  CC    cipher.c
  CC    cipher_wrap.c
  CC    cipher_wrap.c
  CC    cmac.c
  CC    cmac.c
  CC    cipher_wrap.c
  CC    constant_time.c
  CC    cmac.c
  CC    constant_time.c
  CC    constant_time.c
  CC    ctr_drbg.c
  CC    des.c
  CC    ctr_drbg.c
  CC    ctr_drbg.c
  CC    dhm.c
  CC    des.c
  CC    des.c
  CC    dhm.c
  CC    ecdh.c
  CC    ecdsa.c
  CC    ecdh.c
  CC    dhm.c
  CC    ecdsa.c
  CC    ecdsa.c
  CC    ecjpake.c
  CC    ecjpake.c
  CC    ecjpake.c
  CC    ecp.c
  CC    ecp.c
  CC    ecp.c
  CC    ecp_curves.c
  CC    entropy.c
  CC    ecp_curves.c
  CC    ecp_curves.c
  CC    entropy_poll.c
  CC    entropy.c
  Gen   error.c
  CC    entropy_poll.c
  Gen   error.c
  CC    gcm.c
  CC    hash_info.c
  CC    gcm.c
  CC    hkdf.c
  CC    entropy.c
  CC    hmac_drbg.c
  CC    error.c
  CC    hmac_drbg.c
  CC    lmots.c
  CC    lmots.c
  CC    hash_info.c
  CC    lmots.c
  CC    lms.c
  CC    lms.c
  CC    lms.c
  CC    md.c
  CC    md.c
  CC    md.c
  CC    md5.c
  CC    md5.c
  CC    md5.c
  CC    memory_buffer_alloc.c
  CC    memory_buffer_alloc.c
  CC    nist_kw.c
  CC    oid.c
  CC    memory_buffer_alloc.c
  CC    nist_kw.c
  CC    nist_kw.c
  CC    padlock.c
  CC    oid.c
  CC    pem.c
  CC    oid.c
  CC    pem.c
  CC    padlock.c
  CC    pk.c
  CC    pem.c
  CC    pk.c
  CC    pk.c
  CC    pk_wrap.c
  CC    pk_wrap.c
  CC    pk_wrap.c
  CC    pkcs12.c
  CC    pkcs12.c
  CC    pkcs5.c
  CC    pkcs5.c
  CC    pkcs12.c
  CC    pkparse.c
  CC    pkcs5.c
  CC    pkparse.c
  CC    pkwrite.c
  CC    pkparse.c
  CC    platform.c
  CC    platform_util.c
  CC    pkwrite.c
  CC    poly1305.c
  CC    psa_crypto.c
  CC    platform_util.c
  CC    pkwrite.c
  CC    psa_crypto_aead.c
  CC    poly1305.c
  CC    poly1305.c
  CC    psa_crypto.c
  CC    psa_crypto_cipher.c
  CC    psa_crypto.c
  CC    psa_crypto_cipher.c
  CC    psa_crypto_client.c
  CC    psa_crypto_client.c
  Gen   psa_crypto_driver_wrappers.c
  Gen   psa_crypto_driver_wrappers.c
  CC    psa_crypto_ecp.c
  CC    psa_crypto_hash.c
  CC    psa_crypto_mac.c
  CC    psa_crypto_ecp.c
  CC    psa_crypto_cipher.c
  CC    psa_crypto_pake.c
  CC    psa_crypto_mac.c
  CC    psa_crypto_pake.c
  CC    psa_crypto_driver_wrappers.c
  CC    psa_crypto_rsa.c
  CC    psa_crypto_rsa.c
  CC    psa_crypto_se.c
  CC    psa_crypto_slot_management.c
  CC    psa_crypto_pake.c
  CC    psa_crypto_se.c
  CC    psa_crypto_rsa.c
  CC    psa_crypto_slot_management.c
  CC    psa_crypto_storage.c
  CC    psa_crypto_storage.c
  CC    psa_its_file.c
  CC    psa_crypto_slot_management.c
  CC    psa_its_file.c
  CC    ripemd160.c
  CC    ripemd160.c
  CC    rsa.c
  CC    psa_crypto_storage.c
  CC    ripemd160.c
  CC    rsa.c
  CC    rsa_alt_helpers.c
  CC    sha1.c
  CC    rsa.c
  CC    sha256.c
  CC    sha512.c
  CC    threading.c
  CC    rsa_alt_helpers.c
  CC    sha512.c
  CC    timing.c
  CC    version.c
  CC    timing.c
  Gen   version_features.c
  CC    sha1.c
  CC    ../3rdparty/everest/library/everest.c
  CC    ../3rdparty/everest/library/x25519.c
  CC    version.c
  CC    version_features.c
  CC    ../3rdparty/everest/library/Hacl_Curve25519_joined.c
  CC    x509.c
  CC    ../3rdparty/everest/library/x25519.c
  CC    x509_create.c
  CC    x509.c
  CC    x509_crl.c
  Gen   version_features.c
  CC    x509.c
  CC    x509_crt.c
  CC    x509_crl.c
  CC    x509_create.c
  CC    x509_crt.c
  CC    x509_csr.c
  CC    x509_crt.c
  CC    x509_csr.c
  CC    x509write_crt.c
  CC    x509_csr.c
  CC    x509write_crt.c
  CC    x509write_csr.c
  CC    x509write_crt.c
  CC    x509write_csr.c
  CC    pkcs7.c
  CC    debug.c
  CC    pkcs7.c
  CC    debug.c
  CC    mps_reader.c
  CC    x509write_csr.c
  CC    mps_trace.c
  CC    debug.c
  CC    mps_reader.c
  CC    net_sockets.c
  CC    net_sockets.c
  CC    net_sockets.c
  CC    ssl_cache.c
  CC    ssl_cache.c
  CC    ssl_ciphersuites.c
  CC    ssl_cache.c
  CC    ssl_ciphersuites.c
  CC    ssl_client.c
  CC    ssl_client.c
  CC    ssl_ciphersuites.c
  CC    ssl_client.c
  CC    ssl_cookie.c
  CC    ssl_cookie.c
  CC    ssl_cookie.c
  Gen   ssl_debug_helpers_generated.c
  Gen   ssl_debug_helpers_generated.c
  CC    ssl_msg.c
  Gen   ssl_debug_helpers_generated.c
  CC    ssl_msg.c
  CC    ssl_msg.c
  CC    ssl_ticket.c
  CC    ssl_ticket.c
  CC    ssl_tls.c
  CC    ssl_ticket.c
  CC    ssl_tls.c
  CC    ssl_tls12_client.c
  CC    ssl_tls.c
  CC    ssl_tls12_server.c
  CC    ssl_tls12_client.c
  CC    ssl_tls12_server.c
  CC    ssl_tls13_keys.c
  CC    ssl_tls13_client.c
  CC    ssl_tls13_server.c
  CC    ssl_tls13_generic.c
  CC    ssl_tls12_client.c
  CC    version_features.c
  AR    libmbedx509.a
  CC    ssl_debug_helpers_generated.c
  CC    ssl_tls13_generic.c
  CC    ssl_tls13_keys.c
  CC    error.c
  AR    libmbedcrypto.a
  AR    libmbedtls.a
make[1]: Leaving directory '/tmp/silent-mbedtls-N017-S1_H1-_8evwatc/library'
  CC    psa_crypto_driver_wrappers.c
  AR    libmbedx509.a
  CC    ssl_debug_helpers_generated.c
  CC    error.c
  CC    psa_crypto_driver_wrappers.c
  CC    version_features.c
  AR    libmbedx509.a
  CC    ssl_debug_helpers_generated.c
  AR    libmbedcrypto.a
  AR    libmbedtls.a
make[1]: Leaving directory '/tmp/silent-mbedtls-N017-S1_H1-_8evwatc/library'
  AR    libmbedtls.a
  AR    libmbedcrypto.a
make[1]: Leaving directory '/tmp/silent-mbedtls-N017-S1_H1-_8evwatc/library'
 cc common.o onefile.o fuzz_client.o ../../tests/src/asn1_helpers.o ../../tests/src/bignum_helpers.o ../../tests/src/certs.o ../../tests/src/fake_external_rng_for_test.o ../../tests/src/helpers.o ../../tests/src/psa_crypto_helpers.o ../../tests/src/psa_exercise_key.o ../../tests/src/random.o ../../tests/src/threading_helpers.o ../../tests/src/drivers/hash.o ../../tests/src/drivers/platform_builtin_keys.o ../../tests/src/drivers/test_driver_aead.o ../../tests/src/drivers/test_driver_asymmetric_encryption.o ../../tests/src/drivers/test_driver_cipher.o ../../tests/src/drivers/test_driver_key_agreement.o ../../tests/src/drivers/test_driver_key_management.o ../../tests/src/drivers/test_driver_mac.o ../../tests/src/drivers/test_driver_signature.o -L../../library -lmbedtls -lmbedx509 -lmbedcrypto  -o fuzz_client
make: Leaving directory '/tmp/silent-mbedtls-N017-S1_H1-_8evwatc/programs/fuzz'

RUNTIME:
Warning: fuzzing without constant time
"
N018,S0_H0,fuzz_client,PASS,PASS,0,0,6.291,make -j4 mbedtls_test ; make -C programs/fuzz -j4 fuzz_client,"make[1]: Entering directory '/tmp/silent-mbedtls-N018-S0_H0-4r7pavo5/tests'
  CC    src/asn1_helpers.c
  CC    src/helpers.c
  CC    src/psa_crypto_helpers.c
  CC    src/fake_external_rng_for_test.c
  CC    src/psa_exercise_key.c
  CC    src/random.c
  CC    src/threading_helpers.c
  CC    src/drivers/hash.c
  CC    src/drivers/platform_builtin_keys.c
  CC    src/drivers/test_driver_aead.c
  CC    src/drivers/test_driver_cipher.c
  CC    src/drivers/test_driver_key_management.c
  CC    src/drivers/test_driver_mac.c
  CC    src/drivers/test_driver_signature.c
  CC    src/drivers/test_driver_size.c
make[1]: Leaving directory '/tmp/silent-mbedtls-N018-S0_H0-4r7pavo5/tests'
make: Entering directory '/tmp/silent-mbedtls-N018-S0_H0-4r7pavo5/programs/fuzz'
make[1]: Entering directory '/tmp/silent-mbedtls-N018-S0_H0-4r7pavo5/library'
  CC    aes.c
  CC    aesni.c
make[1]: Entering directory '/tmp/silent-mbedtls-N018-S0_H0-4r7pavo5/library'
  CC    aes.c
make[1]: Entering directory '/tmp/silent-mbedtls-N018-S0_H0-4r7pavo5/library'
  CC    aes.c
  CC    aesni.c
  CC    arc4.c
  CC    arc4.c
  CC    aria.c
  CC    aria.c
  CC    asn1parse.c
  CC    asn1parse.c
  CC    asn1write.c
  CC    aesni.c
  CC    asn1write.c
  CC    asn1write.c
  CC    base64.c
  CC    base64.c
  CC    base64.c
  CC    bignum.c
  CC    bignum.c
  CC    bignum.c
  CC    blowfish.c
  CC    blowfish.c
  CC    camellia.c
  CC    ccm.c
  CC    chacha20.c
  CC    chachapoly.c
  CC    blowfish.c
  CC    chachapoly.c
  CC    camellia.c
  CC    cipher.c
  CC    cipher_wrap.c
  CC    cipher.c
  CC    cmac.c
  CC    constant_time.c
  CC    chachapoly.c
  CC    ctr_drbg.c
  CC    cipher_wrap.c
  CC    cipher.c
  CC    constant_time.c
  CC    constant_time.c
  CC    des.c
  CC    ctr_drbg.c
  CC    dhm.c
  CC    ctr_drbg.c
  CC    ecdh.c
  CC    des.c
  CC    ecdh.c
  CC    des.c
  CC    ecdsa.c
  CC    ecdsa.c
  CC    ecjpake.c
  CC    ecp.c
  CC    ecp_curves.c
  CC    ecjpake.c
  CC    ecp.c
  CC    ecdh.c
  CC    ecp.c
  CC    entropy.c
  CC    ecp_curves.c
  CC    entropy_poll.c
  CC    error.c
  CC    ecp_curves.c
  CC    error.c
  CC    gcm.c
  CC    gcm.c
  CC    entropy_poll.c
  CC    gcm.c
  CC    havege.c
  CC    hkdf.c
  CC    hmac_drbg.c
  CC    havege.c
  CC    hmac_drbg.c
  CC    md.c
  CC    md.c
  CC    havege.c
  CC    md.c
  CC    md2.c
  CC    md4.c
  CC    md2.c
  CC    md4.c
  CC    md5.c
  CC    memory_buffer_alloc.c
  CC    mps_reader.c
  CC    mps_trace.c
  CC    md2.c
  CC    nist_kw.c
  CC    md5.c
  CC    md5.c
  CC    nist_kw.c
  CC    oid.c
  CC    oid.c
  CC    nist_kw.c
  CC    oid.c
  CC    padlock.c
  CC    padlock.c
  CC    pem.c
  CC    pk.c
  CC    padlock.c
  CC    pem.c
  CC    pk.c
  CC    pem.c
  CC    pk_wrap.c
  CC    pkcs12.c
  CC    pk_wrap.c
  CC    pkcs5.c
  CC    pk_wrap.c
  CC    pkcs12.c
  CC    pkcs5.c
  CC    pkparse.c
  CC    pkcs12.c
  CC    pkparse.c
  CC    pkparse.c
  CC    pkwrite.c
  CC    platform.c
  CC    pkwrite.c
  CC    platform_util.c
  CC    poly1305.c
  CC    platform.c
  CC    pkwrite.c
  CC    poly1305.c
  CC    poly1305.c
  CC    psa_crypto.c
  CC    psa_crypto_aead.c
  CC    psa_crypto.c
  CC    psa_crypto.c
  CC    psa_crypto_cipher.c
  CC    psa_crypto_aead.c
  CC    psa_crypto_client.c
  CC    psa_crypto_client.c
  CC    psa_crypto_driver_wrappers.c
  CC    psa_crypto_ecp.c
  CC    psa_crypto_hash.c
  CC    psa_crypto_mac.c
  CC    psa_crypto_rsa.c
  CC    psa_crypto_driver_wrappers.c
  CC    psa_crypto_rsa.c
  CC    psa_crypto_aead.c
  CC    psa_crypto_se.c
  CC    psa_crypto_slot_management.c
  CC    psa_crypto_storage.c
  CC    psa_crypto_se.c
  CC    psa_crypto_se.c
  CC    psa_crypto_slot_management.c
  CC    psa_crypto_slot_management.c
  CC    psa_crypto_storage.c
  CC    psa_its_file.c
  CC    ripemd160.c
  CC    psa_crypto_storage.c
  CC    psa_its_file.c
  CC    ripemd160.c
  CC    psa_its_file.c
  CC    ripemd160.c
  CC    rsa.c
  CC    rsa.c
  CC    rsa_internal.c
  CC    rsa.c
  CC    rsa_internal.c
  CC    sha1.c
  CC    rsa_internal.c
  CC    sha1.c
  CC    sha256.c
  CC    sha1.c
  CC    sha256.c
  CC    sha512.c
  CC    sha512.c
  CC    sha256.c
  CC    sha512.c
  CC    threading.c
  CC    threading.c
  CC    timing.c
  CC    timing.c
  CC    threading.c
  CC    version.c
  CC    version_features.c
  CC    timing.c
  CC    version.c
  CC    xtea.c
  CC    ../3rdparty/everest/library/everest.c
  CC    version_features.c
  CC    xtea.c
  CC    ../3rdparty/everest/library/x25519.c
  CC    ../3rdparty/everest/library/x25519.c
  CC    ../3rdparty/everest/library/Hacl_Curve25519_joined.c
  CC    certs.c
  CC    version_features.c
  CC    ../3rdparty/everest/library/Hacl_Curve25519_joined.c
  CC    pkcs11.c
  CC    certs.c
  CC    x509.c
  CC    pkcs11.c
  CC    ../3rdparty/everest/library/Hacl_Curve25519_joined.c
  CC    x509.c
  CC    x509.c
  CC    x509_create.c
  CC    x509_crl.c
  CC    x509_create.c
  CC    x509_crl.c
  CC    x509_create.c
  CC    x509_crt.c
  CC    x509_crt.c
  CC    x509_crl.c
  CC    x509_csr.c
  CC    x509_crt.c
  CC    x509_csr.c
  CC    x509write_crt.c
  CC    x509write_crt.c
  CC    x509_csr.c
  CC    x509write_csr.c
  CC    debug.c
  CC    x509write_csr.c
  CC    debug.c
  CC    net_sockets.c
  CC    x509write_csr.c
  CC    debug.c
  CC    net_sockets.c
  CC    net_sockets.c
  CC    ssl_cache.c
  CC    ssl_cache.c
  CC    ssl_ciphersuites.c
  CC    ssl_cache.c
  CC    ssl_ciphersuites.c
  CC    ssl_ciphersuites.c
  CC    ssl_cli.c
  CC    ssl_cookie.c
  CC    ssl_cli.c
  CC    ssl_cli.c
  CC    ssl_cookie.c
  CC    ssl_msg.c
  CC    ssl_msg.c
  CC    ssl_cookie.c
  CC    ssl_msg.c
  CC    ssl_srv.c
  CC    ssl_srv.c
  CC    ssl_ticket.c
  CC    ssl_ticket.c
  CC    ssl_srv.c
  CC    ssl_tls.c
  CC    ssl_tls13_keys.c
  CC    ssl_tls.c
  AR    libmbedcrypto.a
  AR    libmbedx509.a
  AR    libmbedcrypto.a
  AR    libmbedx509.a
  CC    ssl_tls.c
  AR    libmbedcrypto.a
  AR    libmbedx509.a
  AR    libmbedtls.a
make[1]: Leaving directory '/tmp/silent-mbedtls-N018-S0_H0-4r7pavo5/library'
  AR    libmbedtls.a
make[1]: Leaving directory '/tmp/silent-mbedtls-N018-S0_H0-4r7pavo5/library'
  AR    libmbedtls.a
make[1]: Leaving directory '/tmp/silent-mbedtls-N018-S0_H0-4r7pavo5/library'
 cc common.o onefile.o fuzz_client.o ../../tests/src/asn1_helpers.o ../../tests/src/fake_external_rng_for_test.o ../../tests/src/helpers.o ../../tests/src/psa_crypto_helpers.o ../../tests/src/psa_exercise_key.o ../../tests/src/random.o ../../tests/src/threading_helpers.o ../../tests/src/drivers/hash.o ../../tests/src/drivers/platform_builtin_keys.o ../../tests/src/drivers/test_driver_aead.o ../../tests/src/drivers/test_driver_cipher.o ../../tests/src/drivers/test_driver_key_management.o ../../tests/src/drivers/test_driver_mac.o ../../tests/src/drivers/test_driver_signature.o ../../tests/src/drivers/test_driver_size.o -L../../library -lmbedtls -lmbedx509 -lmbedcrypto  -o fuzz_client
make: Leaving directory '/tmp/silent-mbedtls-N018-S0_H0-4r7pavo5/programs/fuzz'

RUNTIME:
Warning: fuzzing without constant time
"
N018,S1_H0,fuzz_client,PASS,PASS,0,0,6.296,make -j4 mbedtls_test ; make -C programs/fuzz -j4 fuzz_client,"make[1]: Entering directory '/tmp/silent-mbedtls-N018-S1_H0-bu8o3k3r/tests'
  CC    src/asn1_helpers.c
  CC    src/helpers.c
  CC    src/fake_external_rng_for_test.c
  CC    src/psa_crypto_helpers.c
  CC    src/psa_exercise_key.c
  CC    src/random.c
  CC    src/threading_helpers.c
  CC    src/drivers/hash.c
  CC    src/drivers/platform_builtin_keys.c
  CC    src/drivers/test_driver_aead.c
  CC    src/drivers/test_driver_cipher.c
  CC    src/drivers/test_driver_key_management.c
  CC    src/drivers/test_driver_mac.c
  CC    src/drivers/test_driver_signature.c
  CC    src/drivers/test_driver_size.c
make[1]: Leaving directory '/tmp/silent-mbedtls-N018-S1_H0-bu8o3k3r/tests'
make: Entering directory '/tmp/silent-mbedtls-N018-S1_H0-bu8o3k3r/programs/fuzz'
make[1]: Entering directory '/tmp/silent-mbedtls-N018-S1_H0-bu8o3k3r/library'
  CC    aes.c
make[1]: Entering directory '/tmp/silent-mbedtls-N018-S1_H0-bu8o3k3r/library'
  CC    aes.c
  CC    aesni.c
make[1]: Entering directory '/tmp/silent-mbedtls-N018-S1_H0-bu8o3k3r/library'
  CC    aes.c
  CC    arc4.c
  CC    aesni.c
  CC    aria.c
  CC    aria.c
  CC    asn1parse.c
  CC    asn1parse.c
  CC    aesni.c
  CC    asn1write.c
  CC    asn1write.c
  CC    asn1write.c
  CC    base64.c
  CC    base64.c
  CC    bignum.c
  CC    base64.c
  CC    bignum.c
  CC    blowfish.c
  CC    bignum.c
  CC    camellia.c
  CC    ccm.c
  CC    chacha20.c
  CC    chachapoly.c
  CC    blowfish.c
  CC    blowfish.c
  CC    cipher.c
  CC    cipher_wrap.c
  CC    chachapoly.c
  CC    chachapoly.c
  CC    cipher.c
  CC    cipher_wrap.c
  CC    cipher.c
  CC    cmac.c
  CC    constant_time.c
  CC    ctr_drbg.c
  CC    cmac.c
  CC    cmac.c
  CC    constant_time.c
  CC    constant_time.c
  CC    ctr_drbg.c
  CC    des.c
  CC    des.c
  CC    ctr_drbg.c
  CC    des.c
  CC    dhm.c
  CC    dhm.c
  CC    dhm.c
  CC    ecdh.c
  CC    ecdh.c
  CC    ecdh.c
  CC    ecdsa.c
  CC    ecdsa.c
  CC    ecdsa.c
  CC    ecjpake.c
  CC    ecp.c
  CC    ecjpake.c
  CC    ecp.c
  CC    ecjpake.c
  CC    ecp.c
  CC    ecp_curves.c
  CC    entropy.c
  CC    entropy_poll.c
  CC    ecp_curves.c
  CC    error.c
  CC    ecp_curves.c
  CC    error.c
  CC    gcm.c
  CC    gcm.c
  CC    havege.c
  CC    entropy_poll.c
  CC    hkdf.c
  CC    hmac_drbg.c
  CC    havege.c
  CC    havege.c
  CC    hkdf.c
  CC    hmac_drbg.c
  CC    hkdf.c
  CC    hmac_drbg.c
  CC    md.c
  CC    md.c
  CC    md2.c
  CC    md4.c
  CC    md5.c
  CC    md.c
  CC    md5.c
  CC    md2.c
  CC    md5.c
  CC    memory_buffer_alloc.c
  CC    memory_buffer_alloc.c
  CC    mps_reader.c
  CC    mps_trace.c
  CC    mps_reader.c
  CC    nist_kw.c
  CC    memory_buffer_alloc.c
  CC    mps_trace.c
  CC    oid.c
  CC    nist_kw.c
  CC    oid.c
  CC    nist_kw.c
  CC    padlock.c
  CC    oid.c
  CC    padlock.c
  CC    pem.c
  CC    padlock.c
  CC    pem.c
  CC    pk.c
  CC    pem.c
  CC    pk.c
  CC    pk_wrap.c
  CC    pk.c
  CC    pk_wrap.c
  CC    pk_wrap.c
  CC    pkcs12.c
  CC    pkcs12.c
  CC    pkcs5.c
  CC    pkcs12.c
  CC    pkcs5.c
  CC    pkparse.c
  CC    pkparse.c
  CC    pkcs5.c
  CC    pkparse.c
  CC    pkwrite.c
  CC    pkwrite.c
  CC    platform.c
  CC    platform.c
  CC    platform_util.c
  CC    poly1305.c
  CC    platform_util.c
  CC    pkwrite.c
  CC    poly1305.c
  CC    poly1305.c
  CC    psa_crypto.c
  CC    psa_crypto_aead.c
  CC    psa_crypto.c
  CC    psa_crypto.c
  CC    psa_crypto_aead.c
  CC    psa_crypto_cipher.c
  CC    psa_crypto_client.c
  CC    psa_crypto_driver_wrappers.c
  CC    psa_crypto_ecp.c
  CC    psa_crypto_hash.c
  CC    psa_crypto_mac.c
  CC    psa_crypto_rsa.c
  CC    psa_crypto_cipher.c
  CC    psa_crypto_rsa.c
  CC    psa_crypto_aead.c
  CC    psa_crypto_se.c
  CC    psa_crypto_slot_management.c
  CC    psa_crypto_se.c
  CC    psa_crypto_se.c
  CC    psa_crypto_slot_management.c
  CC    psa_crypto_slot_management.c
  CC    psa_crypto_storage.c
  CC    psa_crypto_storage.c
  CC    psa_its_file.c
  CC    psa_its_file.c
  CC    psa_crypto_storage.c
  CC    ripemd160.c
  CC    ripemd160.c
  CC    rsa.c
  CC    psa_its_file.c
  CC    ripemd160.c
  CC    rsa.c
  CC    rsa_internal.c
  CC    sha1.c
  CC    rsa.c
  CC    rsa_internal.c
  CC    sha1.c
  CC    sha256.c
  CC    sha256.c
  CC    sha512.c
  CC    sha512.c
  CC    sha1.c
  CC    threading.c
  CC    timing.c
  CC    sha512.c
  CC    version.c
  CC    threading.c
  CC    version_features.c
  CC    version.c
  CC    version.c
  CC    xtea.c
  CC    version_features.c
  CC    ../3rdparty/everest/library/everest.c
  CC    xtea.c
  CC    ../3rdparty/everest/library/x25519.c
  CC    ../3rdparty/everest/library/Hacl_Curve25519_joined.c
  CC    certs.c
  CC    ../3rdparty/everest/library/everest.c
  CC    pkcs11.c
  CC    x509.c
  CC    certs.c
  CC    x509_create.c
  CC    x509.c
  CC    version_features.c
  CC    x509.c
  CC    x509_create.c
  CC    x509_crl.c
  CC    x509_crl.c
  CC    x509_create.c
  CC    x509_crl.c
  CC    x509_crt.c
  CC    x509_crt.c
  CC    x509_crt.c
  CC    x509_csr.c
  CC    x509write_crt.c
  CC    x509_csr.c
  CC    x509write_csr.c
  CC    x509_csr.c
  CC    x509write_csr.c
  CC    debug.c
  CC    x509write_csr.c
  CC    debug.c
  CC    debug.c
  CC    net_sockets.c
  CC    net_sockets.c
  CC    ssl_cache.c
  CC    net_sockets.c
  CC    ssl_cache.c
  CC    ssl_ciphersuites.c
  CC    ssl_ciphersuites.c
  CC    ssl_cli.c
  CC    ssl_cli.c
  CC    ssl_cache.c
  CC    ssl_cli.c
  CC    ssl_cookie.c
  CC    ssl_msg.c
  CC    ssl_cookie.c
  CC    ssl_msg.c
  CC    ssl_cookie.c
  CC    ssl_srv.c
  CC    ssl_msg.c
  CC    ssl_srv.c
  CC    ssl_ticket.c
  CC    ssl_tls.c
  CC    ssl_ticket.c
  CC    ssl_srv.c
  CC    ssl_tls.c
  CC    ssl_tls.c
  CC    ssl_tls13_keys.c
  AR    libmbedcrypto.a
  AR    libmbedx509.a
  AR    libmbedtls.a
  CC    ssl_tls13_keys.c
make[1]: Leaving directory '/tmp/silent-mbedtls-N018-S1_H0-bu8o3k3r/library'
  CC    ssl_tls13_keys.c
  AR    libmbedcrypto.a
  AR    libmbedx509.a
  AR    libmbedcrypto.a
  AR    libmbedx509.a
  AR    libmbedtls.a
make[1]: Leaving directory '/tmp/silent-mbedtls-N018-S1_H0-bu8o3k3r/library'
  AR    libmbedtls.a
make[1]: Leaving directory '/tmp/silent-mbedtls-N018-S1_H0-bu8o3k3r/library'
 cc common.o onefile.o fuzz_client.o ../../tests/src/asn1_helpers.o ../../tests/src/fake_external_rng_for_test.o ../../tests/src/helpers.o ../../tests/src/psa_crypto_helpers.o ../../tests/src/psa_exercise_key.o ../../tests/src/random.o ../../tests/src/threading_helpers.o ../../tests/src/drivers/hash.o ../../tests/src/drivers/platform_builtin_keys.o ../../tests/src/drivers/test_driver_aead.o ../../tests/src/drivers/test_driver_cipher.o ../../tests/src/drivers/test_driver_key_management.o ../../tests/src/drivers/test_driver_mac.o ../../tests/src/drivers/test_driver_signature.o ../../tests/src/drivers/test_driver_size.o -L../../library -lmbedtls -lmbedx509 -lmbedcrypto  -o fuzz_client
make: Leaving directory '/tmp/silent-mbedtls-N018-S1_H0-bu8o3k3r/programs/fuzz'

RUNTIME:
Warning: fuzzing without constant time
"
N018,S1_H1,fuzz_client,PASS,PASS,0,0,6.568,make -j4 mbedtls_test ; make -C programs/fuzz -j4 fuzz_client,"make[1]: Entering directory '/tmp/silent-mbedtls-N018-S1_H1-alorv4is/tests'
  CC    src/asn1_helpers.c
  CC    src/fake_external_rng_for_test.c
  CC    src/helpers.c
  CC    src/psa_crypto_helpers.c
  CC    src/psa_exercise_key.c
  CC    src/random.c
  CC    src/threading_helpers.c
  CC    src/drivers/hash.c
  CC    src/drivers/platform_builtin_keys.c
  CC    src/drivers/test_driver_cipher.c
  CC    src/drivers/test_driver_aead.c
  CC    src/drivers/test_driver_key_management.c
  CC    src/drivers/test_driver_mac.c
  CC    src/drivers/test_driver_signature.c
  CC    src/drivers/test_driver_size.c
make[1]: Leaving directory '/tmp/silent-mbedtls-N018-S1_H1-alorv4is/tests'
make: Entering directory '/tmp/silent-mbedtls-N018-S1_H1-alorv4is/programs/fuzz'
make[1]: Entering directory '/tmp/silent-mbedtls-N018-S1_H1-alorv4is/library'
  CC    aes.c
make[1]: Entering directory '/tmp/silent-mbedtls-N018-S1_H1-alorv4is/library'
  CC    aes.c
  CC    aesni.c
make[1]: Entering directory '/tmp/silent-mbedtls-N018-S1_H1-alorv4is/library'
  CC    aes.c
  CC    aesni.c
  CC    arc4.c
  CC    aria.c
  CC    asn1parse.c
  CC    arc4.c
  CC    asn1write.c
  CC    aesni.c
  CC    asn1write.c
  CC    base64.c
  CC    asn1write.c
  CC    base64.c
  CC    bignum.c
  CC    bignum.c
  CC    base64.c
  CC    blowfish.c
  CC    bignum.c
  CC    camellia.c
  CC    blowfish.c
  CC    ccm.c
  CC    chacha20.c
  CC    chachapoly.c
  CC    cipher.c
  CC    blowfish.c
  CC    cipher_wrap.c
  CC    ccm.c
  CC    chachapoly.c
  CC    cmac.c
  CC    cipher.c
  CC    constant_time.c
  CC    cmac.c
  CC    constant_time.c
  CC    cipher.c
  CC    ctr_drbg.c
  CC    ctr_drbg.c
  CC    des.c
  CC    constant_time.c
  CC    des.c
  CC    dhm.c
  CC    ctr_drbg.c
  CC    dhm.c
  CC    ecdh.c
  CC    ecdsa.c
  CC    des.c
  CC    ecdh.c
  CC    ecjpake.c
  CC    ecp.c
  CC    ecdsa.c
  CC    ecp.c
  CC    ecp_curves.c
  CC    ecdsa.c
  CC    ecp.c
  CC    ecp_curves.c
  CC    entropy.c
  CC    ecp_curves.c
  CC    entropy_poll.c
  CC    error.c
  CC    gcm.c
  CC    entropy.c
  CC    gcm.c
  CC    entropy.c
  CC    gcm.c
  CC    havege.c
  CC    hkdf.c
  CC    hmac_drbg.c
  CC    havege.c
  CC    hmac_drbg.c
  CC    havege.c
  CC    md.c
  CC    hmac_drbg.c
  CC    md.c
  CC    md2.c
  CC    md4.c
  CC    md2.c
  CC    md5.c
  CC    memory_buffer_alloc.c
  CC    mps_reader.c
  CC    md5.c
  CC    md.c
  CC    mps_trace.c
  CC    nist_kw.c
  CC    oid.c
  CC    mps_trace.c
  CC    oid.c
  CC    padlock.c
  CC    md5.c
  CC    oid.c
  CC    padlock.c
  CC    pem.c
  CC    pem.c
  CC    pem.c
  CC    pk.c
  CC    pk.c
  CC    pk.c
  CC    pk_wrap.c
  CC    pk_wrap.c
  CC    pk_wrap.c
  CC    pkcs12.c
  CC    pkcs12.c
  CC    pkcs12.c
  CC    pkcs5.c
  CC    pkcs5.c
  CC    pkcs5.c
  CC    pkparse.c
  CC    pkwrite.c
  CC    pkparse.c
  CC    pkparse.c
  CC    platform.c
  CC    pkwrite.c
  CC    platform_util.c
  CC    pkwrite.c
  CC    poly1305.c
  CC    psa_crypto.c
  CC    platform_util.c
  CC    poly1305.c
  CC    platform_util.c
  CC    psa_crypto.c
  CC    psa_crypto_aead.c
  CC    psa_crypto.c
  CC    psa_crypto_aead.c
  CC    psa_crypto_cipher.c
  CC    psa_crypto_client.c
  CC    psa_crypto_driver_wrappers.c
  CC    psa_crypto_ecp.c
  CC    psa_crypto_hash.c
  CC    psa_crypto_cipher.c
  CC    psa_crypto_mac.c
  CC    psa_crypto_mac.c
  CC    psa_crypto_rsa.c
  CC    psa_crypto_aead.c
  CC    psa_crypto_rsa.c
  CC    psa_crypto_se.c
  CC    psa_crypto_rsa.c
  CC    psa_crypto_se.c
  CC    psa_crypto_slot_management.c
  CC    psa_crypto_slot_management.c
  CC    psa_crypto_storage.c
  CC    psa_crypto_se.c
  CC    psa_crypto_storage.c
  CC    psa_crypto_slot_management.c
  CC    psa_crypto_storage.c
  CC    psa_its_file.c
  CC    ripemd160.c
  CC    psa_its_file.c
  CC    ripemd160.c
  CC    psa_its_file.c
  CC    rsa.c
  CC    ripemd160.c
  CC    rsa.c
  CC    rsa_internal.c
  CC    rsa.c
  CC    rsa_internal.c
  CC    sha1.c
  CC    sha1.c
  CC    sha256.c
  CC    rsa_internal.c
  CC    sha256.c
  CC    sha256.c
  CC    sha512.c
  CC    threading.c
  CC    sha512.c
  CC    sha512.c
  CC    timing.c
  CC    version.c
  CC    timing.c
  CC    version_features.c
  CC    xtea.c
  CC    ../3rdparty/everest/library/everest.c
  CC    version_features.c
  CC    timing.c
  CC    xtea.c
  CC    ../3rdparty/everest/library/x25519.c
  CC    xtea.c
  CC    ../3rdparty/everest/library/Hacl_Curve25519_joined.c
  CC    certs.c
  CC    ../3rdparty/everest/library/everest.c
  CC    pkcs11.c
  CC    x509.c
  CC    ../3rdparty/everest/library/Hacl_Curve25519_joined.c
  CC    pkcs11.c
  CC    certs.c
  CC    x509.c
  CC    x509_create.c
  CC    x509.c
  CC    x509_create.c
  CC    x509_crl.c
  CC    x509_create.c
  CC    x509_crl.c
  CC    x509_crl.c
  CC    x509_crt.c
  CC    x509_crt.c
  CC    x509_crt.c
  CC    x509_csr.c
  CC    x509_csr.c
  CC    x509write_crt.c
  CC    x509write_csr.c
  CC    x509write_crt.c
  CC    x509write_csr.c
  CC    x509_csr.c
  CC    debug.c
  CC    net_sockets.c
  CC    debug.c
  CC    debug.c
  CC    ssl_cache.c
  CC    net_sockets.c
  CC    net_sockets.c
  CC    ssl_cache.c
  CC    ssl_ciphersuites.c
  CC    ssl_cli.c
  CC    ssl_cookie.c
  CC    ssl_ciphersuites.c
  CC    ssl_cache.c
  CC    ssl_cli.c
  CC    ssl_cli.c
  CC    ssl_msg.c
  CC    ssl_msg.c
  CC    ssl_msg.c
  CC    ssl_srv.c
  CC    ssl_srv.c
  CC    ssl_ticket.c
  CC    ssl_srv.c
  CC    ssl_tls.c
  CC    ssl_ticket.c
  CC    ssl_tls.c
  CC    ssl_tls13_keys.c
  CC    ssl_tls13_keys.c
  AR    libmbedcrypto.a
  AR    libmbedcrypto.a
  AR    libmbedx509.a
  CC    ssl_ticket.c
  CC    ssl_tls.c
  AR    libmbedx509.a
  AR    libmbedcrypto.a
  AR    libmbedx509.a
  AR    libmbedtls.a
make[1]: Leaving directory '/tmp/silent-mbedtls-N018-S1_H1-alorv4is/library'
  AR    libmbedtls.a
make[1]: Leaving directory '/tmp/silent-mbedtls-N018-S1_H1-alorv4is/library'
  AR    libmbedtls.a
make[1]: Leaving directory '/tmp/silent-mbedtls-N018-S1_H1-alorv4is/library'
 cc common.o onefile.o fuzz_client.o ../../tests/src/asn1_helpers.o ../../tests/src/fake_external_rng_for_test.o ../../tests/src/helpers.o ../../tests/src/psa_crypto_helpers.o ../../tests/src/psa_exercise_key.o ../../tests/src/random.o ../../tests/src/threading_helpers.o ../../tests/src/drivers/hash.o ../../tests/src/drivers/platform_builtin_keys.o ../../tests/src/drivers/test_driver_aead.o ../../tests/src/drivers/test_driver_cipher.o ../../tests/src/drivers/test_driver_key_management.o ../../tests/src/drivers/test_driver_mac.o ../../tests/src/drivers/test_driver_signature.o ../../tests/src/drivers/test_driver_size.o -L../../library -lmbedtls -lmbedx509 -lmbedcrypto  -o fuzz_client
make: Leaving directory '/tmp/silent-mbedtls-N018-S1_H1-alorv4is/programs/fuzz'

RUNTIME:
Warning: fuzzing without constant time
"
N019,S0_H0,fuzz_dtlsserver,PASS,PASS,0,0,7.287,make -j4 mbedtls_test ; make -C programs/fuzz -j4 fuzz_dtlsserver,"make[1]: Entering directory '/tmp/silent-mbedtls-N019-S0_H0-k572n5om/tests'
  CC    src/asn1_helpers.c
  CC    src/bignum_helpers.c
  CC    src/certs.c
  CC    src/fake_external_rng_for_test.c
  CC    src/helpers.c
  CC    src/psa_crypto_helpers.c
  CC    src/psa_exercise_key.c
  CC    src/random.c
  CC    src/threading_helpers.c
  CC    src/drivers/hash.c
  CC    src/drivers/platform_builtin_keys.c
  CC    src/drivers/test_driver_aead.c
  CC    src/drivers/test_driver_asymmetric_encryption.c
  CC    src/drivers/test_driver_cipher.c
  CC    src/drivers/test_driver_key_agreement.c
  CC    src/drivers/test_driver_key_management.c
  CC    src/drivers/test_driver_mac.c
  CC    src/drivers/test_driver_pake.c
  CC    src/drivers/test_driver_signature.c
  CC    src/test_helpers/ssl_helpers.c
make[1]: Leaving directory '/tmp/silent-mbedtls-N019-S0_H0-k572n5om/tests'
make: Entering directory '/tmp/silent-mbedtls-N019-S0_H0-k572n5om/programs/fuzz'
make[1]: Entering directory '/tmp/silent-mbedtls-N019-S0_H0-k572n5om/library'
  CC    aes.c
make[1]: Entering directory '/tmp/silent-mbedtls-N019-S0_H0-k572n5om/library'
  CC    aes.c
make[1]: Entering directory '/tmp/silent-mbedtls-N019-S0_H0-k572n5om/library'
  CC    aes.c
  CC    aesni.c
  CC    aesni.c
  CC    aesce.c
  CC    aria.c
  CC    aesni.c
  CC    aesce.c
  CC    aria.c
  CC    asn1parse.c
  CC    asn1parse.c
  CC    aria.c
  CC    asn1write.c
  CC    asn1write.c
  CC    base64.c
  CC    asn1parse.c
  CC    bignum.c
  CC    base64.c
  CC    bignum.c
  CC    bignum_core.c
  CC    asn1write.c
  CC    bignum.c
  CC    bignum_mod.c
  CC    bignum_mod_raw.c
  CC    camellia.c
  CC    ccm.c
  CC    bignum_core.c
  CC    chacha20.c
  CC    chachapoly.c
  CC    cipher.c
  CC    bignum_core.c
  CC    cipher_wrap.c
  CC    camellia.c
  CC    cmac.c
  CC    constant_time.c
  CC    chachapoly.c
  CC    cipher.c
  CC    cmac.c
  CC    cmac.c
  CC    ctr_drbg.c
  CC    constant_time.c
  CC    des.c
  CC    constant_time.c
  CC    dhm.c
  CC    des.c
  CC    dhm.c
  CC    des.c
  CC    ecdh.c
  CC    ecdh.c
  CC    ecdsa.c
  CC    ecjpake.c
  CC    ecdsa.c
  CC    ecdh.c
  CC    ecdsa.c
  CC    ecp.c
  CC    ecjpake.c
  CC    ecjpake.c
  CC    ecp_curves.c
  CC    ecp.c
  CC    ecp.c
  CC    entropy.c
  CC    entropy_poll.c
  CC    ecp_curves.c
  Gen   error.c
  CC    ecp_curves.c
  CC    gcm.c
  CC    hash_info.c
  CC    hkdf.c
  CC    entropy_poll.c
  CC    hmac_drbg.c
  CC    error.c
  CC    gcm.c
  CC    lmots.c
  CC    hmac_drbg.c
  Gen   error.c
  CC    lms.c
  CC    lmots.c
  CC    md.c
  CC    lmots.c
  CC    md5.c
  CC    lms.c
  CC    memory_buffer_alloc.c
  CC    nist_kw.c
  CC    lms.c
  CC    oid.c
  CC    md.c
  CC    md5.c
  CC    padlock.c
  CC    pem.c
  CC    nist_kw.c
  CC    nist_kw.c
  CC    pem.c
  CC    pk.c
  CC    pem.c
  CC    pk.c
  CC    pk.c
  CC    pk_wrap.c
  CC    pkcs12.c
  CC    pk_wrap.c
  CC    pk_wrap.c
  CC    pkcs5.c
  CC    pkparse.c
  CC    pkcs12.c
  CC    pkcs12.c
  CC    pkcs5.c
  CC    pkcs5.c
  CC    pkparse.c
  CC    pkparse.c
  CC    pkwrite.c
  CC    platform.c
  CC    pkwrite.c
  CC    platform_util.c
  CC    poly1305.c
  CC    psa_crypto.c
  CC    platform_util.c
  CC    pkwrite.c
  CC    poly1305.c
  CC    psa_crypto.c
  CC    poly1305.c
  CC    psa_crypto.c
  CC    psa_crypto_aead.c
  CC    psa_crypto_aead.c
  CC    psa_crypto_cipher.c
  CC    psa_crypto_client.c
  CC    psa_crypto_cipher.c
  Gen   psa_crypto_driver_wrappers.c
  CC    psa_crypto_ecp.c
  CC    psa_crypto_hash.c
  CC    psa_crypto_aead.c
  CC    psa_crypto_mac.c
  CC    psa_crypto_pake.c
  CC    psa_crypto_driver_wrappers.c
  Gen   psa_crypto_driver_wrappers.c
  CC    psa_crypto_mac.c
  CC    psa_crypto_rsa.c
  CC    psa_crypto_mac.c
  CC    psa_crypto_rsa.c
  CC    psa_crypto_se.c
  CC    psa_crypto_rsa.c
  CC    psa_crypto_slot_management.c
  CC    psa_crypto_se.c
  CC    psa_crypto_storage.c
  CC    psa_crypto_slot_management.c
  CC    psa_its_file.c
  CC    psa_crypto_se.c
  CC    psa_crypto_storage.c
  CC    psa_its_file.c
  CC    psa_util.c
  CC    psa_crypto_storage.c
  CC    psa_util.c
  CC    ripemd160.c
  CC    psa_util.c
  CC    ripemd160.c
  CC    ripemd160.c
  CC    rsa.c
  CC    rsa.c
  CC    rsa_alt_helpers.c
  CC    rsa.c
  CC    rsa_alt_helpers.c
  CC    sha1.c
  CC    sha1.c
  CC    rsa_alt_helpers.c
  CC    sha256.c
  CC    sha512.c
  CC    sha256.c
  CC    sha1.c
  CC    sha256.c
  CC    threading.c
  CC    sha512.c
  CC    timing.c
  CC    version.c
  CC    threading.c
  Gen   version_features.c
  CC    ../3rdparty/everest/library/everest.c
  CC    version.c
  CC    ../3rdparty/everest/library/x25519.c
  CC    ../3rdparty/everest/library/Hacl_Curve25519_joined.c
  CC    version_features.c
  CC    ../3rdparty/everest/library/Hacl_Curve25519_joined.c
  CC    x509.c
  CC    threading.c
  CC    version_features.c
  CC    x509.c
  CC    x509.c
  CC    x509_create.c
  CC    x509_crl.c
  CC    x509_crt.c
  CC    x509_create.c
  CC    x509_create.c
  CC    x509_crt.c
  CC    x509_crt.c
  CC    x509_csr.c
  CC    x509_csr.c
  CC    x509_csr.c
  CC    x509write_crt.c
  CC    x509write_crt.c
  CC    x509write_csr.c
  CC    x509write_crt.c
  CC    x509write_csr.c
  CC    pkcs7.c
  CC    debug.c
  CC    pkcs7.c
  CC    x509write_csr.c
  CC    pkcs7.c
  CC    mps_reader.c
  CC    mps_trace.c
  CC    net_sockets.c
  CC    debug.c
  CC    mps_trace.c
  CC    ssl_cache.c
  CC    debug.c
  CC    net_sockets.c
  CC    net_sockets.c
  CC    ssl_ciphersuites.c
  CC    ssl_ciphersuites.c
  CC    ssl_client.c
  CC    ssl_client.c
  CC    ssl_ciphersuites.c
  CC    ssl_cookie.c
  CC    ssl_client.c
  CC    ssl_cookie.c
  Gen   ssl_debug_helpers_generated.c
  Gen   ssl_debug_helpers_generated.c
  CC    ssl_msg.c
  CC    ssl_ticket.c
  CC    ssl_msg.c
  CC    ssl_cookie.c
  CC    ssl_debug_helpers_generated.c
  CC    ssl_msg.c
  CC    ssl_tls.c
  CC    ssl_tls.c
  CC    ssl_ticket.c
  CC    ssl_tls.c
  CC    ssl_tls12_client.c
  CC    ssl_tls12_client.c
  CC    ssl_tls12_server.c
  CC    ssl_tls12_server.c
  CC    ssl_tls12_client.c
  CC    ssl_tls13_keys.c
  CC    ssl_tls13_client.c
  CC    ssl_tls12_server.c
  CC    ssl_tls13_server.c
  CC    ssl_tls13_generic.c
  CC    psa_crypto_driver_wrappers.c
  CC    ssl_tls13_keys.c
  CC    error.c
  AR    libmbedx509.a
  CC    ssl_debug_helpers_generated.c
  AR    libmbedcrypto.a
  AR    libmbedtls.a
  CC    psa_crypto_driver_wrappers.c
  AR    libmbedx509.a
  AR    libmbedtls.a
make[1]: Leaving directory '/tmp/silent-mbedtls-N019-S0_H0-k572n5om/library'
  CC    ssl_tls13_client.c
  CC    error.c
  CC    version_features.c
  AR    libmbedx509.a
  CC    ssl_debug_helpers_generated.c
  AR    libmbedcrypto.a
  AR    libmbedcrypto.a
make[1]: Leaving directory '/tmp/silent-mbedtls-N019-S0_H0-k572n5om/library'
  AR    libmbedtls.a
make[1]: Leaving directory '/tmp/silent-mbedtls-N019-S0_H0-k572n5om/library'
 cc common.o onefile.o fuzz_dtlsserver.o ../../tests/src/asn1_helpers.o ../../tests/src/bignum_helpers.o ../../tests/src/certs.o ../../tests/src/fake_external_rng_for_test.o ../../tests/src/helpers.o ../../tests/src/psa_crypto_helpers.o ../../tests/src/psa_exercise_key.o ../../tests/src/random.o ../../tests/src/threading_helpers.o ../../tests/src/drivers/hash.o ../../tests/src/drivers/platform_builtin_keys.o ../../tests/src/drivers/test_driver_aead.o ../../tests/src/drivers/test_driver_asymmetric_encryption.o ../../tests/src/drivers/test_driver_cipher.o ../../tests/src/drivers/test_driver_key_agreement.o ../../tests/src/drivers/test_driver_key_management.o ../../tests/src/drivers/test_driver_mac.o ../../tests/src/drivers/test_driver_pake.o ../../tests/src/drivers/test_driver_signature.o -L../../library -lmbedtls -lmbedx509 -lmbedcrypto  -o fuzz_dtlsserver
make: Leaving directory '/tmp/silent-mbedtls-N019-S0_H0-k572n5om/programs/fuzz'

RUNTIME:
Warning: fuzzing without constant time
"
N019,S1_H0,fuzz_dtlsserver,PASS,PASS,0,0,7.543,make -j4 mbedtls_test ; make -C programs/fuzz -j4 fuzz_dtlsserver,"make[1]: Entering directory '/tmp/silent-mbedtls-N019-S1_H0-aw82eyd6/tests'
  CC    src/asn1_helpers.c
  CC    src/bignum_helpers.c
  CC    src/certs.c
  CC    src/fake_external_rng_for_test.c
  CC    src/helpers.c
  CC    src/psa_crypto_helpers.c
  CC    src/psa_exercise_key.c
  CC    src/random.c
  CC    src/threading_helpers.c
  CC    src/drivers/hash.c
  CC    src/drivers/platform_builtin_keys.c
  CC    src/drivers/test_driver_aead.c
  CC    src/drivers/test_driver_asymmetric_encryption.c
  CC    src/drivers/test_driver_cipher.c
  CC    src/drivers/test_driver_key_agreement.c
  CC    src/drivers/test_driver_key_management.c
  CC    src/drivers/test_driver_mac.c
  CC    src/drivers/test_driver_pake.c
  CC    src/drivers/test_driver_signature.c
  CC    src/test_helpers/ssl_helpers.c
make[1]: Leaving directory '/tmp/silent-mbedtls-N019-S1_H0-aw82eyd6/tests'
make: Entering directory '/tmp/silent-mbedtls-N019-S1_H0-aw82eyd6/programs/fuzz'
make[1]: Entering directory '/tmp/silent-mbedtls-N019-S1_H0-aw82eyd6/library'
  CC    aes.c
make[1]: Entering directory '/tmp/silent-mbedtls-N019-S1_H0-aw82eyd6/library'
  CC    aes.c
make[1]: Entering directory '/tmp/silent-mbedtls-N019-S1_H0-aw82eyd6/library'
  CC    aes.c
  CC    aesni.c
  CC    aesce.c
  CC    aria.c
  CC    aesni.c
  CC    aesni.c
  CC    asn1parse.c
  CC    asn1parse.c
  CC    asn1write.c
  CC    asn1parse.c
  CC    asn1write.c
  CC    base64.c
  CC    asn1write.c
  CC    base64.c
  CC    bignum.c
  CC    base64.c
  CC    bignum.c
  CC    bignum.c
  CC    bignum_core.c
  CC    bignum_mod.c
  CC    bignum_mod_raw.c
  CC    bignum_core.c
  CC    camellia.c
  CC    camellia.c
  CC    bignum_core.c
  CC    ccm.c
  CC    chacha20.c
  CC    ccm.c
  CC    camellia.c
  CC    chachapoly.c
  CC    ccm.c
  CC    cipher.c
  CC    chacha20.c
  CC    chachapoly.c
  CC    cipher.c
  CC    cipher.c
  CC    cipher_wrap.c
  CC    cipher_wrap.c
  CC    cmac.c
  CC    cipher_wrap.c
  CC    cmac.c
  CC    constant_time.c
  CC    cmac.c
  CC    ctr_drbg.c
  CC    constant_time.c
  CC    ctr_drbg.c
  CC    constant_time.c
  CC    des.c
  CC    des.c
  CC    dhm.c
  CC    ctr_drbg.c
  CC    ecdh.c
  CC    dhm.c
  CC    ecdsa.c
  CC    ecjpake.c
  CC    des.c
  CC    ecdh.c
  CC    ecdsa.c
  CC    ecjpake.c
  CC    ecp.c
  CC    ecp.c
  CC    ecdsa.c
  CC    ecp.c
  CC    ecp_curves.c
  CC    entropy.c
  CC    ecp_curves.c
  CC    ecp_curves.c
  CC    entropy.c
  CC    entropy_poll.c
  CC    entropy_poll.c
  Gen   error.c
  Gen   error.c
  CC    entropy.c
  Gen   error.c
  CC    gcm.c
  CC    gcm.c
  CC    hash_info.c
  CC    hkdf.c
  CC    gcm.c
  CC    hmac_drbg.c
  CC    hash_info.c
  CC    hmac_drbg.c
  CC    lmots.c
  CC    lmots.c
  CC    hkdf.c
  CC    lms.c
  CC    lms.c
  CC    lmots.c
  CC    lms.c
  CC    md.c
  CC    md.c
  CC    md.c
  CC    md5.c
  CC    md5.c
  CC    md5.c
  CC    memory_buffer_alloc.c
  CC    memory_buffer_alloc.c
  CC    nist_kw.c
  CC    nist_kw.c
  CC    memory_buffer_alloc.c
  CC    nist_kw.c
  CC    oid.c
  CC    oid.c
  CC    oid.c
  CC    padlock.c
  CC    padlock.c
  CC    pem.c
  CC    pk.c
  CC    padlock.c
  CC    pem.c
  CC    pem.c
  CC    pk_wrap.c
  CC    pkcs12.c
  CC    pk.c
  CC    pk.c
  CC    pkcs5.c
  CC    pkparse.c
  CC    pk_wrap.c
  CC    pk_wrap.c
  CC    pkwrite.c
  CC    pkcs5.c
  CC    pkcs5.c
  CC    pkparse.c
  CC    platform.c
  CC    platform_util.c
  CC    pkparse.c
  CC    platform_util.c
  CC    poly1305.c
  CC    poly1305.c
  CC    psa_crypto.c
  CC    platform.c
  CC    psa_crypto.c
  CC    psa_crypto.c
  CC    psa_crypto_aead.c
  CC    psa_crypto_cipher.c
  CC    psa_crypto_client.c
  CC    psa_crypto_aead.c
  Gen   psa_crypto_driver_wrappers.c
  CC    psa_crypto_ecp.c
  CC    psa_crypto_hash.c
  CC    psa_crypto_mac.c
  CC    psa_crypto_pake.c
  Gen   psa_crypto_driver_wrappers.c
  CC    psa_crypto_aead.c
  CC    psa_crypto_rsa.c
  CC    psa_crypto_se.c
  CC    psa_crypto_slot_management.c
  CC    psa_crypto_driver_wrappers.c
  CC    psa_crypto_rsa.c
  CC    psa_crypto_storage.c
  CC    psa_crypto_rsa.c
  CC    psa_its_file.c
  CC    psa_crypto_slot_management.c
  CC    psa_util.c
  CC    ripemd160.c
  CC    psa_crypto_storage.c
  CC    psa_util.c
  CC    psa_its_file.c
  CC    ripemd160.c
  CC    ripemd160.c
  CC    rsa.c
  CC    rsa.c
  CC    rsa_alt_helpers.c
  CC    rsa.c
  CC    rsa_alt_helpers.c
  CC    sha1.c
  CC    sha1.c
  CC    rsa_alt_helpers.c
  CC    sha1.c
  CC    sha256.c
  CC    sha256.c
  CC    sha256.c
  CC    sha512.c
  CC    threading.c
  CC    sha512.c
  CC    sha512.c
  CC    timing.c
  CC    threading.c
  CC    version.c
  Gen   version_features.c
  CC    version.c
  Gen   version_features.c
  CC    threading.c
  CC    version_features.c
  CC    ../3rdparty/everest/library/everest.c
  CC    ../3rdparty/everest/library/x25519.c
  CC    ../3rdparty/everest/library/everest.c
  CC    ../3rdparty/everest/library/everest.c
  CC    ../3rdparty/everest/library/Hacl_Curve25519_joined.c
  CC    ../3rdparty/everest/library/x25519.c
  CC    ../3rdparty/everest/library/x25519.c
  CC    x509.c
  CC    x509_create.c
  CC    ../3rdparty/everest/library/Hacl_Curve25519_joined.c
  CC    ../3rdparty/everest/library/Hacl_Curve25519_joined.c
  CC    x509.c
  CC    x509.c
  CC    x509_create.c
  CC    x509_crl.c
  CC    x509_crl.c
  CC    x509_crt.c
  CC    x509_create.c
  CC    x509_crt.c
  CC    x509_csr.c
  CC    x509_crt.c
  CC    x509write_crt.c
  CC    x509write_csr.c
  CC    x509_csr.c
  CC    x509write_csr.c
  CC    pkcs7.c
  CC    debug.c
  CC    x509_csr.c
  CC    pkcs7.c
  CC    debug.c
  CC    pkcs7.c
  CC    mps_reader.c
  CC    mps_reader.c
  CC    mps_trace.c
  CC    mps_trace.c
  CC    net_sockets.c
  CC    net_sockets.c
  CC    ssl_cache.c
  CC    debug.c
  CC    ssl_cache.c
  CC    ssl_ciphersuites.c
  CC    ssl_ciphersuites.c
  CC    net_sockets.c
  CC    ssl_client.c
  CC    ssl_cookie.c
  CC    ssl_client.c
  CC    ssl_cookie.c
  CC    ssl_ciphersuites.c
  Gen   ssl_debug_helpers_generated.c
  CC    ssl_msg.c
  Gen   ssl_debug_helpers_generated.c
  CC    ssl_ticket.c
  CC    ssl_client.c
  CC    ssl_msg.c
  CC    ssl_ticket.c
  CC    ssl_debug_helpers_generated.c
  CC    ssl_msg.c
  CC    ssl_tls.c
  CC    ssl_tls.c
  CC    ssl_tls.c
  CC    ssl_tls12_client.c
  CC    ssl_tls12_server.c
  CC    ssl_tls13_keys.c
  CC    ssl_tls12_client.c
  CC    ssl_tls13_client.c
  CC    ssl_tls13_server.c
  CC    ssl_tls12_client.c
  CC    ssl_tls13_generic.c
  CC    error.c
  CC    version_features.c
  CC    ssl_tls12_server.c
  AR    libmbedx509.a
  AR    libmbedtls.a
  CC    ssl_tls13_server.c
  CC    error.c
  AR    libmbedcrypto.a
make[1]: Leaving directory '/tmp/silent-mbedtls-N019-S1_H0-aw82eyd6/library'
  CC    psa_crypto_driver_wrappers.c
  CC    version_features.c
  AR    libmbedx509.a
  CC    ssl_debug_helpers_generated.c
  AR    libmbedcrypto.a
  AR    libmbedtls.a
make[1]: Leaving directory '/tmp/silent-mbedtls-N019-S1_H0-aw82eyd6/library'
  CC    psa_crypto_driver_wrappers.c
  AR    libmbedx509.a
  CC    error.c
  CC    ssl_debug_helpers_generated.c
  AR    libmbedtls.a
  AR    libmbedcrypto.a
make[1]: Leaving directory '/tmp/silent-mbedtls-N019-S1_H0-aw82eyd6/library'
 cc common.o onefile.o fuzz_dtlsserver.o ../../tests/src/asn1_helpers.o ../../tests/src/bignum_helpers.o ../../tests/src/certs.o ../../tests/src/fake_external_rng_for_test.o ../../tests/src/helpers.o ../../tests/src/psa_crypto_helpers.o ../../tests/src/psa_exercise_key.o ../../tests/src/random.o ../../tests/src/threading_helpers.o ../../tests/src/drivers/hash.o ../../tests/src/drivers/platform_builtin_keys.o ../../tests/src/drivers/test_driver_aead.o ../../tests/src/drivers/test_driver_asymmetric_encryption.o ../../tests/src/drivers/test_driver_cipher.o ../../tests/src/drivers/test_driver_key_agreement.o ../../tests/src/drivers/test_driver_key_management.o ../../tests/src/drivers/test_driver_mac.o ../../tests/src/drivers/test_driver_pake.o ../../tests/src/drivers/test_driver_signature.o -L../../library -lmbedtls -lmbedx509 -lmbedcrypto  -o fuzz_dtlsserver
make: Leaving directory '/tmp/silent-mbedtls-N019-S1_H0-aw82eyd6/programs/fuzz'

RUNTIME:
Warning: fuzzing without constant time
"
N019,S1_H1,fuzz_dtlsserver,PASS,PASS,0,0,7.977,make -j4 mbedtls_test ; make -C programs/fuzz -j4 fuzz_dtlsserver,"make[1]: Entering directory '/tmp/silent-mbedtls-N019-S1_H1-oq7g6p7i/tests'
  CC    src/asn1_helpers.c
  CC    src/bignum_helpers.c
  CC    src/certs.c
  CC    src/fake_external_rng_for_test.c
  CC    src/helpers.c
  CC    src/psa_crypto_helpers.c
  CC    src/psa_exercise_key.c
  CC    src/random.c
  CC    src/threading_helpers.c
  CC    src/drivers/hash.c
  CC    src/drivers/platform_builtin_keys.c
  CC    src/drivers/test_driver_aead.c
  CC    src/drivers/test_driver_asymmetric_encryption.c
  CC    src/drivers/test_driver_cipher.c
  CC    src/drivers/test_driver_key_agreement.c
  CC    src/drivers/test_driver_key_management.c
  CC    src/drivers/test_driver_mac.c
  CC    src/drivers/test_driver_pake.c
  CC    src/drivers/test_driver_signature.c
  CC    src/test_helpers/ssl_helpers.c
make[1]: Leaving directory '/tmp/silent-mbedtls-N019-S1_H1-oq7g6p7i/tests'
make: Entering directory '/tmp/silent-mbedtls-N019-S1_H1-oq7g6p7i/programs/fuzz'
make[1]: Entering directory '/tmp/silent-mbedtls-N019-S1_H1-oq7g6p7i/library'
  CC    aes.c
make[1]: Entering directory '/tmp/silent-mbedtls-N019-S1_H1-oq7g6p7i/library'
  CC    aes.c
  CC    aesni.c
  CC    aesce.c
make[1]: Entering directory '/tmp/silent-mbedtls-N019-S1_H1-oq7g6p7i/library'
  CC    aes.c
  CC    aesni.c
  CC    aria.c
  CC    asn1parse.c
  CC    aesni.c
  CC    aria.c
  CC    asn1parse.c
  CC    asn1write.c
  CC    asn1write.c
  CC    base64.c
  CC    base64.c
  CC    bignum.c
  CC    asn1parse.c
  CC    bignum.c
  CC    bignum_core.c
  CC    base64.c
  CC    bignum.c
  CC    bignum_core.c
  CC    bignum_mod.c
  CC    bignum_mod.c
  CC    bignum_mod_raw.c
  CC    bignum_core.c
  CC    camellia.c
  CC    ccm.c
  CC    bignum_mod_raw.c
  CC    bignum_mod_raw.c
  CC    camellia.c
  CC    chacha20.c
  CC    camellia.c
  CC    chacha20.c
  CC    chachapoly.c
  CC    cipher.c
  CC    chacha20.c
  CC    chachapoly.c
  CC    chachapoly.c
  CC    cipher.c
  CC    cipher.c
  CC    cipher_wrap.c
  CC    cipher_wrap.c
  CC    cmac.c
  CC    constant_time.c
  CC    cipher_wrap.c
  CC    cmac.c
  CC    cmac.c
  CC    ctr_drbg.c
  CC    constant_time.c
  CC    constant_time.c
  CC    des.c
  CC    ctr_drbg.c
  CC    des.c
  CC    ctr_drbg.c
  CC    dhm.c
  CC    des.c
  CC    dhm.c
  CC    ecdh.c
  CC    ecdh.c
  CC    ecdsa.c
  CC    ecdsa.c
  CC    ecjpake.c
  CC    dhm.c
  CC    ecjpake.c
  CC    ecp.c
  CC    ecdsa.c
  CC    ecjpake.c
  CC    ecp.c
  CC    ecp_curves.c
  CC    ecp.c
  CC    ecp_curves.c
  CC    entropy.c
  CC    entropy.c
  CC    entropy_poll.c
  Gen   error.c
  CC    gcm.c
  CC    ecp_curves.c
  CC    entropy_poll.c
  CC    hash_info.c
  Gen   error.c
  CC    gcm.c
  CC    hkdf.c
  CC    hmac_drbg.c
  CC    hkdf.c
  CC    lmots.c
  Gen   error.c
  CC    hmac_drbg.c
  CC    hmac_drbg.c
  CC    lms.c
  CC    lmots.c
  CC    lmots.c
  CC    lms.c
  CC    md.c
  CC    md5.c
  CC    md.c
  CC    lms.c
  CC    md.c
  CC    memory_buffer_alloc.c
  CC    nist_kw.c
  CC    oid.c
  CC    md5.c
  CC    md5.c
  CC    nist_kw.c
  CC    padlock.c
  CC    padlock.c
  CC    pem.c
  CC    pem.c
  CC    nist_kw.c
  CC    pk.c
  CC    pk_wrap.c
  CC    pk.c
  CC    pem.c
  CC    pkcs12.c
  CC    pk_wrap.c
  CC    pkcs12.c
  CC    pk.c
  CC    pkcs5.c
  CC    pkcs5.c
  CC    pkparse.c
  CC    pkcs12.c
  CC    pkparse.c
  CC    pkwrite.c
  CC    pkcs5.c
  CC    pkparse.c
  CC    pkwrite.c
  CC    platform.c
  CC    platform.c
  CC    platform_util.c
  CC    platform_util.c
  CC    poly1305.c
  CC    poly1305.c
  CC    psa_crypto.c
  CC    platform.c
  CC    psa_crypto.c
  CC    poly1305.c
  CC    psa_crypto_aead.c
  CC    psa_crypto.c
  CC    psa_crypto_aead.c
  CC    psa_crypto_cipher.c
  CC    psa_crypto_cipher.c
  CC    psa_crypto_client.c
  Gen   psa_crypto_driver_wrappers.c
  CC    psa_crypto_ecp.c
  CC    psa_crypto_hash.c
  CC    psa_crypto_mac.c
  CC    psa_crypto_pake.c
  CC    psa_crypto_aead.c
  CC    psa_crypto_rsa.c
  CC    psa_crypto_se.c
  CC    psa_crypto_slot_management.c
  CC    psa_crypto_driver_wrappers.c
  CC    psa_crypto_client.c
  CC    psa_crypto_driver_wrappers.c
  CC    psa_crypto_storage.c
  CC    psa_its_file.c
  CC    psa_util.c
  CC    psa_crypto_slot_management.c
  CC    psa_crypto_rsa.c
  CC    ripemd160.c
  CC    psa_util.c
  CC    ripemd160.c
  CC    rsa.c
  CC    psa_util.c
  CC    ripemd160.c
  CC    rsa.c
  CC    rsa_alt_helpers.c
  CC    rsa_alt_helpers.c
  CC    rsa.c
  CC    sha1.c
  CC    sha1.c
  CC    sha1.c
  CC    sha256.c
  CC    sha256.c
  CC    sha512.c
  CC    sha256.c
  CC    sha512.c
  CC    threading.c
  CC    threading.c
  CC    timing.c
  CC    timing.c
  CC    version.c
  Gen   version_features.c
  CC    version.c
  CC    ../3rdparty/everest/library/everest.c
  CC    sha512.c
  CC    version_features.c
  Gen   version_features.c
  CC    ../3rdparty/everest/library/everest.c
  CC    ../3rdparty/everest/library/x25519.c
  CC    ../3rdparty/everest/library/x25519.c
  CC    ../3rdparty/everest/library/Hacl_Curve25519_joined.c
  CC    ../3rdparty/everest/library/Hacl_Curve25519_joined.c
  CC    x509.c
  CC    x509_create.c
  CC    x509.c
  CC    ../3rdparty/everest/library/everest.c
  CC    x509.c
  CC    x509_crl.c
  CC    x509_crl.c
  CC    x509_crt.c
  CC    x509_create.c
  CC    x509_crt.c
  CC    x509_csr.c
  CC    x509_crt.c
  CC    x509write_crt.c
  CC    x509write_csr.c
  CC    x509_csr.c
  CC    pkcs7.c
  CC    x509write_csr.c
  CC    x509_csr.c
  CC    pkcs7.c
  CC    pkcs7.c
  CC    debug.c
  CC    debug.c
  CC    mps_reader.c
  CC    mps_reader.c
  CC    mps_trace.c
  CC    debug.c
  CC    mps_trace.c
  CC    net_sockets.c
  CC    ssl_cache.c
  CC    mps_trace.c
  CC    net_sockets.c
  CC    ssl_ciphersuites.c
  CC    net_sockets.c
  CC    ssl_client.c
  CC    ssl_cookie.c
  CC    ssl_cache.c
  CC    ssl_ciphersuites.c
  CC    ssl_client.c
  Gen   ssl_debug_helpers_generated.c
  CC    ssl_client.c
  CC    ssl_msg.c
  Gen   ssl_debug_helpers_generated.c
  CC    ssl_ticket.c
  CC    ssl_msg.c
  Gen   ssl_debug_helpers_generated.c
  CC    ssl_msg.c
  CC    ssl_ticket.c
  CC    ssl_tls.c
  CC    ssl_tls.c
  CC    ssl_ticket.c
  CC    ssl_tls12_client.c
  CC    ssl_tls.c
  CC    ssl_tls12_server.c
  CC    ssl_tls13_keys.c
  CC    ssl_tls13_client.c
  CC    ssl_tls13_server.c
  CC    ssl_tls13_generic.c
  CC    ssl_tls12_client.c
  CC    ssl_tls12_server.c
  CC    error.c
  CC    version_features.c
  CC    error.c
  AR    libmbedx509.a
  CC    ssl_debug_helpers_generated.c
  CC    ssl_tls12_client.c
  AR    libmbedcrypto.a
  AR    libmbedtls.a
  CC    version_features.c
make[1]: Leaving directory '/tmp/silent-mbedtls-N019-S1_H1-oq7g6p7i/library'
  AR    libmbedx509.a
  CC    ssl_debug_helpers_generated.c
  AR    libmbedcrypto.a
  AR    libmbedtls.a
make[1]: Leaving directory '/tmp/silent-mbedtls-N019-S1_H1-oq7g6p7i/library'
  CC    error.c
  CC    ssl_debug_helpers_generated.c
  CC    psa_crypto_driver_wrappers.c
  AR    libmbedx509.a
  AR    libmbedtls.a
  AR    libmbedcrypto.a
make[1]: Leaving directory '/tmp/silent-mbedtls-N019-S1_H1-oq7g6p7i/library'
 cc common.o onefile.o fuzz_dtlsserver.o ../../tests/src/asn1_helpers.o ../../tests/src/bignum_helpers.o ../../tests/src/certs.o ../../tests/src/fake_external_rng_for_test.o ../../tests/src/helpers.o ../../tests/src/psa_crypto_helpers.o ../../tests/src/psa_exercise_key.o ../../tests/src/random.o ../../tests/src/threading_helpers.o ../../tests/src/drivers/hash.o ../../tests/src/drivers/platform_builtin_keys.o ../../tests/src/drivers/test_driver_aead.o ../../tests/src/drivers/test_driver_asymmetric_encryption.o ../../tests/src/drivers/test_driver_cipher.o ../../tests/src/drivers/test_driver_key_agreement.o ../../tests/src/drivers/test_driver_key_management.o ../../tests/src/drivers/test_driver_mac.o ../../tests/src/drivers/test_driver_pake.o ../../tests/src/drivers/test_driver_signature.o -L../../library -lmbedtls -lmbedx509 -lmbedcrypto  -o fuzz_dtlsserver
make: Leaving directory '/tmp/silent-mbedtls-N019-S1_H1-oq7g6p7i/programs/fuzz'

RUNTIME:
Warning: fuzzing without constant time
"
N020,S0_H0,fuzz_dtlsserver,PASS,PASS,0,0,7.522,make -j4 mbedtls_test ; make -C programs/fuzz -j4 fuzz_dtlsserver,"make[1]: Entering directory '/tmp/silent-mbedtls-N020-S0_H0-v5d92gid/tests'
  CC    src/asn1_helpers.c
  CC    src/bignum_helpers.c
  CC    src/certs.c
  CC    src/fake_external_rng_for_test.c
  CC    src/helpers.c
  CC    src/psa_crypto_helpers.c
  CC    src/psa_exercise_key.c
  CC    src/random.c
  CC    src/threading_helpers.c
  CC    src/drivers/hash.c
  CC    src/drivers/platform_builtin_keys.c
  CC    src/drivers/test_driver_aead.c
  CC    src/drivers/test_driver_asymmetric_encryption.c
  CC    src/drivers/test_driver_cipher.c
  CC    src/drivers/test_driver_key_agreement.c
  CC    src/drivers/test_driver_key_management.c
  CC    src/drivers/test_driver_mac.c
  CC    src/drivers/test_driver_pake.c
  CC    src/drivers/test_driver_signature.c
  CC    src/test_helpers/ssl_helpers.c
make[1]: Leaving directory '/tmp/silent-mbedtls-N020-S0_H0-v5d92gid/tests'
make: Entering directory '/tmp/silent-mbedtls-N020-S0_H0-v5d92gid/programs/fuzz'
make[1]: Entering directory '/tmp/silent-mbedtls-N020-S0_H0-v5d92gid/library'
  CC    aes.c
make[1]: Entering directory '/tmp/silent-mbedtls-N020-S0_H0-v5d92gid/library'
  CC    aes.c
make[1]: Entering directory '/tmp/silent-mbedtls-N020-S0_H0-v5d92gid/library'
  CC    aes.c
  CC    aesni.c
  CC    aesce.c
  CC    aesni.c
  CC    aria.c
  CC    aesni.c
  CC    aria.c
  CC    asn1parse.c
  CC    aria.c
  CC    asn1parse.c
  CC    asn1write.c
  CC    base64.c
  CC    asn1parse.c
  CC    asn1write.c
  CC    asn1write.c
  CC    bignum.c
  CC    bignum.c
  CC    bignum_core.c
  CC    bignum.c
  CC    bignum_mod.c
  CC    bignum_mod_raw.c
  CC    bignum_core.c
  CC    bignum_core.c
  CC    camellia.c
  CC    camellia.c
  CC    ccm.c
  CC    camellia.c
  CC    chacha20.c
  CC    chachapoly.c
  CC    ccm.c
  CC    chacha20.c
  CC    cipher.c
  CC    ccm.c
  CC    cipher.c
  CC    cipher_wrap.c
  CC    cipher.c
  CC    cipher_wrap.c
  CC    cmac.c
  CC    cmac.c
  CC    constant_time.c
  CC    constant_time.c
  CC    cipher_wrap.c
  CC    ctr_drbg.c
  CC    constant_time.c
  CC    des.c
  CC    ctr_drbg.c
  CC    des.c
  CC    ctr_drbg.c
  CC    des.c
  CC    dhm.c
  CC    ecdh.c
  CC    dhm.c
  CC    ecdsa.c
  CC    ecjpake.c
  CC    dhm.c
  CC    ecdh.c
  CC    ecp.c
  CC    ecdsa.c
  CC    ecdsa.c
  CC    ecp_curves.c
  CC    ecjpake.c
  CC    ecjpake.c
  CC    ecp.c
  CC    ecp.c
  CC    entropy.c
  CC    ecp_curves.c
  CC    entropy_poll.c
  Gen   error.c
  CC    gcm.c
  CC    entropy.c
  CC    ecp_curves.c
  CC    error.c
  CC    error.c
  CC    hash_info.c
  CC    gcm.c
  CC    hkdf.c
  CC    gcm.c
  CC    hmac_drbg.c
  CC    lmots.c
  CC    hash_info.c
  CC    lms.c
  CC    hkdf.c
  CC    lmots.c
  CC    lmots.c
  CC    lms.c
  CC    md.c
  CC    lms.c
  CC    md.c
  CC    md.c
  CC    md5.c
  CC    memory_buffer_alloc.c
  CC    nist_kw.c
  CC    md5.c
  CC    md5.c
  CC    nist_kw.c
  CC    oid.c
  CC    nist_kw.c
  CC    oid.c
  CC    padlock.c
  CC    pem.c
  CC    padlock.c
  CC    pem.c
  CC    oid.c
  CC    pem.c
  CC    pk.c
  CC    pk.c
  CC    pk.c
  CC    pk_wrap.c
  CC    pk_wrap.c
  CC    pk_wrap.c
  CC    pkcs12.c
  CC    pkcs12.c
  CC    pkcs12.c
  CC    pkcs5.c
  CC    pkcs5.c
  CC    pkparse.c
  CC    pkcs5.c
  CC    pkparse.c
  CC    pkwrite.c
  CC    pkparse.c
  CC    platform.c
  CC    pkwrite.c
  CC    platform_util.c
  CC    poly1305.c
  CC    pkwrite.c
  CC    platform_util.c
  CC    poly1305.c
  CC    psa_crypto.c
  CC    psa_crypto.c
  CC    poly1305.c
  CC    psa_crypto_aead.c
  CC    psa_crypto.c
  CC    psa_crypto_cipher.c
  CC    psa_crypto_client.c
  CC    psa_crypto_aead.c
  CC    psa_crypto_aead.c
  Gen   psa_crypto_driver_wrappers.c
  CC    psa_crypto_ecp.c
  CC    psa_crypto_hash.c
  Gen   psa_crypto_driver_wrappers.c
  CC    psa_crypto_mac.c
  CC    psa_crypto_pake.c
  CC    psa_crypto_mac.c
  CC    psa_crypto_rsa.c
  CC    psa_crypto_rsa.c
  Gen   psa_crypto_driver_wrappers.c
  CC    psa_crypto_se.c
  CC    psa_crypto_se.c
  CC    psa_crypto_slot_management.c
  CC    psa_crypto_slot_management.c
  CC    psa_crypto_storage.c
  CC    psa_crypto_rsa.c
  CC    psa_crypto_slot_management.c
  CC    psa_crypto_storage.c
  CC    psa_its_file.c
  CC    psa_util.c
  CC    psa_its_file.c
  CC    psa_util.c
  CC    psa_its_file.c
  CC    ripemd160.c
  CC    ripemd160.c
  CC    rsa.c
  CC    psa_util.c
  CC    ripemd160.c
  CC    rsa_alt_helpers.c
  CC    rsa.c
  CC    sha1.c
  CC    rsa.c
  CC    sha256.c
  CC    sha512.c
  CC    threading.c
  CC    sha1.c
  CC    rsa_alt_helpers.c
  CC    timing.c
  CC    sha512.c
  CC    sha512.c
  CC    version.c
  Gen   version_features.c
  CC    ../3rdparty/everest/library/everest.c
  CC    ../3rdparty/everest/library/x25519.c
  CC    ../3rdparty/everest/library/Hacl_Curve25519_joined.c
  CC    timing.c
  CC    x509.c
  CC    x509_create.c
  CC    timing.c
  CC    version_features.c
  CC    x509.c
  CC    version_features.c
  CC    x509.c
  CC    x509_crl.c
  CC    x509_crl.c
  CC    x509_crt.c
  CC    x509_crt.c
  CC    x509_create.c
  CC    x509_csr.c
  CC    x509_crt.c
  CC    x509write_crt.c
  CC    x509_csr.c
  CC    x509write_csr.c
  CC    x509write_csr.c
  CC    pkcs7.c
  CC    debug.c
  CC    x509_csr.c
  CC    pkcs7.c
  CC    mps_reader.c
  CC    mps_trace.c
  CC    pkcs7.c
  CC    net_sockets.c
  CC    ssl_cache.c
  CC    debug.c
  CC    ssl_ciphersuites.c
  CC    mps_trace.c
  CC    ssl_client.c
  CC    net_sockets.c
  CC    net_sockets.c
  CC    ssl_ciphersuites.c
  CC    ssl_client.c
  CC    ssl_cookie.c
  CC    ssl_ciphersuites.c
  CC    ssl_cookie.c
  Gen   ssl_debug_helpers_generated.c
  Gen   ssl_debug_helpers_generated.c
  CC    ssl_msg.c
  CC    ssl_cookie.c
  Gen   ssl_debug_helpers_generated.c
  CC    ssl_msg.c
  CC    ssl_ticket.c
  CC    ssl_msg.c
  CC    ssl_tls.c
  CC    ssl_ticket.c
  CC    ssl_tls12_client.c
  CC    ssl_ticket.c
  CC    ssl_tls.c
  CC    ssl_tls.c
  CC    ssl_tls12_server.c
  CC    ssl_tls13_keys.c
  CC    ssl_tls13_client.c
  CC    ssl_tls13_server.c
  CC    ssl_tls13_generic.c
  CC    ssl_tls12_client.c
  CC    psa_crypto_driver_wrappers.c
  AR    libmbedx509.a
  CC    ssl_debug_helpers_generated.c
  CC    ssl_tls12_server.c
  AR    libmbedtls.a
  AR    libmbedcrypto.a
make[1]: Leaving directory '/tmp/silent-mbedtls-N020-S0_H0-v5d92gid/library'
  CC    ssl_tls12_client.c
  CC    error.c
  CC    psa_crypto_driver_wrappers.c
  AR    libmbedx509.a
  CC    ssl_debug_helpers_generated.c
  CC    psa_crypto_driver_wrappers.c
  CC    version_features.c
  AR    libmbedx509.a
  CC    ssl_debug_helpers_generated.c
  AR    libmbedcrypto.a
  AR    libmbedtls.a
make[1]: Leaving directory '/tmp/silent-mbedtls-N020-S0_H0-v5d92gid/library'
  AR    libmbedcrypto.a
  AR    libmbedtls.a
make[1]: Leaving directory '/tmp/silent-mbedtls-N020-S0_H0-v5d92gid/library'
 cc common.o onefile.o fuzz_dtlsserver.o ../../tests/src/asn1_helpers.o ../../tests/src/bignum_helpers.o ../../tests/src/certs.o ../../tests/src/fake_external_rng_for_test.o ../../tests/src/helpers.o ../../tests/src/psa_crypto_helpers.o ../../tests/src/psa_exercise_key.o ../../tests/src/random.o ../../tests/src/threading_helpers.o ../../tests/src/drivers/hash.o ../../tests/src/drivers/platform_builtin_keys.o ../../tests/src/drivers/test_driver_aead.o ../../tests/src/drivers/test_driver_asymmetric_encryption.o ../../tests/src/drivers/test_driver_cipher.o ../../tests/src/drivers/test_driver_key_agreement.o ../../tests/src/drivers/test_driver_key_management.o ../../tests/src/drivers/test_driver_mac.o ../../tests/src/drivers/test_driver_pake.o ../../tests/src/drivers/test_driver_signature.o -L../../library -lmbedtls -lmbedx509 -lmbedcrypto  -o fuzz_dtlsserver
make: Leaving directory '/tmp/silent-mbedtls-N020-S0_H0-v5d92gid/programs/fuzz'

RUNTIME:
Warning: fuzzing without constant time
"
N020,S1_H0,fuzz_dtlsserver,FAIL,NOT_RUN,2,,5.482,make -j4 mbedtls_test ; make -C programs/fuzz -j4 fuzz_dtlsserver,"make[1]: Entering directory '/tmp/silent-mbedtls-N020-S1_H0-avfw5w86/tests'
  CC    src/asn1_helpers.c
  CC    src/bignum_helpers.c
  CC    src/fake_external_rng_for_test.c
  CC    src/certs.c
  CC    src/helpers.c
  CC    src/psa_crypto_helpers.c
  CC    src/psa_exercise_key.c
  CC    src/random.c
  CC    src/threading_helpers.c
  CC    src/drivers/hash.c
  CC    src/drivers/platform_builtin_keys.c
  CC    src/drivers/test_driver_aead.c
  CC    src/drivers/test_driver_asymmetric_encryption.c
  CC    src/drivers/test_driver_cipher.c
  CC    src/drivers/test_driver_key_agreement.c
  CC    src/drivers/test_driver_key_management.c
  CC    src/drivers/test_driver_mac.c
  CC    src/drivers/test_driver_pake.c
  CC    src/drivers/test_driver_signature.c
  CC    src/test_helpers/ssl_helpers.c
make[1]: Leaving directory '/tmp/silent-mbedtls-N020-S1_H0-avfw5w86/tests'
make: Entering directory '/tmp/silent-mbedtls-N020-S1_H0-avfw5w86/programs/fuzz'
make[1]: Entering directory '/tmp/silent-mbedtls-N020-S1_H0-avfw5w86/library'
  CC    aes.c
fuzz_dtlsserver.c:14:10: fatal error: mbedtls/legacy_or_psa.h: No such file or directory
   14 | #include ""mbedtls/legacy_or_psa.h""
      |          ^~~~~~~~~~~~~~~~~~~~~~~~~
compilation terminated.
make[1]: Entering directory '/tmp/silent-mbedtls-N020-S1_H0-avfw5w86/library'
make: *** [Makefile:50: fuzz_dtlsserver.o] Error 1
make: *** Waiting for unfinished jobs....
  CC    aesni.c
  CC    aes.c
  CC    aesni.c
  CC    aesce.c
  CC    aesce.c
  CC    aria.c
  CC    aria.c
  CC    asn1parse.c
  CC    asn1parse.c
  CC    asn1write.c
  CC    asn1write.c
  CC    base64.c
  CC    base64.c
  CC    bignum.c
  CC    bignum.c
  CC    bignum_core.c
  CC    bignum_core.c
  CC    bignum_mod.c
  CC    bignum_mod.c
  CC    bignum_mod_raw.c
  CC    bignum_mod_raw.c
  CC    camellia.c
  CC    camellia.c
  CC    ccm.c
  CC    ccm.c
  CC    chacha20.c
  CC    chacha20.c
  CC    chachapoly.c
  CC    chachapoly.c
  CC    cipher.c
  CC    cipher.c
  CC    cipher_wrap.c
  CC    cipher_wrap.c
  CC    cmac.c
  CC    cmac.c
  CC    constant_time.c
  CC    constant_time.c
  CC    ctr_drbg.c
  CC    ctr_drbg.c
  CC    des.c
  CC    des.c
  CC    dhm.c
  CC    dhm.c
  CC    ecdh.c
  CC    ecdh.c
  CC    ecdsa.c
  CC    ecdsa.c
  CC    ecjpake.c
  CC    ecjpake.c
  CC    ecp.c
  CC    ecp.c
  CC    ecp_curves.c
  CC    ecp_curves.c
  CC    entropy.c
  CC    entropy.c
  CC    entropy_poll.c
  CC    entropy_poll.c
  Gen   error.c
  Gen   error.c
  CC    gcm.c
  CC    gcm.c
  CC    hash_info.c
  CC    hash_info.c
  CC    hkdf.c
  CC    hkdf.c
  CC    hmac_drbg.c
  CC    hmac_drbg.c
  CC    lmots.c
  CC    lmots.c
  CC    lms.c
  CC    lms.c
  CC    md.c
  CC    md.c
  CC    md5.c
  CC    md5.c
  CC    memory_buffer_alloc.c
  CC    memory_buffer_alloc.c
  CC    nist_kw.c
  CC    nist_kw.c
  CC    oid.c
  CC    oid.c
  CC    padlock.c
  CC    padlock.c
  CC    pem.c
  CC    pem.c
  CC    pk.c
  CC    pk.c
  CC    pk_wrap.c
  CC    pkcs12.c
  CC    pkcs5.c
  CC    pk_wrap.c
  CC    pkparse.c
  CC    pkwrite.c
  CC    platform.c
  CC    pkcs12.c
  CC    platform_util.c
  CC    pkparse.c
  CC    poly1305.c
  CC    pkwrite.c
  CC    psa_crypto.c
  CC    poly1305.c
  CC    psa_crypto_aead.c
  CC    psa_crypto.c
  CC    psa_crypto_aead.c
  CC    psa_crypto_cipher.c
  CC    psa_crypto_cipher.c
  CC    psa_crypto_client.c
  Gen   psa_crypto_driver_wrappers.c
  CC    psa_crypto_client.c
  Gen   psa_crypto_driver_wrappers.c
  CC    psa_crypto_ecp.c
  CC    psa_crypto_ecp.c
  CC    psa_crypto_hash.c
  CC    psa_crypto_mac.c
  CC    psa_crypto_hash.c
  CC    psa_crypto_mac.c
  CC    psa_crypto_pake.c
  CC    psa_crypto_rsa.c
  CC    psa_crypto_pake.c
  CC    psa_crypto_rsa.c
  CC    psa_crypto_se.c
  CC    psa_crypto_slot_management.c
  CC    psa_crypto_storage.c
  CC    psa_crypto_se.c
  CC    psa_crypto_slot_management.c
  CC    psa_its_file.c
  CC    psa_util.c
  CC    psa_crypto_storage.c
  CC    ripemd160.c
  CC    rsa.c
  CC    psa_its_file.c
  CC    ripemd160.c
  CC    rsa.c
  CC    rsa_alt_helpers.c
  CC    rsa_alt_helpers.c
  CC    sha1.c
  CC    sha1.c
  CC    sha256.c
  CC    sha256.c
  CC    sha512.c
  CC    sha512.c
  CC    threading.c
  CC    timing.c
  CC    version.c
  Gen   version_features.c
  CC    ../3rdparty/everest/library/everest.c
  CC    ../3rdparty/everest/library/x25519.c
  CC    threading.c
  CC    ../3rdparty/everest/library/Hacl_Curve25519_joined.c
  CC    x509.c
  CC    version_features.c
  CC    x509_create.c
  CC    x509_crl.c
  CC    ../3rdparty/everest/library/Hacl_Curve25519_joined.c
  CC    x509.c
  CC    x509_crt.c
  CC    x509_csr.c
  CC    x509write_crt.c
  CC    x509write_csr.c
  CC    x509_create.c
  CC    pkcs7.c
  CC    debug.c
  CC    x509_crt.c
  CC    mps_reader.c
  CC    mps_trace.c
  CC    net_sockets.c
  CC    ssl_cache.c
  CC    ssl_ciphersuites.c
  CC    ssl_client.c
  CC    ssl_cookie.c
  Gen   ssl_debug_helpers_generated.c
  CC    ssl_msg.c
  CC    ssl_ticket.c
  CC    ssl_tls.c
  CC    pkcs7.c
  CC    ssl_tls12_client.c
  CC    ssl_debug_helpers_generated.c
  CC    ssl_msg.c
  CC    ssl_tls12_server.c
  CC    ssl_tls13_keys.c
  CC    ssl_tls13_client.c
  CC    ssl_tls13_server.c
  CC    ssl_tls13_generic.c
  CC    ssl_tls.c
  CC    error.c
  CC    psa_crypto_driver_wrappers.c
  CC    ssl_tls12_server.c
  CC    version_features.c
  AR    libmbedx509.a
  CC    ssl_debug_helpers_generated.c
  AR    libmbedcrypto.a
  AR    libmbedtls.a
make[1]: Leaving directory '/tmp/silent-mbedtls-N020-S1_H0-avfw5w86/library'
  CC    error.c
  CC    psa_crypto_driver_wrappers.c
  AR    libmbedx509.a
  AR    libmbedcrypto.a
  AR    libmbedtls.a
make[1]: Leaving directory '/tmp/silent-mbedtls-N020-S1_H0-avfw5w86/library'
make: Leaving directory '/tmp/silent-mbedtls-N020-S1_H0-avfw5w86/programs/fuzz'
"
N020,S1_H1,fuzz_dtlsserver,PASS,PASS,0,0,7.707,make -j4 mbedtls_test ; make -C programs/fuzz -j4 fuzz_dtlsserver,"make[1]: Entering directory '/tmp/silent-mbedtls-N020-S1_H1-dbbfngh4/tests'
  CC    src/asn1_helpers.c
  CC    src/bignum_helpers.c
  CC    src/certs.c
  CC    src/fake_external_rng_for_test.c
  CC    src/helpers.c
  CC    src/psa_crypto_helpers.c
  CC    src/psa_exercise_key.c
  CC    src/random.c
  CC    src/threading_helpers.c
  CC    src/drivers/hash.c
  CC    src/drivers/platform_builtin_keys.c
  CC    src/drivers/test_driver_aead.c
  CC    src/drivers/test_driver_asymmetric_encryption.c
  CC    src/drivers/test_driver_cipher.c
  CC    src/drivers/test_driver_key_agreement.c
  CC    src/drivers/test_driver_key_management.c
  CC    src/drivers/test_driver_mac.c
  CC    src/drivers/test_driver_pake.c
  CC    src/drivers/test_driver_signature.c
  CC    src/test_helpers/ssl_helpers.c
make[1]: Leaving directory '/tmp/silent-mbedtls-N020-S1_H1-dbbfngh4/tests'
make: Entering directory '/tmp/silent-mbedtls-N020-S1_H1-dbbfngh4/programs/fuzz'
make[1]: Entering directory '/tmp/silent-mbedtls-N020-S1_H1-dbbfngh4/library'
  CC    aes.c
make[1]: Entering directory '/tmp/silent-mbedtls-N020-S1_H1-dbbfngh4/library'
  CC    aes.c
make[1]: Entering directory '/tmp/silent-mbedtls-N020-S1_H1-dbbfngh4/library'
  CC    aes.c
  CC    aesni.c
  CC    aesce.c
  CC    aria.c
  CC    asn1parse.c
  CC    aesni.c
  CC    aesni.c
  CC    asn1parse.c
  CC    asn1write.c
  CC    asn1parse.c
  CC    asn1write.c
  CC    base64.c
  CC    base64.c
  CC    asn1write.c
  CC    base64.c
  CC    bignum.c
  CC    bignum.c
  CC    bignum_core.c
  CC    bignum.c
  CC    bignum_mod.c
  CC    bignum_mod_raw.c
  CC    camellia.c
  CC    bignum_core.c
  CC    ccm.c
  CC    bignum_core.c
  CC    chacha20.c
  CC    chachapoly.c
  CC    cipher.c
  CC    camellia.c
  CC    chachapoly.c
  CC    ccm.c
  CC    cipher.c
  CC    cipher_wrap.c
  CC    cipher.c
  CC    cipher_wrap.c
  CC    cmac.c
  CC    constant_time.c
  CC    cmac.c
  CC    cipher_wrap.c
  CC    cmac.c
  CC    ctr_drbg.c
  CC    constant_time.c
  CC    constant_time.c
  CC    ctr_drbg.c
  CC    des.c
  CC    des.c
  CC    ctr_drbg.c
  CC    dhm.c
  CC    des.c
  CC    dhm.c
  CC    dhm.c
  CC    ecdh.c
  CC    ecdsa.c
  CC    ecdh.c
  CC    ecdsa.c
  CC    ecjpake.c
  CC    ecdh.c
  CC    ecp.c
  CC    ecjpake.c
  CC    ecdsa.c
  CC    ecp_curves.c
  CC    ecjpake.c
  CC    ecp.c
  CC    ecp.c
  CC    ecp_curves.c
  CC    entropy.c
  CC    entropy_poll.c
  Gen   error.c
  CC    ecp_curves.c
  CC    gcm.c
  CC    hash_info.c
  CC    entropy.c
  CC    error.c
  CC    hkdf.c
  CC    gcm.c
  CC    hmac_drbg.c
  Gen   error.c
  CC    hkdf.c
  CC    lmots.c
  CC    hmac_drbg.c
  CC    lmots.c
  CC    hkdf.c
  CC    lms.c
  CC    md.c
  CC    lmots.c
  CC    lms.c
  CC    lms.c
  CC    md5.c
  CC    memory_buffer_alloc.c
  CC    md.c
  CC    md.c
  CC    md5.c
  CC    nist_kw.c
  CC    oid.c
  CC    nist_kw.c
  CC    md5.c
  CC    nist_kw.c
  CC    padlock.c
  CC    pem.c
  CC    oid.c
  CC    padlock.c
  CC    pk.c
  CC    oid.c
  CC    pem.c
  CC    pk.c
  CC    pk_wrap.c
  CC    pk_wrap.c
  CC    pem.c
  CC    pkcs12.c
  CC    pkcs12.c
  CC    pkcs5.c
  CC    pk_wrap.c
  CC    pkcs5.c
  CC    pkparse.c
  CC    pkparse.c
  CC    pkwrite.c
  CC    pkcs5.c
  CC    platform.c
  CC    pkparse.c
  CC    pkwrite.c
  CC    platform.c
  CC    platform_util.c
  CC    poly1305.c
  CC    platform_util.c
  CC    psa_crypto.c
  CC    poly1305.c
  CC    psa_crypto_aead.c
  CC    platform.c
  CC    psa_crypto.c
  CC    psa_crypto.c
  CC    psa_crypto_cipher.c
  CC    psa_crypto_aead.c
  CC    psa_crypto_client.c
  Gen   psa_crypto_driver_wrappers.c
  CC    psa_crypto_aead.c
  CC    psa_crypto_ecp.c
  CC    psa_crypto_driver_wrappers.c
  CC    psa_crypto_hash.c
  CC    psa_crypto_hash.c
  CC    psa_crypto_mac.c
  CC    psa_crypto_pake.c
  CC    psa_crypto_mac.c
  CC    psa_crypto_client.c
  CC    psa_crypto_rsa.c
  CC    psa_crypto_se.c
  CC    psa_crypto_mac.c
  CC    psa_crypto_rsa.c
  CC    psa_crypto_pake.c
  CC    psa_crypto_slot_management.c
  CC    psa_crypto_slot_management.c
  CC    psa_crypto_storage.c
  CC    psa_crypto_rsa.c
  CC    psa_crypto_storage.c
  CC    psa_its_file.c
  CC    psa_its_file.c
  CC    psa_crypto_slot_management.c
  CC    psa_util.c
  CC    ripemd160.c
  CC    psa_util.c
  CC    rsa.c
  CC    ripemd160.c
  CC    psa_its_file.c
  CC    ripemd160.c
  CC    rsa.c
  CC    rsa.c
  CC    rsa_alt_helpers.c
  CC    rsa_alt_helpers.c
  CC    sha1.c
  CC    sha1.c
  CC    sha256.c
  CC    rsa_alt_helpers.c
  CC    sha256.c
  CC    sha512.c
  CC    sha1.c
  CC    threading.c
  CC    timing.c
  CC    version.c
  CC    sha512.c
  CC    version.c
  Gen   version_features.c
  CC    ../3rdparty/everest/library/everest.c
  CC    ../3rdparty/everest/library/x25519.c
  Gen   version_features.c
  CC    ../3rdparty/everest/library/Hacl_Curve25519_joined.c
  CC    x509.c
  CC    x509_create.c
  CC    sha256.c
  CC    ../3rdparty/everest/library/x25519.c
  CC    x509.c
  CC    x509_crl.c
  CC    version_features.c
  CC    x509.c
  CC    x509_crt.c
  CC    x509_crl.c
  CC    x509_crt.c
  CC    x509_csr.c
  CC    x509_crt.c
  CC    x509write_crt.c
  CC    x509_csr.c
  CC    x509write_csr.c
  CC    x509write_crt.c
  CC    pkcs7.c
  CC    x509write_csr.c
  CC    debug.c
  CC    mps_reader.c
  CC    pkcs7.c
  CC    x509_csr.c
  CC    debug.c
  CC    mps_trace.c
  CC    debug.c
  CC    net_sockets.c
  CC    mps_trace.c
  CC    mps_trace.c
  CC    net_sockets.c
  CC    net_sockets.c
  CC    ssl_cache.c
  CC    ssl_cache.c
  CC    ssl_cache.c
  CC    ssl_ciphersuites.c
  CC    ssl_ciphersuites.c
  CC    ssl_ciphersuites.c
  CC    ssl_client.c
  CC    ssl_client.c
  CC    ssl_client.c
  CC    ssl_cookie.c
  Gen   ssl_debug_helpers_generated.c
  CC    ssl_cookie.c
  CC    ssl_cookie.c
  CC    ssl_msg.c
  Gen   ssl_debug_helpers_generated.c
  Gen   ssl_debug_helpers_generated.c
  CC    ssl_msg.c
  CC    ssl_msg.c
  CC    ssl_ticket.c
  CC    ssl_ticket.c
  CC    ssl_tls.c
  CC    ssl_tls.c
  CC    ssl_ticket.c
  CC    ssl_tls.c
  CC    ssl_tls12_client.c
  CC    ssl_tls12_client.c
  CC    ssl_tls12_server.c
  CC    ssl_tls12_server.c
  CC    ssl_tls12_client.c
  CC    ssl_tls13_keys.c
  CC    ssl_tls12_server.c
  CC    ssl_tls13_client.c
  CC    ssl_tls13_server.c
  CC    ssl_tls13_generic.c
  CC    error.c
  CC    psa_crypto_driver_wrappers.c
  CC    ssl_tls13_keys.c
  CC    ssl_tls13_keys.c
  AR    libmbedx509.a
  CC    ssl_debug_helpers_generated.c
  CC    version_features.c
  CC    error.c
  CC    version_features.c
  AR    libmbedx509.a
  AR    libmbedcrypto.a
  AR    libmbedtls.a
  AR    libmbedx509.a
  CC    ssl_debug_helpers_generated.c
make[1]: Leaving directory '/tmp/silent-mbedtls-N020-S1_H1-dbbfngh4/library'
  CC    ssl_debug_helpers_generated.c
  AR    libmbedcrypto.a
  AR    libmbedcrypto.a
  AR    libmbedtls.a
  AR    libmbedtls.a
make[1]: Leaving directory '/tmp/silent-mbedtls-N020-S1_H1-dbbfngh4/library'
make[1]: Leaving directory '/tmp/silent-mbedtls-N020-S1_H1-dbbfngh4/library'
 cc common.o onefile.o fuzz_dtlsserver.o ../../tests/src/asn1_helpers.o ../../tests/src/bignum_helpers.o ../../tests/src/certs.o ../../tests/src/fake_external_rng_for_test.o ../../tests/src/helpers.o ../../tests/src/psa_crypto_helpers.o ../../tests/src/psa_exercise_key.o ../../tests/src/random.o ../../tests/src/threading_helpers.o ../../tests/src/drivers/hash.o ../../tests/src/drivers/platform_builtin_keys.o ../../tests/src/drivers/test_driver_aead.o ../../tests/src/drivers/test_driver_asymmetric_encryption.o ../../tests/src/drivers/test_driver_cipher.o ../../tests/src/drivers/test_driver_key_agreement.o ../../tests/src/drivers/test_driver_key_management.o ../../tests/src/drivers/test_driver_mac.o ../../tests/src/drivers/test_driver_pake.o ../../tests/src/drivers/test_driver_signature.o -L../../library -lmbedtls -lmbedx509 -lmbedcrypto  -o fuzz_dtlsserver
make: Leaving directory '/tmp/silent-mbedtls-N020-S1_H1-dbbfngh4/programs/fuzz'

RUNTIME:
Warning: fuzzing without constant time
"
N021,S0_H0,fuzz_client,PASS,PASS,0,0,8.057,make -j4 mbedtls_test ; make -C programs/fuzz -j4 fuzz_client,"make[1]: Entering directory '/tmp/silent-mbedtls-N021-S0_H0-w75j_rym/tests'
  CC    src/asn1_helpers.c
  CC    src/bignum_helpers.c
  CC    src/certs.c
  CC    src/fake_external_rng_for_test.c
  CC    src/helpers.c
  CC    src/psa_crypto_helpers.c
  CC    src/psa_exercise_key.c
  CC    src/random.c
  CC    src/threading_helpers.c
  CC    src/drivers/hash.c
  CC    src/drivers/platform_builtin_keys.c
  CC    src/drivers/test_driver_aead.c
  CC    src/drivers/test_driver_asymmetric_encryption.c
  CC    src/drivers/test_driver_cipher.c
  CC    src/drivers/test_driver_key_agreement.c
  CC    src/drivers/test_driver_key_management.c
  CC    src/drivers/test_driver_mac.c
  CC    src/drivers/test_driver_pake.c
  CC    src/drivers/test_driver_signature.c
  CC    src/test_helpers/ssl_helpers.c
make[1]: Leaving directory '/tmp/silent-mbedtls-N021-S0_H0-w75j_rym/tests'
make: Entering directory '/tmp/silent-mbedtls-N021-S0_H0-w75j_rym/programs/fuzz'
make[1]: Entering directory '/tmp/silent-mbedtls-N021-S0_H0-w75j_rym/library'
  CC    aes.c
make[1]: Entering directory '/tmp/silent-mbedtls-N021-S0_H0-w75j_rym/library'
  CC    aes.c
make[1]: Entering directory '/tmp/silent-mbedtls-N021-S0_H0-w75j_rym/library'
  CC    aes.c
  CC    aesni.c
  CC    aesni.c
  CC    aesce.c
  CC    aesce.c
  CC    aria.c
  CC    aesni.c
  CC    aria.c
  CC    asn1parse.c
  CC    aria.c
  CC    asn1write.c
  CC    base64.c
  CC    asn1parse.c
  CC    bignum.c
  CC    asn1parse.c
  CC    bignum.c
  CC    base64.c
  CC    bignum.c
  CC    bignum_core.c
  CC    bignum_mod.c
  CC    bignum_mod_raw.c
  CC    bignum_core.c
  CC    bignum_core.c
  CC    camellia.c
  CC    camellia.c
  CC    camellia.c
  CC    ccm.c
  CC    ccm.c
  CC    ccm.c
  CC    chacha20.c
  CC    chacha20.c
  CC    chachapoly.c
  CC    chachapoly.c
  CC    cipher.c
  CC    cipher.c
  CC    chacha20.c
  CC    cipher.c
  CC    cipher_wrap.c
  CC    cipher_wrap.c
  CC    cipher_wrap.c
  CC    cmac.c
  CC    cmac.c
  CC    cmac.c
  CC    constant_time.c
  CC    ctr_drbg.c
  CC    constant_time.c
  CC    constant_time.c
  CC    ctr_drbg.c
  CC    des.c
  CC    ctr_drbg.c
  CC    des.c
  CC    dhm.c
  CC    des.c
  CC    dhm.c
  CC    dhm.c
  CC    ecdh.c
  CC    ecdh.c
  CC    ecdh.c
  CC    ecdsa.c
  CC    ecdsa.c
  CC    ecdsa.c
  CC    ecjpake.c
  CC    ecjpake.c
  CC    ecjpake.c
  CC    ecp.c
  CC    ecp_curves.c
  CC    ecp.c
  CC    ecp.c
  CC    entropy.c
  CC    ecp_curves.c
  CC    entropy_poll.c
  Gen   error.c
  CC    ecp_curves.c
  Gen   error.c
  CC    gcm.c
  CC    entropy_poll.c
  CC    gcm.c
  CC    error.c
  CC    hash_info.c
  CC    gcm.c
  CC    hash_info.c
  CC    hkdf.c
  CC    hmac_drbg.c
  CC    hkdf.c
  CC    hash_info.c
  CC    hmac_drbg.c
  CC    hmac_drbg.c
  CC    lmots.c
  CC    lms.c
  CC    lmots.c
  CC    lmots.c
  CC    md.c
  CC    lms.c
  CC    md.c
  CC    lms.c
  CC    md.c
  CC    md5.c
  CC    md5.c
  CC    md5.c
  CC    memory_buffer_alloc.c
  CC    memory_buffer_alloc.c
  CC    memory_buffer_alloc.c
  CC    nist_kw.c
  CC    nist_kw.c
  CC    nist_kw.c
  CC    oid.c
  CC    padlock.c
  CC    oid.c
  CC    oid.c
  CC    padlock.c
  CC    pem.c
  CC    pk.c
  CC    padlock.c
  CC    pem.c
  CC    pem.c
  CC    pk.c
  CC    pk_wrap.c
  CC    pk.c
  CC    pk_wrap.c
  CC    pk_wrap.c
  CC    pkcs12.c
  CC    pkcs12.c
  CC    pkcs12.c
  CC    pkcs5.c
  CC    pkcs5.c
  CC    pkcs5.c
  CC    pkparse.c
  CC    pkparse.c
  CC    pkparse.c
  CC    pkwrite.c
  CC    platform.c
  CC    platform_util.c
  CC    pkwrite.c
  CC    pkwrite.c
  CC    platform.c
  CC    poly1305.c
  CC    psa_crypto.c
  CC    platform_util.c
  CC    platform.c
  CC    poly1305.c
  CC    psa_crypto.c
  CC    poly1305.c
  CC    psa_crypto_aead.c
  CC    psa_crypto.c
  CC    psa_crypto_aead.c
  CC    psa_crypto_cipher.c
  CC    psa_crypto_cipher.c
  CC    psa_crypto_client.c
  CC    psa_crypto_client.c
  Gen   psa_crypto_driver_wrappers.c
  CC    psa_crypto_ecp.c
  CC    psa_crypto_hash.c
  CC    psa_crypto_aead.c
  CC    psa_crypto_mac.c
  Gen   psa_crypto_driver_wrappers.c
  CC    psa_crypto_driver_wrappers.c
  CC    psa_crypto_pake.c
  CC    psa_crypto_rsa.c
  CC    psa_crypto_se.c
  CC    psa_crypto_mac.c
  CC    psa_crypto_rsa.c
  CC    psa_crypto_mac.c
  CC    psa_crypto_slot_management.c
  CC    psa_crypto_storage.c
  CC    psa_crypto_slot_management.c
  CC    psa_crypto_rsa.c
  CC    psa_crypto_slot_management.c
  CC    psa_its_file.c
  CC    psa_crypto_storage.c
  CC    psa_its_file.c
  CC    psa_util.c
  CC    psa_crypto_storage.c
  CC    psa_util.c
  CC    ripemd160.c
  CC    ripemd160.c
  CC    psa_util.c
  CC    ripemd160.c
  CC    rsa.c
  CC    rsa.c
  CC    rsa.c
  CC    rsa_alt_helpers.c
  CC    rsa_alt_helpers.c
  CC    sha1.c
  CC    sha1.c
  CC    rsa_alt_helpers.c
  CC    sha1.c
  CC    sha256.c
  CC    sha256.c
  CC    sha512.c
  CC    sha256.c
  CC    threading.c
  CC    sha512.c
  CC    timing.c
  CC    version.c
  CC    threading.c
  Gen   version_features.c
  CC    ../3rdparty/everest/library/everest.c
  CC    ../3rdparty/everest/library/x25519.c
  CC    ../3rdparty/everest/library/Hacl_Curve25519_joined.c
  CC    timing.c
  CC    x509.c
  CC    version_features.c
  CC    x509_create.c
  CC    sha512.c
  CC    x509.c
  CC    x509_crl.c
  CC    version_features.c
  CC    x509.c
  CC    x509_crl.c
  CC    x509_crt.c
  CC    x509_create.c
  CC    x509_crt.c
  CC    x509_crt.c
  CC    x509_csr.c
  CC    x509write_crt.c
  CC    x509_csr.c
  CC    x509write_crt.c
  CC    x509write_csr.c
  CC    x509write_csr.c
  CC    x509_csr.c
  CC    pkcs7.c
  CC    debug.c
  CC    pkcs7.c
  CC    x509write_csr.c
  CC    pkcs7.c
  CC    debug.c
  CC    mps_reader.c
  CC    mps_trace.c
  CC    net_sockets.c
  CC    debug.c
  CC    net_sockets.c
  CC    mps_reader.c
  CC    net_sockets.c
  CC    ssl_cache.c
  CC    ssl_cache.c
  CC    ssl_ciphersuites.c
  CC    ssl_ciphersuites.c
  CC    ssl_client.c
  CC    ssl_cache.c
  CC    ssl_client.c
  CC    ssl_cookie.c
  CC    ssl_ciphersuites.c
  CC    ssl_cookie.c
  Gen   ssl_debug_helpers_generated.c
  Gen   ssl_debug_helpers_generated.c
  CC    ssl_client.c
  Gen   ssl_debug_helpers_generated.c
  CC    ssl_msg.c
  CC    ssl_msg.c
  CC    ssl_msg.c
  CC    ssl_ticket.c
  CC    ssl_tls.c
  CC    ssl_tls12_client.c
  CC    ssl_ticket.c
  CC    ssl_ticket.c
  CC    ssl_tls.c
  CC    ssl_tls.c
  CC    ssl_tls12_server.c
  CC    ssl_tls12_client.c
  CC    ssl_tls12_server.c
  CC    ssl_tls13_keys.c
  CC    ssl_tls13_client.c
  CC    ssl_tls13_server.c
  CC    ssl_tls13_generic.c
  CC    error.c
  CC    ssl_tls12_client.c
  CC    psa_crypto_driver_wrappers.c
  AR    libmbedx509.a
  CC    ssl_debug_helpers_generated.c
  AR    libmbedtls.a
  CC    ssl_tls13_keys.c
  CC    version_features.c
  AR    libmbedx509.a
  CC    ssl_debug_helpers_generated.c
  AR    libmbedcrypto.a
  AR    libmbedcrypto.a
make[1]: Leaving directory '/tmp/silent-mbedtls-N021-S0_H0-w75j_rym/library'
  AR    libmbedtls.a
make[1]: Leaving directory '/tmp/silent-mbedtls-N021-S0_H0-w75j_rym/library'
  CC    error.c
  CC    psa_crypto_driver_wrappers.c
  AR    libmbedx509.a
  CC    ssl_debug_helpers_generated.c
  AR    libmbedtls.a
  AR    libmbedcrypto.a
make[1]: Leaving directory '/tmp/silent-mbedtls-N021-S0_H0-w75j_rym/library'
 cc common.o onefile.o fuzz_client.o ../../tests/src/asn1_helpers.o ../../tests/src/bignum_helpers.o ../../tests/src/certs.o ../../tests/src/fake_external_rng_for_test.o ../../tests/src/helpers.o ../../tests/src/psa_crypto_helpers.o ../../tests/src/psa_exercise_key.o ../../tests/src/random.o ../../tests/src/threading_helpers.o ../../tests/src/drivers/hash.o ../../tests/src/drivers/platform_builtin_keys.o ../../tests/src/drivers/test_driver_aead.o ../../tests/src/drivers/test_driver_asymmetric_encryption.o ../../tests/src/drivers/test_driver_cipher.o ../../tests/src/drivers/test_driver_key_agreement.o ../../tests/src/drivers/test_driver_key_management.o ../../tests/src/drivers/test_driver_mac.o ../../tests/src/drivers/test_driver_pake.o ../../tests/src/drivers/test_driver_signature.o -L../../library -lmbedtls -lmbedx509 -lmbedcrypto  -o fuzz_client
make: Leaving directory '/tmp/silent-mbedtls-N021-S0_H0-w75j_rym/programs/fuzz'

RUNTIME:
Warning: fuzzing without constant time
"
N021,S1_H0,fuzz_client,PASS,PASS,0,0,7.859,make -j4 mbedtls_test ; make -C programs/fuzz -j4 fuzz_client,"make[1]: Entering directory '/tmp/silent-mbedtls-N021-S1_H0-oqrydlso/tests'
  CC    src/asn1_helpers.c
  CC    src/bignum_helpers.c
  CC    src/certs.c
  CC    src/fake_external_rng_for_test.c
  CC    src/helpers.c
  CC    src/psa_crypto_helpers.c
  CC    src/psa_exercise_key.c
  CC    src/random.c
  CC    src/threading_helpers.c
  CC    src/drivers/hash.c
  CC    src/drivers/platform_builtin_keys.c
  CC    src/drivers/test_driver_aead.c
  CC    src/drivers/test_driver_asymmetric_encryption.c
  CC    src/drivers/test_driver_cipher.c
  CC    src/drivers/test_driver_key_agreement.c
  CC    src/drivers/test_driver_key_management.c
  CC    src/drivers/test_driver_mac.c
  CC    src/drivers/test_driver_pake.c
  CC    src/drivers/test_driver_signature.c
  CC    src/test_helpers/ssl_helpers.c
make[1]: Leaving directory '/tmp/silent-mbedtls-N021-S1_H0-oqrydlso/tests'
make: Entering directory '/tmp/silent-mbedtls-N021-S1_H0-oqrydlso/programs/fuzz'
make[1]: Entering directory '/tmp/silent-mbedtls-N021-S1_H0-oqrydlso/library'
  CC    aes.c
make[1]: Entering directory '/tmp/silent-mbedtls-N021-S1_H0-oqrydlso/library'
  CC    aes.c
make[1]: Entering directory '/tmp/silent-mbedtls-N021-S1_H0-oqrydlso/library'
  CC    aes.c
  CC    aesni.c
  CC    aesni.c
  CC    aesni.c
  CC    aesce.c
  CC    aria.c
  CC    aesce.c
  CC    aria.c
  CC    asn1parse.c
  CC    aesce.c
  CC    asn1parse.c
  CC    aria.c
  CC    asn1parse.c
  CC    asn1write.c
  CC    asn1write.c
  CC    asn1write.c
  CC    base64.c
  CC    base64.c
  CC    base64.c
  CC    bignum.c
  CC    bignum.c
  CC    bignum_core.c
  CC    bignum.c
  CC    bignum_mod.c
  CC    bignum_mod_raw.c
  CC    camellia.c
  CC    ccm.c
  CC    bignum_core.c
  CC    camellia.c
  CC    bignum_core.c
  CC    chacha20.c
  CC    ccm.c
  CC    chacha20.c
  CC    chachapoly.c
  CC    ccm.c
  CC    chachapoly.c
  CC    cipher.c
  CC    chachapoly.c
  CC    cipher.c
  CC    cipher.c
  CC    cipher_wrap.c
  CC    cipher_wrap.c
  CC    cmac.c
  CC    constant_time.c
  CC    cmac.c
  CC    cipher_wrap.c
  CC    cmac.c
  CC    ctr_drbg.c
  CC    des.c
  CC    constant_time.c
  CC    ctr_drbg.c
  CC    constant_time.c
  CC    des.c
  CC    dhm.c
  CC    des.c
  CC    dhm.c
  CC    ecdh.c
  CC    dhm.c
  CC    ecdh.c
  CC    ecdsa.c
  CC    ecdh.c
  CC    ecdsa.c
  CC    ecdsa.c
  CC    ecjpake.c
  CC    ecjpake.c
  CC    ecp.c
  CC    ecjpake.c
  CC    ecp_curves.c
  CC    ecp.c
  CC    ecp.c
  CC    entropy.c
  CC    entropy_poll.c
  Gen   error.c
  CC    ecp_curves.c
  CC    ecp_curves.c
  CC    gcm.c
  CC    hash_info.c
  Gen   error.c
  CC    gcm.c
  CC    hkdf.c
  CC    hkdf.c
  Gen   error.c
  CC    hmac_drbg.c
  CC    lmots.c
  CC    lms.c
  CC    hmac_drbg.c
  CC    lmots.c
  CC    hmac_drbg.c
  CC    md.c
  CC    lms.c
  CC    lms.c
  CC    md.c
  CC    md.c
  CC    md5.c
  CC    md5.c
  CC    md5.c
  CC    memory_buffer_alloc.c
  CC    memory_buffer_alloc.c
  CC    nist_kw.c
  CC    memory_buffer_alloc.c
  CC    nist_kw.c
  CC    oid.c
  CC    nist_kw.c
  CC    oid.c
  CC    oid.c
  CC    padlock.c
  CC    pem.c
  CC    padlock.c
  CC    pk.c
  CC    pem.c
  CC    padlock.c
  CC    pem.c
  CC    pk_wrap.c
  CC    pk.c
  CC    pk.c
  CC    pkcs12.c
  CC    pkcs5.c
  CC    pk_wrap.c
  CC    pk_wrap.c
  CC    pkcs12.c
  CC    pkparse.c
  CC    pkcs12.c
  CC    pkparse.c
  CC    pkparse.c
  CC    pkwrite.c
  CC    pkwrite.c
  CC    platform.c
  CC    platform_util.c
  CC    pkwrite.c
  CC    platform_util.c
  CC    poly1305.c
  CC    platform.c
  CC    poly1305.c
  CC    psa_crypto.c
  CC    poly1305.c
  CC    psa_crypto.c
  CC    psa_crypto_aead.c
  CC    psa_crypto.c
  CC    psa_crypto_aead.c
  CC    psa_crypto_cipher.c
  CC    psa_crypto_cipher.c
  CC    psa_crypto_client.c
  CC    psa_crypto_client.c
  CC    psa_crypto_aead.c
  Gen   psa_crypto_driver_wrappers.c
  CC    psa_crypto_ecp.c
  Gen   psa_crypto_driver_wrappers.c
  Gen   psa_crypto_driver_wrappers.c
  CC    psa_crypto_hash.c
  CC    psa_crypto_mac.c
  CC    psa_crypto_hash.c
  CC    psa_crypto_pake.c
  CC    psa_crypto_hash.c
  CC    psa_crypto_mac.c
  CC    psa_crypto_pake.c
  CC    psa_crypto_rsa.c
  CC    psa_crypto_mac.c
  CC    psa_crypto_rsa.c
  CC    psa_crypto_rsa.c
  CC    psa_crypto_se.c
  CC    psa_crypto_se.c
  CC    psa_crypto_slot_management.c
  CC    psa_crypto_slot_management.c
  CC    psa_crypto_se.c
  CC    psa_crypto_storage.c
  CC    psa_crypto_slot_management.c
  CC    psa_crypto_storage.c
  CC    psa_crypto_storage.c
  CC    psa_its_file.c
  CC    psa_its_file.c
  CC    psa_util.c
  CC    ripemd160.c
  CC    psa_its_file.c
  CC    psa_util.c
  CC    ripemd160.c
  CC    psa_util.c
  CC    rsa.c
  CC    ripemd160.c
  CC    rsa.c
  CC    rsa_alt_helpers.c
  CC    rsa.c
  CC    sha1.c
  CC    rsa_alt_helpers.c
  CC    sha256.c
  CC    sha1.c
  CC    rsa_alt_helpers.c
  CC    sha256.c
  CC    sha512.c
  CC    sha512.c
  CC    sha256.c
  CC    sha512.c
  CC    threading.c
  CC    threading.c
  CC    timing.c
  CC    timing.c
  CC    version.c
  Gen   version_features.c
  CC    version.c
  Gen   version_features.c
  CC    ../3rdparty/everest/library/everest.c
  CC    ../3rdparty/everest/library/everest.c
  CC    ../3rdparty/everest/library/x25519.c
  CC    ../3rdparty/everest/library/x25519.c
  CC    ../3rdparty/everest/library/Hacl_Curve25519_joined.c
  CC    threading.c
  CC    x509.c
  CC    ../3rdparty/everest/library/Hacl_Curve25519_joined.c
  CC    version_features.c
  CC    x509.c
  CC    x509.c
  CC    x509_create.c
  CC    x509_create.c
  CC    x509_crl.c
  CC    x509_create.c
  CC    x509_crl.c
  CC    x509_crt.c
  CC    x509_crt.c
  CC    x509_crl.c
  CC    x509_crt.c
  CC    x509_csr.c
  CC    x509write_crt.c
  CC    x509_csr.c
  CC    x509_csr.c
  CC    x509write_csr.c
  CC    x509write_crt.c
  CC    x509write_csr.c
  CC    x509write_crt.c
  CC    pkcs7.c
  CC    debug.c
  CC    pkcs7.c
  CC    mps_reader.c
  CC    x509write_csr.c
  CC    debug.c
  CC    debug.c
  CC    mps_trace.c
  CC    net_sockets.c
  CC    ssl_cache.c
  CC    mps_trace.c
  CC    net_sockets.c
  CC    ssl_cache.c
  CC    mps_trace.c
  CC    net_sockets.c
  CC    ssl_ciphersuites.c
  CC    ssl_ciphersuites.c
  CC    ssl_client.c
  CC    ssl_client.c
  CC    ssl_cookie.c
  CC    ssl_ciphersuites.c
  CC    ssl_client.c
  Gen   ssl_debug_helpers_generated.c
  CC    ssl_cookie.c
  Gen   ssl_debug_helpers_generated.c
  CC    ssl_msg.c
  CC    ssl_ticket.c
  Gen   ssl_debug_helpers_generated.c
  CC    ssl_msg.c
  CC    ssl_msg.c
  CC    ssl_ticket.c
  CC    ssl_tls.c
  CC    ssl_tls.c
  CC    ssl_tls12_client.c
  CC    ssl_ticket.c
  CC    ssl_tls.c
  CC    ssl_tls12_server.c
  CC    ssl_tls12_client.c
  CC    ssl_tls12_server.c
  CC    ssl_tls13_keys.c
  CC    ssl_tls13_client.c
  CC    ssl_tls13_server.c
  CC    ssl_tls13_generic.c
  CC    ssl_tls12_client.c
  CC    error.c
  CC    psa_crypto_driver_wrappers.c
  CC    version_features.c
  CC    ssl_tls13_keys.c
  AR    libmbedx509.a
  CC    error.c
  CC    ssl_debug_helpers_generated.c
  CC    psa_crypto_driver_wrappers.c
  AR    libmbedx509.a
  AR    libmbedcrypto.a
  AR    libmbedtls.a
  CC    ssl_debug_helpers_generated.c
make[1]: Leaving directory '/tmp/silent-mbedtls-N021-S1_H0-oqrydlso/library'
  CC    ssl_tls13_generic.c
  CC    error.c
  CC    psa_crypto_driver_wrappers.c
  CC    version_features.c
  AR    libmbedx509.a
  CC    ssl_debug_helpers_generated.c
  AR    libmbedtls.a
  AR    libmbedcrypto.a
make[1]: Leaving directory '/tmp/silent-mbedtls-N021-S1_H0-oqrydlso/library'
  AR    libmbedtls.a
  AR    libmbedcrypto.a
make[1]: Leaving directory '/tmp/silent-mbedtls-N021-S1_H0-oqrydlso/library'
 cc common.o onefile.o fuzz_client.o ../../tests/src/asn1_helpers.o ../../tests/src/bignum_helpers.o ../../tests/src/certs.o ../../tests/src/fake_external_rng_for_test.o ../../tests/src/helpers.o ../../tests/src/psa_crypto_helpers.o ../../tests/src/psa_exercise_key.o ../../tests/src/random.o ../../tests/src/threading_helpers.o ../../tests/src/drivers/hash.o ../../tests/src/drivers/platform_builtin_keys.o ../../tests/src/drivers/test_driver_aead.o ../../tests/src/drivers/test_driver_asymmetric_encryption.o ../../tests/src/drivers/test_driver_cipher.o ../../tests/src/drivers/test_driver_key_agreement.o ../../tests/src/drivers/test_driver_key_management.o ../../tests/src/drivers/test_driver_mac.o ../../tests/src/drivers/test_driver_pake.o ../../tests/src/drivers/test_driver_signature.o -L../../library -lmbedtls -lmbedx509 -lmbedcrypto  -o fuzz_client
make: Leaving directory '/tmp/silent-mbedtls-N021-S1_H0-oqrydlso/programs/fuzz'

RUNTIME:
Warning: fuzzing without constant time
"
N021,S1_H1,fuzz_client,PASS,PASS,0,0,7.761,make -j4 mbedtls_test ; make -C programs/fuzz -j4 fuzz_client,"make[1]: Entering directory '/tmp/silent-mbedtls-N021-S1_H1-f52iur_t/tests'
  CC    src/asn1_helpers.c
  CC    src/bignum_helpers.c
  CC    src/certs.c
  CC    src/fake_external_rng_for_test.c
  CC    src/helpers.c
  CC    src/psa_crypto_helpers.c
  CC    src/psa_exercise_key.c
  CC    src/random.c
  CC    src/threading_helpers.c
  CC    src/drivers/hash.c
  CC    src/drivers/platform_builtin_keys.c
  CC    src/drivers/test_driver_aead.c
  CC    src/drivers/test_driver_asymmetric_encryption.c
  CC    src/drivers/test_driver_cipher.c
  CC    src/drivers/test_driver_key_agreement.c
  CC    src/drivers/test_driver_key_management.c
  CC    src/drivers/test_driver_mac.c
  CC    src/drivers/test_driver_pake.c
  CC    src/drivers/test_driver_signature.c
  CC    src/test_helpers/ssl_helpers.c
make[1]: Leaving directory '/tmp/silent-mbedtls-N021-S1_H1-f52iur_t/tests'
make: Entering directory '/tmp/silent-mbedtls-N021-S1_H1-f52iur_t/programs/fuzz'
make[1]: Entering directory '/tmp/silent-mbedtls-N021-S1_H1-f52iur_t/library'
  CC    aes.c
make[1]: Entering directory '/tmp/silent-mbedtls-N021-S1_H1-f52iur_t/library'
  CC    aes.c
  CC    aesni.c
  CC    aesce.c
  CC    aria.c
make[1]: Entering directory '/tmp/silent-mbedtls-N021-S1_H1-f52iur_t/library'
  CC    aes.c
  CC    asn1parse.c
  CC    aesni.c
  CC    asn1write.c
  CC    base64.c
  CC    asn1parse.c
  CC    aria.c
  CC    asn1write.c
  CC    bignum.c
  CC    asn1write.c
  CC    bignum.c
  CC    bignum.c
  CC    bignum_core.c
  CC    bignum_mod.c
  CC    bignum_mod_raw.c
  CC    bignum_core.c
  CC    bignum_core.c
  CC    camellia.c
  CC    camellia.c
  CC    ccm.c
  CC    camellia.c
  CC    ccm.c
  CC    chacha20.c
  CC    ccm.c
  CC    chacha20.c
  CC    chachapoly.c
  CC    chacha20.c
  CC    chachapoly.c
  CC    cipher.c
  CC    cipher.c
  CC    chachapoly.c
  CC    cipher.c
  CC    cipher_wrap.c
  CC    cipher_wrap.c
  CC    cipher_wrap.c
  CC    cmac.c
  CC    cmac.c
  CC    constant_time.c
  CC    cmac.c
  CC    constant_time.c
  CC    constant_time.c
  CC    ctr_drbg.c
  CC    ctr_drbg.c
  CC    des.c
  CC    ctr_drbg.c
  CC    des.c
  CC    dhm.c
  CC    des.c
  CC    ecdh.c
  CC    dhm.c
  CC    ecdh.c
  CC    ecdsa.c
  CC    ecjpake.c
  CC    ecdsa.c
  CC    ecjpake.c
  CC    dhm.c
  CC    ecp.c
  CC    ecjpake.c
  CC    ecp.c
  CC    ecp_curves.c
  CC    ecp.c
  CC    entropy.c
  CC    entropy_poll.c
  Gen   error.c
  CC    ecp_curves.c
  CC    ecp_curves.c
  CC    gcm.c
  Gen   error.c
  CC    gcm.c
  Gen   error.c
  CC    hash_info.c
  CC    gcm.c
  CC    hkdf.c
  CC    hmac_drbg.c
  CC    hash_info.c
  CC    hmac_drbg.c
  CC    hash_info.c
  CC    lmots.c
  CC    lmots.c
  CC    hmac_drbg.c
  CC    lmots.c
  CC    lms.c
  CC    lms.c
  CC    md.c
  CC    lms.c
  CC    md.c
  CC    md5.c
  CC    md5.c
  CC    md.c
  CC    memory_buffer_alloc.c
  CC    nist_kw.c
  CC    oid.c
  CC    memory_buffer_alloc.c
  CC    nist_kw.c
  CC    md5.c
  CC    nist_kw.c
  CC    padlock.c
  CC    pem.c
  CC    oid.c
  CC    padlock.c
  CC    pem.c
  CC    pk.c
  CC    pk.c
  CC    pem.c
  CC    pk_wrap.c
  CC    pkcs12.c
  CC    pk_wrap.c
  CC    pk.c
  CC    pkcs5.c
  CC    pkparse.c
  CC    pkcs12.c
  CC    pk_wrap.c
  CC    pkcs5.c
  CC    pkcs5.c
  CC    pkparse.c
  CC    pkwrite.c
  CC    pkwrite.c
  CC    pkparse.c
  CC    pkwrite.c
  CC    platform.c
  CC    platform_util.c
  CC    platform.c
  CC    platform.c
  CC    poly1305.c
  CC    platform_util.c
  CC    poly1305.c
  CC    psa_crypto.c
  CC    poly1305.c
  CC    psa_crypto.c
  CC    psa_crypto_aead.c
  CC    psa_crypto.c
  CC    psa_crypto_aead.c
  CC    psa_crypto_cipher.c
  CC    psa_crypto_client.c
  CC    psa_crypto_cipher.c
  Gen   psa_crypto_driver_wrappers.c
  CC    psa_crypto_ecp.c
  CC    psa_crypto_hash.c
  CC    psa_crypto_mac.c
  CC    psa_crypto_pake.c
  Gen   psa_crypto_driver_wrappers.c
  CC    psa_crypto_aead.c
  CC    psa_crypto_rsa.c
  CC    psa_crypto_driver_wrappers.c
  CC    psa_crypto_pake.c
  CC    psa_crypto_rsa.c
  CC    psa_crypto_se.c
  CC    psa_crypto_slot_management.c
  CC    psa_crypto_se.c
  CC    psa_crypto_slot_management.c
  CC    psa_crypto_rsa.c
  CC    psa_crypto_storage.c
  CC    psa_crypto_storage.c
  CC    psa_crypto_slot_management.c
  CC    psa_its_file.c
  CC    psa_its_file.c
  CC    psa_util.c
  CC    psa_util.c
  CC    psa_crypto_storage.c
  CC    psa_util.c
  CC    ripemd160.c
  CC    ripemd160.c
  CC    rsa.c
  CC    ripemd160.c
  CC    rsa.c
  CC    rsa_alt_helpers.c
  CC    rsa.c
  CC    sha1.c
  CC    rsa_alt_helpers.c
  CC    sha1.c
  CC    sha256.c
  CC    sha256.c
  CC    rsa_alt_helpers.c
  CC    sha512.c
  CC    sha256.c
  CC    threading.c
  CC    sha512.c
  CC    sha512.c
  CC    timing.c
  CC    version.c
  Gen   version_features.c
  CC    timing.c
  CC    ../3rdparty/everest/library/everest.c
  CC    ../3rdparty/everest/library/x25519.c
  CC    timing.c
  CC    version_features.c
  CC    ../3rdparty/everest/library/Hacl_Curve25519_joined.c
  CC    version.c
  CC    x509.c
  CC    ../3rdparty/everest/library/Hacl_Curve25519_joined.c
  CC    x509_create.c
  CC    version_features.c
  CC    x509.c
  CC    x509.c
  CC    x509_create.c
  CC    x509_crl.c
  CC    x509_crt.c
  CC    x509_crl.c
  CC    x509_create.c
  CC    x509_crt.c
  CC    x509_crt.c
  CC    x509_csr.c
  CC    x509write_crt.c
  CC    x509_csr.c
  CC    x509write_csr.c
  CC    x509write_crt.c
  CC    x509_csr.c
  CC    x509write_csr.c
  CC    pkcs7.c
  CC    x509write_csr.c
  CC    pkcs7.c
  CC    debug.c
  CC    debug.c
  CC    pkcs7.c
  CC    debug.c
  CC    mps_reader.c
  CC    mps_trace.c
  CC    mps_reader.c
  CC    mps_reader.c
  CC    net_sockets.c
  CC    mps_trace.c
  CC    mps_trace.c
  CC    net_sockets.c
  CC    net_sockets.c
  CC    ssl_cache.c
  CC    ssl_cache.c
  CC    ssl_cache.c
  CC    ssl_ciphersuites.c
  CC    ssl_ciphersuites.c
  CC    ssl_ciphersuites.c
  CC    ssl_client.c
  CC    ssl_cookie.c
  CC    ssl_client.c
  CC    ssl_client.c
  Gen   ssl_debug_helpers_generated.c
  CC    ssl_msg.c
  CC    ssl_cookie.c
  CC    ssl_cookie.c
  CC    ssl_debug_helpers_generated.c
  CC    ssl_debug_helpers_generated.c
  CC    ssl_msg.c
  CC    ssl_msg.c
  CC    ssl_ticket.c
  CC    ssl_ticket.c
  CC    ssl_tls.c
  CC    ssl_ticket.c
  CC    ssl_tls.c
  CC    ssl_tls12_client.c
  CC    ssl_tls.c
  CC    ssl_tls12_server.c
  CC    ssl_tls12_client.c
  CC    ssl_tls12_server.c
  CC    ssl_tls13_keys.c
  CC    ssl_tls13_keys.c
  CC    ssl_tls13_client.c
  CC    ssl_tls13_client.c
  CC    ssl_tls12_client.c
  CC    ssl_tls13_server.c
  CC    ssl_tls13_server.c
  CC    ssl_tls13_generic.c
  CC    ssl_tls13_generic.c
  CC    ssl_tls13_client.c
  CC    error.c
  CC    psa_crypto_driver_wrappers.c
  AR    libmbedx509.a
  AR    libmbedtls.a
  CC    error.c
  AR    libmbedcrypto.a
make[1]: Leaving directory '/tmp/silent-mbedtls-N021-S1_H1-f52iur_t/library'
  AR    libmbedx509.a
  CC    ssl_debug_helpers_generated.c
  CC    error.c
  CC    psa_crypto_driver_wrappers.c
  AR    libmbedcrypto.a
  CC    version_features.c
  AR    libmbedtls.a
  AR    libmbedx509.a
make[1]: Leaving directory '/tmp/silent-mbedtls-N021-S1_H1-f52iur_t/library'
  AR    libmbedtls.a
  AR    libmbedcrypto.a
make[1]: Leaving directory '/tmp/silent-mbedtls-N021-S1_H1-f52iur_t/library'
 cc common.o onefile.o fuzz_client.o ../../tests/src/asn1_helpers.o ../../tests/src/bignum_helpers.o ../../tests/src/certs.o ../../tests/src/fake_external_rng_for_test.o ../../tests/src/helpers.o ../../tests/src/psa_crypto_helpers.o ../../tests/src/psa_exercise_key.o ../../tests/src/random.o ../../tests/src/threading_helpers.o ../../tests/src/drivers/hash.o ../../tests/src/drivers/platform_builtin_keys.o ../../tests/src/drivers/test_driver_aead.o ../../tests/src/drivers/test_driver_asymmetric_encryption.o ../../tests/src/drivers/test_driver_cipher.o ../../tests/src/drivers/test_driver_key_agreement.o ../../tests/src/drivers/test_driver_key_management.o ../../tests/src/drivers/test_driver_mac.o ../../tests/src/drivers/test_driver_pake.o ../../tests/src/drivers/test_driver_signature.o -L../../library -lmbedtls -lmbedx509 -lmbedcrypto  -o fuzz_client
make: Leaving directory '/tmp/silent-mbedtls-N021-S1_H1-f52iur_t/programs/fuzz'

RUNTIME:
Warning: fuzzing without constant time
"
N022,S0_H0,fuzz_client,PASS,PASS,0,0,6.118,make -j4 mbedtls_test ; make -C programs/fuzz -j4 fuzz_client,"make[1]: Entering directory '/tmp/silent-mbedtls-N022-S0_H0-z60f3z8_/tests'
  CC    src/asn1_helpers.c
  CC    src/fake_external_rng_for_test.c
  CC    src/helpers.c
  CC    src/psa_crypto_helpers.c
  CC    src/psa_exercise_key.c
  CC    src/random.c
  CC    src/threading_helpers.c
  CC    src/drivers/hash.c
  CC    src/drivers/platform_builtin_keys.c
  CC    src/drivers/test_driver_aead.c
  CC    src/drivers/test_driver_cipher.c
  CC    src/drivers/test_driver_key_management.c
  CC    src/drivers/test_driver_mac.c
  CC    src/drivers/test_driver_signature.c
  CC    src/drivers/test_driver_size.c
  CC    src/test_helpers/ssl_helpers.c
make[1]: Leaving directory '/tmp/silent-mbedtls-N022-S0_H0-z60f3z8_/tests'
make: Entering directory '/tmp/silent-mbedtls-N022-S0_H0-z60f3z8_/programs/fuzz'
make[1]: Entering directory '/tmp/silent-mbedtls-N022-S0_H0-z60f3z8_/library'
  CC    aes.c
fuzz_client.c: In function ‘LLVMFuzzerTestOneInput’:
fuzz_client.c:194:5: warning: implicit declaration of function ‘mbedtls_psa_crypto_free’; did you mean ‘mbedtls_aes_crypt_ofb’? [-Wimplicit-function-declaration]
  194 |     mbedtls_psa_crypto_free();
      |     ^~~~~~~~~~~~~~~~~~~~~~~
      |     mbedtls_aes_crypt_ofb
make[1]: Entering directory '/tmp/silent-mbedtls-N022-S0_H0-z60f3z8_/library'
  CC    aes.c
  CC    aesni.c
  CC    arc4.c
  CC    aria.c
  CC    asn1parse.c
  CC    asn1write.c
  CC    base64.c
make[1]: Entering directory '/tmp/silent-mbedtls-N022-S0_H0-z60f3z8_/library'
  CC    aes.c
  CC    bignum.c
  CC    aesni.c
  CC    blowfish.c
  CC    bignum.c
  CC    camellia.c
  CC    base64.c
  CC    bignum.c
  CC    ccm.c
  CC    camellia.c
  CC    chacha20.c
  CC    chacha20.c
  CC    blowfish.c
  CC    chachapoly.c
  CC    cipher.c
  CC    chacha20.c
  CC    cipher_wrap.c
  CC    chachapoly.c
  CC    cipher.c
  CC    cmac.c
  CC    constant_time.c
  CC    chachapoly.c
  CC    constant_time.c
  CC    ctr_drbg.c
  CC    cmac.c
  CC    constant_time.c
  CC    ctr_drbg.c
  CC    des.c
  CC    dhm.c
  CC    des.c
  CC    ctr_drbg.c
  CC    des.c
  CC    ecdh.c
  CC    ecdsa.c
  CC    ecdh.c
  CC    dhm.c
  CC    ecjpake.c
  CC    ecdsa.c
  CC    ecp.c
  CC    ecjpake.c
  CC    ecp.c
  CC    ecdsa.c
  CC    ecp_curves.c
  CC    ecp.c
  CC    entropy.c
  CC    ecp_curves.c
  CC    entropy_poll.c
  CC    entropy.c
  CC    error.c
  CC    entropy_poll.c
  CC    ecp_curves.c
  CC    gcm.c
  CC    havege.c
  CC    error.c
  CC    hkdf.c
  CC    gcm.c
  CC    hkdf.c
  CC    hmac_drbg.c
  CC    hmac_drbg.c
  CC    error.c
  CC    md.c
  CC    md.c
  CC    md2.c
  CC    md2.c
  CC    hmac_drbg.c
  CC    md.c
  CC    md4.c
  CC    md5.c
  CC    md4.c
  CC    md5.c
  CC    memory_buffer_alloc.c
  CC    md4.c
  CC    md5.c
  CC    mps_reader.c
  CC    mps_reader.c
  CC    mps_trace.c
  CC    mps_trace.c
  CC    nist_kw.c
  CC    memory_buffer_alloc.c
  CC    nist_kw.c
  CC    oid.c
  CC    padlock.c
  CC    oid.c
  CC    pem.c
  CC    nist_kw.c
  CC    oid.c
  CC    pem.c
  CC    padlock.c
  CC    pk.c
  CC    pem.c
  CC    pk.c
  CC    pk_wrap.c
  CC    pkcs12.c
  CC    pk_wrap.c
  CC    pk.c
  CC    pkcs5.c
  CC    pkparse.c
  CC    pk_wrap.c
  CC    pkcs12.c
  CC    pkwrite.c
  CC    pkcs5.c
  CC    pkcs5.c
  CC    pkparse.c
  CC    pkparse.c
  CC    platform.c
  CC    platform.c
  CC    platform_util.c
  CC    poly1305.c
  CC    platform_util.c
  CC    psa_crypto.c
  CC    poly1305.c
  CC    psa_crypto_aead.c
  CC    platform.c
  CC    psa_crypto.c
  CC    psa_crypto.c
  CC    psa_crypto_cipher.c
  CC    psa_crypto_client.c
  CC    psa_crypto_driver_wrappers.c
  CC    psa_crypto_ecp.c
  CC    psa_crypto_aead.c
  CC    psa_crypto_hash.c
  CC    psa_crypto_hash.c
  CC    psa_crypto_mac.c
  CC    psa_crypto_mac.c
  CC    psa_crypto_rsa.c
  CC    psa_crypto_se.c
  CC    psa_crypto_slot_management.c
  CC    psa_crypto_aead.c
  CC    psa_crypto_rsa.c
  CC    psa_crypto_slot_management.c
  CC    psa_crypto_storage.c
  CC    psa_crypto_rsa.c
  CC    psa_crypto_storage.c
  CC    psa_crypto_storage.c
  CC    psa_its_file.c
  CC    psa_its_file.c
  CC    ripemd160.c
  CC    psa_its_file.c
  CC    ripemd160.c
  CC    ripemd160.c
  CC    rsa.c
  CC    rsa.c
  CC    rsa_internal.c
  CC    rsa.c
  CC    sha1.c
  CC    rsa_internal.c
  CC    sha1.c
  CC    sha256.c
  CC    sha256.c
  CC    rsa_internal.c
  CC    sha256.c
  CC    sha512.c
  CC    sha512.c
  CC    sha512.c
  CC    threading.c
  CC    threading.c
  CC    timing.c
  CC    version.c
  CC    timing.c
  CC    version_features.c
  CC    threading.c
  CC    timing.c
  CC    xtea.c
  CC    xtea.c
  CC    version.c
  CC    xtea.c
  CC    ../3rdparty/everest/library/everest.c
  CC    ../3rdparty/everest/library/everest.c
  CC    ../3rdparty/everest/library/everest.c
  CC    ../3rdparty/everest/library/x25519.c
  CC    ../3rdparty/everest/library/x25519.c
  CC    ../3rdparty/everest/library/Hacl_Curve25519_joined.c
  CC    ../3rdparty/everest/library/Hacl_Curve25519_joined.c
  CC    ../3rdparty/everest/library/x25519.c
  CC    certs.c
  CC    certs.c
  CC    ../3rdparty/everest/library/Hacl_Curve25519_joined.c
  CC    pkcs11.c
  CC    pkcs11.c
  CC    x509.c
  CC    x509.c
  CC    certs.c
  CC    x509.c
  CC    x509_create.c
  CC    x509_crl.c
  CC    x509_create.c
  CC    x509_create.c
  CC    x509_crl.c
  CC    x509_crt.c
  CC    x509_crl.c
  CC    x509_crt.c
  CC    x509_csr.c
  CC    x509_crt.c
  CC    x509write_crt.c
  CC    x509write_csr.c
  CC    debug.c
  CC    x509_csr.c
  CC    debug.c
  CC    net_sockets.c
  CC    net_sockets.c
  CC    ssl_cache.c
  CC    x509_csr.c
  CC    ssl_cache.c
  CC    ssl_ciphersuites.c
  CC    ssl_cli.c
  CC    ssl_ciphersuites.c
  CC    net_sockets.c
  CC    ssl_cookie.c
  CC    ssl_cli.c
  CC    ssl_cookie.c
  CC    ssl_ciphersuites.c
  CC    ssl_cli.c
  CC    ssl_msg.c
  CC    ssl_msg.c
  CC    ssl_srv.c
  CC    ssl_msg.c
  CC    ssl_ticket.c
  CC    ssl_tls.c
  CC    ssl_tls13_keys.c
  CC    ssl_srv.c
  AR    libmbedcrypto.a
  AR    libmbedx509.a
  CC    ssl_tls.c
  CC    ssl_srv.c
  CC    ssl_tls.c
  AR    libmbedtls.a
make[1]: Leaving directory '/tmp/silent-mbedtls-N022-S0_H0-z60f3z8_/library'
  AR    libmbedcrypto.a
  AR    libmbedx509.a
  AR    libmbedcrypto.a
  AR    libmbedx509.a
  AR    libmbedtls.a
make[1]: Leaving directory '/tmp/silent-mbedtls-N022-S0_H0-z60f3z8_/library'
  AR    libmbedtls.a
make[1]: Leaving directory '/tmp/silent-mbedtls-N022-S0_H0-z60f3z8_/library'
 cc common.o onefile.o fuzz_client.o ../../tests/src/asn1_helpers.o ../../tests/src/fake_external_rng_for_test.o ../../tests/src/helpers.o ../../tests/src/psa_crypto_helpers.o ../../tests/src/psa_exercise_key.o ../../tests/src/random.o ../../tests/src/threading_helpers.o ../../tests/src/drivers/hash.o ../../tests/src/drivers/platform_builtin_keys.o ../../tests/src/drivers/test_driver_aead.o ../../tests/src/drivers/test_driver_cipher.o ../../tests/src/drivers/test_driver_key_management.o ../../tests/src/drivers/test_driver_mac.o ../../tests/src/drivers/test_driver_signature.o ../../tests/src/drivers/test_driver_size.o -L../../library -lmbedtls -lmbedx509 -lmbedcrypto  -o fuzz_client
make: Leaving directory '/tmp/silent-mbedtls-N022-S0_H0-z60f3z8_/programs/fuzz'

RUNTIME:
Warning: fuzzing without constant time
"
N022,S1_H0,fuzz_client,PASS,PASS,0,0,6.516,make -j4 mbedtls_test ; make -C programs/fuzz -j4 fuzz_client,"make[1]: Entering directory '/tmp/silent-mbedtls-N022-S1_H0-vy53vi5n/tests'
  CC    src/asn1_helpers.c
  CC    src/fake_external_rng_for_test.c
  CC    src/helpers.c
  CC    src/psa_crypto_helpers.c
  CC    src/psa_exercise_key.c
  CC    src/random.c
  CC    src/threading_helpers.c
  CC    src/drivers/hash.c
  CC    src/drivers/platform_builtin_keys.c
  CC    src/drivers/test_driver_aead.c
  CC    src/drivers/test_driver_cipher.c
  CC    src/drivers/test_driver_key_management.c
  CC    src/drivers/test_driver_mac.c
  CC    src/drivers/test_driver_signature.c
  CC    src/drivers/test_driver_size.c
  CC    src/test_helpers/ssl_helpers.c
make[1]: Leaving directory '/tmp/silent-mbedtls-N022-S1_H0-vy53vi5n/tests'
make: Entering directory '/tmp/silent-mbedtls-N022-S1_H0-vy53vi5n/programs/fuzz'
make[1]: Entering directory '/tmp/silent-mbedtls-N022-S1_H0-vy53vi5n/library'
  CC    aes.c
fuzz_client.c: In function ‘LLVMFuzzerTestOneInput’:
fuzz_client.c:194:5: warning: implicit declaration of function ‘mbedtls_psa_crypto_free’; did you mean ‘mbedtls_aes_crypt_ofb’? [-Wimplicit-function-declaration]
  194 |     mbedtls_psa_crypto_free();
      |     ^~~~~~~~~~~~~~~~~~~~~~~
      |     mbedtls_aes_crypt_ofb
make[1]: Entering directory '/tmp/silent-mbedtls-N022-S1_H0-vy53vi5n/library'
  CC    aes.c
make[1]: Entering directory '/tmp/silent-mbedtls-N022-S1_H0-vy53vi5n/library'
  CC    aes.c
  CC    aesni.c
  CC    aesni.c
  CC    arc4.c
  CC    aria.c
  CC    asn1parse.c
  CC    asn1write.c
  CC    aesni.c
  CC    arc4.c
  CC    base64.c
  CC    asn1write.c
  CC    bignum.c
  CC    asn1write.c
  CC    blowfish.c
  CC    base64.c
  CC    base64.c
  CC    camellia.c
  CC    bignum.c
  CC    bignum.c
  CC    ccm.c
  CC    chacha20.c
  CC    camellia.c
  CC    chachapoly.c
  CC    cipher.c
  CC    chachapoly.c
  CC    camellia.c
  CC    cipher.c
  CC    cipher.c
  CC    cipher_wrap.c
  CC    cmac.c
  CC    constant_time.c
  CC    cipher_wrap.c
  CC    cipher_wrap.c
  CC    constant_time.c
  CC    constant_time.c
  CC    ctr_drbg.c
  CC    ctr_drbg.c
  CC    des.c
  CC    des.c
  CC    ctr_drbg.c
  CC    dhm.c
  CC    dhm.c
  CC    des.c
  CC    ecdh.c
  CC    dhm.c
  CC    ecdsa.c
  CC    ecdh.c
  CC    ecdsa.c
  CC    ecdsa.c
  CC    ecjpake.c
  CC    ecp.c
  CC    ecp_curves.c
  CC    ecjpake.c
  CC    ecjpake.c
  CC    ecp.c
  CC    ecp.c
  CC    ecp_curves.c
  CC    entropy.c
  CC    entropy_poll.c
  CC    ecp_curves.c
  CC    entropy.c
  CC    error.c
  CC    gcm.c
  CC    entropy_poll.c
  CC    havege.c
  CC    hkdf.c
  CC    error.c
  CC    gcm.c
  CC    hmac_drbg.c
  CC    md.c
  CC    entropy_poll.c
  CC    hmac_drbg.c
  CC    md2.c
  CC    md4.c
  CC    md5.c
  CC    hmac_drbg.c
  CC    md4.c
  CC    memory_buffer_alloc.c
  CC    md5.c
  CC    md.c
  CC    mps_reader.c
  CC    mps_reader.c
  CC    mps_trace.c
  CC    mps_trace.c
  CC    nist_kw.c
  CC    oid.c
  CC    nist_kw.c
  CC    oid.c
  CC    padlock.c
  CC    md5.c
  CC    oid.c
  CC    padlock.c
  CC    pem.c
  CC    pem.c
  CC    pk.c
  CC    pem.c
  CC    pk_wrap.c
  CC    pk.c
  CC    pk_wrap.c
  CC    pk.c
  CC    pkcs12.c
  CC    pkcs12.c
  CC    pkcs5.c
  CC    pk_wrap.c
  CC    pkcs5.c
  CC    pkcs12.c
  CC    pkparse.c
  CC    pkcs5.c
  CC    pkparse.c
  CC    pkwrite.c
  CC    pkparse.c
  CC    platform.c
  CC    platform_util.c
  CC    pkwrite.c
  CC    poly1305.c
  CC    psa_crypto.c
  CC    platform_util.c
  CC    pkwrite.c
  CC    poly1305.c
  CC    psa_crypto.c
  CC    poly1305.c
  CC    psa_crypto_aead.c
  CC    psa_crypto.c
  CC    psa_crypto_cipher.c
  CC    psa_crypto_client.c
  CC    psa_crypto_aead.c
  CC    psa_crypto_driver_wrappers.c
  CC    psa_crypto_driver_wrappers.c
  CC    psa_crypto_ecp.c
  CC    psa_crypto_aead.c
  CC    psa_crypto_ecp.c
  CC    psa_crypto_ecp.c
  CC    psa_crypto_hash.c
  CC    psa_crypto_hash.c
  CC    psa_crypto_mac.c
  CC    psa_crypto_mac.c
  CC    psa_crypto_rsa.c
  CC    psa_crypto_hash.c
  CC    psa_crypto_mac.c
  CC    psa_crypto_rsa.c
  CC    psa_crypto_se.c
  CC    psa_crypto_slot_management.c
  CC    psa_crypto_rsa.c
  CC    psa_crypto_slot_management.c
  CC    psa_crypto_se.c
  CC    psa_crypto_slot_management.c
  CC    psa_crypto_storage.c
  CC    psa_its_file.c
  CC    psa_crypto_storage.c
  CC    psa_its_file.c
  CC    ripemd160.c
  CC    psa_crypto_storage.c
  CC    ripemd160.c
  CC    ripemd160.c
  CC    rsa.c
  CC    rsa.c
  CC    rsa.c
  CC    rsa_internal.c
  CC    sha1.c
  CC    rsa_internal.c
  CC    sha1.c
  CC    sha256.c
  CC    rsa_internal.c
  CC    sha256.c
  CC    sha256.c
  CC    sha512.c
  CC    sha512.c
  CC    sha512.c
  CC    threading.c
  CC    timing.c
  CC    version.c
  CC    threading.c
  CC    version_features.c
  CC    timing.c
  CC    version_features.c
  CC    xtea.c
  CC    xtea.c
  CC    threading.c
  CC    xtea.c
  CC    ../3rdparty/everest/library/everest.c
  CC    ../3rdparty/everest/library/x25519.c
  CC    ../3rdparty/everest/library/Hacl_Curve25519_joined.c
  CC    ../3rdparty/everest/library/everest.c
  CC    ../3rdparty/everest/library/Hacl_Curve25519_joined.c
  CC    certs.c
  CC    certs.c
  CC    pkcs11.c
  CC    ../3rdparty/everest/library/everest.c
  CC    pkcs11.c
  CC    x509.c
  CC    x509.c
  CC    x509_create.c
  CC    certs.c
  CC    x509.c
  CC    x509_crl.c
  CC    x509_create.c
  CC    x509_crt.c
  CC    x509_csr.c
  CC    x509_create.c
  CC    x509_crl.c
  CC    x509_crt.c
  CC    x509_crt.c
  CC    x509write_crt.c
  CC    x509write_csr.c
  CC    debug.c
  CC    x509write_crt.c
  CC    net_sockets.c
  CC    debug.c
  CC    x509write_crt.c
  CC    net_sockets.c
  CC    ssl_cache.c
  CC    net_sockets.c
  CC    ssl_cache.c
  CC    ssl_ciphersuites.c
  CC    ssl_ciphersuites.c
  CC    ssl_cli.c
  CC    ssl_cli.c
  CC    ssl_cookie.c
  CC    ssl_cache.c
  CC    ssl_msg.c
  CC    ssl_cli.c
  CC    ssl_cookie.c
  CC    ssl_srv.c
  CC    ssl_msg.c
  CC    ssl_msg.c
  CC    ssl_srv.c
  CC    ssl_ticket.c
  CC    ssl_tls.c
  CC    ssl_srv.c
  CC    ssl_tls.c
  CC    ssl_ticket.c
  CC    ssl_tls.c
  CC    ssl_tls13_keys.c
  CC    ssl_tls13_keys.c
  AR    libmbedcrypto.a
  CC    ssl_tls13_keys.c
  AR    libmbedx509.a
  AR    libmbedcrypto.a
  AR    libmbedcrypto.a
  AR    libmbedx509.a
  AR    libmbedx509.a
  AR    libmbedtls.a
make[1]: Leaving directory '/tmp/silent-mbedtls-N022-S1_H0-vy53vi5n/library'
  AR    libmbedtls.a
make[1]: Leaving directory '/tmp/silent-mbedtls-N022-S1_H0-vy53vi5n/library'
  AR    libmbedtls.a
make[1]: Leaving directory '/tmp/silent-mbedtls-N022-S1_H0-vy53vi5n/library'
 cc common.o onefile.o fuzz_client.o ../../tests/src/asn1_helpers.o ../../tests/src/fake_external_rng_for_test.o ../../tests/src/helpers.o ../../tests/src/psa_crypto_helpers.o ../../tests/src/psa_exercise_key.o ../../tests/src/random.o ../../tests/src/threading_helpers.o ../../tests/src/drivers/hash.o ../../tests/src/drivers/platform_builtin_keys.o ../../tests/src/drivers/test_driver_aead.o ../../tests/src/drivers/test_driver_cipher.o ../../tests/src/drivers/test_driver_key_management.o ../../tests/src/drivers/test_driver_mac.o ../../tests/src/drivers/test_driver_signature.o ../../tests/src/drivers/test_driver_size.o -L../../library -lmbedtls -lmbedx509 -lmbedcrypto  -o fuzz_client
make: Leaving directory '/tmp/silent-mbedtls-N022-S1_H0-vy53vi5n/programs/fuzz'

RUNTIME:
Warning: fuzzing without constant time
"
N022,S1_H1,fuzz_client,PASS,PASS,0,0,6.676,make -j4 mbedtls_test ; make -C programs/fuzz -j4 fuzz_client,"make[1]: Entering directory '/tmp/silent-mbedtls-N022-S1_H1-q50zx6do/tests'
  CC    src/asn1_helpers.c
  CC    src/fake_external_rng_for_test.c
  CC    src/helpers.c
  CC    src/psa_crypto_helpers.c
  CC    src/psa_exercise_key.c
  CC    src/random.c
  CC    src/threading_helpers.c
  CC    src/drivers/hash.c
  CC    src/drivers/platform_builtin_keys.c
  CC    src/drivers/test_driver_aead.c
  CC    src/drivers/test_driver_cipher.c
  CC    src/drivers/test_driver_key_management.c
  CC    src/drivers/test_driver_mac.c
  CC    src/drivers/test_driver_signature.c
  CC    src/drivers/test_driver_size.c
  CC    src/test_helpers/ssl_helpers.c
make[1]: Leaving directory '/tmp/silent-mbedtls-N022-S1_H1-q50zx6do/tests'
make: Entering directory '/tmp/silent-mbedtls-N022-S1_H1-q50zx6do/programs/fuzz'
make[1]: Entering directory '/tmp/silent-mbedtls-N022-S1_H1-q50zx6do/library'
  CC    aes.c
make[1]: Entering directory '/tmp/silent-mbedtls-N022-S1_H1-q50zx6do/library'
  CC    aes.c
  CC    aesni.c
make[1]: Entering directory '/tmp/silent-mbedtls-N022-S1_H1-q50zx6do/library'
  CC    aes.c
  CC    arc4.c
  CC    aria.c
  CC    aesni.c
  CC    asn1parse.c
  CC    asn1parse.c
  CC    aesni.c
  CC    asn1write.c
  CC    asn1write.c
  CC    base64.c
  CC    asn1write.c
  CC    base64.c
  CC    base64.c
  CC    bignum.c
  CC    blowfish.c
  CC    bignum.c
  CC    bignum.c
  CC    blowfish.c
  CC    camellia.c
  CC    camellia.c
  CC    ccm.c
  CC    ccm.c
  CC    chacha20.c
  CC    blowfish.c
  CC    ccm.c
  CC    chacha20.c
  CC    chachapoly.c
  CC    chachapoly.c
  CC    chacha20.c
  CC    cipher.c
  CC    chachapoly.c
  CC    cipher.c
  CC    cipher.c
  CC    cipher_wrap.c
  CC    cipher_wrap.c
  CC    cmac.c
  CC    cmac.c
  CC    constant_time.c
  CC    constant_time.c
  CC    cipher_wrap.c
  CC    ctr_drbg.c
  CC    constant_time.c
  CC    des.c
  CC    ctr_drbg.c
  CC    des.c
  CC    ctr_drbg.c
  CC    des.c
  CC    dhm.c
  CC    ecdh.c
  CC    dhm.c
  CC    ecdh.c
  CC    ecdsa.c
  CC    dhm.c
  CC    ecdsa.c
  CC    ecjpake.c
  CC    ecp.c
  CC    ecjpake.c
  CC    ecp.c
  CC    ecdsa.c
  CC    ecp_curves.c
  CC    ecp.c
  CC    entropy.c
  CC    ecp_curves.c
  CC    entropy_poll.c
  CC    ecp_curves.c
  CC    error.c
  CC    gcm.c
  CC    havege.c
  CC    hkdf.c
  CC    entropy.c
  CC    hmac_drbg.c
  CC    md.c
  CC    entropy_poll.c
  CC    gcm.c
  CC    hmac_drbg.c
  CC    md.c
  CC    md2.c
  CC    md4.c
  CC    md5.c
  CC    md2.c
  CC    md5.c
  CC    hmac_drbg.c
  CC    memory_buffer_alloc.c
  CC    md5.c
  CC    memory_buffer_alloc.c
  CC    mps_reader.c
  CC    mps_reader.c
  CC    mps_trace.c
  CC    mps_trace.c
  CC    mps_reader.c
  CC    nist_kw.c
  CC    oid.c
  CC    mps_trace.c
  CC    nist_kw.c
  CC    padlock.c
  CC    oid.c
  CC    nist_kw.c
  CC    oid.c
  CC    pem.c
  CC    pem.c
  CC    padlock.c
  CC    pk.c
  CC    pk.c
  CC    pem.c
  CC    pk_wrap.c
  CC    pk_wrap.c
  CC    pkcs12.c
  CC    pk.c
  CC    pkcs12.c
  CC    pkcs5.c
  CC    pkcs5.c
  CC    pk_wrap.c
  CC    pkparse.c
  CC    pkwrite.c
  CC    pkparse.c
  CC    pkcs5.c
  CC    platform.c
  CC    pkparse.c
  CC    platform_util.c
  CC    platform.c
  CC    poly1305.c
  CC    psa_crypto.c
  CC    pkwrite.c
  CC    psa_crypto_aead.c
  CC    poly1305.c
  CC    poly1305.c
  CC    psa_crypto_cipher.c
  CC    psa_crypto.c
  CC    psa_crypto.c
  CC    psa_crypto_client.c
  CC    psa_crypto_cipher.c
  CC    psa_crypto_driver_wrappers.c
  CC    psa_crypto_driver_wrappers.c
  CC    psa_crypto_ecp.c
  CC    psa_crypto_hash.c
  CC    psa_crypto_ecp.c
  CC    psa_crypto_mac.c
  CC    psa_crypto_hash.c
  CC    psa_crypto_rsa.c
  CC    psa_crypto_mac.c
  CC    psa_crypto_rsa.c
  CC    psa_crypto_cipher.c
  CC    psa_crypto_se.c
  CC    psa_crypto_slot_management.c
  CC    psa_crypto_se.c
  CC    psa_crypto_slot_management.c
  CC    psa_crypto_storage.c
  CC    psa_crypto_rsa.c
  CC    psa_crypto_slot_management.c
  CC    psa_its_file.c
  CC    psa_crypto_storage.c
  CC    psa_crypto_storage.c
  CC    psa_its_file.c
  CC    ripemd160.c
  CC    psa_its_file.c
  CC    ripemd160.c
  CC    ripemd160.c
  CC    rsa.c
  CC    rsa.c
  CC    rsa.c
  CC    rsa_internal.c
  CC    sha1.c
  CC    rsa_internal.c
  CC    sha1.c
  CC    sha256.c
  CC    rsa_internal.c
  CC    sha512.c
  CC    sha256.c
  CC    sha256.c
  CC    sha512.c
  CC    threading.c
  CC    timing.c
  CC    sha512.c
  CC    threading.c
  CC    version.c
  CC    version_features.c
  CC    timing.c
  CC    xtea.c
  CC    version.c
  CC    ../3rdparty/everest/library/everest.c
  CC    ../3rdparty/everest/library/x25519.c
  CC    xtea.c
  CC    ../3rdparty/everest/library/Hacl_Curve25519_joined.c
  CC    certs.c
  CC    ../3rdparty/everest/library/x25519.c
  CC    timing.c
  CC    certs.c
  CC    pkcs11.c
  CC    x509.c
  CC    pkcs11.c
  CC    certs.c
  CC    x509.c
  CC    x509_create.c
  CC    x509.c
  CC    x509_create.c
  CC    x509_create.c
  CC    x509_crl.c
  CC    x509_crl.c
  CC    x509_crt.c
  CC    x509_crl.c
  CC    x509_crt.c
  CC    x509_csr.c
  CC    x509_crt.c
  CC    x509write_crt.c
  CC    x509write_csr.c
  CC    x509_csr.c
  CC    x509_csr.c
  CC    debug.c
  CC    debug.c
  CC    net_sockets.c
  CC    net_sockets.c
  CC    debug.c
  CC    ssl_cache.c
  CC    ssl_ciphersuites.c
  CC    ssl_cache.c
  CC    net_sockets.c
  CC    ssl_cache.c
  CC    ssl_cli.c
  CC    ssl_ciphersuites.c
  CC    ssl_cli.c
  CC    ssl_ciphersuites.c
  CC    ssl_cli.c
  CC    ssl_cookie.c
  CC    ssl_cookie.c
  CC    ssl_msg.c
  CC    ssl_cookie.c
  CC    ssl_msg.c
  CC    ssl_msg.c
  CC    ssl_srv.c
  CC    ssl_srv.c
  CC    ssl_ticket.c
  CC    ssl_tls.c
  CC    ssl_srv.c
  CC    ssl_ticket.c
  CC    ssl_tls.c
  CC    ssl_tls13_keys.c
  CC    ssl_tls13_keys.c
  AR    libmbedcrypto.a
  AR    libmbedx509.a
  AR    libmbedcrypto.a
  AR    libmbedx509.a
  CC    ssl_tls.c
  AR    libmbedcrypto.a
  AR    libmbedx509.a
  AR    libmbedtls.a
make[1]: Leaving directory '/tmp/silent-mbedtls-N022-S1_H1-q50zx6do/library'
  AR    libmbedtls.a
make[1]: Leaving directory '/tmp/silent-mbedtls-N022-S1_H1-q50zx6do/library'
  AR    libmbedtls.a
make[1]: Leaving directory '/tmp/silent-mbedtls-N022-S1_H1-q50zx6do/library'
 cc common.o onefile.o fuzz_client.o ../../tests/src/asn1_helpers.o ../../tests/src/fake_external_rng_for_test.o ../../tests/src/helpers.o ../../tests/src/psa_crypto_helpers.o ../../tests/src/psa_exercise_key.o ../../tests/src/random.o ../../tests/src/threading_helpers.o ../../tests/src/drivers/hash.o ../../tests/src/drivers/platform_builtin_keys.o ../../tests/src/drivers/test_driver_aead.o ../../tests/src/drivers/test_driver_cipher.o ../../tests/src/drivers/test_driver_key_management.o ../../tests/src/drivers/test_driver_mac.o ../../tests/src/drivers/test_driver_signature.o ../../tests/src/drivers/test_driver_size.o -L../../library -lmbedtls -lmbedx509 -lmbedcrypto  -o fuzz_client
make: Leaving directory '/tmp/silent-mbedtls-N022-S1_H1-q50zx6do/programs/fuzz'

RUNTIME:
Warning: fuzzing without constant time
"
N023,S0_H0,fuzz_server,PASS,PASS,0,0,7.680,make -j4 mbedtls_test ; make -C programs/fuzz -j4 fuzz_server,"make[1]: Entering directory '/tmp/silent-mbedtls-N023-S0_H0-mlvhy8xo/tests'
  CC    src/asn1_helpers.c
  CC    src/bignum_helpers.c
  CC    src/certs.c
  CC    src/fake_external_rng_for_test.c
  CC    src/helpers.c
  CC    src/psa_crypto_helpers.c
  CC    src/psa_exercise_key.c
  CC    src/random.c
  CC    src/threading_helpers.c
  CC    src/drivers/hash.c
  CC    src/drivers/platform_builtin_keys.c
  CC    src/drivers/test_driver_aead.c
  CC    src/drivers/test_driver_asymmetric_encryption.c
  CC    src/drivers/test_driver_cipher.c
  CC    src/drivers/test_driver_key_agreement.c
  CC    src/drivers/test_driver_key_management.c
  CC    src/drivers/test_driver_mac.c
  CC    src/drivers/test_driver_pake.c
  CC    src/drivers/test_driver_signature.c
  CC    src/test_helpers/ssl_helpers.c
make[1]: Leaving directory '/tmp/silent-mbedtls-N023-S0_H0-mlvhy8xo/tests'
make: Entering directory '/tmp/silent-mbedtls-N023-S0_H0-mlvhy8xo/programs/fuzz'
make[1]: Entering directory '/tmp/silent-mbedtls-N023-S0_H0-mlvhy8xo/library'
  CC    aes.c
make[1]: Entering directory '/tmp/silent-mbedtls-N023-S0_H0-mlvhy8xo/library'
  CC    aes.c
  CC    aesni.c
  CC    aesce.c
  CC    aria.c
  CC    asn1parse.c
make[1]: Entering directory '/tmp/silent-mbedtls-N023-S0_H0-mlvhy8xo/library'
  CC    aes.c
  CC    asn1write.c
  CC    aesni.c
  CC    asn1write.c
  CC    base64.c
  CC    base64.c
  CC    bignum.c
  CC    bignum.c
  CC    bignum_core.c
  CC    aria.c
  CC    bignum_mod.c
  CC    bignum.c
  CC    bignum_mod.c
  CC    bignum_mod_raw.c
  CC    camellia.c
  CC    bignum_core.c
  CC    bignum_mod_raw.c
  CC    camellia.c
  CC    ccm.c
  CC    camellia.c
  CC    ccm.c
  CC    chacha20.c
  CC    chacha20.c
  CC    chachapoly.c
  CC    chachapoly.c
  CC    ccm.c
  CC    chachapoly.c
  CC    cipher.c
  CC    cipher.c
  CC    cipher.c
  CC    cipher_wrap.c
  CC    cipher_wrap.c
  CC    cipher_wrap.c
  CC    cmac.c
  CC    cmac.c
  CC    cmac.c
  CC    constant_time.c
  CC    constant_time.c
  CC    constant_time.c
  CC    ctr_drbg.c
  CC    ctr_drbg.c
  CC    ctr_drbg.c
  CC    des.c
  CC    dhm.c
  CC    des.c
  CC    des.c
  CC    dhm.c
  CC    ecdh.c
  CC    dhm.c
  CC    ecdh.c
  CC    ecdsa.c
  CC    ecdh.c
  CC    ecdsa.c
  CC    ecdsa.c
  CC    ecjpake.c
  CC    ecjpake.c
  CC    ecp.c
  CC    ecjpake.c
  CC    ecp.c
  CC    ecp_new.c
  CC    ecp_curves.c
  CC    ecp.c
  CC    ecp_curves.c
  CC    ecp_new.c
  CC    entropy.c
  CC    entropy.c
  CC    entropy_poll.c
  Gen   error.c
  CC    gcm.c
  CC    entropy_poll.c
  Gen   error.c
  CC    entropy.c
  Gen   error.c
  CC    hkdf.c
  CC    hmac_drbg.c
  CC    gcm.c
  CC    lmots.c
  CC    gcm.c
  CC    lms.c
  CC    md.c
  CC    hmac_drbg.c
  CC    hkdf.c
  CC    md.c
  CC    md.c
  CC    md5.c
  CC    memory_buffer_alloc.c
  CC    md5.c
  CC    nist_kw.c
  CC    md5.c
  CC    nist_kw.c
  CC    oid.c
  CC    oid.c
  CC    nist_kw.c
  CC    padlock.c
  CC    oid.c
  CC    pem.c
  CC    pem.c
  CC    padlock.c
  CC    pem.c
  CC    pk.c
  CC    pk_wrap.c
  CC    pk.c
  CC    pk.c
  CC    pkcs12.c
  CC    pk_wrap.c
  CC    pk_wrap.c
  CC    pkcs12.c
  CC    pkcs5.c
  CC    pkparse.c
  CC    pkcs12.c
  CC    pkcs5.c
  CC    pkwrite.c
  CC    pkcs5.c
  CC    pkparse.c
  CC    platform.c
  CC    platform_util.c
  CC    pkparse.c
  CC    platform.c
  CC    poly1305.c
  CC    platform_util.c
  CC    poly1305.c
  CC    psa_crypto.c
  CC    pkwrite.c
  CC    psa_crypto.c
  CC    psa_crypto.c
  CC    psa_crypto_aead.c
  CC    psa_crypto_aead.c
  CC    psa_crypto_cipher.c
  CC    psa_crypto_client.c
  Gen   psa_crypto_driver_wrappers.c
  CC    psa_crypto_aead.c
  CC    psa_crypto_driver_wrappers.c
  CC    psa_crypto_ecp.c
  CC    psa_crypto_ffdh.c
  CC    psa_crypto_hash.c
  CC    psa_crypto_ecp.c
  CC    psa_crypto_ffdh.c
  CC    psa_crypto_cipher.c
  CC    psa_crypto_mac.c
  CC    psa_crypto_hash.c
  CC    psa_crypto_pake.c
  CC    psa_crypto_hash.c
  CC    psa_crypto_mac.c
  CC    psa_crypto_rsa.c
  CC    psa_crypto_se.c
  CC    psa_crypto_mac.c
  CC    psa_crypto_slot_management.c
  CC    psa_crypto_pake.c
  CC    psa_crypto_rsa.c
  CC    psa_crypto_storage.c
  CC    psa_crypto_rsa.c
  CC    psa_crypto_storage.c
  CC    psa_its_file.c
  CC    psa_crypto_slot_management.c
  CC    psa_its_file.c
  CC    psa_its_file.c
  CC    psa_util.c
  CC    psa_util.c
  CC    ripemd160.c
  CC    psa_util.c
  CC    ripemd160.c
  CC    ripemd160.c
  CC    rsa.c
  CC    rsa.c
  CC    rsa.c
  CC    rsa_alt_helpers.c
  CC    sha1.c
  CC    rsa_alt_helpers.c
  CC    sha1.c
  CC    sha256.c
  CC    rsa_alt_helpers.c
  CC    sha256.c
  CC    sha256.c
  CC    sha512.c
  CC    sha512.c
  CC    sha512.c
  CC    sha3.c
  CC    threading.c
  CC    timing.c
  CC    sha3.c
  CC    version.c
  CC    sha3.c
  CC    version.c
  Gen   version_features.c
  CC    ../3rdparty/everest/library/everest.c
  Gen   version_features.c
  CC    ../3rdparty/everest/library/x25519.c
  CC    ../3rdparty/everest/library/Hacl_Curve25519_joined.c
  CC    timing.c
  CC    version_features.c
  CC    ../3rdparty/p256-m//p256-m_driver_entrypoints.c
  CC    ../3rdparty/p256-m//p256-m/p256-m.c
  CC    ../3rdparty/everest/library/everest.c
  CC    ../3rdparty/everest/library/Hacl_Curve25519_joined.c
  CC    ../3rdparty/p256-m//p256-m_driver_entrypoints.c
  CC    x509.c
  CC    ../3rdparty/p256-m//p256-m_driver_entrypoints.c
  CC    ../3rdparty/p256-m//p256-m/p256-m.c
  CC    ../3rdparty/p256-m//p256-m/p256-m.c
  CC    x509.c
  CC    x509.c
  CC    x509_create.c
  CC    x509_create.c
  CC    x509_crl.c
  CC    x509_create.c
  CC    x509_crl.c
  CC    x509_crt.c
  CC    x509_csr.c
  CC    x509_crl.c
  CC    x509_crt.c
  CC    x509_csr.c
  CC    x509_crt.c
  CC    x509write_crt.c
  CC    x509write_crt.c
  CC    x509write_csr.c
  CC    x509write_csr.c
  CC    pkcs7.c
  CC    debug.c
  CC    x509write_crt.c
  CC    pkcs7.c
  CC    debug.c
  CC    mps_reader.c
  CC    mps_trace.c
  CC    pkcs7.c
  CC    net_sockets.c
  CC    ssl_cache.c
  CC    mps_reader.c
  CC    net_sockets.c
  CC    ssl_ciphersuites.c
  CC    mps_trace.c
  CC    ssl_client.c
  CC    net_sockets.c
  CC    ssl_ciphersuites.c
  CC    ssl_cache.c
  CC    ssl_client.c
  CC    ssl_cookie.c
  CC    ssl_client.c
  CC    ssl_cookie.c
  Gen   ssl_debug_helpers_generated.c
  Gen   ssl_debug_helpers_generated.c
  CC    ssl_cookie.c
  CC    ssl_msg.c
  CC    ssl_msg.c
  CC    ssl_ticket.c
  Gen   ssl_debug_helpers_generated.c
  CC    ssl_msg.c
  CC    ssl_tls.c
  CC    ssl_ticket.c
  CC    ssl_tls.c
  CC    ssl_tls.c
  CC    ssl_tls12_client.c
  CC    ssl_tls12_client.c
  CC    ssl_tls12_server.c
  CC    ssl_tls12_server.c
  CC    ssl_tls12_client.c
  CC    ssl_tls13_keys.c
  CC    ssl_tls12_server.c
  CC    ssl_tls13_client.c
  CC    ssl_tls13_server.c
  CC    ssl_tls13_generic.c
  CC    error.c
  CC    ssl_tls13_keys.c
  AR    libmbedx509.a
  CC    ssl_debug_helpers_generated.c
  CC    error.c
  AR    libmbedcrypto.a
  AR    libmbedtls.a
  CC    ssl_tls13_keys.c
make[1]: Leaving directory '/tmp/silent-mbedtls-N023-S0_H0-mlvhy8xo/library'
  CC    version_features.c
  AR    libmbedx509.a
  CC    ssl_debug_helpers_generated.c
  CC    error.c
  CC    psa_crypto_driver_wrappers.c
  AR    libmbedcrypto.a
  AR    libmbedtls.a
make[1]: Leaving directory '/tmp/silent-mbedtls-N023-S0_H0-mlvhy8xo/library'
  CC    version_features.c
  AR    libmbedx509.a
  CC    ssl_debug_helpers_generated.c
  AR    libmbedcrypto.a
  AR    libmbedtls.a
make[1]: Leaving directory '/tmp/silent-mbedtls-N023-S0_H0-mlvhy8xo/library'
 cc common.o onefile.o fuzz_server.o ../../tests/src/asn1_helpers.o ../../tests/src/bignum_helpers.o ../../tests/src/certs.o ../../tests/src/fake_external_rng_for_test.o ../../tests/src/helpers.o ../../tests/src/psa_crypto_helpers.o ../../tests/src/psa_exercise_key.o ../../tests/src/random.o ../../tests/src/threading_helpers.o ../../tests/src/drivers/hash.o ../../tests/src/drivers/platform_builtin_keys.o ../../tests/src/drivers/test_driver_aead.o ../../tests/src/drivers/test_driver_asymmetric_encryption.o ../../tests/src/drivers/test_driver_cipher.o ../../tests/src/drivers/test_driver_key_agreement.o ../../tests/src/drivers/test_driver_key_management.o ../../tests/src/drivers/test_driver_mac.o ../../tests/src/drivers/test_driver_pake.o ../../tests/src/drivers/test_driver_signature.o -L../../library -lmbedtls -lmbedx509 -lmbedcrypto  -o fuzz_server
make: Leaving directory '/tmp/silent-mbedtls-N023-S0_H0-mlvhy8xo/programs/fuzz'

RUNTIME:
Warning: fuzzing without constant time
"
N023,S1_H0,fuzz_server,PASS,PASS,0,0,7.769,make -j4 mbedtls_test ; make -C programs/fuzz -j4 fuzz_server,"make[1]: Entering directory '/tmp/silent-mbedtls-N023-S1_H0-jg6lxy71/tests'
  CC    src/asn1_helpers.c
  CC    src/bignum_helpers.c
  CC    src/certs.c
  CC    src/fake_external_rng_for_test.c
  CC    src/helpers.c
  CC    src/psa_crypto_helpers.c
  CC    src/psa_exercise_key.c
  CC    src/random.c
  CC    src/threading_helpers.c
  CC    src/drivers/hash.c
  CC    src/drivers/platform_builtin_keys.c
  CC    src/drivers/test_driver_aead.c
  CC    src/drivers/test_driver_asymmetric_encryption.c
  CC    src/drivers/test_driver_cipher.c
  CC    src/drivers/test_driver_key_agreement.c
  CC    src/drivers/test_driver_key_management.c
  CC    src/drivers/test_driver_mac.c
  CC    src/drivers/test_driver_pake.c
  CC    src/drivers/test_driver_signature.c
  CC    src/test_helpers/ssl_helpers.c
make[1]: Leaving directory '/tmp/silent-mbedtls-N023-S1_H0-jg6lxy71/tests'
make: Entering directory '/tmp/silent-mbedtls-N023-S1_H0-jg6lxy71/programs/fuzz'
make[1]: Entering directory '/tmp/silent-mbedtls-N023-S1_H0-jg6lxy71/library'
  CC    aes.c
make[1]: Entering directory '/tmp/silent-mbedtls-N023-S1_H0-jg6lxy71/library'
  CC    aes.c
make[1]: Entering directory '/tmp/silent-mbedtls-N023-S1_H0-jg6lxy71/library'
  CC    aes.c
  CC    aesni.c
  CC    aesni.c
  CC    aesce.c
  CC    aria.c
  CC    aesni.c
  CC    asn1parse.c
  CC    asn1write.c
  CC    aesce.c
  CC    aria.c
  CC    asn1parse.c
  CC    asn1write.c
  CC    base64.c
  CC    bignum.c
  CC    bignum_core.c
  CC    asn1parse.c
  CC    base64.c
  CC    bignum.c
  CC    bignum.c
  CC    bignum_mod.c
  CC    bignum_mod_raw.c
  CC    camellia.c
  CC    ccm.c
  CC    chacha20.c
  CC    chachapoly.c
  CC    bignum_core.c
  CC    bignum_core.c
  CC    chacha20.c
  CC    cipher.c
  CC    cipher_wrap.c
  CC    cmac.c
  CC    chacha20.c
  CC    chachapoly.c
  CC    constant_time.c
  CC    cipher.c
  CC    cipher.c
  CC    cmac.c
  CC    ctr_drbg.c
  CC    cmac.c
  CC    ctr_drbg.c
  CC    constant_time.c
  CC    des.c
  CC    des.c
  CC    dhm.c
  CC    ctr_drbg.c
  CC    dhm.c
  CC    ecdh.c
  CC    des.c
  CC    ecdh.c
  CC    ecdsa.c
  CC    ecdh.c
  CC    ecdsa.c
  CC    ecjpake.c
  CC    ecdsa.c
  CC    ecjpake.c
  CC    ecjpake.c
  CC    ecp.c
  CC    ecp.c
  CC    ecp_new.c
  CC    ecp_curves.c
  CC    ecp.c
  CC    entropy.c
  CC    entropy_poll.c
  CC    ecp_new.c
  CC    entropy.c
  Gen   error.c
  Gen   error.c
  CC    ecp_curves.c
  CC    gcm.c
  CC    hkdf.c
  CC    gcm.c
  CC    hmac_drbg.c
  CC    hkdf.c
  CC    lmots.c
  CC    hmac_drbg.c
  CC    lms.c
  Gen   error.c
  CC    md.c
  CC    lmots.c
  CC    lms.c
  CC    lmots.c
  CC    md.c
  CC    md5.c
  CC    md5.c
  CC    md.c
  CC    memory_buffer_alloc.c
  CC    nist_kw.c
  CC    memory_buffer_alloc.c
  CC    oid.c
  CC    nist_kw.c
  CC    md5.c
  CC    oid.c
  CC    padlock.c
  CC    pem.c
  CC    padlock.c
  CC    pem.c
  CC    nist_kw.c
  CC    pem.c
  CC    pk.c
  CC    pk.c
  CC    pk.c
  CC    pk_wrap.c
  CC    pk_wrap.c
  CC    pk_wrap.c
  CC    pkcs12.c
  CC    pkcs5.c
  CC    pkcs12.c
  CC    pkcs12.c
  CC    pkcs5.c
  CC    pkparse.c
  CC    pkcs5.c
  CC    pkparse.c
  CC    pkparse.c
  CC    pkwrite.c
  CC    pkwrite.c
  CC    platform.c
  CC    pkwrite.c
  CC    platform_util.c
  CC    platform.c
  CC    platform_util.c
  CC    poly1305.c
  CC    platform.c
  CC    poly1305.c
  CC    psa_crypto.c
  CC    poly1305.c
  CC    psa_crypto.c
  CC    psa_crypto_aead.c
  CC    psa_crypto.c
  CC    psa_crypto_cipher.c
  CC    psa_crypto_aead.c
  CC    psa_crypto_client.c
  Gen   psa_crypto_driver_wrappers.c
  CC    psa_crypto_ecp.c
  CC    psa_crypto_ffdh.c
  CC    psa_crypto_client.c
  CC    psa_crypto_hash.c
  CC    psa_crypto_mac.c
  CC    psa_crypto_driver_wrappers.c
  CC    psa_crypto_pake.c
  CC    psa_crypto_aead.c
  CC    psa_crypto_rsa.c
  CC    psa_crypto_se.c
  CC    psa_crypto_driver_wrappers.c
  CC    psa_crypto_rsa.c
  CC    psa_crypto_mac.c
  CC    psa_crypto_slot_management.c
  CC    psa_crypto_rsa.c
  CC    psa_crypto_slot_management.c
  CC    psa_crypto_storage.c
  CC    psa_crypto_slot_management.c
  CC    psa_crypto_storage.c
  CC    psa_its_file.c
  CC    psa_util.c
  CC    psa_crypto_storage.c
  CC    psa_its_file.c
  CC    psa_its_file.c
  CC    ripemd160.c
  CC    psa_util.c
  CC    rsa.c
  CC    psa_util.c
  CC    ripemd160.c
  CC    ripemd160.c
  CC    rsa.c
  CC    rsa.c
  CC    rsa_alt_helpers.c
  CC    rsa_alt_helpers.c
  CC    rsa_alt_helpers.c
  CC    sha1.c
  CC    sha1.c
  CC    sha256.c
  CC    sha1.c
  CC    sha256.c
  CC    sha256.c
  CC    sha512.c
  CC    sha512.c
  CC    sha512.c
  CC    sha3.c
  CC    sha3.c
  CC    threading.c
  CC    sha3.c
  CC    threading.c
  CC    timing.c
  CC    timing.c
  CC    version.c
  CC    version.c
  Gen   version_features.c
  CC    ../3rdparty/everest/library/everest.c
  Gen   version_features.c
  CC    ../3rdparty/everest/library/x25519.c
  CC    ../3rdparty/everest/library/everest.c
  CC    ../3rdparty/everest/library/x25519.c
  CC    ../3rdparty/everest/library/Hacl_Curve25519_joined.c
  CC    threading.c
  CC    ../3rdparty/everest/library/Hacl_Curve25519_joined.c
  CC    ../3rdparty/p256-m//p256-m_driver_entrypoints.c
  CC    ../3rdparty/p256-m//p256-m/p256-m.c
  CC    ../3rdparty/p256-m//p256-m_driver_entrypoints.c
  CC    version_features.c
  CC    x509.c
  CC    ../3rdparty/p256-m//p256-m_driver_entrypoints.c
  CC    x509.c
  CC    ../3rdparty/p256-m//p256-m/p256-m.c
  CC    x509.c
  CC    x509_create.c
  CC    x509_crl.c
  CC    x509_crt.c
  CC    x509_create.c
  CC    x509_create.c
  CC    x509_crt.c
  CC    x509_crt.c
  CC    x509_csr.c
  CC    x509_csr.c
  CC    x509_csr.c
  CC    x509write_crt.c
  CC    x509write_crt.c
  CC    x509write_csr.c
  CC    x509write_crt.c
  CC    x509write_csr.c
  CC    pkcs7.c
  CC    debug.c
  CC    pkcs7.c
  CC    x509write_csr.c
  CC    mps_reader.c
  CC    mps_trace.c
  CC    net_sockets.c
  CC    ssl_cache.c
  CC    pkcs7.c
  CC    debug.c
  CC    net_sockets.c
  CC    ssl_ciphersuites.c
  CC    net_sockets.c
  CC    ssl_ciphersuites.c
  CC    ssl_client.c
  CC    ssl_ciphersuites.c
  CC    ssl_client.c
  CC    ssl_client.c
  CC    ssl_cookie.c
  CC    ssl_cookie.c
  Gen   ssl_debug_helpers_generated.c
  Gen   ssl_debug_helpers_generated.c
  CC    ssl_cookie.c
  Gen   ssl_debug_helpers_generated.c
  CC    ssl_msg.c
  CC    ssl_msg.c
  CC    ssl_msg.c
  CC    ssl_ticket.c
  CC    ssl_ticket.c
  CC    ssl_tls.c
  CC    ssl_ticket.c
  CC    ssl_tls12_client.c
  CC    ssl_tls.c
  CC    ssl_tls.c
  CC    ssl_tls12_server.c
  CC    ssl_tls13_keys.c
  CC    ssl_tls12_client.c
  CC    ssl_tls13_client.c
  CC    ssl_tls13_server.c
  CC    ssl_tls13_generic.c
  CC    ssl_tls12_server.c
  CC    error.c
  CC    ssl_tls12_client.c
  CC    psa_crypto_driver_wrappers.c
  CC    ssl_tls13_generic.c
  AR    libmbedx509.a
  CC    ssl_debug_helpers_generated.c
  CC    error.c
  AR    libmbedtls.a
  AR    libmbedcrypto.a
make[1]: Leaving directory '/tmp/silent-mbedtls-N023-S1_H0-jg6lxy71/library'
  CC    version_features.c
  AR    libmbedx509.a
  CC    ssl_debug_helpers_generated.c
  AR    libmbedcrypto.a
  CC    error.c
  CC    version_features.c
  AR    libmbedx509.a
  CC    ssl_debug_helpers_generated.c
  AR    libmbedtls.a
make[1]: Leaving directory '/tmp/silent-mbedtls-N023-S1_H0-jg6lxy71/library'
  AR    libmbedtls.a
  AR    libmbedcrypto.a
make[1]: Leaving directory '/tmp/silent-mbedtls-N023-S1_H0-jg6lxy71/library'
 cc common.o onefile.o fuzz_server.o ../../tests/src/asn1_helpers.o ../../tests/src/bignum_helpers.o ../../tests/src/certs.o ../../tests/src/fake_external_rng_for_test.o ../../tests/src/helpers.o ../../tests/src/psa_crypto_helpers.o ../../tests/src/psa_exercise_key.o ../../tests/src/random.o ../../tests/src/threading_helpers.o ../../tests/src/drivers/hash.o ../../tests/src/drivers/platform_builtin_keys.o ../../tests/src/drivers/test_driver_aead.o ../../tests/src/drivers/test_driver_asymmetric_encryption.o ../../tests/src/drivers/test_driver_cipher.o ../../tests/src/drivers/test_driver_key_agreement.o ../../tests/src/drivers/test_driver_key_management.o ../../tests/src/drivers/test_driver_mac.o ../../tests/src/drivers/test_driver_pake.o ../../tests/src/drivers/test_driver_signature.o -L../../library -lmbedtls -lmbedx509 -lmbedcrypto  -o fuzz_server
make: Leaving directory '/tmp/silent-mbedtls-N023-S1_H0-jg6lxy71/programs/fuzz'

RUNTIME:
Warning: fuzzing without constant time
"
N023,S1_H1,fuzz_server,PASS,PASS,0,0,7.925,make -j4 mbedtls_test ; make -C programs/fuzz -j4 fuzz_server,"make[1]: Entering directory '/tmp/silent-mbedtls-N023-S1_H1-ax63e7jk/tests'
  CC    src/asn1_helpers.c
  CC    src/bignum_helpers.c
  CC    src/certs.c
  CC    src/fake_external_rng_for_test.c
  CC    src/helpers.c
  CC    src/psa_crypto_helpers.c
  CC    src/psa_exercise_key.c
  CC    src/random.c
  CC    src/threading_helpers.c
  CC    src/drivers/hash.c
  CC    src/drivers/platform_builtin_keys.c
  CC    src/drivers/test_driver_aead.c
  CC    src/drivers/test_driver_asymmetric_encryption.c
  CC    src/drivers/test_driver_cipher.c
  CC    src/drivers/test_driver_key_agreement.c
  CC    src/drivers/test_driver_key_management.c
  CC    src/drivers/test_driver_mac.c
  CC    src/drivers/test_driver_pake.c
  CC    src/drivers/test_driver_signature.c
  CC    src/test_helpers/ssl_helpers.c
make[1]: Leaving directory '/tmp/silent-mbedtls-N023-S1_H1-ax63e7jk/tests'
make: Entering directory '/tmp/silent-mbedtls-N023-S1_H1-ax63e7jk/programs/fuzz'
make[1]: Entering directory '/tmp/silent-mbedtls-N023-S1_H1-ax63e7jk/library'
  CC    aes.c
make[1]: Entering directory '/tmp/silent-mbedtls-N023-S1_H1-ax63e7jk/library'
  CC    aes.c
  CC    aesni.c
  CC    aesce.c
  CC    aria.c
make[1]: Entering directory '/tmp/silent-mbedtls-N023-S1_H1-ax63e7jk/library'
  CC    aes.c
  CC    aria.c
  CC    aesni.c
  CC    asn1parse.c
  CC    asn1parse.c
  CC    asn1write.c
  CC    asn1write.c
  CC    asn1parse.c
  CC    asn1write.c
  CC    base64.c
  CC    bignum.c
  CC    base64.c
  CC    base64.c
  CC    bignum.c
  CC    bignum.c
  CC    bignum_core.c
  CC    bignum_mod.c
  CC    bignum_mod_raw.c
  CC    camellia.c
  CC    bignum_core.c
  CC    bignum_core.c
  CC    ccm.c
  CC    chacha20.c
  CC    camellia.c
  CC    ccm.c
  CC    camellia.c
  CC    chachapoly.c
  CC    cipher.c
  CC    chachapoly.c
  CC    cipher_wrap.c
  CC    ccm.c
  CC    cipher.c
  CC    cmac.c
  CC    constant_time.c
  CC    cipher.c
  CC    ctr_drbg.c
  CC    cipher_wrap.c
  CC    des.c
  CC    constant_time.c
  CC    ctr_drbg.c
  CC    cmac.c
  CC    dhm.c
  CC    des.c
  CC    ecdh.c
  CC    des.c
  CC    ecdsa.c
  CC    ecjpake.c
  CC    dhm.c
  CC    ecp.c
  CC    ecjpake.c
  CC    dhm.c
  CC    ecp.c
  CC    ecp.c
  CC    ecp_new.c
  CC    ecp_new.c
  CC    ecp_curves.c
  CC    ecp_new.c
  CC    ecp_curves.c
  CC    entropy.c
  CC    entropy.c
  CC    ecp_curves.c
  CC    entropy_poll.c
  Gen   error.c
  CC    entropy_poll.c
  Gen   error.c
  CC    gcm.c
  CC    gcm.c
  CC    hkdf.c
  CC    entropy.c
  CC    hmac_drbg.c
  CC    hkdf.c
  CC    lmots.c
  CC    error.c
  CC    hmac_drbg.c
  CC    lmots.c
  CC    hmac_drbg.c
  CC    lms.c
  CC    md.c
  CC    lms.c
  CC    md5.c
  CC    lmots.c
  CC    md.c
  CC    memory_buffer_alloc.c
  CC    md5.c
  CC    md.c
  CC    nist_kw.c
  CC    oid.c
  CC    nist_kw.c
  CC    padlock.c
  CC    md5.c
  CC    oid.c
  CC    pem.c
  CC    oid.c
  CC    pem.c
  CC    pem.c
  CC    pk.c
  CC    pk.c
  CC    pk.c
  CC    pk_wrap.c
  CC    pkcs12.c
  CC    pk_wrap.c
  CC    pk_wrap.c
  CC    pkcs5.c
  CC    pkcs12.c
  CC    pkparse.c
  CC    pkcs12.c
  CC    pkcs5.c
  CC    pkcs5.c
  CC    pkparse.c
  CC    pkparse.c
  CC    pkwrite.c
  CC    pkwrite.c
  CC    platform.c
  CC    platform_util.c
  CC    pkwrite.c
  CC    platform_util.c
  CC    poly1305.c
  CC    platform.c
  CC    poly1305.c
  CC    poly1305.c
  CC    psa_crypto.c
  CC    psa_crypto.c
  CC    psa_crypto.c
  CC    psa_crypto_aead.c
  CC    psa_crypto_cipher.c
  CC    psa_crypto_client.c
  Gen   psa_crypto_driver_wrappers.c
  CC    psa_crypto_ecp.c
  CC    psa_crypto_aead.c
  CC    psa_crypto_driver_wrappers.c
  CC    psa_crypto_ffdh.c
  CC    psa_crypto_ffdh.c
  CC    psa_crypto_hash.c
  CC    psa_crypto_aead.c
  CC    psa_crypto_mac.c
  CC    psa_crypto_hash.c
  CC    psa_crypto_pake.c
  CC    psa_crypto_mac.c
  CC    psa_crypto_hash.c
  CC    psa_crypto_mac.c
  CC    psa_crypto_rsa.c
  CC    psa_crypto_se.c
  CC    psa_crypto_pake.c
  CC    psa_crypto_rsa.c
  CC    psa_crypto_pake.c
  CC    psa_crypto_slot_management.c
  CC    psa_crypto_storage.c
  CC    psa_crypto_rsa.c
  CC    psa_crypto_slot_management.c
  CC    psa_its_file.c
  CC    psa_util.c
  CC    ripemd160.c
  CC    ripemd160.c
  CC    psa_crypto_storage.c
  CC    psa_crypto_slot_management.c
  CC    ripemd160.c
  CC    rsa.c
  CC    rsa.c
  CC    rsa_alt_helpers.c
  CC    rsa.c
  CC    rsa_alt_helpers.c
  CC    sha1.c
  CC    sha1.c
  CC    rsa_alt_helpers.c
  CC    sha1.c
  CC    sha256.c
  CC    sha512.c
  CC    sha256.c
  CC    sha256.c
  CC    sha3.c
  CC    threading.c
  CC    sha512.c
  CC    sha512.c
  CC    timing.c
  CC    version.c
  CC    sha3.c
  Gen   version_features.c
  CC    ../3rdparty/everest/library/everest.c
  CC    sha3.c
  CC    version.c
  CC    ../3rdparty/everest/library/x25519.c
  CC    version_features.c
  CC    ../3rdparty/everest/library/Hacl_Curve25519_joined.c
  CC    ../3rdparty/everest/library/x25519.c
  CC    ../3rdparty/p256-m//p256-m_driver_entrypoints.c
  CC    ../3rdparty/p256-m//p256-m/p256-m.c
  CC    ../3rdparty/everest/library/Hacl_Curve25519_joined.c
  CC    x509.c
  CC    ../3rdparty/p256-m//p256-m/p256-m.c
  CC    x509_create.c
  CC    version_features.c
  CC    x509.c
  CC    x509.c
  CC    x509_create.c
  CC    x509_crl.c
  CC    x509_crl.c
  CC    x509_create.c
  CC    x509_crt.c
  CC    x509_crt.c
  CC    x509_csr.c
  CC    x509_crt.c
  CC    x509write_crt.c
  CC    x509write_csr.c
  CC    pkcs7.c
  CC    x509_csr.c
  CC    debug.c
  CC    x509_csr.c
  CC    pkcs7.c
  CC    x509write_csr.c
  CC    mps_reader.c
  CC    mps_trace.c
  CC    debug.c
  CC    net_sockets.c
  CC    debug.c
  CC    net_sockets.c
  CC    mps_trace.c
  CC    ssl_cache.c
  CC    ssl_ciphersuites.c
  CC    net_sockets.c
  CC    ssl_cache.c
  CC    ssl_client.c
  CC    ssl_cookie.c
  CC    ssl_ciphersuites.c
  CC    ssl_cache.c
  CC    ssl_client.c
  CC    ssl_client.c
  Gen   ssl_debug_helpers_generated.c
  Gen   ssl_debug_helpers_generated.c
  CC    ssl_msg.c
  CC    ssl_ticket.c
  CC    ssl_msg.c
  Gen   ssl_debug_helpers_generated.c
  CC    ssl_msg.c
  CC    ssl_tls.c
  CC    ssl_tls12_client.c
  CC    ssl_ticket.c
  CC    ssl_ticket.c
  CC    ssl_tls.c
  CC    ssl_tls.c
  CC    ssl_tls12_server.c
  CC    ssl_tls13_keys.c
  CC    ssl_tls13_client.c
  CC    ssl_tls13_server.c
  CC    ssl_tls12_client.c
  CC    ssl_tls12_client.c
  CC    ssl_tls13_generic.c
  CC    error.c
  AR    libmbedx509.a
  CC    ssl_debug_helpers_generated.c
  AR    libmbedcrypto.a
  AR    libmbedtls.a
make[1]: Leaving directory '/tmp/silent-mbedtls-N023-S1_H1-ax63e7jk/library'
  CC    ssl_tls13_generic.c
  CC    ssl_tls12_server.c
  CC    error.c
  CC    version_features.c
  AR    libmbedx509.a
  CC    ssl_debug_helpers_generated.c
  CC    psa_crypto_driver_wrappers.c
  AR    libmbedcrypto.a
  AR    libmbedx509.a
  CC    ssl_debug_helpers_generated.c
  AR    libmbedtls.a
make[1]: Leaving directory '/tmp/silent-mbedtls-N023-S1_H1-ax63e7jk/library'
  AR    libmbedcrypto.a
  AR    libmbedtls.a
make[1]: Leaving directory '/tmp/silent-mbedtls-N023-S1_H1-ax63e7jk/library'
 cc common.o onefile.o fuzz_server.o ../../tests/src/asn1_helpers.o ../../tests/src/bignum_helpers.o ../../tests/src/certs.o ../../tests/src/fake_external_rng_for_test.o ../../tests/src/helpers.o ../../tests/src/psa_crypto_helpers.o ../../tests/src/psa_exercise_key.o ../../tests/src/random.o ../../tests/src/threading_helpers.o ../../tests/src/drivers/hash.o ../../tests/src/drivers/platform_builtin_keys.o ../../tests/src/drivers/test_driver_aead.o ../../tests/src/drivers/test_driver_asymmetric_encryption.o ../../tests/src/drivers/test_driver_cipher.o ../../tests/src/drivers/test_driver_key_agreement.o ../../tests/src/drivers/test_driver_key_management.o ../../tests/src/drivers/test_driver_mac.o ../../tests/src/drivers/test_driver_pake.o ../../tests/src/drivers/test_driver_signature.o -L../../library -lmbedtls -lmbedx509 -lmbedcrypto  -o fuzz_server
make: Leaving directory '/tmp/silent-mbedtls-N023-S1_H1-ax63e7jk/programs/fuzz'

RUNTIME:
Warning: fuzzing without constant time
"
N024,S0_H0,fuzz_server,PASS,PASS,0,0,6.292,make -j4 mbedtls_test ; make -C programs/fuzz -j4 fuzz_server,"make[1]: Entering directory '/tmp/silent-mbedtls-N024-S0_H0-h6lt6isc/tests'
  CC    src/asn1_helpers.c
  CC    src/fake_external_rng_for_test.c
  CC    src/helpers.c
  CC    src/psa_crypto_helpers.c
  CC    src/psa_exercise_key.c
  CC    src/random.c
  CC    src/threading_helpers.c
  CC    src/drivers/hash.c
  CC    src/drivers/platform_builtin_keys.c
  CC    src/drivers/test_driver_aead.c
  CC    src/drivers/test_driver_cipher.c
  CC    src/drivers/test_driver_key_management.c
  CC    src/drivers/test_driver_mac.c
  CC    src/drivers/test_driver_signature.c
  CC    src/drivers/test_driver_size.c
  CC    src/test_helpers/ssl_helpers.c
make[1]: Leaving directory '/tmp/silent-mbedtls-N024-S0_H0-h6lt6isc/tests'
make: Entering directory '/tmp/silent-mbedtls-N024-S0_H0-h6lt6isc/programs/fuzz'
make[1]: Entering directory '/tmp/silent-mbedtls-N024-S0_H0-h6lt6isc/library'
  CC    aes.c
make[1]: Entering directory '/tmp/silent-mbedtls-N024-S0_H0-h6lt6isc/library'
  CC    aes.c
  CC    aesni.c
  CC    arc4.c
make[1]: Entering directory '/tmp/silent-mbedtls-N024-S0_H0-h6lt6isc/library'
  CC    aes.c
  CC    arc4.c
  CC    aria.c
  CC    asn1parse.c
  CC    asn1write.c
  CC    aesni.c
  CC    aria.c
  CC    asn1write.c
  CC    asn1write.c
  CC    base64.c
  CC    bignum.c
  CC    blowfish.c
  CC    base64.c
  CC    base64.c
  CC    bignum.c
  CC    bignum.c
  CC    camellia.c
  CC    ccm.c
  CC    chacha20.c
  CC    chachapoly.c
  CC    camellia.c
  CC    cipher.c
  CC    cipher_wrap.c
  CC    camellia.c
  CC    chachapoly.c
  CC    cmac.c
  CC    cipher.c
  CC    constant_time.c
  CC    cipher_wrap.c
  CC    cipher.c
  CC    constant_time.c
  CC    ctr_drbg.c
  CC    ctr_drbg.c
  CC    des.c
  CC    dhm.c
  CC    constant_time.c
  CC    des.c
  CC    dhm.c
  CC    des.c
  CC    ecdh.c
  CC    ecdh.c
  CC    ecdsa.c
  CC    ecdsa.c
  CC    ecjpake.c
  CC    ecp.c
  CC    ecjpake.c
  CC    ecp.c
  CC    ecdh.c
  CC    ecp.c
  CC    ecp_curves.c
  CC    entropy.c
  CC    ecp_curves.c
  CC    ecp_curves.c
  CC    entropy.c
  CC    entropy_poll.c
  CC    error.c
  CC    entropy_poll.c
  CC    gcm.c
  CC    havege.c
  CC    hkdf.c
  CC    error.c
  CC    entropy.c
  CC    gcm.c
  CC    hmac_drbg.c
  CC    hmac_drbg.c
  CC    gcm.c
  CC    md.c
  CC    md.c
  CC    md2.c
  CC    md2.c
  CC    md4.c
  CC    md4.c
  CC    md5.c
  CC    hmac_drbg.c
  CC    memory_buffer_alloc.c
  CC    md5.c
  CC    memory_buffer_alloc.c
  CC    mps_reader.c
  CC    mps_trace.c
  CC    nist_kw.c
  CC    oid.c
  CC    md.c
  CC    padlock.c
  CC    pem.c
  CC    mps_reader.c
  CC    oid.c
  CC    pk.c
  CC    md5.c
  CC    pem.c
  CC    pk_wrap.c
  CC    pem.c
  CC    pk.c
  CC    pk_wrap.c
  CC    pkcs12.c
  CC    pkcs5.c
  CC    pk_wrap.c
  CC    pkcs12.c
  CC    pkcs5.c
  CC    pkparse.c
  CC    pkcs12.c
  CC    pkparse.c
  CC    pkparse.c
  CC    pkwrite.c
  CC    pkwrite.c
  CC    platform.c
  CC    platform_util.c
  CC    pkwrite.c
  CC    platform_util.c
  CC    poly1305.c
  CC    platform.c
  CC    poly1305.c
  CC    poly1305.c
  CC    psa_crypto.c
  CC    psa_crypto.c
  CC    psa_crypto_aead.c
  CC    psa_crypto.c
  CC    psa_crypto_aead.c
  CC    psa_crypto_cipher.c
  CC    psa_crypto_client.c
  CC    psa_crypto_driver_wrappers.c
  CC    psa_crypto_cipher.c
  CC    psa_crypto_ecp.c
  CC    psa_crypto_hash.c
  CC    psa_crypto_mac.c
  CC    psa_crypto_rsa.c
  CC    psa_crypto_aead.c
  CC    psa_crypto_se.c
  CC    psa_crypto_mac.c
  CC    psa_crypto_slot_management.c
  CC    psa_crypto_ecp.c
  CC    psa_crypto_rsa.c
  CC    psa_crypto_rsa.c
  CC    psa_crypto_storage.c
  CC    psa_its_file.c
  CC    psa_crypto_slot_management.c
  CC    ripemd160.c
  CC    psa_crypto_storage.c
  CC    psa_crypto_slot_management.c
  CC    ripemd160.c
  CC    ripemd160.c
  CC    rsa.c
  CC    rsa.c
  CC    rsa_internal.c
  CC    rsa.c
  CC    sha1.c
  CC    sha256.c
  CC    rsa_internal.c
  CC    rsa_internal.c
  CC    sha256.c
  CC    sha256.c
  CC    sha512.c
  CC    threading.c
  CC    sha512.c
  CC    timing.c
  CC    version.c
  CC    sha512.c
  CC    timing.c
  CC    timing.c
  CC    version_features.c
  CC    xtea.c
  CC    ../3rdparty/everest/library/everest.c
  CC    version_features.c
  CC    xtea.c
  CC    ../3rdparty/everest/library/x25519.c
  CC    ../3rdparty/everest/library/x25519.c
  CC    ../3rdparty/everest/library/Hacl_Curve25519_joined.c
  CC    certs.c
  CC    version_features.c
  CC    pkcs11.c
  CC    ../3rdparty/everest/library/Hacl_Curve25519_joined.c
  CC    x509.c
  CC    certs.c
  CC    certs.c
  CC    x509.c
  CC    x509.c
  CC    x509_create.c
  CC    x509_create.c
  CC    x509_crl.c
  CC    x509_crl.c
  CC    x509_create.c
  CC    x509_crl.c
  CC    x509_crt.c
  CC    x509_crt.c
  CC    x509_csr.c
  CC    x509_crt.c
  CC    x509_csr.c
  CC    x509write_crt.c
  CC    x509write_csr.c
  CC    debug.c
  CC    x509_csr.c
  CC    x509write_crt.c
  CC    net_sockets.c
  CC    debug.c
  CC    net_sockets.c
  CC    debug.c
  CC    ssl_cache.c
  CC    ssl_cache.c
  CC    ssl_ciphersuites.c
  CC    ssl_ciphersuites.c
  CC    ssl_cli.c
  CC    ssl_cli.c
  CC    net_sockets.c
  CC    ssl_cli.c
  CC    ssl_cookie.c
  CC    ssl_msg.c
  CC    ssl_cookie.c
  CC    ssl_cookie.c
  CC    ssl_msg.c
  CC    ssl_msg.c
  CC    ssl_srv.c
  CC    ssl_srv.c
  CC    ssl_ticket.c
  CC    ssl_tls.c
  CC    ssl_srv.c
  CC    ssl_ticket.c
  CC    ssl_tls.c
  CC    ssl_tls13_keys.c
  CC    ssl_tls13_keys.c
  AR    libmbedcrypto.a
  AR    libmbedx509.a
  AR    libmbedcrypto.a
  AR    libmbedx509.a
  CC    ssl_tls.c
  AR    libmbedcrypto.a
  AR    libmbedx509.a
  AR    libmbedtls.a
make[1]: Leaving directory '/tmp/silent-mbedtls-N024-S0_H0-h6lt6isc/library'
  AR    libmbedtls.a
make[1]: Leaving directory '/tmp/silent-mbedtls-N024-S0_H0-h6lt6isc/library'
  AR    libmbedtls.a
make[1]: Leaving directory '/tmp/silent-mbedtls-N024-S0_H0-h6lt6isc/library'
 cc common.o onefile.o fuzz_server.o ../../tests/src/asn1_helpers.o ../../tests/src/fake_external_rng_for_test.o ../../tests/src/helpers.o ../../tests/src/psa_crypto_helpers.o ../../tests/src/psa_exercise_key.o ../../tests/src/random.o ../../tests/src/threading_helpers.o ../../tests/src/drivers/hash.o ../../tests/src/drivers/platform_builtin_keys.o ../../tests/src/drivers/test_driver_aead.o ../../tests/src/drivers/test_driver_cipher.o ../../tests/src/drivers/test_driver_key_management.o ../../tests/src/drivers/test_driver_mac.o ../../tests/src/drivers/test_driver_signature.o ../../tests/src/drivers/test_driver_size.o -L../../library -lmbedtls -lmbedx509 -lmbedcrypto  -o fuzz_server
make: Leaving directory '/tmp/silent-mbedtls-N024-S0_H0-h6lt6isc/programs/fuzz'

RUNTIME:
Warning: fuzzing without constant time
"
N024,S1_H0,fuzz_server,PASS,PASS,0,0,6.173,make -j4 mbedtls_test ; make -C programs/fuzz -j4 fuzz_server,"make[1]: Entering directory '/tmp/silent-mbedtls-N024-S1_H0-28xcvb8w/tests'
  CC    src/asn1_helpers.c
  CC    src/fake_external_rng_for_test.c
  CC    src/helpers.c
  CC    src/psa_crypto_helpers.c
  CC    src/psa_exercise_key.c
  CC    src/random.c
  CC    src/threading_helpers.c
  CC    src/drivers/hash.c
  CC    src/drivers/platform_builtin_keys.c
  CC    src/drivers/test_driver_aead.c
  CC    src/drivers/test_driver_cipher.c
  CC    src/drivers/test_driver_key_management.c
  CC    src/drivers/test_driver_mac.c
  CC    src/drivers/test_driver_signature.c
  CC    src/drivers/test_driver_size.c
  CC    src/test_helpers/ssl_helpers.c
make[1]: Leaving directory '/tmp/silent-mbedtls-N024-S1_H0-28xcvb8w/tests'
make: Entering directory '/tmp/silent-mbedtls-N024-S1_H0-28xcvb8w/programs/fuzz'
make[1]: Entering directory '/tmp/silent-mbedtls-N024-S1_H0-28xcvb8w/library'
  CC    aes.c
make[1]: Entering directory '/tmp/silent-mbedtls-N024-S1_H0-28xcvb8w/library'
  CC    aes.c
  CC    aesni.c
  CC    arc4.c
make[1]: Entering directory '/tmp/silent-mbedtls-N024-S1_H0-28xcvb8w/library'
  CC    aes.c
  CC    arc4.c
  CC    aria.c
  CC    aria.c
  CC    asn1parse.c
  CC    asn1parse.c
  CC    aesni.c
  CC    asn1write.c
  CC    asn1write.c
  CC    base64.c
  CC    asn1write.c
  CC    base64.c
  CC    base64.c
  CC    bignum.c
  CC    blowfish.c
  CC    bignum.c
  CC    bignum.c
  CC    camellia.c
  CC    ccm.c
  CC    chacha20.c
  CC    chachapoly.c
  CC    cipher.c
  CC    cipher_wrap.c
  CC    blowfish.c
  CC    blowfish.c
  CC    cipher.c
  CC    cipher.c
  CC    cmac.c
  CC    cmac.c
  CC    constant_time.c
  CC    constant_time.c
  CC    ctr_drbg.c
  CC    cmac.c
  CC    ctr_drbg.c
  CC    des.c
  CC    ctr_drbg.c
  CC    des.c
  CC    dhm.c
  CC    des.c
  CC    ecdh.c
  CC    ecdsa.c
  CC    dhm.c
  CC    dhm.c
  CC    ecjpake.c
  CC    ecp.c
  CC    ecp_curves.c
  CC    ecdsa.c
  CC    ecdsa.c
  CC    ecp.c
  CC    ecp.c
  CC    entropy.c
  CC    entropy_poll.c
  CC    error.c
  CC    gcm.c
  CC    havege.c
  CC    hkdf.c
  CC    ecp_curves.c
  CC    gcm.c
  CC    hmac_drbg.c
  CC    ecp_curves.c
  CC    md.c
  CC    hmac_drbg.c
  CC    md2.c
  CC    md4.c
  CC    md5.c
  CC    md.c
  CC    md5.c
  CC    hmac_drbg.c
  CC    memory_buffer_alloc.c
  CC    memory_buffer_alloc.c
  CC    mps_reader.c
  CC    mps_reader.c
  CC    mps_trace.c
  CC    mps_trace.c
  CC    nist_kw.c
  CC    md5.c
  CC    nist_kw.c
  CC    oid.c
  CC    oid.c
  CC    padlock.c
  CC    padlock.c
  CC    pem.c
  CC    pem.c
  CC    pk.c
  CC    mps_trace.c
  CC    pem.c
  CC    pk.c
  CC    pk_wrap.c
  CC    pk.c
  CC    pk_wrap.c
  CC    pkcs12.c
  CC    pkcs12.c
  CC    pk_wrap.c
  CC    pkcs5.c
  CC    pkcs12.c
  CC    pkcs5.c
  CC    pkparse.c
  CC    pkparse.c
  CC    pkcs5.c
  CC    pkparse.c
  CC    pkwrite.c
  CC    pkwrite.c
  CC    pkwrite.c
  CC    platform.c
  CC    platform_util.c
  CC    platform.c
  CC    platform.c
  CC    platform_util.c
  CC    poly1305.c
  CC    psa_crypto.c
  CC    platform_util.c
  CC    poly1305.c
  CC    poly1305.c
  CC    psa_crypto_aead.c
  CC    psa_crypto.c
  CC    psa_crypto.c
  CC    psa_crypto_aead.c
  CC    psa_crypto_cipher.c
  CC    psa_crypto_client.c
  CC    psa_crypto_driver_wrappers.c
  CC    psa_crypto_ecp.c
  CC    psa_crypto_hash.c
  CC    psa_crypto_cipher.c
  CC    psa_crypto_mac.c
  CC    psa_crypto_rsa.c
  CC    psa_crypto_aead.c
  CC    psa_crypto_se.c
  CC    psa_crypto_slot_management.c
  CC    psa_crypto_storage.c
  CC    psa_crypto_mac.c
  CC    psa_crypto_rsa.c
  CC    psa_crypto_slot_management.c
  CC    psa_its_file.c
  CC    psa_crypto_slot_management.c
  CC    psa_its_file.c
  CC    ripemd160.c
  CC    psa_its_file.c
  CC    ripemd160.c
  CC    rsa.c
  CC    ripemd160.c
  CC    rsa.c
  CC    rsa_internal.c
  CC    rsa.c
  CC    sha1.c
  CC    rsa_internal.c
  CC    sha1.c
  CC    sha256.c
  CC    sha256.c
  CC    rsa_internal.c
  CC    sha512.c
  CC    sha256.c
  CC    threading.c
  CC    sha512.c
  CC    timing.c
  CC    version.c
  CC    version_features.c
  CC    timing.c
  CC    xtea.c
  CC    sha512.c
  CC    ../3rdparty/everest/library/everest.c
  CC    xtea.c
  CC    ../3rdparty/everest/library/x25519.c
  CC    version_features.c
  CC    ../3rdparty/everest/library/Hacl_Curve25519_joined.c
  CC    certs.c
  CC    ../3rdparty/everest/library/x25519.c
  CC    certs.c
  CC    pkcs11.c
  CC    x509.c
  CC    ../3rdparty/everest/library/x25519.c
  CC    pkcs11.c
  CC    x509.c
  CC    x509.c
  CC    x509_create.c
  CC    x509_crl.c
  CC    x509_create.c
  CC    x509_crl.c
  CC    x509_create.c
  CC    x509_crt.c
  CC    x509_crt.c
  CC    x509_crl.c
  CC    x509_crt.c
  CC    x509_csr.c
  CC    x509write_crt.c
  CC    x509write_csr.c
  CC    debug.c
  CC    x509_csr.c
  CC    x509_csr.c
  CC    net_sockets.c
  CC    debug.c
  CC    debug.c
  CC    ssl_cache.c
  CC    net_sockets.c
  CC    ssl_ciphersuites.c
  CC    net_sockets.c
  CC    ssl_ciphersuites.c
  CC    ssl_cli.c
  CC    ssl_cli.c
  CC    ssl_cookie.c
  CC    ssl_ciphersuites.c
  CC    ssl_cli.c
  CC    ssl_msg.c
  CC    ssl_cookie.c
  CC    ssl_msg.c
  CC    ssl_msg.c
  CC    ssl_srv.c
  CC    ssl_srv.c
  CC    ssl_ticket.c
  CC    ssl_tls.c
  CC    ssl_srv.c
  CC    ssl_ticket.c
  CC    ssl_tls.c
  CC    ssl_tls.c
  CC    ssl_tls13_keys.c
  CC    ssl_tls13_keys.c
  AR    libmbedcrypto.a
  AR    libmbedcrypto.a
  AR    libmbedx509.a
  AR    libmbedx509.a
  CC    ssl_tls13_keys.c
  AR    libmbedcrypto.a
  AR    libmbedx509.a
  AR    libmbedtls.a
make[1]: Leaving directory '/tmp/silent-mbedtls-N024-S1_H0-28xcvb8w/library'
  AR    libmbedtls.a
make[1]: Leaving directory '/tmp/silent-mbedtls-N024-S1_H0-28xcvb8w/library'
  AR    libmbedtls.a
make[1]: Leaving directory '/tmp/silent-mbedtls-N024-S1_H0-28xcvb8w/library'
 cc common.o onefile.o fuzz_server.o ../../tests/src/asn1_helpers.o ../../tests/src/fake_external_rng_for_test.o ../../tests/src/helpers.o ../../tests/src/psa_crypto_helpers.o ../../tests/src/psa_exercise_key.o ../../tests/src/random.o ../../tests/src/threading_helpers.o ../../tests/src/drivers/hash.o ../../tests/src/drivers/platform_builtin_keys.o ../../tests/src/drivers/test_driver_aead.o ../../tests/src/drivers/test_driver_cipher.o ../../tests/src/drivers/test_driver_key_management.o ../../tests/src/drivers/test_driver_mac.o ../../tests/src/drivers/test_driver_signature.o ../../tests/src/drivers/test_driver_size.o -L../../library -lmbedtls -lmbedx509 -lmbedcrypto  -o fuzz_server
make: Leaving directory '/tmp/silent-mbedtls-N024-S1_H0-28xcvb8w/programs/fuzz'

RUNTIME:
Warning: fuzzing without constant time
"
N024,S1_H1,fuzz_server,PASS,PASS,0,0,7.113,make -j4 mbedtls_test ; make -C programs/fuzz -j4 fuzz_server,"make[1]: Entering directory '/tmp/silent-mbedtls-N024-S1_H1-wco9nl4b/tests'
  CC    src/asn1_helpers.c
  CC    src/fake_external_rng_for_test.c
  CC    src/psa_crypto_helpers.c
  CC    src/helpers.c
  CC    src/psa_exercise_key.c
  CC    src/random.c
  CC    src/threading_helpers.c
  CC    src/drivers/hash.c
  CC    src/drivers/platform_builtin_keys.c
  CC    src/drivers/test_driver_aead.c
  CC    src/drivers/test_driver_cipher.c
  CC    src/drivers/test_driver_key_management.c
  CC    src/drivers/test_driver_mac.c
  CC    src/drivers/test_driver_signature.c
  CC    src/drivers/test_driver_size.c
  CC    src/test_helpers/ssl_helpers.c
make[1]: Leaving directory '/tmp/silent-mbedtls-N024-S1_H1-wco9nl4b/tests'
make: Entering directory '/tmp/silent-mbedtls-N024-S1_H1-wco9nl4b/programs/fuzz'
make[1]: Entering directory '/tmp/silent-mbedtls-N024-S1_H1-wco9nl4b/library'
  CC    aes.c
make[1]: Entering directory '/tmp/silent-mbedtls-N024-S1_H1-wco9nl4b/library'
  CC    aes.c
  CC    aesni.c
make[1]: Entering directory '/tmp/silent-mbedtls-N024-S1_H1-wco9nl4b/library'
  CC    aes.c
  CC    aesni.c
  CC    arc4.c
  CC    arc4.c
  CC    aria.c
  CC    asn1parse.c
  CC    aesni.c
  CC    asn1write.c
  CC    base64.c
  CC    asn1parse.c
  CC    aria.c
  CC    asn1write.c
  CC    bignum.c
  CC    blowfish.c
  CC    asn1write.c
  CC    base64.c
  CC    bignum.c
  CC    bignum.c
  CC    camellia.c
  CC    camellia.c
  CC    ccm.c
  CC    camellia.c
  CC    ccm.c
  CC    ccm.c
  CC    chacha20.c
  CC    chachapoly.c
  CC    chacha20.c
  CC    chacha20.c
  CC    cipher.c
  CC    chachapoly.c
  CC    chachapoly.c
  CC    cipher.c
  CC    cipher_wrap.c
  CC    cipher.c
  CC    cipher_wrap.c
  CC    cmac.c
  CC    constant_time.c
  CC    cmac.c
  CC    constant_time.c
  CC    ctr_drbg.c
  CC    cipher_wrap.c
  CC    constant_time.c
  CC    des.c
  CC    ctr_drbg.c
  CC    ctr_drbg.c
  CC    des.c
  CC    des.c
  CC    dhm.c
  CC    dhm.c
  CC    ecdh.c
  CC    ecdh.c
  CC    ecdsa.c
  CC    ecdsa.c
  CC    dhm.c
  CC    ecdsa.c
  CC    ecjpake.c
  CC    ecjpake.c
  CC    ecp.c
  CC    ecp.c
  CC    ecjpake.c
  CC    ecp.c
  CC    ecp_curves.c
  CC    entropy.c
  CC    ecp_curves.c
  CC    ecp_curves.c
  CC    entropy_poll.c
  CC    entropy_poll.c
  CC    error.c
  CC    error.c
  CC    gcm.c
  CC    gcm.c
  CC    entropy_poll.c
  CC    havege.c
  CC    gcm.c
  CC    hkdf.c
  CC    havege.c
  CC    hmac_drbg.c
  CC    hkdf.c
  CC    hmac_drbg.c
  CC    md.c
  CC    md2.c
  CC    md4.c
  CC    md5.c
  CC    hkdf.c
  CC    md.c
  CC    memory_buffer_alloc.c
  CC    md5.c
  CC    md.c
  CC    mps_reader.c
  CC    mps_reader.c
  CC    mps_trace.c
  CC    mps_trace.c
  CC    nist_kw.c
  CC    oid.c
  CC    md5.c
  CC    oid.c
  CC    nist_kw.c
  CC    oid.c
  CC    padlock.c
  CC    pem.c
  CC    padlock.c
  CC    pem.c
  CC    padlock.c
  CC    pem.c
  CC    pk.c
  CC    pk.c
  CC    pk_wrap.c
  CC    pk.c
  CC    pk_wrap.c
  CC    pkcs12.c
  CC    pk_wrap.c
  CC    pkcs12.c
  CC    pkcs12.c
  CC    pkcs5.c
  CC    pkcs5.c
  CC    pkparse.c
  CC    pkcs5.c
  CC    pkwrite.c
  CC    pkparse.c
  CC    pkparse.c
  CC    pkwrite.c
  CC    platform.c
  CC    platform_util.c
  CC    poly1305.c
  CC    psa_crypto.c
  CC    pkwrite.c
  CC    platform.c
  CC    poly1305.c
  CC    psa_crypto.c
  CC    poly1305.c
  CC    psa_crypto.c
  CC    psa_crypto_aead.c
  CC    psa_crypto_cipher.c
  CC    psa_crypto_client.c
  CC    psa_crypto_driver_wrappers.c
  CC    psa_crypto_aead.c
  CC    psa_crypto_ecp.c
  CC    psa_crypto_hash.c
  CC    psa_crypto_aead.c
  CC    psa_crypto_hash.c
  CC    psa_crypto_mac.c
  CC    psa_crypto_mac.c
  CC    psa_crypto_rsa.c
  CC    psa_crypto_ecp.c
  CC    psa_crypto_rsa.c
  CC    psa_crypto_se.c
  CC    psa_crypto_se.c
  CC    psa_crypto_slot_management.c
  CC    psa_crypto_storage.c
  CC    psa_crypto_mac.c
  CC    psa_crypto_slot_management.c
  CC    psa_crypto_storage.c
  CC    psa_its_file.c
  CC    ripemd160.c
  CC    psa_crypto_slot_management.c
  CC    ripemd160.c
  CC    psa_its_file.c
  CC    ripemd160.c
  CC    rsa.c
  CC    rsa.c
  CC    rsa.c
  CC    rsa_internal.c
  CC    sha1.c
  CC    rsa_internal.c
  CC    sha1.c
  CC    sha256.c
  CC    rsa_internal.c
  CC    sha256.c
  CC    sha512.c
  CC    sha256.c
  CC    threading.c
  CC    timing.c
  CC    sha512.c
  CC    timing.c
  CC    version.c
  CC    version_features.c
  CC    xtea.c
  CC    sha512.c
  CC    xtea.c
  CC    version.c
  CC    ../3rdparty/everest/library/everest.c
  CC    xtea.c
  CC    ../3rdparty/everest/library/everest.c
  CC    ../3rdparty/everest/library/x25519.c
  CC    ../3rdparty/everest/library/Hacl_Curve25519_joined.c
  CC    certs.c
  CC    pkcs11.c
  CC    ../3rdparty/everest/library/x25519.c
  CC    certs.c
  CC    x509.c
  CC    x509_create.c
  CC    x509.c
  CC    ../3rdparty/everest/library/everest.c
  CC    x509.c
  CC    x509_crl.c
  CC    x509_crt.c
  CC    x509_create.c
  CC    x509_csr.c
  CC    x509_create.c
  CC    x509_crl.c
  CC    x509_crt.c
  CC    x509_crt.c
  CC    x509write_crt.c
  CC    x509write_crt.c
  CC    x509write_csr.c
  CC    x509write_csr.c
  CC    debug.c
  CC    net_sockets.c
  CC    debug.c
  CC    x509write_crt.c
  CC    ssl_cache.c
  CC    ssl_ciphersuites.c
  CC    net_sockets.c
  CC    debug.c
  CC    ssl_ciphersuites.c
  CC    ssl_cli.c
  CC    ssl_cli.c
  CC    ssl_cache.c
  CC    ssl_cli.c
  CC    ssl_cookie.c
  CC    ssl_cookie.c
  CC    ssl_msg.c
  CC    ssl_cookie.c
  CC    ssl_msg.c
  CC    ssl_srv.c
  CC    ssl_msg.c
  CC    ssl_ticket.c
  CC    ssl_tls.c
  CC    ssl_tls13_keys.c
  CC    ssl_srv.c
  CC    ssl_srv.c
  CC    ssl_tls.c
  CC    ssl_tls.c
  AR    libmbedcrypto.a
  AR    libmbedx509.a
  AR    libmbedcrypto.a
  AR    libmbedtls.a
make[1]: Leaving directory '/tmp/silent-mbedtls-N024-S1_H1-wco9nl4b/library'
  AR    libmbedx509.a
  AR    libmbedtls.a
make[1]: Leaving directory '/tmp/silent-mbedtls-N024-S1_H1-wco9nl4b/library'
  AR    libmbedcrypto.a
  AR    libmbedx509.a
  AR    libmbedtls.a
make[1]: Leaving directory '/tmp/silent-mbedtls-N024-S1_H1-wco9nl4b/library'
 cc common.o onefile.o fuzz_server.o ../../tests/src/asn1_helpers.o ../../tests/src/fake_external_rng_for_test.o ../../tests/src/helpers.o ../../tests/src/psa_crypto_helpers.o ../../tests/src/psa_exercise_key.o ../../tests/src/random.o ../../tests/src/threading_helpers.o ../../tests/src/drivers/hash.o ../../tests/src/drivers/platform_builtin_keys.o ../../tests/src/drivers/test_driver_aead.o ../../tests/src/drivers/test_driver_cipher.o ../../tests/src/drivers/test_driver_key_management.o ../../tests/src/drivers/test_driver_mac.o ../../tests/src/drivers/test_driver_signature.o ../../tests/src/drivers/test_driver_size.o -L../../library -lmbedtls -lmbedx509 -lmbedcrypto  -o fuzz_server
make: Leaving directory '/tmp/silent-mbedtls-N024-S1_H1-wco9nl4b/programs/fuzz'

RUNTIME:
Warning: fuzzing without constant time
"
N025,S0_H0,fuzz_client,PASS,PASS,0,0,9.082,make -j4 mbedtls_test ; make -C programs/fuzz -j4 fuzz_client,"make[1]: Entering directory '/tmp/silent-mbedtls-N025-S0_H0-r91pfjyv/tests'
  CC    src/bignum_helpers.c
  CC    src/asn1_helpers.c
  CC    src/certs.c
  CC    src/fake_external_rng_for_test.c
  CC    src/helpers.c
  CC    src/psa_crypto_helpers.c
  CC    src/psa_exercise_key.c
  CC    src/random.c
  CC    src/threading_helpers.c
  CC    src/drivers/hash.c
  CC    src/drivers/platform_builtin_keys.c
  CC    src/drivers/test_driver_aead.c
  CC    src/drivers/test_driver_asymmetric_encryption.c
  CC    src/drivers/test_driver_cipher.c
  CC    src/drivers/test_driver_key_agreement.c
  CC    src/drivers/test_driver_key_management.c
  CC    src/drivers/test_driver_mac.c
  CC    src/drivers/test_driver_pake.c
  CC    src/drivers/test_driver_signature.c
  CC    src/test_helpers/ssl_helpers.c
make[1]: Leaving directory '/tmp/silent-mbedtls-N025-S0_H0-r91pfjyv/tests'
make: Entering directory '/tmp/silent-mbedtls-N025-S0_H0-r91pfjyv/programs/fuzz'
make[1]: Entering directory '/tmp/silent-mbedtls-N025-S0_H0-r91pfjyv/library'
  CC    aes.c
make[1]: Entering directory '/tmp/silent-mbedtls-N025-S0_H0-r91pfjyv/library'
  CC    aes.c
  CC    aesni.c
  CC    aesce.c
make[1]: Entering directory '/tmp/silent-mbedtls-N025-S0_H0-r91pfjyv/library'
  CC    aria.c
  CC    aes.c
  CC    asn1parse.c
  CC    aesni.c
  CC    asn1parse.c
  CC    asn1write.c
  CC    asn1write.c
  CC    aria.c
  CC    base64.c
  CC    asn1write.c
  CC    base64.c
  CC    bignum.c
  CC    bignum.c
  CC    bignum_core.c
  CC    base64.c
  CC    bignum.c
  CC    bignum_core.c
  CC    bignum_mod.c
  CC    bignum_mod_raw.c
  CC    block_cipher.c
  CC    camellia.c
  CC    ccm.c
  CC    bignum_mod.c
  CC    camellia.c
  CC    bignum_core.c
  CC    camellia.c
  CC    chacha20.c
  CC    ccm.c
  CC    chachapoly.c
  CC    chacha20.c
  CC    chachapoly.c
  CC    cipher.c
  CC    cipher.c
  CC    chacha20.c
  CC    cipher_wrap.c
  CC    cipher.c
  CC    cipher_wrap.c
  CC    cipher_wrap.c
  CC    cmac.c
  CC    cmac.c
  CC    cmac.c
  CC    constant_time.c
  CC    constant_time.c
  CC    ctr_drbg.c
  CC    constant_time.c
  CC    ctr_drbg.c
  CC    des.c
  CC    ctr_drbg.c
  CC    des.c
  CC    dhm.c
  CC    des.c
  CC    dhm.c
  CC    ecdh.c
  CC    ecdh.c
  CC    ecdsa.c
  CC    ecjpake.c
  CC    dhm.c
  CC    ecdsa.c
  CC    ecjpake.c
  CC    ecdsa.c
  CC    ecp.c
  CC    ecp.c
  CC    ecp_curves.c
  CC    ecjpake.c
  CC    ecp.c
  CC    ecp_curves.c
  CC    ecp_curves.c
  CC    ecp_curves_new.c
  CC    entropy.c
  CC    entropy_poll.c
  Gen   error.c
  CC    ecp_curves_new.c
  Gen   error.c
  CC    gcm.c
  CC    ecp_curves_new.c
  CC    error.c
  CC    gcm.c
  CC    hkdf.c
  CC    gcm.c
  CC    hkdf.c
  CC    hkdf.c
  CC    hmac_drbg.c
  CC    hmac_drbg.c
  CC    lmots.c
  CC    lmots.c
  CC    hmac_drbg.c
  CC    lmots.c
  CC    lms.c
  CC    lms.c
  CC    md.c
  CC    md5.c
  CC    lms.c
  CC    md.c
  CC    md.c
  CC    md5.c
  CC    memory_buffer_alloc.c
  CC    nist_kw.c
  CC    md5.c
  CC    memory_buffer_alloc.c
  CC    nist_kw.c
  CC    nist_kw.c
  CC    oid.c
  CC    padlock.c
  CC    oid.c
  CC    pem.c
  CC    oid.c
  CC    pem.c
  CC    pk.c
  CC    pk.c
  CC    pem.c
  CC    pk.c
  CC    pk_wrap.c
  CC    pk_wrap.c
  CC    pk_wrap.c
  CC    pkcs12.c
  CC    pkcs12.c
  CC    pkcs12.c
  CC    pkcs5.c
  CC    pkcs5.c
  CC    pkcs5.c
  CC    pkparse.c
  CC    pkparse.c
  CC    pkparse.c
  CC    pkwrite.c
  CC    pkwrite.c
  CC    pkwrite.c
  CC    platform.c
  CC    platform.c
  CC    platform_util.c
  CC    platform.c
  CC    platform_util.c
  CC    poly1305.c
  CC    poly1305.c
  CC    platform_util.c
  CC    poly1305.c
  Gen   psa_crypto_driver_wrappers.h psa_crypto_driver_wrappers_no_static.c
  Gen   psa_crypto_driver_wrappers.h psa_crypto_driver_wrappers_no_static.c
  Gen   psa_crypto_driver_wrappers.h psa_crypto_driver_wrappers_no_static.c
  CC    psa_crypto_aead.c
  CC    psa_crypto_cipher.c
  CC    psa_crypto_aead.c
  CC    psa_crypto_aead.c
  CC    psa_crypto_cipher.c
  CC    psa_crypto_cipher.c
  CC    psa_crypto_client.c
  CC    psa_crypto_driver_wrappers_no_static.c
  CC    psa_crypto_client.c
  CC    psa_crypto_ecp.c
  CC    psa_crypto_driver_wrappers_no_static.c
  CC    psa_crypto_ffdh.c
  CC    psa_crypto_ecp.c
  CC    psa_crypto_client.c
  CC    psa_crypto_ecp.c
  CC    psa_crypto_hash.c
  CC    psa_crypto_mac.c
  CC    psa_crypto_ffdh.c
  CC    psa_crypto_hash.c
  CC    psa_crypto_ffdh.c
  CC    psa_crypto_pake.c
  CC    psa_crypto_mac.c
  CC    psa_crypto_pake.c
  CC    psa_crypto_mac.c
  CC    psa_crypto_rsa.c
  CC    psa_crypto_rsa.c
  CC    psa_crypto_se.c
  CC    psa_crypto_slot_management.c
  CC    psa_crypto_pake.c
  CC    psa_crypto_storage.c
  CC    psa_crypto_se.c
  CC    psa_crypto_slot_management.c
  CC    psa_its_file.c
  CC    psa_crypto_rsa.c
  CC    psa_crypto_storage.c
  CC    psa_util.c
  CC    psa_its_file.c
  CC    psa_crypto_storage.c
  CC    psa_util.c
  CC    ripemd160.c
  CC    psa_util.c
  CC    ripemd160.c
  CC    ripemd160.c
  CC    rsa.c
  CC    rsa.c
  CC    rsa.c
  CC    rsa_alt_helpers.c
  CC    rsa_alt_helpers.c
  CC    sha1.c
  CC    sha1.c
  CC    sha256.c
  CC    sha256.c
  CC    rsa_alt_helpers.c
  CC    sha512.c
  CC    sha256.c
  CC    sha3.c
  CC    sha512.c
  CC    sha3.c
  CC    sha512.c
  CC    threading.c
  CC    timing.c
  CC    threading.c
  CC    version.c
  CC    timing.c
  Gen   version_features.c
  CC    ../3rdparty//everest/library/everest.c
  CC    version.c
  CC    ../3rdparty//everest/library/x25519.c
  CC    ../3rdparty//everest/library/Hacl_Curve25519_joined.c
  CC    version_features.c
  CC    ../3rdparty//p256-m//p256-m_driver_entrypoints.c
  CC    ../3rdparty//everest/library/x25519.c
  CC    sha3.c
  CC    ../3rdparty//p256-m//p256-m_driver_entrypoints.c
  CC    ../3rdparty//p256-m//p256-m/p256-m.c
  CC    ../3rdparty//p256-m//p256-m/p256-m.c
  CC    x509.c
  CC    x509.c
  CC    x509_create.c
  CC    version_features.c
  CC    x509.c
  CC    x509_create.c
  CC    x509_crl.c
  CC    x509_create.c
  CC    x509_crl.c
  CC    x509_crt.c
  CC    x509_crt.c
  CC    x509_csr.c
  CC    x509_crl.c
  CC    x509write.c
  CC    x509_crt.c
  CC    x509write.c
  CC    x509write_crt.c
  CC    x509_csr.c
  CC    x509write_crt.c
  CC    x509write_csr.c
  CC    x509write_crt.c
  CC    x509write_csr.c
  CC    pkcs7.c
  CC    x509write_csr.c
  CC    pkcs7.c
  CC    pkcs7.c
  CC    debug.c
  CC    debug.c
  CC    mps_reader.c
  CC    mps_reader.c
  CC    debug.c
  CC    mps_trace.c
  CC    mps_trace.c
  CC    mps_trace.c
  CC    net_sockets.c
  CC    net_sockets.c
  CC    ssl_cache.c
  CC    net_sockets.c
  CC    ssl_ciphersuites.c
  CC    ssl_cache.c
  CC    ssl_ciphersuites.c
  CC    ssl_client.c
  CC    ssl_client.c
  CC    ssl_cookie.c
  CC    ssl_ciphersuites.c
  Gen   ssl_debug_helpers_generated.c
  CC    ssl_client.c
  CC    ssl_cookie.c
  CC    ssl_msg.c
  Gen   ssl_debug_helpers_generated.c
  CC    ssl_ticket.c
  CC    ssl_msg.c
  Gen   ssl_debug_helpers_generated.c
  CC    ssl_msg.c
  CC    ssl_tls.c
  CC    ssl_tls12_client.c
  CC    ssl_ticket.c
  CC    ssl_tls.c
  CC    ssl_tls.c
  CC    ssl_tls12_server.c
  CC    ssl_tls13_keys.c
  CC    ssl_tls13_client.c
  CC    ssl_tls13_server.c
  CC    ssl_tls12_client.c
  CC    ssl_tls13_generic.c
  CC    ssl_tls12_server.c
  CC    error.c
  CC    psa_crypto.c
  CC    ssl_tls12_client.c
  CC    ssl_tls13_generic.c
  CC    version_features.c
  AR    libmbedx509.a
  CC    ssl_debug_helpers_generated.c
  AR    libmbedtls.a
  CC    error.c
  CC    psa_crypto.c
  AR    libmbedx509.a
  CC    ssl_debug_helpers_generated.c
  CC    psa_crypto.c
  AR    libmbedx509.a
  CC    ssl_debug_helpers_generated.c
  AR    libmbedtls.a
  AR    libmbedtls.a
  AR    libmbedcrypto.a
make[1]: Leaving directory '/tmp/silent-mbedtls-N025-S0_H0-r91pfjyv/library'
  AR    libmbedcrypto.a
make[1]: Leaving directory '/tmp/silent-mbedtls-N025-S0_H0-r91pfjyv/library'
  AR    libmbedcrypto.a
make[1]: Leaving directory '/tmp/silent-mbedtls-N025-S0_H0-r91pfjyv/library'
 cc common.o onefile.o fuzz_client.o ../../tests/src/asn1_helpers.o ../../tests/src/bignum_helpers.o ../../tests/src/certs.o ../../tests/src/fake_external_rng_for_test.o ../../tests/src/helpers.o ../../tests/src/psa_crypto_helpers.o ../../tests/src/psa_exercise_key.o ../../tests/src/random.o ../../tests/src/threading_helpers.o ../../tests/src/drivers/hash.o ../../tests/src/drivers/platform_builtin_keys.o ../../tests/src/drivers/test_driver_aead.o ../../tests/src/drivers/test_driver_asymmetric_encryption.o ../../tests/src/drivers/test_driver_cipher.o ../../tests/src/drivers/test_driver_key_agreement.o ../../tests/src/drivers/test_driver_key_management.o ../../tests/src/drivers/test_driver_mac.o ../../tests/src/drivers/test_driver_pake.o ../../tests/src/drivers/test_driver_signature.o ../../tests/src/test_helpers/ssl_helpers.o -L../../library -lmbedtls -lmbedx509 -lmbedcrypto  -o fuzz_client
make: Leaving directory '/tmp/silent-mbedtls-N025-S0_H0-r91pfjyv/programs/fuzz'

RUNTIME:
Warning: fuzzing without constant time
"
N025,S1_H0,fuzz_client,PASS,PASS,0,0,8.615,make -j4 mbedtls_test ; make -C programs/fuzz -j4 fuzz_client,"make[1]: Entering directory '/tmp/silent-mbedtls-N025-S1_H0-qbxc5ir5/tests'
  CC    src/asn1_helpers.c
  CC    src/bignum_helpers.c
  CC    src/certs.c
  CC    src/fake_external_rng_for_test.c
  CC    src/helpers.c
  CC    src/psa_crypto_helpers.c
  CC    src/psa_exercise_key.c
  CC    src/random.c
  CC    src/threading_helpers.c
  CC    src/drivers/hash.c
  CC    src/drivers/platform_builtin_keys.c
  CC    src/drivers/test_driver_aead.c
  CC    src/drivers/test_driver_asymmetric_encryption.c
  CC    src/drivers/test_driver_cipher.c
  CC    src/drivers/test_driver_key_agreement.c
  CC    src/drivers/test_driver_key_management.c
  CC    src/drivers/test_driver_mac.c
  CC    src/drivers/test_driver_pake.c
  CC    src/drivers/test_driver_signature.c
  CC    src/test_helpers/ssl_helpers.c
make[1]: Leaving directory '/tmp/silent-mbedtls-N025-S1_H0-qbxc5ir5/tests'
make: Entering directory '/tmp/silent-mbedtls-N025-S1_H0-qbxc5ir5/programs/fuzz'
make[1]: Entering directory '/tmp/silent-mbedtls-N025-S1_H0-qbxc5ir5/library'
  CC    aes.c
make[1]: Entering directory '/tmp/silent-mbedtls-N025-S1_H0-qbxc5ir5/library'
  CC    aes.c
  CC    aesni.c
make[1]: Entering directory '/tmp/silent-mbedtls-N025-S1_H0-qbxc5ir5/library'
  CC    aes.c
  CC    aesni.c
  CC    aesce.c
  CC    aria.c
  CC    asn1parse.c
  CC    aesni.c
  CC    aesce.c
  CC    asn1parse.c
  CC    asn1parse.c
  CC    asn1write.c
  CC    base64.c
  CC    asn1write.c
  CC    asn1write.c
  CC    base64.c
  CC    bignum.c
  CC    bignum.c
  CC    base64.c
  CC    bignum_core.c
  CC    bignum.c
  CC    bignum_core.c
  CC    bignum_mod.c
  CC    bignum_mod.c
  CC    bignum_mod_raw.c
  CC    bignum_core.c
  CC    bignum_mod_raw.c
  CC    block_cipher.c
  CC    block_cipher.c
  CC    bignum_mod_raw.c
  CC    camellia.c
  CC    camellia.c
  CC    ccm.c
  CC    camellia.c
  CC    chacha20.c
  CC    ccm.c
  CC    chacha20.c
  CC    chachapoly.c
  CC    ccm.c
  CC    chachapoly.c
  CC    chachapoly.c
  CC    cipher.c
  CC    cipher_wrap.c
  CC    cipher.c
  CC    cipher.c
  CC    cmac.c
  CC    constant_time.c
  CC    cipher_wrap.c
  CC    ctr_drbg.c
  CC    des.c
  CC    cipher_wrap.c
  CC    cmac.c
  CC    dhm.c
  CC    ctr_drbg.c
  CC    ecdh.c
  CC    ecdsa.c
  CC    ctr_drbg.c
  CC    des.c
  CC    ecdh.c
  CC    ecjpake.c
  CC    ecdh.c
  CC    ecdsa.c
  CC    ecjpake.c
  CC    ecp.c
  CC    ecjpake.c
  CC    ecp.c
  CC    ecp_curves.c
  CC    ecp.c
  CC    ecp_curves_new.c
  CC    ecp_curves.c
  CC    entropy.c
  CC    ecp_curves.c
  CC    entropy_poll.c
  Gen   error.c
  CC    gcm.c
  CC    entropy.c
  CC    error.c
  CC    entropy.c
  CC    hkdf.c
  CC    gcm.c
  CC    hmac_drbg.c
  CC    hkdf.c
  CC    error.c
  CC    hmac_drbg.c
  CC    lmots.c
  CC    lms.c
  CC    hmac_drbg.c
  CC    lmots.c
  CC    lms.c
  CC    md.c
  CC    md.c
  CC    md5.c
  CC    lmots.c
  CC    md5.c
  CC    md.c
  CC    memory_buffer_alloc.c
  CC    nist_kw.c
  CC    oid.c
  CC    memory_buffer_alloc.c
  CC    nist_kw.c
  CC    md5.c
  CC    padlock.c
  CC    nist_kw.c
  CC    pem.c
  CC    oid.c
  CC    pem.c
  CC    oid.c
  CC    pk.c
  CC    pk_wrap.c
  CC    pk.c
  CC    pkcs12.c
  CC    pem.c
  CC    pk.c
  CC    pk_wrap.c
  CC    pkcs5.c
  CC    pkparse.c
  CC    pkcs12.c
  CC    pkcs12.c
  CC    pkcs5.c
  CC    pkcs5.c
  CC    pkparse.c
  CC    pkwrite.c
  CC    platform.c
  CC    platform_util.c
  CC    pkparse.c
  CC    poly1305.c
  CC    pkwrite.c
  Gen   psa_crypto_driver_wrappers.h psa_crypto_driver_wrappers_no_static.c
  CC    pkwrite.c
  CC    poly1305.c
  Gen   psa_crypto_driver_wrappers.h psa_crypto_driver_wrappers_no_static.c
  Gen   psa_crypto_driver_wrappers.h psa_crypto_driver_wrappers_no_static.c
  CC    psa_crypto_aead.c
  CC    psa_crypto_aead.c
  CC    psa_crypto_cipher.c
  CC    psa_crypto_aead.c
  CC    psa_crypto_cipher.c
  CC    psa_crypto_cipher.c
  CC    psa_crypto_client.c
  CC    psa_crypto_client.c
  CC    psa_crypto_driver_wrappers_no_static.c
  CC    psa_crypto_client.c
  CC    psa_crypto_driver_wrappers_no_static.c
  CC    psa_crypto_driver_wrappers_no_static.c
  CC    psa_crypto_ecp.c
  CC    psa_crypto_ecp.c
  CC    psa_crypto_ffdh.c
  CC    psa_crypto_ecp.c
  CC    psa_crypto_hash.c
  CC    psa_crypto_ffdh.c
  CC    psa_crypto_ffdh.c
  CC    psa_crypto_hash.c
  CC    psa_crypto_mac.c
  CC    psa_crypto_pake.c
  CC    psa_crypto_mac.c
  CC    psa_crypto_hash.c
  CC    psa_crypto_mac.c
  CC    psa_crypto_rsa.c
  CC    psa_crypto_pake.c
  CC    psa_crypto_pake.c
  CC    psa_crypto_rsa.c
  CC    psa_crypto_se.c
  CC    psa_crypto_rsa.c
  CC    psa_crypto_slot_management.c
  CC    psa_crypto_se.c
  CC    psa_crypto_storage.c
  CC    psa_crypto_slot_management.c
  CC    psa_crypto_se.c
  CC    psa_crypto_slot_management.c
  CC    psa_its_file.c
  CC    psa_util.c
  CC    psa_crypto_storage.c
  CC    psa_crypto_storage.c
  CC    psa_util.c
  CC    ripemd160.c
  CC    psa_util.c
  CC    ripemd160.c
  CC    ripemd160.c
  CC    rsa.c
  CC    rsa.c
  CC    rsa_alt_helpers.c
  CC    rsa.c
  CC    rsa_alt_helpers.c
  CC    sha1.c
  CC    rsa_alt_helpers.c
  CC    sha1.c
  CC    sha256.c
  CC    sha1.c
  CC    sha256.c
  CC    sha512.c
  CC    sha512.c
  CC    sha256.c
  CC    sha512.c
  CC    sha3.c
  CC    sha3.c
  CC    sha3.c
  CC    threading.c
  CC    threading.c
  CC    timing.c
  CC    timing.c
  CC    threading.c
  CC    timing.c
  CC    version.c
  Gen   version_features.c
  CC    version.c
  Gen   version_features.c
  CC    ../3rdparty//everest/library/everest.c
  CC    version.c
  CC    version_features.c
  CC    ../3rdparty//everest/library/everest.c
  CC    ../3rdparty//everest/library/x25519.c
  CC    ../3rdparty//everest/library/x25519.c
  CC    ../3rdparty//everest/library/everest.c
  CC    ../3rdparty//everest/library/Hacl_Curve25519_joined.c
  CC    ../3rdparty//everest/library/Hacl_Curve25519_joined.c
  CC    ../3rdparty//p256-m//p256-m_driver_entrypoints.c
  CC    ../3rdparty//everest/library/x25519.c
  CC    ../3rdparty//p256-m//p256-m/p256-m.c
  CC    ../3rdparty//p256-m//p256-m_driver_entrypoints.c
  CC    ../3rdparty//everest/library/Hacl_Curve25519_joined.c
  CC    x509.c
  CC    ../3rdparty//p256-m//p256-m/p256-m.c
  CC    ../3rdparty//p256-m//p256-m/p256-m.c
  CC    x509_create.c
  CC    x509.c
  CC    x509.c
  CC    x509_create.c
  CC    x509_crl.c
  CC    x509_crl.c
  CC    x509_create.c
  CC    x509_crl.c
  CC    x509_crt.c
  CC    x509_crt.c
  CC    x509_crt.c
  CC    x509_csr.c
  CC    x509write.c
  CC    x509write_crt.c
  CC    x509_csr.c
  CC    x509write_crt.c
  CC    x509write_csr.c
  CC    x509_csr.c
  CC    x509write_csr.c
  CC    pkcs7.c
  CC    x509write_csr.c
  CC    pkcs7.c
  CC    debug.c
  CC    pkcs7.c
  CC    debug.c
  CC    mps_reader.c
  CC    mps_reader.c
  CC    mps_trace.c
  CC    debug.c
  CC    net_sockets.c
  CC    mps_trace.c
  CC    net_sockets.c
  CC    mps_trace.c
  CC    net_sockets.c
  CC    ssl_cache.c
  CC    ssl_cache.c
  CC    ssl_cache.c
  CC    ssl_ciphersuites.c
  CC    ssl_client.c
  CC    ssl_ciphersuites.c
  CC    ssl_ciphersuites.c
  CC    ssl_cookie.c
  CC    ssl_client.c
  CC    ssl_client.c
  CC    ssl_cookie.c
  Gen   ssl_debug_helpers_generated.c
  CC    ssl_msg.c
  CC    ssl_ticket.c
  CC    ssl_cookie.c
  Gen   ssl_debug_helpers_generated.c
  CC    ssl_debug_helpers_generated.c
  CC    ssl_tls.c
  CC    ssl_msg.c
  CC    ssl_msg.c
  CC    ssl_tls12_client.c
  CC    ssl_tls.c
  CC    ssl_tls.c
  CC    ssl_tls12_server.c
  CC    ssl_tls12_client.c
  CC    ssl_tls12_server.c
  CC    ssl_tls13_keys.c
  CC    ssl_tls13_client.c
  CC    ssl_tls13_server.c
  CC    ssl_tls13_generic.c
  CC    psa_crypto.c
  CC    ssl_tls12_client.c
  CC    ssl_tls13_keys.c
  CC    version_features.c
  AR    libmbedx509.a
  CC    ssl_debug_helpers_generated.c
  CC    error.c
  CC    psa_crypto.c
  AR    libmbedx509.a
  AR    libmbedtls.a
  AR    libmbedtls.a
  CC    psa_crypto.c
  CC    version_features.c
  AR    libmbedx509.a
  CC    ssl_debug_helpers_generated.c
  AR    libmbedtls.a
  AR    libmbedcrypto.a
make[1]: Leaving directory '/tmp/silent-mbedtls-N025-S1_H0-qbxc5ir5/library'
  AR    libmbedcrypto.a
make[1]: Leaving directory '/tmp/silent-mbedtls-N025-S1_H0-qbxc5ir5/library'
  AR    libmbedcrypto.a
make[1]: Leaving directory '/tmp/silent-mbedtls-N025-S1_H0-qbxc5ir5/library'
 cc common.o onefile.o fuzz_client.o ../../tests/src/asn1_helpers.o ../../tests/src/bignum_helpers.o ../../tests/src/certs.o ../../tests/src/fake_external_rng_for_test.o ../../tests/src/helpers.o ../../tests/src/psa_crypto_helpers.o ../../tests/src/psa_exercise_key.o ../../tests/src/random.o ../../tests/src/threading_helpers.o ../../tests/src/drivers/hash.o ../../tests/src/drivers/platform_builtin_keys.o ../../tests/src/drivers/test_driver_aead.o ../../tests/src/drivers/test_driver_asymmetric_encryption.o ../../tests/src/drivers/test_driver_cipher.o ../../tests/src/drivers/test_driver_key_agreement.o ../../tests/src/drivers/test_driver_key_management.o ../../tests/src/drivers/test_driver_mac.o ../../tests/src/drivers/test_driver_pake.o ../../tests/src/drivers/test_driver_signature.o ../../tests/src/test_helpers/ssl_helpers.o -L../../library -lmbedtls -lmbedx509 -lmbedcrypto  -o fuzz_client
make: Leaving directory '/tmp/silent-mbedtls-N025-S1_H0-qbxc5ir5/programs/fuzz'

RUNTIME:
Warning: fuzzing without constant time
"
N025,S1_H1,fuzz_client,PASS,PASS,0,0,8.832,make -j4 mbedtls_test ; make -C programs/fuzz -j4 fuzz_client,"make[1]: Entering directory '/tmp/silent-mbedtls-N025-S1_H1-oaowk7_0/tests'
  CC    src/asn1_helpers.c
  CC    src/bignum_helpers.c
  CC    src/certs.c
  CC    src/fake_external_rng_for_test.c
  CC    src/helpers.c
  CC    src/psa_crypto_helpers.c
  CC    src/psa_exercise_key.c
  CC    src/random.c
  CC    src/threading_helpers.c
  CC    src/drivers/hash.c
  CC    src/drivers/platform_builtin_keys.c
  CC    src/drivers/test_driver_aead.c
  CC    src/drivers/test_driver_asymmetric_encryption.c
  CC    src/drivers/test_driver_cipher.c
  CC    src/drivers/test_driver_key_agreement.c
  CC    src/drivers/test_driver_key_management.c
  CC    src/drivers/test_driver_mac.c
  CC    src/drivers/test_driver_pake.c
  CC    src/drivers/test_driver_signature.c
  CC    src/test_helpers/ssl_helpers.c
make[1]: Leaving directory '/tmp/silent-mbedtls-N025-S1_H1-oaowk7_0/tests'
make: Entering directory '/tmp/silent-mbedtls-N025-S1_H1-oaowk7_0/programs/fuzz'
make[1]: Entering directory '/tmp/silent-mbedtls-N025-S1_H1-oaowk7_0/library'
  CC    aes.c
make[1]: Entering directory '/tmp/silent-mbedtls-N025-S1_H1-oaowk7_0/library'
  CC    aes.c
  CC    aesni.c
  CC    aesce.c
make[1]: Entering directory '/tmp/silent-mbedtls-N025-S1_H1-oaowk7_0/library'
  CC    aes.c
  CC    aesni.c
  CC    aria.c
  CC    asn1parse.c
  CC    aesni.c
  CC    aria.c
  CC    asn1parse.c
  CC    asn1write.c
  CC    asn1write.c
  CC    base64.c
  CC    base64.c
  CC    bignum.c
  CC    asn1parse.c
  CC    bignum.c
  CC    bignum_core.c
  CC    base64.c
  CC    bignum.c
  CC    bignum_mod.c
  CC    bignum_core.c
  CC    bignum_mod_raw.c
  CC    block_cipher.c
  CC    camellia.c
  CC    bignum_core.c
  CC    bignum_mod_raw.c
  CC    camellia.c
  CC    ccm.c
  CC    camellia.c
  CC    ccm.c
  CC    ccm.c
  CC    chacha20.c
  CC    chacha20.c
  CC    chachapoly.c
  CC    chacha20.c
  CC    chachapoly.c
  CC    chachapoly.c
  CC    cipher.c
  CC    cipher.c
  CC    cipher_wrap.c
  CC    cipher.c
  CC    cmac.c
  CC    cipher_wrap.c
  CC    constant_time.c
  CC    cipher_wrap.c
  CC    cmac.c
  CC    cmac.c
  CC    ctr_drbg.c
  CC    des.c
  CC    dhm.c
  CC    ctr_drbg.c
  CC    ctr_drbg.c
  CC    ecdh.c
  CC    des.c
  CC    des.c
  CC    ecdh.c
  CC    ecdsa.c
  CC    ecjpake.c
  CC    ecp.c
  CC    ecdsa.c
  CC    ecdh.c
  CC    ecjpake.c
  CC    ecp_curves.c
  CC    ecjpake.c
  CC    ecp.c
  CC    ecp.c
  CC    ecp_curves.c
  CC    ecp_curves_new.c
  CC    entropy.c
  CC    entropy_poll.c
  Gen   error.c
  CC    ecp_curves.c
  CC    ecp_curves_new.c
  CC    gcm.c
  CC    hkdf.c
  Gen   error.c
  CC    gcm.c
  CC    hmac_drbg.c
  CC    lmots.c
  CC    hmac_drbg.c
  CC    lmots.c
  Gen   error.c
  CC    lms.c
  CC    lms.c
  CC    md.c
  CC    md5.c
  CC    lmots.c
  CC    md.c
  CC    memory_buffer_alloc.c
  CC    nist_kw.c
  CC    md5.c
  CC    md.c
  CC    nist_kw.c
  CC    oid.c
  CC    nist_kw.c
  CC    oid.c
  CC    padlock.c
  CC    oid.c
  CC    pem.c
  CC    padlock.c
  CC    pem.c
  CC    pem.c
  CC    pk.c
  CC    pk_wrap.c
  CC    pk.c
  CC    pk.c
  CC    pk_wrap.c
  CC    pkcs12.c
  CC    pkcs5.c
  CC    pk_wrap.c
  CC    pkcs12.c
  CC    pkparse.c
  CC    pkcs12.c
  CC    pkwrite.c
  CC    pkcs5.c
  CC    pkcs5.c
  CC    platform.c
  CC    platform_util.c
  CC    pkparse.c
  CC    poly1305.c
  CC    platform_util.c
  CC    pkparse.c
  CC    poly1305.c
  Gen   psa_crypto_driver_wrappers.h psa_crypto_driver_wrappers_no_static.c
  CC    psa_crypto_aead.c
  Gen   psa_crypto_driver_wrappers.h psa_crypto_driver_wrappers_no_static.c
  CC    poly1305.c
  CC    psa_crypto.c
  CC    psa_crypto_cipher.c
  CC    psa_crypto_client.c
  CC    psa_crypto_aead.c
  CC    psa_crypto_cipher.c
  CC    psa_crypto_driver_wrappers_no_static.c
  CC    psa_crypto_ecp.c
  CC    psa_crypto_ffdh.c
  CC    psa_crypto_driver_wrappers_no_static.c
  CC    psa_crypto_ecp.c
  CC    psa_crypto_hash.c
  CC    psa_crypto_mac.c
  CC    psa_crypto_pake.c
  CC    psa_crypto_rsa.c
  CC    psa_crypto_hash.c
  CC    psa_crypto_se.c
  CC    psa_crypto_slot_management.c
  CC    psa_crypto_pake.c
  CC    psa_crypto_storage.c
  CC    psa_crypto_rsa.c
  CC    psa_its_file.c
  CC    psa_util.c
  CC    psa_crypto_slot_management.c
  CC    ripemd160.c
  CC    psa_util.c
  CC    ripemd160.c
  CC    rsa.c
  CC    rsa.c
  CC    rsa_alt_helpers.c
  CC    psa_crypto_cipher.c
  CC    rsa.c
  CC    sha1.c
  CC    sha1.c
  CC    rsa_alt_helpers.c
  CC    sha1.c
  CC    sha256.c
  CC    sha256.c
  CC    sha256.c
  CC    sha512.c
  CC    sha512.c
  CC    sha512.c
  CC    sha3.c
  CC    sha3.c
  CC    sha3.c
  CC    threading.c
  CC    threading.c
  CC    timing.c
  CC    timing.c
  CC    threading.c
  CC    version.c
  Gen   version_features.c
  CC    version.c
  Gen   version_features.c
  CC    version.c
  CC    ../3rdparty//everest/library/everest.c
  CC    ../3rdparty//everest/library/everest.c
  CC    ../3rdparty//everest/library/x25519.c
  CC    version_features.c
  CC    ../3rdparty//everest/library/x25519.c
  CC    ../3rdparty//everest/library/Hacl_Curve25519_joined.c
  CC    ../3rdparty//everest/library/Hacl_Curve25519_joined.c
  CC    ../3rdparty//p256-m//p256-m_driver_entrypoints.c
  CC    ../3rdparty//everest/library/everest.c
  CC    ../3rdparty//p256-m//p256-m/p256-m.c
  CC    ../3rdparty//p256-m//p256-m_driver_entrypoints.c
  CC    ../3rdparty//p256-m//p256-m_driver_entrypoints.c
  CC    ../3rdparty//p256-m//p256-m/p256-m.c
  CC    ../3rdparty//p256-m//p256-m/p256-m.c
  CC    x509.c
  CC    x509.c
  CC    x509_create.c
  CC    x509.c
  CC    x509_crl.c
  CC    x509_crt.c
  CC    x509_create.c
  CC    x509_csr.c
  CC    x509_create.c
  CC    x509_crt.c
  CC    x509_csr.c
  CC    x509_crt.c
  CC    x509write.c
  CC    x509write_crt.c
  CC    x509write.c
  CC    x509write_crt.c
  CC    x509write_csr.c
  CC    x509write_csr.c
  CC    x509write.c
  CC    x509write_csr.c
  CC    pkcs7.c
  CC    debug.c
  CC    pkcs7.c
  CC    pkcs7.c
  CC    mps_reader.c
  CC    mps_trace.c
  CC    debug.c
  CC    debug.c
  CC    net_sockets.c
  CC    mps_trace.c
  CC    ssl_cache.c
  CC    mps_trace.c
  CC    net_sockets.c
  CC    ssl_cache.c
  CC    net_sockets.c
  CC    ssl_ciphersuites.c
  CC    ssl_ciphersuites.c
  CC    ssl_client.c
  CC    ssl_cookie.c
  CC    ssl_cache.c
  CC    ssl_client.c
  CC    ssl_cookie.c
  CC    ssl_client.c
  Gen   ssl_debug_helpers_generated.c
  Gen   ssl_debug_helpers_generated.c
  CC    ssl_msg.c
  CC    ssl_ticket.c
  CC    ssl_msg.c
  Gen   ssl_debug_helpers_generated.c
  CC    ssl_msg.c
  CC    ssl_tls.c
  CC    ssl_ticket.c
  CC    ssl_tls12_client.c
  CC    ssl_tls.c
  CC    ssl_tls.c
  CC    ssl_tls12_server.c
  CC    ssl_tls13_keys.c
  CC    ssl_tls13_client.c
  CC    ssl_tls12_client.c
  CC    ssl_tls13_server.c
  CC    ssl_tls13_generic.c
  CC    ssl_tls12_server.c
  CC    error.c
  CC    psa_crypto.c
  CC    ssl_tls12_client.c
  CC    ssl_tls13_generic.c
  CC    version_features.c
  AR    libmbedx509.a
  CC    ssl_debug_helpers_generated.c
  AR    libmbedtls.a
  CC    error.c
  CC    version_features.c
  AR    libmbedx509.a
  CC    ssl_debug_helpers_generated.c
  AR    libmbedcrypto.a
  CC    error.c
  CC    psa_crypto.c
  AR    libmbedtls.a
make[1]: Leaving directory '/tmp/silent-mbedtls-N025-S1_H1-oaowk7_0/library'
  AR    libmbedx509.a
  CC    ssl_debug_helpers_generated.c
  AR    libmbedtls.a
  AR    libmbedcrypto.a
make[1]: Leaving directory '/tmp/silent-mbedtls-N025-S1_H1-oaowk7_0/library'
  AR    libmbedcrypto.a
make[1]: Leaving directory '/tmp/silent-mbedtls-N025-S1_H1-oaowk7_0/library'
 cc common.o onefile.o fuzz_client.o ../../tests/src/asn1_helpers.o ../../tests/src/bignum_helpers.o ../../tests/src/certs.o ../../tests/src/fake_external_rng_for_test.o ../../tests/src/helpers.o ../../tests/src/psa_crypto_helpers.o ../../tests/src/psa_exercise_key.o ../../tests/src/random.o ../../tests/src/threading_helpers.o ../../tests/src/drivers/hash.o ../../tests/src/drivers/platform_builtin_keys.o ../../tests/src/drivers/test_driver_aead.o ../../tests/src/drivers/test_driver_asymmetric_encryption.o ../../tests/src/drivers/test_driver_cipher.o ../../tests/src/drivers/test_driver_key_agreement.o ../../tests/src/drivers/test_driver_key_management.o ../../tests/src/drivers/test_driver_mac.o ../../tests/src/drivers/test_driver_pake.o ../../tests/src/drivers/test_driver_signature.o ../../tests/src/test_helpers/ssl_helpers.o -L../../library -lmbedtls -lmbedx509 -lmbedcrypto  -o fuzz_client
make: Leaving directory '/tmp/silent-mbedtls-N025-S1_H1-oaowk7_0/programs/fuzz'

RUNTIME:
Warning: fuzzing without constant time
"
N026,S0_H0,fuzz_client,PASS,PASS,0,0,9.012,make -j4 mbedtls_test ; make -C programs/fuzz -j4 fuzz_client,"make[1]: Entering directory '/tmp/silent-mbedtls-N026-S0_H0-hq011_pd/tests'
  CC    src/asn1_helpers.c
  CC    src/bignum_helpers.c
  CC    src/certs.c
  CC    src/fake_external_rng_for_test.c
  CC    src/helpers.c
  CC    src/psa_crypto_helpers.c
  CC    src/psa_exercise_key.c
  CC    src/random.c
  CC    src/threading_helpers.c
  CC    src/drivers/hash.c
  CC    src/drivers/platform_builtin_keys.c
  CC    src/drivers/test_driver_aead.c
  CC    src/drivers/test_driver_asymmetric_encryption.c
  CC    src/drivers/test_driver_cipher.c
  CC    src/drivers/test_driver_key_agreement.c
  CC    src/drivers/test_driver_key_management.c
  CC    src/drivers/test_driver_mac.c
  CC    src/drivers/test_driver_pake.c
  CC    src/drivers/test_driver_signature.c
  CC    src/test_helpers/ssl_helpers.c
make[1]: Leaving directory '/tmp/silent-mbedtls-N026-S0_H0-hq011_pd/tests'
make: Entering directory '/tmp/silent-mbedtls-N026-S0_H0-hq011_pd/programs/fuzz'
make[1]: Entering directory '/tmp/silent-mbedtls-N026-S0_H0-hq011_pd/library'
  CC    aes.c
make[1]: Entering directory '/tmp/silent-mbedtls-N026-S0_H0-hq011_pd/library'
  CC    aes.c
  CC    aesni.c
make[1]: Entering directory '/tmp/silent-mbedtls-N026-S0_H0-hq011_pd/library'
  CC    aes.c
  CC    aesce.c
  CC    aria.c
  CC    asn1parse.c
  CC    aesni.c
  CC    asn1parse.c
  CC    asn1write.c
  CC    aesni.c
  CC    asn1parse.c
  CC    asn1write.c
  CC    asn1write.c
  CC    base64.c
  CC    base64.c
  CC    bignum.c
  CC    bignum.c
  CC    base64.c
  CC    bignum.c
  CC    bignum_core.c
  CC    bignum_mod.c
  CC    bignum_mod_raw.c
  CC    block_cipher.c
  CC    camellia.c
  CC    bignum_core.c
  CC    bignum_core.c
  CC    camellia.c
  CC    ccm.c
  CC    camellia.c
  CC    ccm.c
  CC    chacha20.c
  CC    chacha20.c
  CC    chachapoly.c
  CC    cipher.c
  CC    chachapoly.c
  CC    cipher.c
  CC    ccm.c
  CC    cipher.c
  CC    cipher_wrap.c
  CC    cipher_wrap.c
  CC    cipher_wrap.c
  CC    cmac.c
  CC    cmac.c
  CC    constant_time.c
  CC    cmac.c
  CC    ctr_drbg.c
  CC    des.c
  CC    constant_time.c
  CC    constant_time.c
  CC    ctr_drbg.c
  CC    ctr_drbg.c
  CC    des.c
  CC    dhm.c
  CC    ecdh.c
  CC    des.c
  CC    dhm.c
  CC    ecdsa.c
  CC    dhm.c
  CC    ecdsa.c
  CC    ecjpake.c
  CC    ecp.c
  CC    ecdsa.c
  CC    ecjpake.c
  CC    ecjpake.c
  CC    ecp.c
  CC    ecp.c
  CC    ecp_curves.c
  CC    ecp_curves.c
  CC    ecp_curves_new.c
  CC    ecp_curves_new.c
  CC    entropy.c
  CC    entropy_poll.c
  Gen   error.c
  CC    ecp_curves.c
  CC    entropy.c
  CC    entropy.c
  CC    gcm.c
  CC    hkdf.c
  Gen   error.c
  CC    gcm.c
  CC    hmac_drbg.c
  CC    hmac_drbg.c
  Gen   error.c
  CC    lmots.c
  CC    lms.c
  CC    lmots.c
  CC    md.c
  CC    hmac_drbg.c
  CC    md5.c
  CC    lms.c
  CC    lms.c
  CC    md.c
  CC    md5.c
  CC    memory_buffer_alloc.c
  CC    nist_kw.c
  CC    md.c
  CC    memory_buffer_alloc.c
  CC    nist_kw.c
  CC    nist_kw.c
  CC    oid.c
  CC    oid.c
  CC    oid.c
  CC    padlock.c
  CC    padlock.c
  CC    pem.c
  CC    padlock.c
  CC    pem.c
  CC    pem.c
  CC    pk.c
  CC    pk_wrap.c
  CC    pk.c
  CC    pk.c
  CC    pkcs12.c
  CC    pkcs5.c
  CC    pk_wrap.c
  CC    pkcs12.c
  CC    pk_wrap.c
  CC    pkparse.c
  CC    pkwrite.c
  CC    pkcs5.c
  CC    pkcs5.c
  CC    platform.c
  CC    pkparse.c
  CC    platform.c
  CC    pkparse.c
  CC    platform_util.c
  CC    platform_util.c
  CC    poly1305.c
  Gen   psa_crypto_driver_wrappers.h psa_crypto_driver_wrappers_no_static.c
  CC    psa_crypto_aead.c
  CC    poly1305.c
  CC    platform_util.c
  Gen   psa_crypto_driver_wrappers.h psa_crypto_driver_wrappers_no_static.c
  CC    psa_crypto_cipher.c
  CC    psa_crypto_client.c
  Gen   psa_crypto_driver_wrappers.h psa_crypto_driver_wrappers_no_static.c
  CC    psa_crypto_driver_wrappers_no_static.c
  CC    psa_crypto_ecp.c
  CC    psa_crypto_ffdh.c
  CC    psa_crypto_aead.c
  CC    psa_crypto_cipher.c
  CC    psa_crypto_hash.c
  CC    psa_crypto_mac.c
  CC    psa_crypto_driver_wrappers_no_static.c
  CC    psa_crypto_mac.c
  CC    psa_crypto_pake.c
  CC    psa_crypto_pake.c
  CC    psa_crypto_driver_wrappers_no_static.c
  CC    psa_crypto_pake.c
  CC    psa_crypto_rsa.c
  CC    psa_crypto_rsa.c
  CC    psa_crypto_rsa.c
  CC    psa_crypto_se.c
  CC    psa_crypto_se.c
  CC    psa_crypto_slot_management.c
  CC    psa_crypto_slot_management.c
  CC    psa_crypto_se.c
  CC    psa_crypto_slot_management.c
  CC    psa_crypto_storage.c
  CC    psa_crypto_storage.c
  CC    psa_its_file.c
  CC    psa_its_file.c
  CC    psa_crypto_storage.c
  CC    psa_util.c
  CC    psa_util.c
  CC    ripemd160.c
  CC    psa_its_file.c
  CC    ripemd160.c
  CC    psa_util.c
  CC    ripemd160.c
  CC    rsa.c
  CC    rsa_alt_helpers.c
  CC    rsa.c
  CC    rsa_alt_helpers.c
  CC    rsa.c
  CC    sha1.c
  CC    sha256.c
  CC    sha1.c
  CC    sha1.c
  CC    sha256.c
  CC    sha512.c
  CC    sha256.c
  CC    sha512.c
  CC    sha512.c
  CC    sha3.c
  CC    sha3.c
  CC    threading.c
  CC    sha3.c
  CC    threading.c
  CC    timing.c
  CC    timing.c
  CC    version.c
  CC    version.c
  Gen   version_features.c
  Gen   version_features.c
  CC    ../3rdparty//everest/library/everest.c
  CC    ../3rdparty//everest/library/everest.c
  CC    ../3rdparty//everest/library/x25519.c
  CC    ../3rdparty//everest/library/Hacl_Curve25519_joined.c
  CC    ../3rdparty//everest/library/x25519.c
  CC    ../3rdparty//p256-m//p256-m_driver_entrypoints.c
  CC    threading.c
  CC    ../3rdparty//everest/library/Hacl_Curve25519_joined.c
  CC    ../3rdparty//p256-m//p256-m_driver_entrypoints.c
  CC    version_features.c
  CC    ../3rdparty//p256-m//p256-m/p256-m.c
  CC    x509.c
  CC    ../3rdparty//p256-m//p256-m/p256-m.c
  CC    ../3rdparty//p256-m//p256-m_driver_entrypoints.c
  CC    ../3rdparty//p256-m//p256-m/p256-m.c
  CC    x509.c
  CC    x509.c
  CC    x509_create.c
  CC    x509_create.c
  CC    x509_crl.c
  CC    x509_create.c
  CC    x509_crt.c
  CC    x509_crl.c
  CC    x509_crt.c
  CC    x509_crl.c
  CC    x509_crt.c
  CC    x509_csr.c
  CC    x509write.c
  CC    x509_csr.c
  CC    x509write.c
  CC    x509_csr.c
  CC    x509write_crt.c
  CC    x509write_crt.c
  CC    x509write_crt.c
  CC    x509write_csr.c
  CC    x509write_csr.c
  CC    pkcs7.c
  CC    x509write_csr.c
  CC    debug.c
  CC    pkcs7.c
  CC    pkcs7.c
  CC    debug.c
  CC    mps_reader.c
  CC    mps_trace.c
  CC    debug.c
  CC    net_sockets.c
  CC    ssl_cache.c
  CC    mps_reader.c
  CC    net_sockets.c
  CC    mps_trace.c
  CC    net_sockets.c
  CC    ssl_ciphersuites.c
  CC    ssl_client.c
  CC    ssl_cookie.c
  CC    ssl_cache.c
  CC    ssl_ciphersuites.c
  Gen   ssl_debug_helpers_generated.c
  CC    ssl_client.c
  CC    ssl_client.c
  Gen   ssl_debug_helpers_generated.c
  CC    ssl_msg.c
  CC    ssl_msg.c
  CC    ssl_ticket.c
  CC    ssl_debug_helpers_generated.c
  CC    ssl_msg.c
  CC    ssl_tls.c
  CC    ssl_ticket.c
  CC    ssl_ticket.c
  CC    ssl_tls.c
  CC    ssl_tls.c
  CC    ssl_tls12_client.c
  CC    ssl_tls12_client.c
  CC    ssl_tls12_server.c
  CC    ssl_tls12_server.c
  CC    ssl_tls13_keys.c
  CC    ssl_tls13_client.c
  CC    ssl_tls13_keys.c
  CC    ssl_tls12_client.c
  CC    ssl_tls13_server.c
  CC    ssl_tls13_generic.c
  CC    ssl_tls13_client.c
  CC    error.c
  CC    psa_crypto.c
  CC    version_features.c
  AR    libmbedx509.a
  CC    error.c
  CC    psa_crypto.c
  AR    libmbedtls.a
  AR    libmbedx509.a
  CC    ssl_debug_helpers_generated.c
  CC    ssl_tls13_client.c
  AR    libmbedtls.a
  CC    error.c
  CC    psa_crypto.c
  CC    version_features.c
  AR    libmbedx509.a
  CC    ssl_debug_helpers_generated.c
  AR    libmbedtls.a
  AR    libmbedcrypto.a
make[1]: Leaving directory '/tmp/silent-mbedtls-N026-S0_H0-hq011_pd/library'
  AR    libmbedcrypto.a
make[1]: Leaving directory '/tmp/silent-mbedtls-N026-S0_H0-hq011_pd/library'
  AR    libmbedcrypto.a
make[1]: Leaving directory '/tmp/silent-mbedtls-N026-S0_H0-hq011_pd/library'
 cc common.o onefile.o fuzz_client.o ../../tests/src/asn1_helpers.o ../../tests/src/bignum_helpers.o ../../tests/src/certs.o ../../tests/src/fake_external_rng_for_test.o ../../tests/src/helpers.o ../../tests/src/psa_crypto_helpers.o ../../tests/src/psa_exercise_key.o ../../tests/src/random.o ../../tests/src/threading_helpers.o ../../tests/src/drivers/hash.o ../../tests/src/drivers/platform_builtin_keys.o ../../tests/src/drivers/test_driver_aead.o ../../tests/src/drivers/test_driver_asymmetric_encryption.o ../../tests/src/drivers/test_driver_cipher.o ../../tests/src/drivers/test_driver_key_agreement.o ../../tests/src/drivers/test_driver_key_management.o ../../tests/src/drivers/test_driver_mac.o ../../tests/src/drivers/test_driver_pake.o ../../tests/src/drivers/test_driver_signature.o ../../tests/src/test_helpers/ssl_helpers.o -L../../library -lmbedtls -lmbedx509 -lmbedcrypto  -o fuzz_client
make: Leaving directory '/tmp/silent-mbedtls-N026-S0_H0-hq011_pd/programs/fuzz'

RUNTIME:
Warning: fuzzing without constant time
"
N026,S1_H0,fuzz_client,PASS,PASS,0,0,9.226,make -j4 mbedtls_test ; make -C programs/fuzz -j4 fuzz_client,"make[1]: Entering directory '/tmp/silent-mbedtls-N026-S1_H0-z43woezh/tests'
  CC    src/asn1_helpers.c
  CC    src/bignum_helpers.c
  CC    src/certs.c
  CC    src/fake_external_rng_for_test.c
  CC    src/helpers.c
  CC    src/psa_crypto_helpers.c
  CC    src/psa_exercise_key.c
  CC    src/random.c
  CC    src/threading_helpers.c
  CC    src/drivers/hash.c
  CC    src/drivers/platform_builtin_keys.c
  CC    src/drivers/test_driver_aead.c
  CC    src/drivers/test_driver_asymmetric_encryption.c
  CC    src/drivers/test_driver_cipher.c
  CC    src/drivers/test_driver_key_agreement.c
  CC    src/drivers/test_driver_key_management.c
  CC    src/drivers/test_driver_mac.c
  CC    src/drivers/test_driver_pake.c
  CC    src/drivers/test_driver_signature.c
  CC    src/test_helpers/ssl_helpers.c
make[1]: Leaving directory '/tmp/silent-mbedtls-N026-S1_H0-z43woezh/tests'
make: Entering directory '/tmp/silent-mbedtls-N026-S1_H0-z43woezh/programs/fuzz'
make[1]: Entering directory '/tmp/silent-mbedtls-N026-S1_H0-z43woezh/library'
  CC    aes.c
make[1]: Entering directory '/tmp/silent-mbedtls-N026-S1_H0-z43woezh/library'
  CC    aes.c
make[1]: Entering directory '/tmp/silent-mbedtls-N026-S1_H0-z43woezh/library'
  CC    aes.c
  CC    aesni.c
  CC    aesni.c
  CC    aesce.c
  CC    aria.c
  CC    aesce.c
  CC    aria.c
  CC    aesni.c
  CC    aria.c
  CC    asn1parse.c
  CC    asn1write.c
  CC    asn1parse.c
  CC    base64.c
  CC    asn1parse.c
  CC    asn1write.c
  CC    base64.c
  CC    bignum.c
  CC    base64.c
  CC    bignum.c
  CC    bignum_core.c
  CC    bignum.c
  CC    bignum_mod.c
  CC    bignum_core.c
  CC    bignum_mod_raw.c
  CC    block_cipher.c
  CC    camellia.c
  CC    bignum_core.c
  CC    bignum_mod_raw.c
  CC    camellia.c
  CC    ccm.c
  CC    chacha20.c
  CC    camellia.c
  CC    ccm.c
  CC    ccm.c
  CC    chachapoly.c
  CC    chachapoly.c
  CC    cipher.c
  CC    cipher.c
  CC    chachapoly.c
  CC    cipher.c
  CC    cipher_wrap.c
  CC    cipher_wrap.c
  CC    cmac.c
  CC    cmac.c
  CC    cipher_wrap.c
  CC    cmac.c
  CC    constant_time.c
  CC    constant_time.c
  CC    constant_time.c
  CC    ctr_drbg.c
  CC    ctr_drbg.c
  CC    des.c
  CC    ctr_drbg.c
  CC    dhm.c
  CC    des.c
  CC    des.c
  CC    dhm.c
  CC    ecdh.c
  CC    ecdsa.c
  CC    ecjpake.c
  CC    dhm.c
  CC    ecdh.c
  CC    ecdsa.c
  CC    ecp.c
  CC    ecdsa.c
  CC    ecp_curves.c
  CC    ecjpake.c
  CC    ecjpake.c
  CC    ecp.c
  CC    ecp.c
  CC    ecp_curves_new.c
  CC    entropy.c
  CC    entropy_poll.c
  CC    ecp_curves.c
  Gen   error.c
  CC    gcm.c
  CC    ecp_curves.c
  CC    entropy.c
  CC    error.c
  CC    error.c
  CC    hkdf.c
  CC    hmac_drbg.c
  CC    gcm.c
  CC    gcm.c
  CC    lmots.c
  CC    hmac_drbg.c
  CC    lms.c
  CC    md.c
  CC    hmac_drbg.c
  CC    lmots.c
  CC    md5.c
  CC    lms.c
  CC    lms.c
  CC    md5.c
  CC    memory_buffer_alloc.c
  CC    md.c
  CC    nist_kw.c
  CC    oid.c
  CC    memory_buffer_alloc.c
  CC    nist_kw.c
  CC    oid.c
  CC    memory_buffer_alloc.c
  CC    oid.c
  CC    padlock.c
  CC    pem.c
  CC    padlock.c
  CC    pem.c
  CC    pk.c
  CC    pk.c
  CC    padlock.c
  CC    pk.c
  CC    pk_wrap.c
  CC    pkcs12.c
  CC    pk_wrap.c
  CC    pk_wrap.c
  CC    pkcs5.c
  CC    pkcs12.c
  CC    pkcs12.c
  CC    pkparse.c
  CC    pkcs5.c
  CC    pkwrite.c
  CC    pkcs5.c
  CC    pkparse.c
  CC    pkwrite.c
  CC    platform.c
  CC    pkparse.c
  CC    platform_util.c
  CC    poly1305.c
  Gen   psa_crypto_driver_wrappers.h psa_crypto_driver_wrappers_no_static.c
  CC    platform.c
  CC    poly1305.c
  Gen   psa_crypto_driver_wrappers.h psa_crypto_driver_wrappers_no_static.c
  CC    platform.c
  Gen   psa_crypto_driver_wrappers.h psa_crypto_driver_wrappers_no_static.c
  CC    psa_crypto_aead.c
  CC    psa_crypto_aead.c
  CC    psa_crypto_cipher.c
  CC    psa_crypto_cipher.c
  CC    psa_crypto_client.c
  CC    psa_crypto_aead.c
  CC    psa_crypto_cipher.c
  CC    psa_crypto_client.c
  CC    psa_crypto_driver_wrappers_no_static.c
  CC    psa_crypto_ecp.c
  CC    psa_crypto_driver_wrappers_no_static.c
  CC    psa_crypto_ecp.c
  CC    psa_crypto_driver_wrappers_no_static.c
  CC    psa_crypto_ecp.c
  CC    psa_crypto_ffdh.c
  CC    psa_crypto_ffdh.c
  CC    psa_crypto_ffdh.c
  CC    psa_crypto_hash.c
  CC    psa_crypto_mac.c
  CC    psa_crypto_hash.c
  CC    psa_crypto_hash.c
  CC    psa_crypto_mac.c
  CC    psa_crypto_mac.c
  CC    psa_crypto_pake.c
  CC    psa_crypto_pake.c
  CC    psa_crypto_rsa.c
  CC    psa_crypto_rsa.c
  CC    psa_crypto_se.c
  CC    psa_crypto_pake.c
  CC    psa_crypto_rsa.c
  CC    psa_crypto_slot_management.c
  CC    psa_crypto_slot_management.c
  CC    psa_crypto_se.c
  CC    psa_crypto_slot_management.c
  CC    psa_crypto_storage.c
  CC    psa_crypto_storage.c
  CC    psa_its_file.c
  CC    psa_util.c
  CC    psa_crypto_storage.c
  CC    psa_its_file.c
  CC    psa_util.c
  CC    ripemd160.c
  CC    psa_its_file.c
  CC    ripemd160.c
  CC    ripemd160.c
  CC    rsa.c
  CC    rsa.c
  CC    rsa.c
  CC    rsa_alt_helpers.c
  CC    sha1.c
  CC    rsa_alt_helpers.c
  CC    sha1.c
  CC    sha256.c
  CC    rsa_alt_helpers.c
  CC    sha256.c
  CC    sha256.c
  CC    sha512.c
  CC    sha512.c
  CC    sha512.c
  CC    sha3.c
  CC    sha3.c
  CC    sha3.c
  CC    threading.c
  CC    threading.c
  CC    timing.c
  CC    threading.c
  CC    timing.c
  CC    timing.c
  CC    version.c
  CC    version.c
  CC    version.c
  Gen   version_features.c
  Gen   version_features.c
  CC    ../3rdparty//everest/library/everest.c
  Gen   version_features.c
  CC    ../3rdparty//everest/library/everest.c
  CC    ../3rdparty//everest/library/everest.c
  CC    ../3rdparty//everest/library/x25519.c
  CC    ../3rdparty//everest/library/x25519.c
  CC    ../3rdparty//everest/library/x25519.c
  CC    ../3rdparty//everest/library/Hacl_Curve25519_joined.c
  CC    ../3rdparty//everest/library/Hacl_Curve25519_joined.c
  CC    ../3rdparty//everest/library/Hacl_Curve25519_joined.c
  CC    ../3rdparty//p256-m//p256-m_driver_entrypoints.c
  CC    ../3rdparty//p256-m//p256-m_driver_entrypoints.c
  CC    ../3rdparty//p256-m//p256-m_driver_entrypoints.c
  CC    ../3rdparty//p256-m//p256-m/p256-m.c
  CC    ../3rdparty//p256-m//p256-m/p256-m.c
  CC    ../3rdparty//p256-m//p256-m/p256-m.c
  CC    x509.c
  CC    x509.c
  CC    x509.c
  CC    x509_create.c
  CC    x509_crl.c
  CC    x509_create.c
  CC    x509_crt.c
  CC    x509_create.c
  CC    x509_crt.c
  CC    x509_csr.c
  CC    x509_crt.c
  CC    x509_csr.c
  CC    x509write.c
  CC    x509_csr.c
  CC    x509write_crt.c
  CC    x509write_csr.c
  CC    x509write.c
  CC    x509write_crt.c
  CC    x509write.c
  CC    pkcs7.c
  CC    x509write_crt.c
  CC    debug.c
  CC    pkcs7.c
  CC    mps_reader.c
  CC    mps_trace.c
  CC    net_sockets.c
  CC    ssl_cache.c
  CC    pkcs7.c
  CC    debug.c
  CC    ssl_ciphersuites.c
  CC    net_sockets.c
  CC    ssl_client.c
  CC    ssl_ciphersuites.c
  CC    net_sockets.c
  CC    ssl_client.c
  CC    ssl_client.c
  CC    ssl_cookie.c
  CC    ssl_cookie.c
  Gen   ssl_debug_helpers_generated.c
  CC    ssl_cookie.c
  CC    ssl_debug_helpers_generated.c
  CC    ssl_msg.c
  Gen   ssl_debug_helpers_generated.c
  CC    ssl_msg.c
  CC    ssl_ticket.c
  CC    ssl_msg.c
  CC    ssl_ticket.c
  CC    ssl_tls.c
  CC    ssl_ticket.c
  CC    ssl_tls.c
  CC    ssl_tls12_client.c
  CC    ssl_tls.c
  CC    ssl_tls12_server.c
  CC    ssl_tls12_client.c
  CC    ssl_tls12_server.c
  CC    ssl_tls13_keys.c
  CC    ssl_tls13_client.c
  CC    ssl_tls13_keys.c
  CC    ssl_tls13_server.c
  CC    ssl_tls13_client.c
  CC    ssl_tls13_generic.c
  CC    ssl_tls13_server.c
  CC    psa_crypto.c
  CC    ssl_tls12_client.c
  CC    ssl_tls13_generic.c
  CC    version_features.c
  AR    libmbedx509.a
  AR    libmbedtls.a
  CC    psa_crypto.c
  CC    version_features.c
  AR    libmbedx509.a
  CC    ssl_debug_helpers_generated.c
  CC    error.c
  CC    psa_crypto.c
  CC    version_features.c
  AR    libmbedx509.a
  CC    ssl_debug_helpers_generated.c
  AR    libmbedtls.a
  AR    libmbedtls.a
  AR    libmbedcrypto.a
make[1]: Leaving directory '/tmp/silent-mbedtls-N026-S1_H0-z43woezh/library'
  AR    libmbedcrypto.a
make[1]: Leaving directory '/tmp/silent-mbedtls-N026-S1_H0-z43woezh/library'
  AR    libmbedcrypto.a
make[1]: Leaving directory '/tmp/silent-mbedtls-N026-S1_H0-z43woezh/library'
 cc common.o onefile.o fuzz_client.o ../../tests/src/asn1_helpers.o ../../tests/src/bignum_helpers.o ../../tests/src/certs.o ../../tests/src/fake_external_rng_for_test.o ../../tests/src/helpers.o ../../tests/src/psa_crypto_helpers.o ../../tests/src/psa_exercise_key.o ../../tests/src/random.o ../../tests/src/threading_helpers.o ../../tests/src/drivers/hash.o ../../tests/src/drivers/platform_builtin_keys.o ../../tests/src/drivers/test_driver_aead.o ../../tests/src/drivers/test_driver_asymmetric_encryption.o ../../tests/src/drivers/test_driver_cipher.o ../../tests/src/drivers/test_driver_key_agreement.o ../../tests/src/drivers/test_driver_key_management.o ../../tests/src/drivers/test_driver_mac.o ../../tests/src/drivers/test_driver_pake.o ../../tests/src/drivers/test_driver_signature.o ../../tests/src/test_helpers/ssl_helpers.o -L../../library -lmbedtls -lmbedx509 -lmbedcrypto  -o fuzz_client
make: Leaving directory '/tmp/silent-mbedtls-N026-S1_H0-z43woezh/programs/fuzz'

RUNTIME:
Warning: fuzzing without constant time
"
N026,S1_H1,fuzz_client,PASS,PASS,0,0,10.043,make -j4 mbedtls_test ; make -C programs/fuzz -j4 fuzz_client,"make[1]: Entering directory '/tmp/silent-mbedtls-N026-S1_H1-dtot9649/tests'
  CC    src/asn1_helpers.c
  CC    src/bignum_helpers.c
  CC    src/certs.c
  CC    src/fake_external_rng_for_test.c
  CC    src/helpers.c
  CC    src/psa_crypto_helpers.c
  CC    src/psa_exercise_key.c
  CC    src/random.c
  CC    src/threading_helpers.c
  CC    src/drivers/hash.c
  CC    src/drivers/platform_builtin_keys.c
  CC    src/drivers/test_driver_aead.c
  CC    src/drivers/test_driver_asymmetric_encryption.c
  CC    src/drivers/test_driver_cipher.c
  CC    src/drivers/test_driver_key_agreement.c
  CC    src/drivers/test_driver_key_management.c
  CC    src/drivers/test_driver_mac.c
  CC    src/drivers/test_driver_pake.c
  CC    src/drivers/test_driver_signature.c
  CC    src/test_helpers/ssl_helpers.c
make[1]: Leaving directory '/tmp/silent-mbedtls-N026-S1_H1-dtot9649/tests'
make: Entering directory '/tmp/silent-mbedtls-N026-S1_H1-dtot9649/programs/fuzz'
make[1]: Entering directory '/tmp/silent-mbedtls-N026-S1_H1-dtot9649/library'
  CC    aes.c
make[1]: Entering directory '/tmp/silent-mbedtls-N026-S1_H1-dtot9649/library'
  CC    aes.c
make[1]: Entering directory '/tmp/silent-mbedtls-N026-S1_H1-dtot9649/library'
  CC    aes.c
  CC    aesni.c
  CC    aesni.c
  CC    aesce.c
  CC    aria.c
  CC    aesni.c
  CC    asn1parse.c
  CC    aesce.c
  CC    aria.c
  CC    asn1write.c
  CC    asn1parse.c
  CC    base64.c
  CC    asn1write.c
  CC    base64.c
  CC    bignum.c
  CC    asn1parse.c
  CC    bignum.c
  CC    bignum.c
  CC    bignum_core.c
  CC    bignum_core.c
  CC    bignum_core.c
  CC    bignum_mod.c
  CC    bignum_mod_raw.c
  CC    bignum_mod.c
  CC    block_cipher.c
  CC    bignum_mod_raw.c
  CC    block_cipher.c
  CC    bignum_mod.c
  CC    camellia.c
  CC    camellia.c
  CC    ccm.c
  CC    camellia.c
  CC    ccm.c
  CC    ccm.c
  CC    chacha20.c
  CC    chachapoly.c
  CC    cipher.c
  CC    chacha20.c
  CC    chacha20.c
  CC    chachapoly.c
  CC    chachapoly.c
  CC    cipher.c
  CC    cipher_wrap.c
  CC    cipher.c
  CC    cipher_wrap.c
  CC    cmac.c
  CC    cmac.c
  CC    constant_time.c
  CC    cipher_wrap.c
  CC    cmac.c
  CC    ctr_drbg.c
  CC    constant_time.c
  CC    ctr_drbg.c
  CC    ctr_drbg.c
  CC    des.c
  CC    dhm.c
  CC    des.c
  CC    des.c
  CC    ecdh.c
  CC    ecdsa.c
  CC    ecjpake.c
  CC    dhm.c
  CC    ecdsa.c
  CC    dhm.c
  CC    ecp.c
  CC    ecjpake.c
  CC    ecp_curves.c
  CC    ecjpake.c
  CC    ecp.c
  CC    ecp.c
  CC    ecp_curves_new.c
  CC    ecp_curves.c
  CC    entropy.c
  CC    entropy_poll.c
  Gen   error.c
  CC    ecp_curves.c
  Gen   error.c
  CC    entropy.c
  CC    gcm.c
  CC    gcm.c
  Gen   error.c
  CC    hkdf.c
  CC    gcm.c
  CC    hkdf.c
  CC    hmac_drbg.c
  CC    hkdf.c
  CC    hmac_drbg.c
  CC    hmac_drbg.c
  CC    lmots.c
  CC    lms.c
  CC    lmots.c
  CC    lmots.c
  CC    lms.c
  CC    md.c
  CC    lms.c
  CC    md.c
  CC    md.c
  CC    md5.c
  CC    md5.c
  CC    md5.c
  CC    memory_buffer_alloc.c
  CC    nist_kw.c
  CC    memory_buffer_alloc.c
  CC    memory_buffer_alloc.c
  CC    nist_kw.c
  CC    nist_kw.c
  CC    oid.c
  CC    padlock.c
  CC    pem.c
  CC    oid.c
  CC    oid.c
  CC    pem.c
  CC    pk.c
  CC    pem.c
  CC    pk.c
  CC    pk.c
  CC    pk_wrap.c
  CC    pkcs12.c
  CC    pk_wrap.c
  CC    pkcs12.c
  CC    pk_wrap.c
  CC    pkcs5.c
  CC    pkparse.c
  CC    pkcs12.c
  CC    pkcs5.c
  CC    pkparse.c
  CC    pkcs5.c
  CC    pkparse.c
  CC    pkwrite.c
  CC    platform.c
  CC    pkwrite.c
  CC    pkwrite.c
  CC    platform_util.c
  CC    poly1305.c
  CC    platform_util.c
  Gen   psa_crypto_driver_wrappers.h psa_crypto_driver_wrappers_no_static.c
  CC    platform_util.c
  CC    poly1305.c
  CC    poly1305.c
  Gen   psa_crypto_driver_wrappers.h psa_crypto_driver_wrappers_no_static.c
  Gen   psa_crypto_driver_wrappers.h psa_crypto_driver_wrappers_no_static.c
  CC    psa_crypto_aead.c
  CC    psa_crypto_aead.c
  CC    psa_crypto_cipher.c
  CC    psa_crypto_cipher.c
  CC    psa_crypto_client.c
  CC    psa_crypto_aead.c
  CC    psa_crypto_cipher.c
  CC    psa_crypto_driver_wrappers_no_static.c
  CC    psa_crypto_client.c
  CC    psa_crypto_ecp.c
  CC    psa_crypto_ffdh.c
  CC    psa_crypto_driver_wrappers_no_static.c
  CC    psa_crypto_ecp.c
  CC    psa_crypto_driver_wrappers_no_static.c
  CC    psa_crypto_hash.c
  CC    psa_crypto_ecp.c
  CC    psa_crypto_hash.c
  CC    psa_crypto_mac.c
  CC    psa_crypto_ffdh.c
  CC    psa_crypto_mac.c
  CC    psa_crypto_mac.c
  CC    psa_crypto_pake.c
  CC    psa_crypto_pake.c
  CC    psa_crypto_pake.c
  CC    psa_crypto_rsa.c
  CC    psa_crypto_rsa.c
  CC    psa_crypto_rsa.c
  CC    psa_crypto_se.c
  CC    psa_crypto_slot_management.c
  CC    psa_crypto_se.c
  CC    psa_crypto_se.c
  CC    psa_crypto_slot_management.c
  CC    psa_crypto_storage.c
  CC    psa_crypto_slot_management.c
  CC    psa_crypto_storage.c
  CC    psa_its_file.c
  CC    psa_its_file.c
  CC    psa_crypto_storage.c
  CC    psa_util.c
  CC    psa_its_file.c
  CC    psa_util.c
  CC    psa_util.c
  CC    ripemd160.c
  CC    ripemd160.c
  CC    rsa.c
  CC    ripemd160.c
  CC    rsa.c
  CC    rsa_alt_helpers.c
  CC    rsa.c
  CC    sha1.c
  CC    rsa_alt_helpers.c
  CC    sha256.c
  CC    sha1.c
  CC    sha256.c
  CC    rsa_alt_helpers.c
  CC    sha512.c
  CC    sha512.c
  CC    sha512.c
  CC    sha3.c
  CC    sha3.c
  CC    threading.c
  CC    timing.c
  CC    version.c
  CC    sha3.c
  CC    timing.c
  Gen   version_features.c
  CC    ../3rdparty//everest/library/everest.c
  CC    threading.c
  CC    version_features.c
  CC    ../3rdparty//everest/library/x25519.c
  Gen   version_features.c
  CC    ../3rdparty//everest/library/x25519.c
  CC    ../3rdparty//everest/library/Hacl_Curve25519_joined.c
  CC    ../3rdparty//everest/library/everest.c
  CC    ../3rdparty//everest/library/Hacl_Curve25519_joined.c
  CC    ../3rdparty//p256-m//p256-m_driver_entrypoints.c
  CC    ../3rdparty//p256-m//p256-m/p256-m.c
  CC    ../3rdparty//p256-m//p256-m_driver_entrypoints.c
  CC    ../3rdparty//p256-m//p256-m/p256-m.c
  CC    ../3rdparty//everest/library/Hacl_Curve25519_joined.c
  CC    x509.c
  CC    x509_create.c
  CC    ../3rdparty//p256-m//p256-m/p256-m.c
  CC    x509.c
  CC    x509.c
  CC    x509_create.c
  CC    x509_crl.c
  CC    x509_crt.c
  CC    x509_create.c
  CC    x509_crl.c
  CC    x509_crt.c
  CC    x509_crl.c
  CC    x509_crt.c
  CC    x509_csr.c
  CC    x509_csr.c
  CC    x509write.c
  CC    x509write.c
  CC    x509write_crt.c
  CC    x509write_crt.c
  CC    x509write_csr.c
  CC    x509_csr.c
  CC    x509write_crt.c
  CC    x509write_csr.c
  CC    pkcs7.c
  CC    debug.c
  CC    pkcs7.c
  CC    pkcs7.c
  CC    mps_reader.c
  CC    mps_trace.c
  CC    debug.c
  CC    net_sockets.c
  CC    debug.c
  CC    net_sockets.c
  CC    net_sockets.c
  CC    ssl_cache.c
  CC    ssl_cache.c
  CC    ssl_cache.c
  CC    ssl_ciphersuites.c
  CC    ssl_client.c
  CC    ssl_ciphersuites.c
  CC    ssl_ciphersuites.c
  CC    ssl_cookie.c
  CC    ssl_client.c
  CC    ssl_client.c
  CC    ssl_cookie.c
  Gen   ssl_debug_helpers_generated.c
  CC    ssl_msg.c
  CC    ssl_ticket.c
  CC    ssl_cookie.c
  Gen   ssl_debug_helpers_generated.c
  CC    ssl_msg.c
  CC    ssl_ticket.c
  CC    ssl_debug_helpers_generated.c
  CC    ssl_msg.c
  CC    ssl_tls.c
  CC    ssl_tls.c
  CC    ssl_tls.c
  CC    ssl_tls12_client.c
  CC    ssl_tls12_client.c
  CC    ssl_tls12_server.c
  CC    ssl_tls12_server.c
  CC    ssl_tls12_client.c
  CC    ssl_tls12_server.c
  CC    ssl_tls13_keys.c
  CC    ssl_tls13_client.c
  CC    ssl_tls13_server.c
  CC    ssl_tls13_generic.c
  CC    error.c
  CC    ssl_tls13_keys.c
  CC    error.c
  CC    psa_crypto.c
  CC    ssl_tls13_keys.c
  CC    version_features.c
  AR    libmbedx509.a
  AR    libmbedtls.a
  CC    error.c
  CC    psa_crypto.c
  CC    psa_crypto.c
  CC    version_features.c
  AR    libmbedx509.a
  CC    ssl_debug_helpers_generated.c
  AR    libmbedtls.a
  AR    libmbedx509.a
  CC    ssl_debug_helpers_generated.c
  AR    libmbedtls.a
  AR    libmbedcrypto.a
make[1]: Leaving directory '/tmp/silent-mbedtls-N026-S1_H1-dtot9649/library'
  AR    libmbedcrypto.a
make[1]: Leaving directory '/tmp/silent-mbedtls-N026-S1_H1-dtot9649/library'
  AR    libmbedcrypto.a
make[1]: Leaving directory '/tmp/silent-mbedtls-N026-S1_H1-dtot9649/library'
 cc common.o onefile.o fuzz_client.o ../../tests/src/asn1_helpers.o ../../tests/src/bignum_helpers.o ../../tests/src/certs.o ../../tests/src/fake_external_rng_for_test.o ../../tests/src/helpers.o ../../tests/src/psa_crypto_helpers.o ../../tests/src/psa_exercise_key.o ../../tests/src/random.o ../../tests/src/threading_helpers.o ../../tests/src/drivers/hash.o ../../tests/src/drivers/platform_builtin_keys.o ../../tests/src/drivers/test_driver_aead.o ../../tests/src/drivers/test_driver_asymmetric_encryption.o ../../tests/src/drivers/test_driver_cipher.o ../../tests/src/drivers/test_driver_key_agreement.o ../../tests/src/drivers/test_driver_key_management.o ../../tests/src/drivers/test_driver_mac.o ../../tests/src/drivers/test_driver_pake.o ../../tests/src/drivers/test_driver_signature.o ../../tests/src/test_helpers/ssl_helpers.o -L../../library -lmbedtls -lmbedx509 -lmbedcrypto  -o fuzz_client
make: Leaving directory '/tmp/silent-mbedtls-N026-S1_H1-dtot9649/programs/fuzz'

RUNTIME:
Warning: fuzzing without constant time
"
N027,S0_H0,fuzz_dtlsserver,FAIL,NOT_RUN,2,,0.001,make -j4 mbedtls_test ; make -C programs/fuzz -j4 fuzz_dtlsserver,"Makefile:14: *** /framework/exported.make not found.
Run `git submodule update --init` to fetch the submodule contents.
This is a fatal error.  Stop.
"
N027,S1_H0,fuzz_dtlsserver,FAIL,NOT_RUN,2,,0.001,make -j4 mbedtls_test ; make -C programs/fuzz -j4 fuzz_dtlsserver,"Makefile:14: *** /framework/exported.make not found.
Run `git submodule update --init` to fetch the submodule contents.
This is a fatal error.  Stop.
"
N027,S1_H1,fuzz_dtlsserver,FAIL,NOT_RUN,2,,0.001,make -j4 mbedtls_test ; make -C programs/fuzz -j4 fuzz_dtlsserver,"Makefile:14: *** /framework/exported.make not found.
Run `git submodule update --init` to fetch the submodule contents.
This is a fatal error.  Stop.
"
N028,S0_H0,fuzz_dtlsserver,FAIL,NOT_RUN,2,,0.001,make -j4 mbedtls_test ; make -C programs/fuzz -j4 fuzz_dtlsserver,"Makefile:14: *** /framework/exported.make not found.
Run `git submodule update --init` to fetch the submodule contents.
This is a fatal error.  Stop.
"
N028,S1_H0,fuzz_dtlsserver,FAIL,NOT_RUN,2,,0.001,make -j4 mbedtls_test ; make -C programs/fuzz -j4 fuzz_dtlsserver,"Makefile:14: *** /framework/exported.make not found.
Run `git submodule update --init` to fetch the submodule contents.
This is a fatal error.  Stop.
"
N028,S1_H1,fuzz_dtlsserver,FAIL,NOT_RUN,2,,0.002,make -j4 mbedtls_test ; make -C programs/fuzz -j4 fuzz_dtlsserver,"Makefile:14: *** /framework/exported.make not found.
Run `git submodule update --init` to fetch the submodule contents.
This is a fatal error.  Stop.
"
N029,S0_H0,fuzz_server,FAIL,NOT_RUN,2,,0.001,make -j4 mbedtls_test ; make -C programs/fuzz -j4 fuzz_server,"Makefile:19: *** /framework/exported.make not found (and does not appear to be a git checkout). Please ensure you have downloaded the right archive from the release page on GitHub..  Stop.
"
N029,S1_H0,fuzz_server,FAIL,NOT_RUN,2,,0.001,make -j4 mbedtls_test ; make -C programs/fuzz -j4 fuzz_server,"Makefile:19: *** /framework/exported.make not found (and does not appear to be a git checkout). Please ensure you have downloaded the right archive from the release page on GitHub..  Stop.
"
N029,S1_H1,fuzz_server,FAIL,NOT_RUN,2,,0.001,make -j4 mbedtls_test ; make -C programs/fuzz -j4 fuzz_server,"Makefile:19: *** /framework/exported.make not found (and does not appear to be a git checkout). Please ensure you have downloaded the right archive from the release page on GitHub..  Stop.
"
N030,S0_H0,fuzz_dtlsserver,FAIL,NOT_RUN,2,,0.001,make -j4 mbedtls_test ; make -C programs/fuzz -j4 fuzz_dtlsserver,"Makefile:19: *** /framework/exported.make not found (and does not appear to be a git checkout). Please ensure you have downloaded the right archive from the release page on GitHub..  Stop.
"
N030,S1_H0,fuzz_dtlsserver,FAIL,NOT_RUN,2,,0.001,make -j4 mbedtls_test ; make -C programs/fuzz -j4 fuzz_dtlsserver,"Makefile:19: *** /framework/exported.make not found (and does not appear to be a git checkout). Please ensure you have downloaded the right archive from the release page on GitHub..  Stop.
"
N030,S1_H1,fuzz_dtlsserver,FAIL,NOT_RUN,2,,0.001,make -j4 mbedtls_test ; make -C programs/fuzz -j4 fuzz_dtlsserver,"Makefile:19: *** /framework/exported.make not found (and does not appear to be a git checkout). Please ensure you have downloaded the right archive from the release page on GitHub..  Stop.
"
N031,S0_H0,fuzz_dtlsserver,FAIL,NOT_RUN,2,,0.001,make -j4 mbedtls_test ; make -C programs/fuzz -j4 fuzz_dtlsserver,"Makefile:19: *** /framework/exported.make not found (and does not appear to be a git checkout). Please ensure you have downloaded the right archive from the release page on GitHub..  Stop.
"
N031,S1_H0,fuzz_dtlsserver,FAIL,NOT_RUN,2,,0.001,make -j4 mbedtls_test ; make -C programs/fuzz -j4 fuzz_dtlsserver,"Makefile:19: *** /framework/exported.make not found (and does not appear to be a git checkout). Please ensure you have downloaded the right archive from the release page on GitHub..  Stop.
"
N031,S1_H1,fuzz_dtlsserver,FAIL,NOT_RUN,2,,0.001,make -j4 mbedtls_test ; make -C programs/fuzz -j4 fuzz_dtlsserver,"Makefile:19: *** /framework/exported.make not found (and does not appear to be a git checkout). Please ensure you have downloaded the right archive from the release page on GitHub..  Stop.
"
N032,S0_H0,fuzz_client,FAIL,NOT_RUN,2,,0.001,make -j4 mbedtls_test ; make -C programs/fuzz -j4 fuzz_client,"Makefile:19: *** /framework/exported.make not found (and does not appear to be a git checkout). Please ensure you have downloaded the right archive from the release page on GitHub..  Stop.
"
N032,S1_H0,fuzz_client,FAIL,NOT_RUN,2,,0.001,make -j4 mbedtls_test ; make -C programs/fuzz -j4 fuzz_client,"Makefile:19: *** /framework/exported.make not found (and does not appear to be a git checkout). Please ensure you have downloaded the right archive from the release page on GitHub..  Stop.
"
N032,S1_H1,fuzz_client,FAIL,NOT_RUN,2,,0.001,make -j4 mbedtls_test ; make -C programs/fuzz -j4 fuzz_client,"Makefile:19: *** /framework/exported.make not found (and does not appear to be a git checkout). Please ensure you have downloaded the right archive from the release page on GitHub..  Stop.
"
N033,S0_H0,fuzz_client,FAIL,NOT_RUN,2,,0.001,make -j4 mbedtls_test ; make -C programs/fuzz -j4 fuzz_client,"Makefile:19: *** /framework/exported.make not found (and does not appear to be a git checkout). Please ensure you have downloaded the right archive from the release page on GitHub..  Stop.
"
N033,S1_H0,fuzz_client,FAIL,NOT_RUN,2,,0.001,make -j4 mbedtls_test ; make -C programs/fuzz -j4 fuzz_client,"Makefile:19: *** /framework/exported.make not found (and does not appear to be a git checkout). Please ensure you have downloaded the right archive from the release page on GitHub..  Stop.
"
N033,S1_H1,fuzz_client,FAIL,NOT_RUN,2,,0.001,make -j4 mbedtls_test ; make -C programs/fuzz -j4 fuzz_client,"Makefile:19: *** /framework/exported.make not found (and does not appear to be a git checkout). Please ensure you have downloaded the right archive from the release page on GitHub..  Stop.
"
N034,S0_H0,fuzz_client,FAIL,NOT_RUN,2,,0.001,make -j4 mbedtls_test ; make -C programs/fuzz -j4 fuzz_client,"Makefile:19: *** /framework/exported.make not found (and does not appear to be a git checkout). Please ensure you have downloaded the right archive from the release page on GitHub..  Stop.
"
N034,S1_H0,fuzz_client,FAIL,NOT_RUN,2,,0.001,make -j4 mbedtls_test ; make -C programs/fuzz -j4 fuzz_client,"Makefile:19: *** /framework/exported.make not found (and does not appear to be a git checkout). Please ensure you have downloaded the right archive from the release page on GitHub..  Stop.
"
N034,S1_H1,fuzz_client,FAIL,NOT_RUN,2,,0.001,make -j4 mbedtls_test ; make -C programs/fuzz -j4 fuzz_client,"Makefile:19: *** /framework/exported.make not found (and does not appear to be a git checkout). Please ensure you have downloaded the right archive from the release page on GitHub..  Stop.
"
N035,S0_H0,fuzz_client,FAIL,NOT_RUN,2,,0.001,make -j4 mbedtls_test ; make -C programs/fuzz -j4 fuzz_client,"Makefile:19: *** /framework/exported.make not found (and does not appear to be a git checkout). Please ensure you have downloaded the right archive from the release page on GitHub..  Stop.
"
N035,S1_H0,fuzz_client,FAIL,NOT_RUN,2,,0.001,make -j4 mbedtls_test ; make -C programs/fuzz -j4 fuzz_client,"Makefile:19: *** /framework/exported.make not found (and does not appear to be a git checkout). Please ensure you have downloaded the right archive from the release page on GitHub..  Stop.
"
N035,S1_H1,fuzz_client,FAIL,NOT_RUN,2,,0.001,make -j4 mbedtls_test ; make -C programs/fuzz -j4 fuzz_client,"Makefile:19: *** /framework/exported.make not found (and does not appear to be a git checkout). Please ensure you have downloaded the right archive from the release page on GitHub..  Stop.
"
N036,S0_H0,fuzz_server,FAIL,NOT_RUN,2,,0.001,make -j4 mbedtls_test ; make -C programs/fuzz -j4 fuzz_server,"Makefile:19: *** /framework/exported.make not found (and does not appear to be a git checkout). Please ensure you have downloaded the right archive from the release page on GitHub..  Stop.
"
N036,S1_H0,fuzz_server,FAIL,NOT_RUN,2,,0.001,make -j4 mbedtls_test ; make -C programs/fuzz -j4 fuzz_server,"Makefile:19: *** /framework/exported.make not found (and does not appear to be a git checkout). Please ensure you have downloaded the right archive from the release page on GitHub..  Stop.
"
N036,S1_H1,fuzz_server,FAIL,NOT_RUN,2,,0.001,make -j4 mbedtls_test ; make -C programs/fuzz -j4 fuzz_server,"Makefile:19: *** /framework/exported.make not found (and does not appear to be a git checkout). Please ensure you have downloaded the right archive from the release page on GitHub..  Stop.
"
N037,S0_H0,fuzz_client,FAIL,NOT_RUN,2,,0.001,make -j4 mbedtls_test ; make -C programs/fuzz -j4 fuzz_client,"Makefile:19: *** /framework/exported.make not found (and does not appear to be a git checkout). Please ensure you have downloaded the right archive from the release page on GitHub..  Stop.
"
N037,S1_H0,fuzz_client,FAIL,NOT_RUN,2,,0.001,make -j4 mbedtls_test ; make -C programs/fuzz -j4 fuzz_client,"Makefile:19: *** /framework/exported.make not found (and does not appear to be a git checkout). Please ensure you have downloaded the right archive from the release page on GitHub..  Stop.
"
N037,S1_H1,fuzz_client,FAIL,NOT_RUN,2,,0.001,make -j4 mbedtls_test ; make -C programs/fuzz -j4 fuzz_client,"Makefile:19: *** /framework/exported.make not found (and does not appear to be a git checkout). Please ensure you have downloaded the right archive from the release page on GitHub..  Stop.
"
N038,S0_H0,fuzz_client,FAIL,NOT_RUN,2,,0.001,make -j4 mbedtls_test ; make -C programs/fuzz -j4 fuzz_client,"make: *** No rule to make target 'mbedtls_test'.  Stop.
"
N038,S1_H0,fuzz_client,FAIL,NOT_RUN,2,,0.001,make -j4 mbedtls_test ; make -C programs/fuzz -j4 fuzz_client,"make: *** No rule to make target 'mbedtls_test'.  Stop.
"
N038,S1_H1,fuzz_client,FAIL,NOT_RUN,2,,0.001,make -j4 mbedtls_test ; make -C programs/fuzz -j4 fuzz_client,"make: *** No rule to make target 'mbedtls_test'.  Stop.
"
