case_id,candidate_id,side,harness_file,build,runtime,compile_command,compile_exit_code,runtime_exit_code,diagnostic
W001,N182,S0_H0,fuzz/c/std/gif_fuzzer.cc,PASS,PASS,/usr/bin/g++ -std=gnu++17 -O0 -g0 -DWUFFS_CONFIG__FUZZLIB_MAIN /tmp/silent-wuffs-N182-S0_H0-_k0juxjp/fuzz/c/std/gif_fuzzer.cc -o /tmp/silent-wuffs-N182-S0_H0-_k0juxjp/.probe-0,0,0,"
RUNTIME:
Processing /tmp/silent-wuffs-N182-S0_H0-_k0juxjp/.probe-input
PASS: 1 files processed
"
W001,N182,S1_H0,fuzz/c/std/gif_fuzzer.cc,FAIL,NOT_RUN,/usr/bin/g++ -std=gnu++17 -O0 -g0 -DWUFFS_CONFIG__FUZZLIB_MAIN /tmp/silent-wuffs-N182-S1_H0-n1widb2b/fuzz/c/std/gif_fuzzer.cc -o /tmp/silent-wuffs-N182-S1_H0-n1widb2b/.probe-0,1,,"/tmp/silent-wuffs-N182-S1_H0-n1widb2b/fuzz/c/std/gif_fuzzer.cc: In function ‘void fuzz(wuffs_base__reader1, uint32_t)’:
/tmp/silent-wuffs-N182-S1_H0-n1widb2b/fuzz/c/std/gif_fuzzer.cc:53:15: error: ‘wuffs_base__image_config__valid’ was not declared in this scope; did you mean ‘wuffs_base__image_config__is_valid’?
   53 |     if (s || !wuffs_base__image_config__valid(&ic)) {
      |               ^~~~~~~~~~~~~~~~~~~~~~~~~~~~~~~
      |               wuffs_base__image_config__is_valid
"
W001,N182,S1_H1,fuzz/c/std/gif_fuzzer.cc,PASS,PASS,/usr/bin/g++ -std=gnu++17 -O0 -g0 -DWUFFS_CONFIG__FUZZLIB_MAIN /tmp/silent-wuffs-N182-S1_H1-whwpbcm9/fuzz/c/std/gif_fuzzer.cc -o /tmp/silent-wuffs-N182-S1_H1-whwpbcm9/.probe-0,0,0,"
RUNTIME:
Processing /tmp/silent-wuffs-N182-S1_H1-whwpbcm9/.probe-input
PASS: 1 files processed
"
W002,N183,S0_H0,fuzz/c/std/gif_fuzzer.cc,PASS,PASS,/usr/bin/g++ -std=gnu++17 -O0 -g0 -DWUFFS_CONFIG__FUZZLIB_MAIN /tmp/silent-wuffs-N183-S0_H0-28pq3lcl/fuzz/c/std/gif_fuzzer.cc -o /tmp/silent-wuffs-N183-S0_H0-28pq3lcl/.probe-0,0,0,"
RUNTIME:
Processing /tmp/silent-wuffs-N183-S0_H0-28pq3lcl/.probe-input
PASS: 1 files processed
"
W002,N183,S0_H0,fuzz/c/std/zlib_fuzzer.cc,PASS,PASS,/usr/bin/g++ -std=gnu++17 -O0 -g0 -DWUFFS_CONFIG__FUZZLIB_MAIN /tmp/silent-wuffs-N183-S0_H0-28pq3lcl/fuzz/c/std/zlib_fuzzer.cc -o /tmp/silent-wuffs-N183-S0_H0-28pq3lcl/.probe-1,0,0,"
RUNTIME:
Processing /tmp/silent-wuffs-N183-S0_H0-28pq3lcl/.probe-input
PASS: 1 files processed
"
W002,N183,S1_H0,fuzz/c/std/gif_fuzzer.cc,FAIL,NOT_RUN,/usr/bin/g++ -std=gnu++17 -O0 -g0 -DWUFFS_CONFIG__FUZZLIB_MAIN /tmp/silent-wuffs-N183-S1_H0-arx23rq4/fuzz/c/std/gif_fuzzer.cc -o /tmp/silent-wuffs-N183-S1_H0-arx23rq4/.probe-0,1,,"In file included from /tmp/silent-wuffs-N183-S1_H0-arx23rq4/fuzz/c/std/gif_fuzzer.cc:39:
/tmp/silent-wuffs-N183-S1_H0-arx23rq4/fuzz/c/std/../fuzzlib/fuzzlib.cc:29:6: error: variable or field ‘fuzz’ declared void
   29 | void fuzz(wuffs_base__reader1 src_reader, uint32_t hash);
      |      ^~~~
/tmp/silent-wuffs-N183-S1_H0-arx23rq4/fuzz/c/std/../fuzzlib/fuzzlib.cc:29:11: error: ‘wuffs_base__reader1’ was not declared in this scope; did you mean ‘wuffs_base__io_reader’?
   29 | void fuzz(wuffs_base__reader1 src_reader, uint32_t hash);
      |           ^~~~~~~~~~~~~~~~~~~
      |           wuffs_base__io_reader
/tmp/silent-wuffs-N183-S1_H0-arx23rq4/fuzz/c/std/../fuzzlib/fuzzlib.cc:29:52: error: expected primary-expression before ‘hash’
   29 | void fuzz(wuffs_base__reader1 src_reader, uint32_t hash);
      |                                                    ^~~~
/tmp/silent-wuffs-N183-S1_H0-arx23rq4/fuzz/c/std/../fuzzlib/fuzzlib.cc: In function ‘int LLVMFuzzerTestOneInput(const uint8_t*, size_t)’:
/tmp/silent-wuffs-N183-S1_H0-arx23rq4/fuzz/c/std/../fuzzlib/fuzzlib.cc:44:3: error: ‘wuffs_base__buf1’ was not declared in this scope; did you mean ‘wuffs_base__io_buffer’?
   44 |   wuffs_base__buf1 src = {.ptr = (uint8_t*)(data),
      |   ^~~~~~~~~~~~~~~~
      |   wuffs_base__io_buffer
/tmp/silent-wuffs-N183-S1_H0-arx23rq4/fuzz/c/std/../fuzzlib/fuzzlib.cc:49:9: error: ‘wuffs_base__reader1’ was not declared in this scope; did you mean ‘wuffs_base__io_reader’?
   49 |   fuzz((wuffs_base__reader1){.buf = &src}, hash);
      |         ^~~~~~~~~~~~~~~~~~~
      |         wuffs_base__io_reader
/tmp/silent-wuffs-N183-S1_H0-arx23rq4/fuzz/c/std/../fuzzlib/fuzzlib.cc:49:3: error: ‘fuzz’ was not declared in this scope
   49 |   fuzz((wuffs_base__reader1){.buf = &src}, hash);
      |   ^~~~
/tmp/silent-wuffs-N183-S1_H0-arx23rq4/fuzz/c/std/gif_fuzzer.cc: At global scope:
/tmp/silent-wuffs-N183-S1_H0-arx23rq4/fuzz/c/std/gif_fuzzer.cc:41:6: error: variable or field ‘fuzz’ declared void
   41 | void fuzz(wuffs_base__reader1 src_reader, uint32_t hash) {
      |      ^~~~
/tmp/silent-wuffs-N183-S1_H0-arx23rq4/fuzz/c/std/gif_fuzzer.cc:41:11: error: ‘wuffs_base__reader1’ was not declared in this scope; did you mean ‘wuffs_base__io_reader’?
   41 | void fuzz(wuffs_base__reader1 src_reader, uint32_t hash) {
      |           ^~~~~~~~~~~~~~~~~~~
      |           wuffs_base__io_reader
/tmp/silent-wuffs-N183-S1_H0-arx23rq4/fuzz/c/std/gif_fuzzer.cc:41:52: error: expected primary-expression before ‘hash’
   41 | void fuzz(wuffs_base__reader1 src_reader, uint32_t hash) {
      |                                                    ^~~~
"
W002,N183,S1_H0,fuzz/c/std/zlib_fuzzer.cc,FAIL,NOT_RUN,/usr/bin/g++ -std=gnu++17 -O0 -g0 -DWUFFS_CONFIG__FUZZLIB_MAIN /tmp/silent-wuffs-N183-S1_H0-arx23rq4/fuzz/c/std/zlib_fuzzer.cc -o /tmp/silent-wuffs-N183-S1_H0-arx23rq4/.probe-1,1,,"In file included from /tmp/silent-wuffs-N183-S1_H0-arx23rq4/fuzz/c/std/zlib_fuzzer.cc:40:
/tmp/silent-wuffs-N183-S1_H0-arx23rq4/fuzz/c/std/../fuzzlib/fuzzlib.cc:29:6: error: variable or field ‘fuzz’ declared void
   29 | void fuzz(wuffs_base__reader1 src_reader, uint32_t hash);
      |      ^~~~
/tmp/silent-wuffs-N183-S1_H0-arx23rq4/fuzz/c/std/../fuzzlib/fuzzlib.cc:29:11: error: ‘wuffs_base__reader1’ was not declared in this scope; did you mean ‘wuffs_base__io_reader’?
   29 | void fuzz(wuffs_base__reader1 src_reader, uint32_t hash);
      |           ^~~~~~~~~~~~~~~~~~~
      |           wuffs_base__io_reader
/tmp/silent-wuffs-N183-S1_H0-arx23rq4/fuzz/c/std/../fuzzlib/fuzzlib.cc:29:52: error: expected primary-expression before ‘hash’
   29 | void fuzz(wuffs_base__reader1 src_reader, uint32_t hash);
      |                                                    ^~~~
/tmp/silent-wuffs-N183-S1_H0-arx23rq4/fuzz/c/std/../fuzzlib/fuzzlib.cc: In function ‘int LLVMFuzzerTestOneInput(const uint8_t*, size_t)’:
/tmp/silent-wuffs-N183-S1_H0-arx23rq4/fuzz/c/std/../fuzzlib/fuzzlib.cc:44:3: error: ‘wuffs_base__buf1’ was not declared in this scope; did you mean ‘wuffs_base__io_buffer’?
   44 |   wuffs_base__buf1 src = {.ptr = (uint8_t*)(data),
      |   ^~~~~~~~~~~~~~~~
      |   wuffs_base__io_buffer
/tmp/silent-wuffs-N183-S1_H0-arx23rq4/fuzz/c/std/../fuzzlib/fuzzlib.cc:49:9: error: ‘wuffs_base__reader1’ was not declared in this scope; did you mean ‘wuffs_base__io_reader’?
   49 |   fuzz((wuffs_base__reader1){.buf = &src}, hash);
      |         ^~~~~~~~~~~~~~~~~~~
      |         wuffs_base__io_reader
/tmp/silent-wuffs-N183-S1_H0-arx23rq4/fuzz/c/std/../fuzzlib/fuzzlib.cc:49:3: error: ‘fuzz’ was not declared in this scope
   49 |   fuzz((wuffs_base__reader1){.buf = &src}, hash);
      |   ^~~~
/tmp/silent-wuffs-N183-S1_H0-arx23rq4/fuzz/c/std/zlib_fuzzer.cc: At global scope:
/tmp/silent-wuffs-N183-S1_H0-arx23rq4/fuzz/c/std/zlib_fuzzer.cc:42:6: error: variable or field ‘fuzz’ declared void
   42 | void fuzz(wuffs_base__reader1 src_reader, uint32_t hash) {
      |      ^~~~
/tmp/silent-wuffs-N183-S1_H0-arx23rq4/fuzz/c/std/zlib_fuzzer.cc:42:11: error: ‘wuffs_base__reader1’ was not declared in this scope; did you mean ‘wuffs_base__io_reader’?
   42 | void fuzz(wuffs_base__reader1 src_reader, uint32_t hash) {
      |           ^~~~~~~~~~~~~~~~~~~
      |           wuffs_base__io_reader
/tmp/silent-wuffs-N183-S1_H0-arx23rq4/fuzz/c/std/zlib_fuzzer.cc:42:52: error: expected primary-expression before ‘hash’
   42 | void fuzz(wuffs_base__reader1 src_reader, uint32_t hash) {
      |                                                    ^~~~
"
W002,N183,S1_H1,fuzz/c/std/gif_fuzzer.cc,PASS,PASS,/usr/bin/g++ -std=gnu++17 -O0 -g0 -DWUFFS_CONFIG__FUZZLIB_MAIN /tmp/silent-wuffs-N183-S1_H1-1n7n6tz5/fuzz/c/std/gif_fuzzer.cc -o /tmp/silent-wuffs-N183-S1_H1-1n7n6tz5/.probe-0,0,0,"
RUNTIME:
Processing /tmp/silent-wuffs-N183-S1_H1-1n7n6tz5/.probe-input
PASS: 1 files processed
"
W002,N183,S1_H1,fuzz/c/std/zlib_fuzzer.cc,PASS,PASS,/usr/bin/g++ -std=gnu++17 -O0 -g0 -DWUFFS_CONFIG__FUZZLIB_MAIN /tmp/silent-wuffs-N183-S1_H1-1n7n6tz5/fuzz/c/std/zlib_fuzzer.cc -o /tmp/silent-wuffs-N183-S1_H1-1n7n6tz5/.probe-1,0,0,"
RUNTIME:
Processing /tmp/silent-wuffs-N183-S1_H1-1n7n6tz5/.probe-input
PASS: 1 files processed
"
W003,N184,S0_H0,fuzz/c/std/zlib_fuzzer.cc,PASS,PASS,/usr/bin/g++ -std=gnu++17 -O0 -g0 -DWUFFS_CONFIG__FUZZLIB_MAIN /tmp/silent-wuffs-N184-S0_H0-v21qf2v4/fuzz/c/std/zlib_fuzzer.cc -o /tmp/silent-wuffs-N184-S0_H0-v21qf2v4/.probe-0,0,0,"
RUNTIME:
Processing /tmp/silent-wuffs-N184-S0_H0-v21qf2v4/.probe-input
PASS: 1 files processed
"
W003,N184,S1_H0,fuzz/c/std/zlib_fuzzer.cc,FAIL,NOT_RUN,/usr/bin/g++ -std=gnu++17 -O0 -g0 -DWUFFS_CONFIG__FUZZLIB_MAIN /tmp/silent-wuffs-N184-S1_H0-g_ld3gu9/fuzz/c/std/zlib_fuzzer.cc -o /tmp/silent-wuffs-N184-S1_H0-g_ld3gu9/.probe-0,1,,"/usr/bin/ld: /tmp/ccvXbCOA.o: in function `wuffs_zlib__status__string':
zlib_fuzzer.cc:(.text+0x5270): undefined reference to `wuffs_adler32__status__string'
/usr/bin/ld: /tmp/ccvXbCOA.o: in function `wuffs_zlib__decoder__initialize':
zlib_fuzzer.cc:(.text+0x5341): undefined reference to `wuffs_adler32__hasher__initialize'
/usr/bin/ld: /tmp/ccvXbCOA.o: in function `wuffs_zlib__decoder__decode':
zlib_fuzzer.cc:(.text+0x5ae8): undefined reference to `wuffs_adler32__hasher__update'
collect2: error: ld returned 1 exit status
"
W003,N184,S1_H1,fuzz/c/std/zlib_fuzzer.cc,PASS,PASS,/usr/bin/g++ -std=gnu++17 -O0 -g0 -DWUFFS_CONFIG__FUZZLIB_MAIN /tmp/silent-wuffs-N184-S1_H1-1u6lr5_7/fuzz/c/std/zlib_fuzzer.cc -o /tmp/silent-wuffs-N184-S1_H1-1u6lr5_7/.probe-0,0,0,"
RUNTIME:
Processing /tmp/silent-wuffs-N184-S1_H1-1u6lr5_7/.probe-input
PASS: 1 files processed
"
W004,N185,S0_H0,fuzz/c/std/gif_fuzzer.cc,PASS,PASS,/usr/bin/g++ -std=gnu++17 -O0 -g0 -DWUFFS_CONFIG__FUZZLIB_MAIN /tmp/silent-wuffs-N185-S0_H0-yf2bqwrz/fuzz/c/std/gif_fuzzer.cc -o /tmp/silent-wuffs-N185-S0_H0-yf2bqwrz/.probe-0,0,0,"
RUNTIME:
Processing /tmp/silent-wuffs-N185-S0_H0-yf2bqwrz/.probe-input
PASS: 1 files processed
"
W004,N185,S0_H0,fuzz/c/std/zlib_fuzzer.cc,PASS,PASS,/usr/bin/g++ -std=gnu++17 -O0 -g0 -DWUFFS_CONFIG__FUZZLIB_MAIN /tmp/silent-wuffs-N185-S0_H0-yf2bqwrz/fuzz/c/std/zlib_fuzzer.cc -o /tmp/silent-wuffs-N185-S0_H0-yf2bqwrz/.probe-1,0,0,"
RUNTIME:
Processing /tmp/silent-wuffs-N185-S0_H0-yf2bqwrz/.probe-input
PASS: 1 files processed
"
W004,N185,S1_H0,fuzz/c/std/gif_fuzzer.cc,PASS,PASS,/usr/bin/g++ -std=gnu++17 -O0 -g0 -DWUFFS_CONFIG__FUZZLIB_MAIN /tmp/silent-wuffs-N185-S1_H0-focykp5h/fuzz/c/std/gif_fuzzer.cc -o /tmp/silent-wuffs-N185-S1_H0-focykp5h/.probe-0,0,0,"
RUNTIME:
Processing /tmp/silent-wuffs-N185-S1_H0-focykp5h/.probe-input
PASS: 1 files processed
"
W004,N185,S1_H0,fuzz/c/std/zlib_fuzzer.cc,PASS,PASS,/usr/bin/g++ -std=gnu++17 -O0 -g0 -DWUFFS_CONFIG__FUZZLIB_MAIN /tmp/silent-wuffs-N185-S1_H0-focykp5h/fuzz/c/std/zlib_fuzzer.cc -o /tmp/silent-wuffs-N185-S1_H0-focykp5h/.probe-1,0,0,"
RUNTIME:
Processing /tmp/silent-wuffs-N185-S1_H0-focykp5h/.probe-input
PASS: 1 files processed
"
W004,N185,S1_H1,fuzz/c/std/gif_fuzzer.cc,PASS,PASS,/usr/bin/g++ -std=gnu++17 -O0 -g0 -DWUFFS_CONFIG__FUZZLIB_MAIN /tmp/silent-wuffs-N185-S1_H1-bdc0kkp9/fuzz/c/std/gif_fuzzer.cc -o /tmp/silent-wuffs-N185-S1_H1-bdc0kkp9/.probe-0,0,0,"
RUNTIME:
Processing /tmp/silent-wuffs-N185-S1_H1-bdc0kkp9/.probe-input
PASS: 1 files processed
"
W004,N185,S1_H1,fuzz/c/std/zlib_fuzzer.cc,PASS,PASS,/usr/bin/g++ -std=gnu++17 -O0 -g0 -DWUFFS_CONFIG__FUZZLIB_MAIN /tmp/silent-wuffs-N185-S1_H1-bdc0kkp9/fuzz/c/std/zlib_fuzzer.cc -o /tmp/silent-wuffs-N185-S1_H1-bdc0kkp9/.probe-1,0,0,"
RUNTIME:
Processing /tmp/silent-wuffs-N185-S1_H1-bdc0kkp9/.probe-input
PASS: 1 files processed
"
W005,N186,S0_H0,fuzz/c/std/gif_fuzzer.c,PASS,PASS,/usr/bin/gcc -std=gnu11 -O0 -g0 -DWUFFS_CONFIG__FUZZLIB_MAIN /tmp/silent-wuffs-N186-S0_H0-and18dwm/fuzz/c/std/gif_fuzzer.c -o /tmp/silent-wuffs-N186-S0_H0-and18dwm/.probe-0,0,0,"
RUNTIME:
/tmp/silent-wuffs-N186-S0_H0-and18dwm/.probe-input unexpected EOF
PASS: 1 files processed
"
W005,N186,S1_H0,fuzz/c/std/gif_fuzzer.c,FAIL,NOT_RUN,/usr/bin/gcc -std=gnu11 -O0 -g0 -DWUFFS_CONFIG__FUZZLIB_MAIN /tmp/silent-wuffs-N186-S1_H0-xiy56dkz/fuzz/c/std/gif_fuzzer.c -o /tmp/silent-wuffs-N186-S1_H0-xiy56dkz/.probe-0,1,,"/tmp/silent-wuffs-N186-S1_H0-xiy56dkz/fuzz/c/std/gif_fuzzer.c: In function ‘fuzz’:
/tmp/silent-wuffs-N186-S1_H0-xiy56dkz/fuzz/c/std/gif_fuzzer.c:90:50: error: incompatible type for argument 2 of ‘wuffs_gif__decoder__decode_frame’
   90 |       s = wuffs_gif__decoder__decode_frame(&dec, dst_writer, src_reader);
      |                                                  ^~~~~~~~~~
      |                                                  |
      |                                                  wuffs_base__io_writer
In file included from /tmp/silent-wuffs-N186-S1_H0-xiy56dkz/fuzz/c/std/gif_fuzzer.c:38:
/tmp/silent-wuffs-N186-S1_H0-xiy56dkz/fuzz/c/std/../../../gen/c/std/gif.c:1999:31: note: expected ‘wuffs_base__image_buffer *’ but argument is of type ‘wuffs_base__io_writer’
 1999 |     wuffs_base__image_buffer* a_ib,
      |     ~~~~~~~~~~~~~~~~~~~~~~~~~~^~~~
/tmp/silent-wuffs-N186-S1_H0-xiy56dkz/fuzz/c/std/gif_fuzzer.c:90:62: error: incompatible type for argument 3 of ‘wuffs_gif__decoder__decode_frame’
   90 |       s = wuffs_gif__decoder__decode_frame(&dec, dst_writer, src_reader);
      |                                                              ^~~~~~~~~~
      |                                                              |
      |                                                              wuffs_base__io_reader
/tmp/silent-wuffs-N186-S1_H0-xiy56dkz/fuzz/c/std/../../../gen/c/std/gif.c:2000:27: note: expected ‘wuffs_base__io_writer’ but argument is of type ‘wuffs_base__io_reader’
 2000 |     wuffs_base__io_writer a_dst,
      |     ~~~~~~~~~~~~~~~~~~~~~~^~~~~
/tmp/silent-wuffs-N186-S1_H0-xiy56dkz/fuzz/c/std/gif_fuzzer.c:90:11: error: too few arguments to function ‘wuffs_gif__decoder__decode_frame’
   90 |       s = wuffs_gif__decoder__decode_frame(&dec, dst_writer, src_reader);
      |           ^~~~~~~~~~~~~~~~~~~~~~~~~~~~~~~~
/tmp/silent-wuffs-N186-S1_H0-xiy56dkz/fuzz/c/std/../../../gen/c/std/gif.c:1997:19: note: declared here
 1997 | wuffs_gif__status wuffs_gif__decoder__decode_frame(
      |                   ^~~~~~~~~~~~~~~~~~~~~~~~~~~~~~~~
"
W005,N186,S1_H1,fuzz/c/std/gif_fuzzer.c,PASS,PASS,/usr/bin/gcc -std=gnu11 -O0 -g0 -DWUFFS_CONFIG__FUZZLIB_MAIN /tmp/silent-wuffs-N186-S1_H1-9fycd7fz/fuzz/c/std/gif_fuzzer.c -o /tmp/silent-wuffs-N186-S1_H1-9fycd7fz/.probe-0,0,0,"
RUNTIME:
/tmp/silent-wuffs-N186-S1_H1-9fycd7fz/.probe-input unexpected EOF
PASS: 1 files processed
"
W006,N187,S0_H0,fuzz/c/std/gif_fuzzer.c,PASS,PASS,/usr/bin/gcc -std=gnu11 -O0 -g0 -DWUFFS_CONFIG__FUZZLIB_MAIN /tmp/silent-wuffs-N187-S0_H0-g220g3um/fuzz/c/std/gif_fuzzer.c -o /tmp/silent-wuffs-N187-S0_H0-g220g3um/.probe-0,0,0,"
RUNTIME:
/tmp/silent-wuffs-N187-S0_H0-g220g3um/.probe-input unexpected EOF
PASS: 1 files processed
"
W006,N187,S1_H0,fuzz/c/std/gif_fuzzer.c,FAIL,NOT_RUN,/usr/bin/gcc -std=gnu11 -O0 -g0 -DWUFFS_CONFIG__FUZZLIB_MAIN /tmp/silent-wuffs-N187-S1_H0-o4gj022q/fuzz/c/std/gif_fuzzer.c -o /tmp/silent-wuffs-N187-S1_H0-o4gj022q/.probe-0,1,,"/tmp/silent-wuffs-N187-S1_H0-o4gj022q/fuzz/c/std/gif_fuzzer.c: In function ‘fuzz’:
/tmp/silent-wuffs-N187-S1_H0-o4gj022q/fuzz/c/std/gif_fuzzer.c:90:55: error: incompatible type for argument 3 of ‘wuffs_gif__decoder__decode_frame’
   90 |       s = wuffs_gif__decoder__decode_frame(&dec, &ib, dst_writer, src_reader);
      |                                                       ^~~~~~~~~~
      |                                                       |
      |                                                       wuffs_base__io_writer
In file included from /tmp/silent-wuffs-N187-S1_H0-o4gj022q/fuzz/c/std/gif_fuzzer.c:38:
/tmp/silent-wuffs-N187-S1_H0-o4gj022q/fuzz/c/std/../../../gen/c/std/gif.c:2123:27: note: expected ‘wuffs_base__io_reader’ but argument is of type ‘wuffs_base__io_writer’
 2123 |     wuffs_base__io_reader a_src) {
      |     ~~~~~~~~~~~~~~~~~~~~~~^~~~~
/tmp/silent-wuffs-N187-S1_H0-o4gj022q/fuzz/c/std/gif_fuzzer.c:90:11: error: too many arguments to function ‘wuffs_gif__decoder__decode_frame’
   90 |       s = wuffs_gif__decoder__decode_frame(&dec, &ib, dst_writer, src_reader);
      |           ^~~~~~~~~~~~~~~~~~~~~~~~~~~~~~~~
/tmp/silent-wuffs-N187-S1_H0-o4gj022q/fuzz/c/std/../../../gen/c/std/gif.c:2120:19: note: declared here
 2120 | wuffs_gif__status wuffs_gif__decoder__decode_frame(
      |                   ^~~~~~~~~~~~~~~~~~~~~~~~~~~~~~~~
"
W006,N187,S1_H1,fuzz/c/std/gif_fuzzer.c,PASS,PASS,/usr/bin/gcc -std=gnu11 -O0 -g0 -DWUFFS_CONFIG__FUZZLIB_MAIN /tmp/silent-wuffs-N187-S1_H1-bladq8d0/fuzz/c/std/gif_fuzzer.c -o /tmp/silent-wuffs-N187-S1_H1-bladq8d0/.probe-0,0,0,"
RUNTIME:
/tmp/silent-wuffs-N187-S1_H1-bladq8d0/.probe-input unexpected EOF
PASS: 1 files processed
"
W007,N188,S0_H0,fuzz/c/std/gif_fuzzer.c,PASS,PASS,/usr/bin/gcc -std=gnu11 -O0 -g0 -DWUFFS_CONFIG__FUZZLIB_MAIN /tmp/silent-wuffs-N188-S0_H0-d1vgn78d/fuzz/c/std/gif_fuzzer.c -o /tmp/silent-wuffs-N188-S0_H0-d1vgn78d/.probe-0,0,0,"
RUNTIME:
/tmp/silent-wuffs-N188-S0_H0-d1vgn78d/.probe-input unexpected EOF
PASS: 1 files processed
"
W007,N188,S0_H0,fuzz/c/std/zlib_fuzzer.c,PASS,PASS,/usr/bin/gcc -std=gnu11 -O0 -g0 -DWUFFS_CONFIG__FUZZLIB_MAIN /tmp/silent-wuffs-N188-S0_H0-d1vgn78d/fuzz/c/std/zlib_fuzzer.c -o /tmp/silent-wuffs-N188-S0_H0-d1vgn78d/.probe-1,0,0,"
RUNTIME:
/tmp/silent-wuffs-N188-S0_H0-d1vgn78d/.probe-input zlib: invalid compression method
PASS: 1 files processed
"
W007,N188,S1_H0,fuzz/c/std/gif_fuzzer.c,FAIL,NOT_RUN,/usr/bin/gcc -std=gnu11 -O0 -g0 -DWUFFS_CONFIG__FUZZLIB_MAIN /tmp/silent-wuffs-N188-S1_H0-8oz231jd/fuzz/c/std/gif_fuzzer.c -o /tmp/silent-wuffs-N188-S1_H0-8oz231jd/.probe-0,1,,"/tmp/silent-wuffs-N188-S1_H0-8oz231jd/fuzz/c/std/gif_fuzzer.c: In function ‘fuzz’:
/tmp/silent-wuffs-N188-S1_H0-8oz231jd/fuzz/c/std/gif_fuzzer.c:50:5: warning: implicit declaration of function ‘wuffs_gif__decoder__initialize’; did you mean ‘wuffs_gif__decoder__decode_ae’? [-Wimplicit-function-declaration]
   50 |     wuffs_gif__decoder__initialize(&dec, WUFFS_VERSION, 0);
      |     ^~~~~~~~~~~~~~~~~~~~~~~~~~~~~~
      |     wuffs_gif__decoder__decode_ae
/usr/bin/ld: /tmp/ccxwUYfI.o: in function `fuzz':
gif_fuzzer.c:(.text+0x4c3d): undefined reference to `wuffs_gif__decoder__initialize'
collect2: error: ld returned 1 exit status
"
W007,N188,S1_H0,fuzz/c/std/zlib_fuzzer.c,FAIL,NOT_RUN,/usr/bin/gcc -std=gnu11 -O0 -g0 -DWUFFS_CONFIG__FUZZLIB_MAIN /tmp/silent-wuffs-N188-S1_H0-8oz231jd/fuzz/c/std/zlib_fuzzer.c -o /tmp/silent-wuffs-N188-S1_H0-8oz231jd/.probe-1,1,,"/tmp/silent-wuffs-N188-S1_H0-8oz231jd/fuzz/c/std/zlib_fuzzer.c: In function ‘fuzz’:
/tmp/silent-wuffs-N188-S1_H0-8oz231jd/fuzz/c/std/zlib_fuzzer.c:47:3: warning: implicit declaration of function ‘wuffs_zlib__decoder__initialize’; did you mean ‘wuffs_zlib__decoder__decode’? [-Wimplicit-function-declaration]
   47 |   wuffs_zlib__decoder__initialize(&dec, WUFFS_VERSION, 0);
      |   ^~~~~~~~~~~~~~~~~~~~~~~~~~~~~~~
      |   wuffs_zlib__decoder__decode
/usr/bin/ld: /tmp/ccNNIvHx.o: in function `fuzz':
zlib_fuzzer.c:(.text+0x57bb): undefined reference to `wuffs_zlib__decoder__initialize'
collect2: error: ld returned 1 exit status
"
W007,N188,S1_H1,fuzz/c/std/gif_fuzzer.c,PASS,PASS,/usr/bin/gcc -std=gnu11 -O0 -g0 -DWUFFS_CONFIG__FUZZLIB_MAIN /tmp/silent-wuffs-N188-S1_H1-aa1ap0q1/fuzz/c/std/gif_fuzzer.c -o /tmp/silent-wuffs-N188-S1_H1-aa1ap0q1/.probe-0,0,0,"
RUNTIME:
/tmp/silent-wuffs-N188-S1_H1-aa1ap0q1/.probe-input unexpected EOF
PASS: 1 files processed
"
W007,N188,S1_H1,fuzz/c/std/zlib_fuzzer.c,PASS,PASS,/usr/bin/gcc -std=gnu11 -O0 -g0 -DWUFFS_CONFIG__FUZZLIB_MAIN /tmp/silent-wuffs-N188-S1_H1-aa1ap0q1/fuzz/c/std/zlib_fuzzer.c -o /tmp/silent-wuffs-N188-S1_H1-aa1ap0q1/.probe-1,0,0,"
RUNTIME:
/tmp/silent-wuffs-N188-S1_H1-aa1ap0q1/.probe-input zlib: invalid compression method
PASS: 1 files processed
"
W008,N189,S0_H0,fuzz/c/std/gif_fuzzer.c,PASS,PASS,/usr/bin/gcc -std=gnu11 -O0 -g0 -DWUFFS_CONFIG__FUZZLIB_MAIN /tmp/silent-wuffs-N189-S0_H0-mnc0fnm4/fuzz/c/std/gif_fuzzer.c -o /tmp/silent-wuffs-N189-S0_H0-mnc0fnm4/.probe-0,0,0,"
RUNTIME:
/tmp/silent-wuffs-N189-S0_H0-mnc0fnm4/.probe-input unexpected EOF
PASS: 1 files processed
"
W008,N189,S1_H0,fuzz/c/std/gif_fuzzer.c,FAIL,NOT_RUN,/usr/bin/gcc -std=gnu11 -O0 -g0 -DWUFFS_CONFIG__FUZZLIB_MAIN /tmp/silent-wuffs-N189-S1_H0-2qhkiqgf/fuzz/c/std/gif_fuzzer.c -o /tmp/silent-wuffs-N189-S1_H0-2qhkiqgf/.probe-0,1,,"/usr/bin/ld: /tmp/cc71QUHW.o: in function `wuffs_gif__status__string':
gif_fuzzer.c:(.text+0x8a1): undefined reference to `wuffs_lzw__status__string'
/usr/bin/ld: /tmp/cc71QUHW.o: in function `wuffs_gif__decoder__check_wuffs_version':
gif_fuzzer.c:(.text+0x95a): undefined reference to `wuffs_lzw__decoder__check_wuffs_version'
/usr/bin/ld: /tmp/cc71QUHW.o: in function `wuffs_gif__decoder__decode_id_part1':
gif_fuzzer.c:(.text+0x345f): undefined reference to `wuffs_lzw__decoder__check_wuffs_version'
/usr/bin/ld: gif_fuzzer.c:(.text+0x34f8): undefined reference to `wuffs_lzw__decoder__set_literal_width'
/usr/bin/ld: gif_fuzzer.c:(.text+0x3717): undefined reference to `wuffs_lzw__decoder__decode'
collect2: error: ld returned 1 exit status
"
W008,N189,S1_H1,fuzz/c/std/gif_fuzzer.c,PASS,PASS,/usr/bin/gcc -std=gnu11 -O0 -g0 -DWUFFS_CONFIG__FUZZLIB_MAIN /tmp/silent-wuffs-N189-S1_H1-7kg1po28/fuzz/c/std/gif_fuzzer.c -o /tmp/silent-wuffs-N189-S1_H1-7kg1po28/.probe-0,0,0,"
RUNTIME:
/tmp/silent-wuffs-N189-S1_H1-7kg1po28/.probe-input unexpected EOF
PASS: 1 files processed
"
W009,N190,S0_H0,,NOT_APPLICABLE,NOT_APPLICABLE,,,,no pre-existing changed fuzzer translation unit
W009,N190,S1_H0,,NOT_APPLICABLE,NOT_APPLICABLE,,,,no pre-existing changed fuzzer translation unit
W009,N190,S1_H1,,NOT_APPLICABLE,NOT_APPLICABLE,,,,no pre-existing changed fuzzer translation unit
W010,N191,S0_H0,fuzz/c/std/gif_fuzzer.c,PASS,PASS,/usr/bin/gcc -std=gnu11 -O0 -g0 -DWUFFS_CONFIG__FUZZLIB_MAIN /tmp/silent-wuffs-N191-S0_H0-zgn14qlr/fuzz/c/std/gif_fuzzer.c -o /tmp/silent-wuffs-N191-S0_H0-zgn14qlr/.probe-0,0,0,"
RUNTIME:
/tmp/silent-wuffs-N191-S0_H0-zgn14qlr/.probe-input unexpected EOF
PASS: 1 files processed
"
W010,N191,S0_H0,fuzz/c/std/zlib_fuzzer.c,PASS,PASS,/usr/bin/gcc -std=gnu11 -O0 -g0 -DWUFFS_CONFIG__FUZZLIB_MAIN /tmp/silent-wuffs-N191-S0_H0-zgn14qlr/fuzz/c/std/zlib_fuzzer.c -o /tmp/silent-wuffs-N191-S0_H0-zgn14qlr/.probe-1,0,0,"
RUNTIME:
/tmp/silent-wuffs-N191-S0_H0-zgn14qlr/.probe-input zlib: bad compression method
PASS: 1 files processed
"
W010,N191,S1_H0,fuzz/c/std/gif_fuzzer.c,FAIL,NOT_RUN,/usr/bin/gcc -std=gnu11 -O0 -g0 -DWUFFS_CONFIG__FUZZLIB_MAIN /tmp/silent-wuffs-N191-S1_H0-5u0t60v3/fuzz/c/std/gif_fuzzer.c -o /tmp/silent-wuffs-N191-S1_H0-5u0t60v3/.probe-0,1,,"/usr/bin/ld: /tmp/cc0ESg4L.o: in function `wuffs_gif__status__string':
gif_fuzzer.c:(.text+0x907): undefined reference to `wuffs_base__status__string'
/usr/bin/ld: /tmp/cc0ESg4L.o: in function `wuffs_lzw__status__string':
gif_fuzzer.c:(.text+0x4397): undefined reference to `wuffs_base__status__string'
collect2: error: ld returned 1 exit status
"
W010,N191,S1_H0,fuzz/c/std/zlib_fuzzer.c,FAIL,NOT_RUN,/usr/bin/gcc -std=gnu11 -O0 -g0 -DWUFFS_CONFIG__FUZZLIB_MAIN /tmp/silent-wuffs-N191-S1_H0-5u0t60v3/fuzz/c/std/zlib_fuzzer.c -o /tmp/silent-wuffs-N191-S1_H0-5u0t60v3/.probe-1,1,,"/usr/bin/ld: /tmp/ccRJfWJS.o: in function `wuffs_adler32__status__string':
zlib_fuzzer.c:(.text+0x6dc): undefined reference to `wuffs_base__status__string'
/usr/bin/ld: /tmp/ccRJfWJS.o: in function `wuffs_deflate__status__string':
zlib_fuzzer.c:(.text+0xae1): undefined reference to `wuffs_base__status__string'
/usr/bin/ld: /tmp/ccRJfWJS.o: in function `wuffs_zlib__status__string':
zlib_fuzzer.c:(.text+0x49aa): undefined reference to `wuffs_base__status__string'
collect2: error: ld returned 1 exit status
"
W010,N191,S1_H1,fuzz/c/std/gif_fuzzer.c,PASS,PASS,/usr/bin/gcc -std=gnu11 -O0 -g0 -DWUFFS_CONFIG__FUZZLIB_MAIN /tmp/silent-wuffs-N191-S1_H1-e9z3hph6/fuzz/c/std/gif_fuzzer.c -o /tmp/silent-wuffs-N191-S1_H1-e9z3hph6/.probe-0,0,0,"
RUNTIME:
/tmp/silent-wuffs-N191-S1_H1-e9z3hph6/.probe-input unexpected EOF
PASS: 1 files processed
"
W010,N191,S1_H1,fuzz/c/std/zlib_fuzzer.c,PASS,PASS,/usr/bin/gcc -std=gnu11 -O0 -g0 -DWUFFS_CONFIG__FUZZLIB_MAIN /tmp/silent-wuffs-N191-S1_H1-e9z3hph6/fuzz/c/std/zlib_fuzzer.c -o /tmp/silent-wuffs-N191-S1_H1-e9z3hph6/.probe-1,0,0,"
RUNTIME:
/tmp/silent-wuffs-N191-S1_H1-e9z3hph6/.probe-input zlib: bad compression method
PASS: 1 files processed
"
W011,N192,S0_H0,fuzz/c/std/gif_fuzzer.c,PASS,PASS,/usr/bin/gcc -std=gnu11 -O0 -g0 -DWUFFS_CONFIG__FUZZLIB_MAIN /tmp/silent-wuffs-N192-S0_H0-56aaa7bc/fuzz/c/std/gif_fuzzer.c -o /tmp/silent-wuffs-N192-S0_H0-56aaa7bc/.probe-0,0,0,"
RUNTIME:
/tmp/silent-wuffs-N192-S0_H0-56aaa7bc/.probe-input unexpected EOF
PASS: 1 files processed
"
W011,N192,S0_H0,fuzz/c/std/zlib_fuzzer.c,PASS,PASS,/usr/bin/gcc -std=gnu11 -O0 -g0 -DWUFFS_CONFIG__FUZZLIB_MAIN /tmp/silent-wuffs-N192-S0_H0-56aaa7bc/fuzz/c/std/zlib_fuzzer.c -o /tmp/silent-wuffs-N192-S0_H0-56aaa7bc/.probe-1,0,0,"
RUNTIME:
/tmp/silent-wuffs-N192-S0_H0-56aaa7bc/.probe-input zlib: bad compression method
PASS: 1 files processed
"
W011,N192,S1_H0,fuzz/c/std/gif_fuzzer.c,FAIL,NOT_RUN,/usr/bin/gcc -std=gnu11 -O0 -g0 -DWUFFS_CONFIG__FUZZLIB_MAIN /tmp/silent-wuffs-N192-S1_H0-yepesl3n/fuzz/c/std/gif_fuzzer.c -o /tmp/silent-wuffs-N192-S1_H0-yepesl3n/.probe-0,1,,"/tmp/silent-wuffs-N192-S1_H0-yepesl3n/fuzz/c/std/gif_fuzzer.c: In function ‘fuzz’:
/tmp/silent-wuffs-N192-S1_H0-yepesl3n/fuzz/c/std/gif_fuzzer.c:85:19: error: ‘WUFFS_GIF__SUSPENSION_END_OF_DATA’ undeclared (first use in this function); did you mean ‘WUFFS_BASE__SUSPENSION_END_OF_DATA’?
   85 |         if ((s == WUFFS_GIF__SUSPENSION_END_OF_DATA) && seen_ok) {
      |                   ^~~~~~~~~~~~~~~~~~~~~~~~~~~~~~~~~
      |                   WUFFS_BASE__SUSPENSION_END_OF_DATA
/tmp/silent-wuffs-N192-S1_H0-yepesl3n/fuzz/c/std/gif_fuzzer.c:85:19: note: each undeclared identifier is reported only once for each function it appears in
/tmp/silent-wuffs-N192-S1_H0-yepesl3n/fuzz/c/std/gif_fuzzer.c:86:15: error: ‘WUFFS_GIF__STATUS_OK’ undeclared (first use in this function); did you mean ‘WUFFS_BASE__STATUS_OK’?
   86 |           s = WUFFS_GIF__STATUS_OK;
      |               ^~~~~~~~~~~~~~~~~~~~
      |               WUFFS_BASE__STATUS_OK
"
W011,N192,S1_H0,fuzz/c/std/zlib_fuzzer.c,FAIL,NOT_RUN,/usr/bin/gcc -std=gnu11 -O0 -g0 -DWUFFS_CONFIG__FUZZLIB_MAIN /tmp/silent-wuffs-N192-S1_H0-yepesl3n/fuzz/c/std/zlib_fuzzer.c -o /tmp/silent-wuffs-N192-S1_H0-yepesl3n/.probe-1,1,,"/tmp/silent-wuffs-N192-S1_H0-yepesl3n/fuzz/c/std/zlib_fuzzer.c: In function ‘fuzz’:
/tmp/silent-wuffs-N192-S1_H0-yepesl3n/fuzz/c/std/zlib_fuzzer.c:63:14: error: ‘WUFFS_ZLIB__SUSPENSION_SHORT_WRITE’ undeclared (first use in this function); did you mean ‘WUFFS_BASE__SUSPENSION_SHORT_WRITE’?
   63 |     if (s != WUFFS_ZLIB__SUSPENSION_SHORT_WRITE) {
      |              ^~~~~~~~~~~~~~~~~~~~~~~~~~~~~~~~~~
      |              WUFFS_BASE__SUSPENSION_SHORT_WRITE
/tmp/silent-wuffs-N192-S1_H0-yepesl3n/fuzz/c/std/zlib_fuzzer.c:63:14: note: each undeclared identifier is reported only once for each function it appears in
"
W011,N192,S1_H1,fuzz/c/std/gif_fuzzer.c,PASS,PASS,/usr/bin/gcc -std=gnu11 -O0 -g0 -DWUFFS_CONFIG__FUZZLIB_MAIN /tmp/silent-wuffs-N192-S1_H1-4bljsxyh/fuzz/c/std/gif_fuzzer.c -o /tmp/silent-wuffs-N192-S1_H1-4bljsxyh/.probe-0,0,0,"
RUNTIME:
/tmp/silent-wuffs-N192-S1_H1-4bljsxyh/.probe-input unexpected EOF
PASS: 1 files processed
"
W011,N192,S1_H1,fuzz/c/std/zlib_fuzzer.c,PASS,PASS,/usr/bin/gcc -std=gnu11 -O0 -g0 -DWUFFS_CONFIG__FUZZLIB_MAIN /tmp/silent-wuffs-N192-S1_H1-4bljsxyh/fuzz/c/std/zlib_fuzzer.c -o /tmp/silent-wuffs-N192-S1_H1-4bljsxyh/.probe-1,0,0,"
RUNTIME:
/tmp/silent-wuffs-N192-S1_H1-4bljsxyh/.probe-input zlib: bad compression method
PASS: 1 files processed
"
W012,N193,S0_H0,fuzz/c/std/gif_fuzzer.c,PASS,PASS,/usr/bin/gcc -std=gnu11 -O0 -g0 -DWUFFS_CONFIG__FUZZLIB_MAIN /tmp/silent-wuffs-N193-S0_H0-99ku6uid/fuzz/c/std/gif_fuzzer.c -o /tmp/silent-wuffs-N193-S0_H0-99ku6uid/.probe-0,0,0,"
RUNTIME:
/tmp/silent-wuffs-N193-S0_H0-99ku6uid/.probe-input unexpected EOF
PASS: 1 files processed
"
W012,N193,S1_H0,fuzz/c/std/gif_fuzzer.c,PASS,PASS,/usr/bin/gcc -std=gnu11 -O0 -g0 -DWUFFS_CONFIG__FUZZLIB_MAIN /tmp/silent-wuffs-N193-S1_H0-6xp7popo/fuzz/c/std/gif_fuzzer.c -o /tmp/silent-wuffs-N193-S1_H0-6xp7popo/.probe-0,0,0,"
RUNTIME:
/tmp/silent-wuffs-N193-S1_H0-6xp7popo/.probe-input unexpected EOF
PASS: 1 files processed
"
W012,N193,S1_H1,fuzz/c/std/gif_fuzzer.c,PASS,PASS,/usr/bin/gcc -std=gnu11 -O0 -g0 -DWUFFS_CONFIG__FUZZLIB_MAIN /tmp/silent-wuffs-N193-S1_H1-gf0y8cv6/fuzz/c/std/gif_fuzzer.c -o /tmp/silent-wuffs-N193-S1_H1-gf0y8cv6/.probe-0,0,0,"
RUNTIME:
/tmp/silent-wuffs-N193-S1_H1-gf0y8cv6/.probe-input unexpected EOF
PASS: 1 files processed
"
W013,N194,S0_H0,,NOT_APPLICABLE,NOT_APPLICABLE,,,,no pre-existing changed fuzzer translation unit
W013,N194,S1_H0,,NOT_APPLICABLE,NOT_APPLICABLE,,,,no pre-existing changed fuzzer translation unit
W013,N194,S1_H1,,NOT_APPLICABLE,NOT_APPLICABLE,,,,no pre-existing changed fuzzer translation unit
W014,N195,S0_H0,fuzz/c/std/gif_fuzzer.c,PASS,PASS,/usr/bin/gcc -std=gnu11 -O0 -g0 -DWUFFS_CONFIG__FUZZLIB_MAIN /tmp/silent-wuffs-N195-S0_H0-vuv8nhw7/fuzz/c/std/gif_fuzzer.c -o /tmp/silent-wuffs-N195-S0_H0-vuv8nhw7/.probe-0,0,0,"
RUNTIME:
/tmp/silent-wuffs-N195-S0_H0-vuv8nhw7/.probe-input unexpected EOF
PASS: 1 files processed
"
W014,N195,S0_H0,fuzz/c/std/zlib_fuzzer.c,PASS,PASS,/usr/bin/gcc -std=gnu11 -O0 -g0 -DWUFFS_CONFIG__FUZZLIB_MAIN /tmp/silent-wuffs-N195-S0_H0-vuv8nhw7/fuzz/c/std/zlib_fuzzer.c -o /tmp/silent-wuffs-N195-S0_H0-vuv8nhw7/.probe-1,0,0,"
RUNTIME:
/tmp/silent-wuffs-N195-S0_H0-vuv8nhw7/.probe-input zlib: bad compression method
PASS: 1 files processed
"
W014,N195,S1_H0,fuzz/c/std/gif_fuzzer.c,FAIL,NOT_RUN,/usr/bin/gcc -std=gnu11 -O0 -g0 -DWUFFS_CONFIG__FUZZLIB_MAIN /tmp/silent-wuffs-N195-S1_H0-5sak0f7i/fuzz/c/std/gif_fuzzer.c -o /tmp/silent-wuffs-N195-S1_H0-5sak0f7i/.probe-0,1,,"/usr/bin/ld: /tmp/cc6y5S8u.o: in function `fuzz':
gif_fuzzer.c:(.text+0x743): undefined reference to `wuffs_gif__decoder__check_wuffs_version'
/usr/bin/ld: gif_fuzzer.c:(.text+0x7a2): undefined reference to `wuffs_gif__decoder__decode_config'
/usr/bin/ld: gif_fuzzer.c:(.text+0x7c2): undefined reference to `wuffs_gif__status__string'
/usr/bin/ld: gif_fuzzer.c:(.text+0x8da): undefined reference to `wuffs_gif__status__string'
/usr/bin/ld: gif_fuzzer.c:(.text+0x935): undefined reference to `wuffs_gif__decoder__decode_frame'
/usr/bin/ld: gif_fuzzer.c:(.text+0x974): undefined reference to `wuffs_gif__status__string'
collect2: error: ld returned 1 exit status
"
W014,N195,S1_H0,fuzz/c/std/zlib_fuzzer.c,FAIL,NOT_RUN,/usr/bin/gcc -std=gnu11 -O0 -g0 -DWUFFS_CONFIG__FUZZLIB_MAIN /tmp/silent-wuffs-N195-S1_H0-5sak0f7i/fuzz/c/std/zlib_fuzzer.c -o /tmp/silent-wuffs-N195-S1_H0-5sak0f7i/.probe-1,1,,"/usr/bin/ld: /tmp/cc3SgQOs.o: in function `fuzz':
zlib_fuzzer.c:(.text+0x61f): undefined reference to `wuffs_zlib__decoder__check_wuffs_version'
/usr/bin/ld: zlib_fuzzer.c:(.text+0x641): undefined reference to `wuffs_zlib__decoder__set_ignore_checksum'
/usr/bin/ld: zlib_fuzzer.c:(.text+0x78f): undefined reference to `wuffs_zlib__decoder__decode'
/usr/bin/ld: zlib_fuzzer.c:(.text+0x7b2): undefined reference to `wuffs_zlib__status__string'
collect2: error: ld returned 1 exit status
"
W014,N195,S1_H1,fuzz/c/std/gif_fuzzer.c,PASS,PASS,/usr/bin/gcc -std=gnu11 -O0 -g0 -DWUFFS_CONFIG__FUZZLIB_MAIN /tmp/silent-wuffs-N195-S1_H1-clggb15f/fuzz/c/std/gif_fuzzer.c -o /tmp/silent-wuffs-N195-S1_H1-clggb15f/.probe-0,0,0,"
RUNTIME:
/tmp/silent-wuffs-N195-S1_H1-clggb15f/.probe-input unexpected EOF
PASS: 1 files processed
"
W014,N195,S1_H1,fuzz/c/std/zlib_fuzzer.c,PASS,PASS,/usr/bin/gcc -std=gnu11 -O0 -g0 -DWUFFS_CONFIG__FUZZLIB_MAIN /tmp/silent-wuffs-N195-S1_H1-clggb15f/fuzz/c/std/zlib_fuzzer.c -o /tmp/silent-wuffs-N195-S1_H1-clggb15f/.probe-1,0,0,"
RUNTIME:
/tmp/silent-wuffs-N195-S1_H1-clggb15f/.probe-input zlib: bad compression method
PASS: 1 files processed
"
W015,N196,S0_H0,fuzz/c/std/gif_fuzzer.c,PASS,PASS,/usr/bin/gcc -std=gnu11 -O0 -g0 -DWUFFS_CONFIG__FUZZLIB_MAIN /tmp/silent-wuffs-N196-S0_H0-_n81ceja/fuzz/c/std/gif_fuzzer.c -o /tmp/silent-wuffs-N196-S0_H0-_n81ceja/.probe-0,0,0,"
RUNTIME:
/tmp/silent-wuffs-N196-S0_H0-_n81ceja/.probe-input unexpected EOF
PASS: 1 files processed
"
W015,N196,S1_H0,fuzz/c/std/gif_fuzzer.c,FAIL,NOT_RUN,/usr/bin/gcc -std=gnu11 -O0 -g0 -DWUFFS_CONFIG__FUZZLIB_MAIN /tmp/silent-wuffs-N196-S1_H0-ltfhebn8/fuzz/c/std/gif_fuzzer.c -o /tmp/silent-wuffs-N196-S1_H0-ltfhebn8/.probe-0,1,,"/tmp/silent-wuffs-N196-S1_H0-ltfhebn8/fuzz/c/std/gif_fuzzer.c: In function ‘fuzz’:
/tmp/silent-wuffs-N196-S1_H0-ltfhebn8/fuzz/c/std/gif_fuzzer.c:62:9: warning: implicit declaration of function ‘wuffs_gif__decoder__decode_config’; did you mean ‘wuffs_gif__decoder__decode_gc’? [-Wimplicit-function-declaration]
   62 |     s = wuffs_gif__decoder__decode_config(&dec, &ic, src_reader);
      |         ^~~~~~~~~~~~~~~~~~~~~~~~~~~~~~~~~
      |         wuffs_gif__decoder__decode_gc
/usr/bin/ld: /tmp/ccZRhks6.o: in function `fuzz':
gif_fuzzer.c:(.text+0xc6d4): undefined reference to `wuffs_gif__decoder__decode_config'
collect2: error: ld returned 1 exit status
"
W015,N196,S1_H1,fuzz/c/std/gif_fuzzer.c,PASS,PASS,/usr/bin/gcc -std=gnu11 -O0 -g0 -DWUFFS_CONFIG__FUZZLIB_MAIN /tmp/silent-wuffs-N196-S1_H1-b2m918ym/fuzz/c/std/gif_fuzzer.c -o /tmp/silent-wuffs-N196-S1_H1-b2m918ym/.probe-0,0,0,"
RUNTIME:
/tmp/silent-wuffs-N196-S1_H1-b2m918ym/.probe-input unexpected EOF
PASS: 1 files processed
"
W016,N197,S0_H0,fuzz/c/std/gif_fuzzer.c,PASS,PASS,/usr/bin/gcc -std=gnu11 -O0 -g0 -DWUFFS_CONFIG__FUZZLIB_MAIN /tmp/silent-wuffs-N197-S0_H0-rl5htvrk/fuzz/c/std/gif_fuzzer.c -o /tmp/silent-wuffs-N197-S0_H0-rl5htvrk/.probe-0,0,0,"
RUNTIME:
/tmp/silent-wuffs-N197-S0_H0-rl5htvrk/.probe-input unexpected EOF
PASS: 1 files processed
"
W016,N197,S0_H0,fuzz/c/std/zlib_fuzzer.c,PASS,PASS,/usr/bin/gcc -std=gnu11 -O0 -g0 -DWUFFS_CONFIG__FUZZLIB_MAIN /tmp/silent-wuffs-N197-S0_H0-rl5htvrk/fuzz/c/std/zlib_fuzzer.c -o /tmp/silent-wuffs-N197-S0_H0-rl5htvrk/.probe-1,0,0,"
RUNTIME:
/tmp/silent-wuffs-N197-S0_H0-rl5htvrk/.probe-input zlib: bad compression method
PASS: 1 files processed
"
W016,N197,S1_H0,fuzz/c/std/gif_fuzzer.c,FAIL,NOT_RUN,/usr/bin/gcc -std=gnu11 -O0 -g0 -DWUFFS_CONFIG__FUZZLIB_MAIN /tmp/silent-wuffs-N197-S1_H0-6fvo3ush/fuzz/c/std/gif_fuzzer.c -o /tmp/silent-wuffs-N197-S1_H0-6fvo3ush/.probe-0,1,,"/tmp/silent-wuffs-N197-S1_H0-6fvo3ush/fuzz/c/std/gif_fuzzer.c:46:10: fatal error: ../../../release/c/unsupported-snapshot.h: No such file or directory
   46 | #include ""../../../release/c/unsupported-snapshot.h""
      |          ^~~~~~~~~~~~~~~~~~~~~~~~~~~~~~~~~~~~~~~~~~~
compilation terminated.
"
W016,N197,S1_H0,fuzz/c/std/zlib_fuzzer.c,FAIL,NOT_RUN,/usr/bin/gcc -std=gnu11 -O0 -g0 -DWUFFS_CONFIG__FUZZLIB_MAIN /tmp/silent-wuffs-N197-S1_H0-6fvo3ush/fuzz/c/std/zlib_fuzzer.c -o /tmp/silent-wuffs-N197-S1_H0-6fvo3ush/.probe-1,1,,"/tmp/silent-wuffs-N197-S1_H0-6fvo3ush/fuzz/c/std/zlib_fuzzer.c:46:10: fatal error: ../../../release/c/unsupported-snapshot.h: No such file or directory
   46 | #include ""../../../release/c/unsupported-snapshot.h""
      |          ^~~~~~~~~~~~~~~~~~~~~~~~~~~~~~~~~~~~~~~~~~~
compilation terminated.
"
W016,N197,S1_H1,fuzz/c/std/gif_fuzzer.c,PASS,PASS,/usr/bin/gcc -std=gnu11 -O0 -g0 -DWUFFS_CONFIG__FUZZLIB_MAIN /tmp/silent-wuffs-N197-S1_H1-489ta_eq/fuzz/c/std/gif_fuzzer.c -o /tmp/silent-wuffs-N197-S1_H1-489ta_eq/.probe-0,0,0,"
RUNTIME:
/tmp/silent-wuffs-N197-S1_H1-489ta_eq/.probe-input unexpected EOF
PASS: 1 files processed
"
W016,N197,S1_H1,fuzz/c/std/zlib_fuzzer.c,PASS,PASS,/usr/bin/gcc -std=gnu11 -O0 -g0 -DWUFFS_CONFIG__FUZZLIB_MAIN /tmp/silent-wuffs-N197-S1_H1-489ta_eq/fuzz/c/std/zlib_fuzzer.c -o /tmp/silent-wuffs-N197-S1_H1-489ta_eq/.probe-1,0,0,"
RUNTIME:
/tmp/silent-wuffs-N197-S1_H1-489ta_eq/.probe-input zlib: bad compression method
PASS: 1 files processed
"
W017,N198,S0_H0,fuzz/c/std/gif_fuzzer.c,PASS,PASS,/usr/bin/gcc -std=gnu11 -O0 -g0 -DWUFFS_CONFIG__FUZZLIB_MAIN /tmp/silent-wuffs-N198-S0_H0-ggeq10dq/fuzz/c/std/gif_fuzzer.c -o /tmp/silent-wuffs-N198-S0_H0-ggeq10dq/.probe-0,0,0,"
RUNTIME:
/tmp/silent-wuffs-N198-S0_H0-ggeq10dq/.probe-input unexpected EOF
PASS: 1 files processed
"
W017,N198,S1_H0,fuzz/c/std/gif_fuzzer.c,FAIL,NOT_RUN,/usr/bin/gcc -std=gnu11 -O0 -g0 -DWUFFS_CONFIG__FUZZLIB_MAIN /tmp/silent-wuffs-N198-S1_H0-r4t95k0x/fuzz/c/std/gif_fuzzer.c -o /tmp/silent-wuffs-N198-S1_H0-r4t95k0x/.probe-0,1,,"/tmp/silent-wuffs-N198-S1_H0-r4t95k0x/fuzz/c/std/gif_fuzzer.c: In function ‘fuzz’:
/tmp/silent-wuffs-N198-S1_H0-r4t95k0x/fuzz/c/std/gif_fuzzer.c:95:50: warning: passing argument 2 of ‘wuffs_gif__decoder__decode_frame’ from incompatible pointer type [-Wincompatible-pointer-types]
   95 |       s = wuffs_gif__decoder__decode_frame(&dec, &fc, &pb, src_reader,
      |                                                  ^~~
      |                                                  |
      |                                                  wuffs_base__frame_config *
In file included from /tmp/silent-wuffs-N198-S1_H0-r4t95k0x/fuzz/c/std/gif_fuzzer.c:46:
/tmp/silent-wuffs-N198-S1_H0-r4t95k0x/fuzz/c/std/../../../release/c/wuffs-unsupported-snapshot.h:7042:60: note: expected ‘wuffs_base__pixel_buffer *’ but argument is of type ‘wuffs_base__frame_config *’
 7042 |                                  wuffs_base__pixel_buffer* a_dst,
      |                                  ~~~~~~~~~~~~~~~~~~~~~~~~~~^~~~~
/tmp/silent-wuffs-N198-S1_H0-r4t95k0x/fuzz/c/std/gif_fuzzer.c:95:55: error: incompatible type for argument 3 of ‘wuffs_gif__decoder__decode_frame’
   95 |       s = wuffs_gif__decoder__decode_frame(&dec, &fc, &pb, src_reader,
      |                                                       ^~~
      |                                                       |
      |                                                       wuffs_base__pixel_buffer *
/tmp/silent-wuffs-N198-S1_H0-r4t95k0x/fuzz/c/std/../../../release/c/wuffs-unsupported-snapshot.h:7043:56: note: expected ‘wuffs_base__io_reader’ but argument is of type ‘wuffs_base__pixel_buffer *’
 7043 |                                  wuffs_base__io_reader a_src,
      |                                  ~~~~~~~~~~~~~~~~~~~~~~^~~~~
/tmp/silent-wuffs-N198-S1_H0-r4t95k0x/fuzz/c/std/gif_fuzzer.c:95:60: error: incompatible type for argument 4 of ‘wuffs_gif__decoder__decode_frame’
   95 |       s = wuffs_gif__decoder__decode_frame(&dec, &fc, &pb, src_reader,
      |                                                            ^~~~~~~~~~
      |                                                            |
      |                                                            wuffs_base__io_reader
/tmp/silent-wuffs-N198-S1_H0-r4t95k0x/fuzz/c/std/../../../release/c/wuffs-unsupported-snapshot.h:7044:55: note: expected ‘wuffs_base__slice_u8’ but argument is of type ‘wuffs_base__io_reader’
 7044 |                                  wuffs_base__slice_u8 a_work_buffer,
      |                                  ~~~~~~~~~~~~~~~~~~~~~^~~~~~~~~~~~~
/tmp/silent-wuffs-N198-S1_H0-r4t95k0x/fuzz/c/std/gif_fuzzer.c:96:44: error: incompatible type for argument 5 of ‘wuffs_gif__decoder__decode_frame’
   96 |                                            ((wuffs_base__slice_u8){}));
      |                                            ^~~~~~~~~~~~~~~~~~~~~~~~~~
      |                                            |
      |                                            wuffs_base__slice_u8
/tmp/silent-wuffs-N198-S1_H0-r4t95k0x/fuzz/c/std/../../../release/c/wuffs-unsupported-snapshot.h:7045:43: note: expected ‘uint32_t’ {aka ‘unsigned int’} but argument is of type ‘wuffs_base__slice_u8’
 7045 |                                  uint32_t a_pixbuf_origin_x,
      |                                  ~~~~~~~~~^~~~~~~~~~~~~~~~~
/tmp/silent-wuffs-N198-S1_H0-r4t95k0x/fuzz/c/std/gif_fuzzer.c:95:11: error: too few arguments to function ‘wuffs_gif__decoder__decode_frame’
   95 |       s = wuffs_gif__decoder__decode_frame(&dec, &fc, &pb, src_reader,
      |           ^~~~~~~~~~~~~~~~~~~~~~~~~~~~~~~~
/tmp/silent-wuffs-N198-S1_H0-r4t95k0x/fuzz/c/std/../../../release/c/wuffs-unsupported-snapshot.h:7041:1: note: declared here
 7041 | wuffs_gif__decoder__decode_frame(wuffs_gif__decoder* self,
      | ^~~~~~~~~~~~~~~~~~~~~~~~~~~~~~~~
"
W017,N198,S1_H1,fuzz/c/std/gif_fuzzer.c,PASS,PASS,/usr/bin/gcc -std=gnu11 -O0 -g0 -DWUFFS_CONFIG__FUZZLIB_MAIN /tmp/silent-wuffs-N198-S1_H1-dk8gzplk/fuzz/c/std/gif_fuzzer.c -o /tmp/silent-wuffs-N198-S1_H1-dk8gzplk/.probe-0,0,0,"
RUNTIME:
/tmp/silent-wuffs-N198-S1_H1-dk8gzplk/.probe-input unexpected EOF
PASS: 1 files processed
"
W018,N199,S0_H0,fuzz/c/std/gif_fuzzer.c,PASS,PASS,/usr/bin/gcc -std=gnu11 -O0 -g0 -DWUFFS_CONFIG__FUZZLIB_MAIN /tmp/silent-wuffs-N199-S0_H0-nooqusxp/fuzz/c/std/gif_fuzzer.c -o /tmp/silent-wuffs-N199-S0_H0-nooqusxp/.probe-0,0,0,"
RUNTIME:
/tmp/silent-wuffs-N199-S0_H0-nooqusxp/.probe-input unexpected EOF
PASS: 1 files processed
"
W018,N199,S0_H0,fuzz/c/std/zlib_fuzzer.c,PASS,PASS,/usr/bin/gcc -std=gnu11 -O0 -g0 -DWUFFS_CONFIG__FUZZLIB_MAIN /tmp/silent-wuffs-N199-S0_H0-nooqusxp/fuzz/c/std/zlib_fuzzer.c -o /tmp/silent-wuffs-N199-S0_H0-nooqusxp/.probe-1,0,0,"
RUNTIME:
/tmp/silent-wuffs-N199-S0_H0-nooqusxp/.probe-input zlib: bad compression method
PASS: 1 files processed
"
W018,N199,S1_H0,fuzz/c/std/gif_fuzzer.c,PASS,PASS,/usr/bin/gcc -std=gnu11 -O0 -g0 -DWUFFS_CONFIG__FUZZLIB_MAIN /tmp/silent-wuffs-N199-S1_H0-qd825wdf/fuzz/c/std/gif_fuzzer.c -o /tmp/silent-wuffs-N199-S1_H0-qd825wdf/.probe-0,0,0,"
RUNTIME:
/tmp/silent-wuffs-N199-S1_H0-qd825wdf/.probe-input unexpected EOF
PASS: 1 files processed
"
W018,N199,S1_H0,fuzz/c/std/zlib_fuzzer.c,PASS,PASS,/usr/bin/gcc -std=gnu11 -O0 -g0 -DWUFFS_CONFIG__FUZZLIB_MAIN /tmp/silent-wuffs-N199-S1_H0-qd825wdf/fuzz/c/std/zlib_fuzzer.c -o /tmp/silent-wuffs-N199-S1_H0-qd825wdf/.probe-1,0,0,"
RUNTIME:
/tmp/silent-wuffs-N199-S1_H0-qd825wdf/.probe-input zlib: bad compression method
PASS: 1 files processed
"
W018,N199,S1_H1,fuzz/c/std/gif_fuzzer.c,PASS,PASS,/usr/bin/gcc -std=gnu11 -O0 -g0 -DWUFFS_CONFIG__FUZZLIB_MAIN /tmp/silent-wuffs-N199-S1_H1-_8i8o3xz/fuzz/c/std/gif_fuzzer.c -o /tmp/silent-wuffs-N199-S1_H1-_8i8o3xz/.probe-0,0,0,"
RUNTIME:
/tmp/silent-wuffs-N199-S1_H1-_8i8o3xz/.probe-input unexpected EOF
PASS: 1 files processed
"
W018,N199,S1_H1,fuzz/c/std/zlib_fuzzer.c,PASS,PASS,/usr/bin/gcc -std=gnu11 -O0 -g0 -DWUFFS_CONFIG__FUZZLIB_MAIN /tmp/silent-wuffs-N199-S1_H1-_8i8o3xz/fuzz/c/std/zlib_fuzzer.c -o /tmp/silent-wuffs-N199-S1_H1-_8i8o3xz/.probe-1,0,0,"
RUNTIME:
/tmp/silent-wuffs-N199-S1_H1-_8i8o3xz/.probe-input zlib: bad compression method
PASS: 1 files processed
"
W019,N200,S0_H0,fuzz/c/std/gif_fuzzer.c,PASS,PASS,/usr/bin/gcc -std=gnu11 -O0 -g0 -DWUFFS_CONFIG__FUZZLIB_MAIN /tmp/silent-wuffs-N200-S0_H0-e6dmbwie/fuzz/c/std/gif_fuzzer.c -o /tmp/silent-wuffs-N200-S0_H0-e6dmbwie/.probe-0,0,0,"
RUNTIME:
/tmp/silent-wuffs-N200-S0_H0-e6dmbwie/.probe-input $base: short read
PASS: 1 files processed
"
W019,N200,S1_H0,fuzz/c/std/gif_fuzzer.c,FAIL,NOT_RUN,/usr/bin/gcc -std=gnu11 -O0 -g0 -DWUFFS_CONFIG__FUZZLIB_MAIN /tmp/silent-wuffs-N200-S1_H0-_gzoiyr4/fuzz/c/std/gif_fuzzer.c -o /tmp/silent-wuffs-N200-S1_H0-_gzoiyr4/.probe-0,1,,"/tmp/silent-wuffs-N200-S1_H0-_gzoiyr4/fuzz/c/std/gif_fuzzer.c: In function ‘fuzz’:
/tmp/silent-wuffs-N200-S1_H0-_gzoiyr4/fuzz/c/std/gif_fuzzer.c:76:9: warning: implicit declaration of function ‘wuffs_base__image_config__pixel_config’; did you mean ‘wuffs_base__image_config__is_valid’? [-Wimplicit-function-declaration]
   76 |         wuffs_base__image_config__pixel_config(&ic));
      |         ^~~~~~~~~~~~~~~~~~~~~~~~~~~~~~~~~~~~~~
      |         wuffs_base__image_config__is_valid
/tmp/silent-wuffs-N200-S1_H0-_gzoiyr4/fuzz/c/std/gif_fuzzer.c:76:9: warning: passing argument 1 of ‘wuffs_base__pixel_config__pixbuf_size’ makes pointer from integer without a cast [-Wint-conversion]
   76 |         wuffs_base__image_config__pixel_config(&ic));
      |         ^~~~~~~~~~~~~~~~~~~~~~~~~~~~~~~~~~~~~~~~~~~
      |         |
      |         int
In file included from /tmp/silent-wuffs-N200-S1_H0-_gzoiyr4/fuzz/c/std/gif_fuzzer.c:46:
/tmp/silent-wuffs-N200-S1_H0-_gzoiyr4/fuzz/c/std/../../../release/c/wuffs-unsupported-snapshot.h:1473:65: note: expected ‘wuffs_base__pixel_config *’ but argument is of type ‘int’
 1473 | wuffs_base__pixel_config__pixbuf_size(wuffs_base__pixel_config* c) {
      |                                       ~~~~~~~~~~~~~~~~~~~~~~~~~~^
/tmp/silent-wuffs-N200-S1_H0-_gzoiyr4/fuzz/c/std/gif_fuzzer.c:89:14: warning: passing argument 2 of ‘wuffs_base__pixel_buffer__set_from_slice’ makes pointer from integer without a cast [-Wint-conversion]
   89 |         &pb, wuffs_base__image_config__pixel_config(&ic),
      |              ^~~~~~~~~~~~~~~~~~~~~~~~~~~~~~~~~~~~~~~~~~~
      |              |
      |              int
/tmp/silent-wuffs-N200-S1_H0-_gzoiyr4/fuzz/c/std/../../../release/c/wuffs-unsupported-snapshot.h:1830:68: note: expected ‘wuffs_base__pixel_config *’ but argument is of type ‘int’
 1830 |                                          wuffs_base__pixel_config* pixcfg,
      |                                          ~~~~~~~~~~~~~~~~~~~~~~~~~~^~~~~~
/usr/bin/ld: /tmp/cc82NDP0.o: in function `fuzz':
gif_fuzzer.c:(.text+0xca3f): undefined reference to `wuffs_base__image_config__pixel_config'
/usr/bin/ld: gif_fuzzer.c:(.text+0xcadc): undefined reference to `wuffs_base__image_config__pixel_config'
collect2: error: ld returned 1 exit status
"
W019,N200,S1_H1,fuzz/c/std/gif_fuzzer.c,PASS,PASS,/usr/bin/gcc -std=gnu11 -O0 -g0 -DWUFFS_CONFIG__FUZZLIB_MAIN /tmp/silent-wuffs-N200-S1_H1-11uo971a/fuzz/c/std/gif_fuzzer.c -o /tmp/silent-wuffs-N200-S1_H1-11uo971a/.probe-0,0,0,"
RUNTIME:
/tmp/silent-wuffs-N200-S1_H1-11uo971a/.probe-input $base: short read
PASS: 1 files processed
"
W020,N201,S0_H0,fuzz/c/std/gif_fuzzer.c,PASS,PASS,/usr/bin/gcc -std=gnu11 -O0 -g0 -DWUFFS_CONFIG__FUZZLIB_MAIN /tmp/silent-wuffs-N201-S0_H0-_rpys23v/fuzz/c/std/gif_fuzzer.c -o /tmp/silent-wuffs-N201-S0_H0-_rpys23v/.probe-0,0,0,"
RUNTIME:
/tmp/silent-wuffs-N201-S0_H0-_rpys23v/.probe-input $base: short read
PASS: 1 files processed
"
W020,N201,S1_H0,fuzz/c/std/gif_fuzzer.c,FAIL,NOT_RUN,/usr/bin/gcc -std=gnu11 -O0 -g0 -DWUFFS_CONFIG__FUZZLIB_MAIN /tmp/silent-wuffs-N201-S1_H0-9qtha2ou/fuzz/c/std/gif_fuzzer.c -o /tmp/silent-wuffs-N201-S1_H0-9qtha2ou/.probe-0,1,,"/tmp/silent-wuffs-N201-S1_H0-9qtha2ou/fuzz/c/std/gif_fuzzer.c: In function ‘fuzz’:
/tmp/silent-wuffs-N201-S1_H0-9qtha2ou/fuzz/c/std/gif_fuzzer.c:100:19: error: ‘wuffs_base__suspension__end_of_data’ undeclared (first use in this function); did you mean ‘wuffs_base__warning__end_of_data’?
  100 |         if ((z != wuffs_base__suspension__end_of_data) || !seen_ok) {
      |                   ^~~~~~~~~~~~~~~~~~~~~~~~~~~~~~~~~~~
      |                   wuffs_base__warning__end_of_data
/tmp/silent-wuffs-N201-S1_H0-9qtha2ou/fuzz/c/std/gif_fuzzer.c:100:19: note: each undeclared identifier is reported only once for each function it appears in
"
W020,N201,S1_H1,fuzz/c/std/gif_fuzzer.c,PASS,PASS,/usr/bin/gcc -std=gnu11 -O0 -g0 -DWUFFS_CONFIG__FUZZLIB_MAIN /tmp/silent-wuffs-N201-S1_H1-nsddrl67/fuzz/c/std/gif_fuzzer.c -o /tmp/silent-wuffs-N201-S1_H1-nsddrl67/.probe-0,0,0,"
RUNTIME:
/tmp/silent-wuffs-N201-S1_H1-nsddrl67/.probe-input $base: short read
PASS: 1 files processed
"
W021,N202,S0_H0,fuzz/c/std/gif_fuzzer.c,PASS,PASS,/usr/bin/gcc -std=gnu11 -O0 -g0 -DWUFFS_CONFIG__FUZZLIB_MAIN /tmp/silent-wuffs-N202-S0_H0-p2mmldme/fuzz/c/std/gif_fuzzer.c -o /tmp/silent-wuffs-N202-S0_H0-p2mmldme/.probe-0,0,0,"
RUNTIME:
/tmp/silent-wuffs-N202-S0_H0-p2mmldme/.probe-input $base: short read
PASS: 1 files processed
"
W021,N202,S1_H0,fuzz/c/std/gif_fuzzer.c,PASS,PASS,/usr/bin/gcc -std=gnu11 -O0 -g0 -DWUFFS_CONFIG__FUZZLIB_MAIN /tmp/silent-wuffs-N202-S1_H0-g4ng_g1p/fuzz/c/std/gif_fuzzer.c -o /tmp/silent-wuffs-N202-S1_H0-g4ng_g1p/.probe-0,0,0,"
RUNTIME:
/tmp/silent-wuffs-N202-S1_H0-g4ng_g1p/.probe-input $base: short read
PASS: 1 files processed
"
W021,N202,S1_H1,fuzz/c/std/gif_fuzzer.c,PASS,PASS,/usr/bin/gcc -std=gnu11 -O0 -g0 -DWUFFS_CONFIG__FUZZLIB_MAIN /tmp/silent-wuffs-N202-S1_H1-xb_vehmi/fuzz/c/std/gif_fuzzer.c -o /tmp/silent-wuffs-N202-S1_H1-xb_vehmi/.probe-0,0,0,"
RUNTIME:
/tmp/silent-wuffs-N202-S1_H1-xb_vehmi/.probe-input $base: short read
PASS: 1 files processed
"
W022,N203,S0_H0,fuzz/c/std/gif_fuzzer.c,PASS,PASS,/usr/bin/gcc -std=gnu11 -O0 -g0 -DWUFFS_CONFIG__FUZZLIB_MAIN /tmp/silent-wuffs-N203-S0_H0-fxt8_272/fuzz/c/std/gif_fuzzer.c -o /tmp/silent-wuffs-N203-S0_H0-fxt8_272/.probe-0,0,0,"
RUNTIME:
/tmp/silent-wuffs-N203-S0_H0-fxt8_272/.probe-input $base: short read
PASS: 1 files processed
"
W022,N203,S1_H0,fuzz/c/std/gif_fuzzer.c,FAIL,NOT_RUN,/usr/bin/gcc -std=gnu11 -O0 -g0 -DWUFFS_CONFIG__FUZZLIB_MAIN /tmp/silent-wuffs-N203-S1_H0-80adagpz/fuzz/c/std/gif_fuzzer.c -o /tmp/silent-wuffs-N203-S1_H0-80adagpz/.probe-0,1,,"/tmp/silent-wuffs-N203-S1_H0-80adagpz/fuzz/c/std/gif_fuzzer.c: In function ‘fuzz’:
/tmp/silent-wuffs-N203-S1_H0-80adagpz/fuzz/c/std/gif_fuzzer.c:112:55: error: incompatible type for argument 3 of ‘wuffs_gif__decoder__decode_frame’
  112 |       z = wuffs_gif__decoder__decode_frame(&dec, &pb, 0, 0, src_reader,
      |                                                       ^
      |                                                       |
      |                                                       int
In file included from /tmp/silent-wuffs-N203-S1_H0-80adagpz/fuzz/c/std/gif_fuzzer.c:46:
/tmp/silent-wuffs-N203-S1_H0-80adagpz/fuzz/c/std/../../../release/c/wuffs-unsupported-snapshot.h:6747:56: note: expected ‘wuffs_base__io_reader’ but argument is of type ‘int’
 6747 |                                  wuffs_base__io_reader a_src,
      |                                  ~~~~~~~~~~~~~~~~~~~~~~^~~~~
/tmp/silent-wuffs-N203-S1_H0-80adagpz/fuzz/c/std/gif_fuzzer.c:112:58: error: incompatible type for argument 4 of ‘wuffs_gif__decoder__decode_frame’
  112 |       z = wuffs_gif__decoder__decode_frame(&dec, &pb, 0, 0, src_reader,
      |                                                          ^
      |                                                          |
      |                                                          int
/tmp/silent-wuffs-N203-S1_H0-80adagpz/fuzz/c/std/../../../release/c/wuffs-unsupported-snapshot.h:6748:55: note: expected ‘wuffs_base__slice_u8’ but argument is of type ‘int’
 6748 |                                  wuffs_base__slice_u8 a_work_buffer,
      |                                  ~~~~~~~~~~~~~~~~~~~~~^~~~~~~~~~~~~
/tmp/silent-wuffs-N203-S1_H0-80adagpz/fuzz/c/std/gif_fuzzer.c:112:61: error: incompatible type for argument 5 of ‘wuffs_gif__decoder__decode_frame’
  112 |       z = wuffs_gif__decoder__decode_frame(&dec, &pb, 0, 0, src_reader,
      |                                                             ^~~~~~~~~~
      |                                                             |
      |                                                             wuffs_base__io_reader
/tmp/silent-wuffs-N203-S1_H0-80adagpz/fuzz/c/std/../../../release/c/wuffs-unsupported-snapshot.h:6749:68: note: expected ‘wuffs_base__decode_frame_options *’ but argument is of type ‘wuffs_base__io_reader’
 6749 |                                  wuffs_base__decode_frame_options* a_opts) {
      |                                  ~~~~~~~~~~~~~~~~~~~~~~~~~~~~~~~~~~^~~~~~
/tmp/silent-wuffs-N203-S1_H0-80adagpz/fuzz/c/std/gif_fuzzer.c:112:11: error: too many arguments to function ‘wuffs_gif__decoder__decode_frame’
  112 |       z = wuffs_gif__decoder__decode_frame(&dec, &pb, 0, 0, src_reader,
      |           ^~~~~~~~~~~~~~~~~~~~~~~~~~~~~~~~
/tmp/silent-wuffs-N203-S1_H0-80adagpz/fuzz/c/std/../../../release/c/wuffs-unsupported-snapshot.h:6745:1: note: declared here
 6745 | wuffs_gif__decoder__decode_frame(wuffs_gif__decoder* self,
      | ^~~~~~~~~~~~~~~~~~~~~~~~~~~~~~~~
"
W022,N203,S1_H1,fuzz/c/std/gif_fuzzer.c,PASS,PASS,/usr/bin/gcc -std=gnu11 -O0 -g0 -DWUFFS_CONFIG__FUZZLIB_MAIN /tmp/silent-wuffs-N203-S1_H1-mqmt814k/fuzz/c/std/gif_fuzzer.c -o /tmp/silent-wuffs-N203-S1_H1-mqmt814k/.probe-0,0,0,"
RUNTIME:
/tmp/silent-wuffs-N203-S1_H1-mqmt814k/.probe-input $base: short read
PASS: 1 files processed
"
W023,N204,S0_H0,fuzz/c/std/gif_fuzzer.c,PASS,PASS,/usr/bin/gcc -std=gnu11 -O0 -g0 -DWUFFS_CONFIG__FUZZLIB_MAIN /tmp/silent-wuffs-N204-S0_H0-04qbui16/fuzz/c/std/gif_fuzzer.c -o /tmp/silent-wuffs-N204-S0_H0-04qbui16/.probe-0,0,0,"
RUNTIME:
/tmp/silent-wuffs-N204-S0_H0-04qbui16/.probe-input $base: short read
PASS: 1 files processed
"
W023,N204,S1_H0,fuzz/c/std/gif_fuzzer.c,FAIL,NOT_RUN,/usr/bin/gcc -std=gnu11 -O0 -g0 -DWUFFS_CONFIG__FUZZLIB_MAIN /tmp/silent-wuffs-N204-S1_H0-a8j9j631/fuzz/c/std/gif_fuzzer.c -o /tmp/silent-wuffs-N204-S1_H0-a8j9j631/.probe-0,1,,"/tmp/silent-wuffs-N204-S1_H0-a8j9j631/fuzz/c/std/gif_fuzzer.c: In function ‘fuzz’:
/tmp/silent-wuffs-N204-S1_H0-a8j9j631/fuzz/c/std/gif_fuzzer.c:89:26: warning: implicit declaration of function ‘wuffs_base__pixel_config__pixbuf_size’; did you mean ‘wuffs_base__pixel_config__pixbuf_len’? [-Wimplicit-function-declaration]
   89 |     size_t pixbuf_size = wuffs_base__pixel_config__pixbuf_size(&ic.pixcfg);
      |                          ^~~~~~~~~~~~~~~~~~~~~~~~~~~~~~~~~~~~~
      |                          wuffs_base__pixel_config__pixbuf_len
/usr/bin/ld: /tmp/cc31NPvr.o: in function `fuzz':
gif_fuzzer.c:(.text+0xcc1b): undefined reference to `wuffs_base__pixel_config__pixbuf_size'
collect2: error: ld returned 1 exit status
"
W023,N204,S1_H1,fuzz/c/std/gif_fuzzer.c,PASS,PASS,/usr/bin/gcc -std=gnu11 -O0 -g0 -DWUFFS_CONFIG__FUZZLIB_MAIN /tmp/silent-wuffs-N204-S1_H1-jvidgm7s/fuzz/c/std/gif_fuzzer.c -o /tmp/silent-wuffs-N204-S1_H1-jvidgm7s/.probe-0,0,0,"
RUNTIME:
/tmp/silent-wuffs-N204-S1_H1-jvidgm7s/.probe-input $base: short read
PASS: 1 files processed
"
W024,N205,S0_H0,fuzz/c/std/gif_fuzzer.c,PASS,PASS,/usr/bin/gcc -std=gnu11 -O0 -g0 -DWUFFS_CONFIG__FUZZLIB_MAIN /tmp/silent-wuffs-N205-S0_H0-e_rc_dvu/fuzz/c/std/gif_fuzzer.c -o /tmp/silent-wuffs-N205-S0_H0-e_rc_dvu/.probe-0,0,0,"
RUNTIME:
/tmp/silent-wuffs-N205-S0_H0-e_rc_dvu/.probe-input $base: short read
PASS: 1 files processed
"
W024,N205,S1_H0,fuzz/c/std/gif_fuzzer.c,FAIL,NOT_RUN,/usr/bin/gcc -std=gnu11 -O0 -g0 -DWUFFS_CONFIG__FUZZLIB_MAIN /tmp/silent-wuffs-N205-S1_H0-ga_nyopj/fuzz/c/std/gif_fuzzer.c -o /tmp/silent-wuffs-N205-S1_H0-ga_nyopj/.probe-0,1,,"/tmp/silent-wuffs-N205-S1_H0-ga_nyopj/fuzz/c/std/gif_fuzzer.c: In function ‘fuzz’:
/tmp/silent-wuffs-N205-S1_H0-ga_nyopj/fuzz/c/std/gif_fuzzer.c:77:9: warning: implicit declaration of function ‘wuffs_base__image_config__work_buffer_size’; did you mean ‘wuffs_base__image_config__workbuf_len’? [-Wimplicit-function-declaration]
   77 |         wuffs_base__image_config__work_buffer_size(&ic).max_incl;
      |         ^~~~~~~~~~~~~~~~~~~~~~~~~~~~~~~~~~~~~~~~~~
      |         wuffs_base__image_config__workbuf_len
/tmp/silent-wuffs-N205-S1_H0-ga_nyopj/fuzz/c/std/gif_fuzzer.c:77:56: error: request for member ‘max_incl’ in something not a structure or union
   77 |         wuffs_base__image_config__work_buffer_size(&ic).max_incl;
      |                                                        ^
"
W024,N205,S1_H1,fuzz/c/std/gif_fuzzer.c,PASS,PASS,/usr/bin/gcc -std=gnu11 -O0 -g0 -DWUFFS_CONFIG__FUZZLIB_MAIN /tmp/silent-wuffs-N205-S1_H1-z_rg9mup/fuzz/c/std/gif_fuzzer.c -o /tmp/silent-wuffs-N205-S1_H1-z_rg9mup/.probe-0,0,0,"
RUNTIME:
/tmp/silent-wuffs-N205-S1_H1-z_rg9mup/.probe-input $base: short read
PASS: 1 files processed
"
W025,N206,S0_H0,fuzz/c/std/gif_fuzzer.c,PASS,PASS,/usr/bin/gcc -std=gnu11 -O0 -g0 -DWUFFS_CONFIG__FUZZLIB_MAIN /tmp/silent-wuffs-N206-S0_H0-pa09edmn/fuzz/c/std/gif_fuzzer.c -o /tmp/silent-wuffs-N206-S0_H0-pa09edmn/.probe-0,0,0,"
RUNTIME:
/tmp/silent-wuffs-N206-S0_H0-pa09edmn/.probe-input $base: short read
PASS: 1 files processed
"
W025,N206,S1_H0,fuzz/c/std/gif_fuzzer.c,PASS,PASS,/usr/bin/gcc -std=gnu11 -O0 -g0 -DWUFFS_CONFIG__FUZZLIB_MAIN /tmp/silent-wuffs-N206-S1_H0-n96iy7oa/fuzz/c/std/gif_fuzzer.c -o /tmp/silent-wuffs-N206-S1_H0-n96iy7oa/.probe-0,0,0,"
RUNTIME:
/tmp/silent-wuffs-N206-S1_H0-n96iy7oa/.probe-input $base: short read
PASS: 1 files processed
"
W025,N206,S1_H1,fuzz/c/std/gif_fuzzer.c,PASS,PASS,/usr/bin/gcc -std=gnu11 -O0 -g0 -DWUFFS_CONFIG__FUZZLIB_MAIN /tmp/silent-wuffs-N206-S1_H1-nato1nbj/fuzz/c/std/gif_fuzzer.c -o /tmp/silent-wuffs-N206-S1_H1-nato1nbj/.probe-0,0,0,"
RUNTIME:
/tmp/silent-wuffs-N206-S1_H1-nato1nbj/.probe-input $base: short read
PASS: 1 files processed
"
W026,N207,S0_H0,fuzz/c/std/gif_fuzzer.c,PASS,PASS,/usr/bin/gcc -std=gnu11 -O0 -g0 -DWUFFS_CONFIG__FUZZLIB_MAIN /tmp/silent-wuffs-N207-S0_H0-mmk242e_/fuzz/c/std/gif_fuzzer.c -o /tmp/silent-wuffs-N207-S0_H0-mmk242e_/.probe-0,0,0,"
RUNTIME:
/tmp/silent-wuffs-N207-S0_H0-mmk242e_/.probe-input $base: short read
PASS: 1 files processed
"
W026,N207,S1_H0,fuzz/c/std/gif_fuzzer.c,PASS,PASS,/usr/bin/gcc -std=gnu11 -O0 -g0 -DWUFFS_CONFIG__FUZZLIB_MAIN /tmp/silent-wuffs-N207-S1_H0-wimj4bv5/fuzz/c/std/gif_fuzzer.c -o /tmp/silent-wuffs-N207-S1_H0-wimj4bv5/.probe-0,0,0,"
RUNTIME:
/tmp/silent-wuffs-N207-S1_H0-wimj4bv5/.probe-input $base: short read
PASS: 1 files processed
"
W026,N207,S1_H1,fuzz/c/std/gif_fuzzer.c,PASS,PASS,/usr/bin/gcc -std=gnu11 -O0 -g0 -DWUFFS_CONFIG__FUZZLIB_MAIN /tmp/silent-wuffs-N207-S1_H1-cw7pqqcz/fuzz/c/std/gif_fuzzer.c -o /tmp/silent-wuffs-N207-S1_H1-cw7pqqcz/.probe-0,0,0,"
RUNTIME:
/tmp/silent-wuffs-N207-S1_H1-cw7pqqcz/.probe-input $base: short read
PASS: 1 files processed
"
W027,N208,S0_H0,fuzz/c/std/gif_fuzzer.c,PASS,PASS,/usr/bin/gcc -std=gnu11 -O0 -g0 -DWUFFS_CONFIG__FUZZLIB_MAIN /tmp/silent-wuffs-N208-S0_H0-udjqadqd/fuzz/c/std/gif_fuzzer.c -o /tmp/silent-wuffs-N208-S0_H0-udjqadqd/.probe-0,0,0,"
RUNTIME:
/tmp/silent-wuffs-N208-S0_H0-udjqadqd/.probe-input $base: short read
PASS: 1 files processed
"
W027,N208,S0_H0,fuzz/c/std/zlib_fuzzer.c,PASS,PASS,/usr/bin/gcc -std=gnu11 -O0 -g0 -DWUFFS_CONFIG__FUZZLIB_MAIN /tmp/silent-wuffs-N208-S0_H0-udjqadqd/fuzz/c/std/zlib_fuzzer.c -o /tmp/silent-wuffs-N208-S0_H0-udjqadqd/.probe-1,0,0,"
RUNTIME:
/tmp/silent-wuffs-N208-S0_H0-udjqadqd/.probe-input ?zlib: bad compression method
PASS: 1 files processed
"
W027,N208,S1_H0,fuzz/c/std/gif_fuzzer.c,FAIL,NOT_RUN,/usr/bin/gcc -std=gnu11 -O0 -g0 -DWUFFS_CONFIG__FUZZLIB_MAIN /tmp/silent-wuffs-N208-S1_H0-34adbqav/fuzz/c/std/gif_fuzzer.c -o /tmp/silent-wuffs-N208-S1_H0-34adbqav/.probe-0,1,,"/tmp/silent-wuffs-N208-S1_H0-34adbqav/fuzz/c/std/gif_fuzzer.c:46:10: fatal error: ../../../release/c/wuffs-unsupported-snapshot.h: No such file or directory
   46 | #include ""../../../release/c/wuffs-unsupported-snapshot.h""
      |          ^~~~~~~~~~~~~~~~~~~~~~~~~~~~~~~~~~~~~~~~~~~~~~~~~
compilation terminated.
"
W027,N208,S1_H0,fuzz/c/std/zlib_fuzzer.c,FAIL,NOT_RUN,/usr/bin/gcc -std=gnu11 -O0 -g0 -DWUFFS_CONFIG__FUZZLIB_MAIN /tmp/silent-wuffs-N208-S1_H0-34adbqav/fuzz/c/std/zlib_fuzzer.c -o /tmp/silent-wuffs-N208-S1_H0-34adbqav/.probe-1,1,,"/tmp/silent-wuffs-N208-S1_H0-34adbqav/fuzz/c/std/zlib_fuzzer.c:46:10: fatal error: ../../../release/c/wuffs-unsupported-snapshot.h: No such file or directory
   46 | #include ""../../../release/c/wuffs-unsupported-snapshot.h""
      |          ^~~~~~~~~~~~~~~~~~~~~~~~~~~~~~~~~~~~~~~~~~~~~~~~~
compilation terminated.
"
W027,N208,S1_H1,fuzz/c/std/gif_fuzzer.c,PASS,PASS,/usr/bin/gcc -std=gnu11 -O0 -g0 -DWUFFS_CONFIG__FUZZLIB_MAIN /tmp/silent-wuffs-N208-S1_H1-hgbmwkny/fuzz/c/std/gif_fuzzer.c -o /tmp/silent-wuffs-N208-S1_H1-hgbmwkny/.probe-0,0,0,"
RUNTIME:
/tmp/silent-wuffs-N208-S1_H1-hgbmwkny/.probe-input $base: short read
PASS: 1 files processed
"
W027,N208,S1_H1,fuzz/c/std/zlib_fuzzer.c,PASS,PASS,/usr/bin/gcc -std=gnu11 -O0 -g0 -DWUFFS_CONFIG__FUZZLIB_MAIN /tmp/silent-wuffs-N208-S1_H1-hgbmwkny/fuzz/c/std/zlib_fuzzer.c -o /tmp/silent-wuffs-N208-S1_H1-hgbmwkny/.probe-1,0,0,"
RUNTIME:
/tmp/silent-wuffs-N208-S1_H1-hgbmwkny/.probe-input ?zlib: bad compression method
PASS: 1 files processed
"
W028,N209,S0_H0,fuzz/c/std/gif_fuzzer.c,PASS,PASS,/usr/bin/gcc -std=gnu11 -O0 -g0 -DWUFFS_CONFIG__FUZZLIB_MAIN /tmp/silent-wuffs-N209-S0_H0-9uy04ohp/fuzz/c/std/gif_fuzzer.c -o /tmp/silent-wuffs-N209-S0_H0-9uy04ohp/.probe-0,0,0,"
RUNTIME:
/tmp/silent-wuffs-N209-S0_H0-9uy04ohp/.probe-input $base: short read
PASS: 1 files processed
"
W028,N209,S0_H0,fuzz/c/std/zlib_fuzzer.c,PASS,PASS,/usr/bin/gcc -std=gnu11 -O0 -g0 -DWUFFS_CONFIG__FUZZLIB_MAIN /tmp/silent-wuffs-N209-S0_H0-9uy04ohp/fuzz/c/std/zlib_fuzzer.c -o /tmp/silent-wuffs-N209-S0_H0-9uy04ohp/.probe-1,0,0,"
RUNTIME:
/tmp/silent-wuffs-N209-S0_H0-9uy04ohp/.probe-input ?zlib: bad compression method
PASS: 1 files processed
"
W028,N209,S1_H0,fuzz/c/std/gif_fuzzer.c,PASS,PASS,/usr/bin/gcc -std=gnu11 -O0 -g0 -DWUFFS_CONFIG__FUZZLIB_MAIN /tmp/silent-wuffs-N209-S1_H0-ae3njk9w/fuzz/c/std/gif_fuzzer.c -o /tmp/silent-wuffs-N209-S1_H0-ae3njk9w/.probe-0,0,0,"
RUNTIME:
/tmp/silent-wuffs-N209-S1_H0-ae3njk9w/.probe-input $base: short read
PASS: 1 files processed
"
W028,N209,S1_H0,fuzz/c/std/zlib_fuzzer.c,PASS,PASS,/usr/bin/gcc -std=gnu11 -O0 -g0 -DWUFFS_CONFIG__FUZZLIB_MAIN /tmp/silent-wuffs-N209-S1_H0-ae3njk9w/fuzz/c/std/zlib_fuzzer.c -o /tmp/silent-wuffs-N209-S1_H0-ae3njk9w/.probe-1,0,0,"
RUNTIME:
/tmp/silent-wuffs-N209-S1_H0-ae3njk9w/.probe-input ?zlib: bad compression method
PASS: 1 files processed
"
W028,N209,S1_H1,fuzz/c/std/gif_fuzzer.c,PASS,PASS,/usr/bin/gcc -std=gnu11 -O0 -g0 -DWUFFS_CONFIG__FUZZLIB_MAIN /tmp/silent-wuffs-N209-S1_H1-9amuf8eq/fuzz/c/std/gif_fuzzer.c -o /tmp/silent-wuffs-N209-S1_H1-9amuf8eq/.probe-0,0,0,"
RUNTIME:
/tmp/silent-wuffs-N209-S1_H1-9amuf8eq/.probe-input $base: short read
PASS: 1 files processed
"
W028,N209,S1_H1,fuzz/c/std/zlib_fuzzer.c,PASS,PASS,/usr/bin/gcc -std=gnu11 -O0 -g0 -DWUFFS_CONFIG__FUZZLIB_MAIN /tmp/silent-wuffs-N209-S1_H1-9amuf8eq/fuzz/c/std/zlib_fuzzer.c -o /tmp/silent-wuffs-N209-S1_H1-9amuf8eq/.probe-1,0,0,"
RUNTIME:
/tmp/silent-wuffs-N209-S1_H1-9amuf8eq/.probe-input ?zlib: bad compression method
PASS: 1 files processed
"
W029,N210,S0_H0,fuzz/c/std/zlib_fuzzer.c,PASS,PASS,/usr/bin/gcc -std=gnu11 -O0 -g0 -DWUFFS_CONFIG__FUZZLIB_MAIN /tmp/silent-wuffs-N210-S0_H0-x_40qrso/fuzz/c/std/zlib_fuzzer.c -o /tmp/silent-wuffs-N210-S0_H0-x_40qrso/.probe-0,0,0,"
RUNTIME:
/tmp/silent-wuffs-N210-S0_H0-x_40qrso/.probe-input ?zlib: bad compression method
PASS: 1 files processed
"
W029,N210,S1_H0,fuzz/c/std/zlib_fuzzer.c,FAIL,NOT_RUN,/usr/bin/gcc -std=gnu11 -O0 -g0 -DWUFFS_CONFIG__FUZZLIB_MAIN /tmp/silent-wuffs-N210-S1_H0-mc162f4j/fuzz/c/std/zlib_fuzzer.c -o /tmp/silent-wuffs-N210-S1_H0-mc162f4j/.probe-0,1,,"/tmp/silent-wuffs-N210-S1_H0-mc162f4j/fuzz/c/std/zlib_fuzzer.c: In function ‘fuzz’:
/tmp/silent-wuffs-N210-S1_H0-mc162f4j/fuzz/c/std/zlib_fuzzer.c:74:14: warning: implicit declaration of function ‘wuffs_zlib__decoder__decode’; did you mean ‘wuffs_gif__decoder__decode_gc’? [-Wimplicit-function-declaration]
   74 |     status = wuffs_zlib__decoder__decode(&dec, dst_writer, src_reader);
      |              ^~~~~~~~~~~~~~~~~~~~~~~~~~~
      |              wuffs_gif__decoder__decode_gc
/tmp/silent-wuffs-N210-S1_H0-mc162f4j/fuzz/c/std/zlib_fuzzer.c:74:12: warning: assignment to ‘const char *’ from ‘int’ makes pointer from integer without a cast [-Wint-conversion]
   74 |     status = wuffs_zlib__decoder__decode(&dec, dst_writer, src_reader);
      |            ^
/usr/bin/ld: /tmp/ccVFEOnj.o: in function `fuzz':
zlib_fuzzer.c:(.text+0xd97e): undefined reference to `wuffs_zlib__decoder__decode'
collect2: error: ld returned 1 exit status
"
W029,N210,S1_H1,fuzz/c/std/zlib_fuzzer.c,PASS,PASS,/usr/bin/gcc -std=gnu11 -O0 -g0 -DWUFFS_CONFIG__FUZZLIB_MAIN /tmp/silent-wuffs-N210-S1_H1-rowms3je/fuzz/c/std/zlib_fuzzer.c -o /tmp/silent-wuffs-N210-S1_H1-rowms3je/.probe-0,0,0,"
RUNTIME:
/tmp/silent-wuffs-N210-S1_H1-rowms3je/.probe-input ?zlib: bad compression method
PASS: 1 files processed
"
W030,N211,S0_H0,fuzz/c/std/gif_fuzzer.c,PASS,PASS,/usr/bin/gcc -std=gnu11 -O0 -g0 -DWUFFS_CONFIG__FUZZLIB_MAIN /tmp/silent-wuffs-N211-S0_H0-w1_2a32u/fuzz/c/std/gif_fuzzer.c -o /tmp/silent-wuffs-N211-S0_H0-w1_2a32u/.probe-0,0,0,"
RUNTIME:
/tmp/silent-wuffs-N211-S0_H0-w1_2a32u/.probe-input $base: short read
PASS: 1 files processed
"
W030,N211,S0_H0,fuzz/c/std/zlib_fuzzer.c,PASS,PASS,/usr/bin/gcc -std=gnu11 -O0 -g0 -DWUFFS_CONFIG__FUZZLIB_MAIN /tmp/silent-wuffs-N211-S0_H0-w1_2a32u/fuzz/c/std/zlib_fuzzer.c -o /tmp/silent-wuffs-N211-S0_H0-w1_2a32u/.probe-1,0,0,"
RUNTIME:
/tmp/silent-wuffs-N211-S0_H0-w1_2a32u/.probe-input ?zlib: bad compression method
PASS: 1 files processed
"
W030,N211,S1_H0,fuzz/c/std/gif_fuzzer.c,PASS,PASS,/usr/bin/gcc -std=gnu11 -O0 -g0 -DWUFFS_CONFIG__FUZZLIB_MAIN /tmp/silent-wuffs-N211-S1_H0-i85j5m6c/fuzz/c/std/gif_fuzzer.c -o /tmp/silent-wuffs-N211-S1_H0-i85j5m6c/.probe-0,0,0,"
RUNTIME:
/tmp/silent-wuffs-N211-S1_H0-i85j5m6c/.probe-input $base: short read
PASS: 1 files processed
"
W030,N211,S1_H0,fuzz/c/std/zlib_fuzzer.c,PASS,PASS,/usr/bin/gcc -std=gnu11 -O0 -g0 -DWUFFS_CONFIG__FUZZLIB_MAIN /tmp/silent-wuffs-N211-S1_H0-i85j5m6c/fuzz/c/std/zlib_fuzzer.c -o /tmp/silent-wuffs-N211-S1_H0-i85j5m6c/.probe-1,0,0,"
RUNTIME:
/tmp/silent-wuffs-N211-S1_H0-i85j5m6c/.probe-input ?zlib: bad compression method
PASS: 1 files processed
"
W030,N211,S1_H1,fuzz/c/std/gif_fuzzer.c,PASS,PASS,/usr/bin/gcc -std=gnu11 -O0 -g0 -DWUFFS_CONFIG__FUZZLIB_MAIN /tmp/silent-wuffs-N211-S1_H1-zjh_t4aq/fuzz/c/std/gif_fuzzer.c -o /tmp/silent-wuffs-N211-S1_H1-zjh_t4aq/.probe-0,0,0,"
RUNTIME:
/tmp/silent-wuffs-N211-S1_H1-zjh_t4aq/.probe-input $base: short read
PASS: 1 files processed
"
W030,N211,S1_H1,fuzz/c/std/zlib_fuzzer.c,PASS,PASS,/usr/bin/gcc -std=gnu11 -O0 -g0 -DWUFFS_CONFIG__FUZZLIB_MAIN /tmp/silent-wuffs-N211-S1_H1-zjh_t4aq/fuzz/c/std/zlib_fuzzer.c -o /tmp/silent-wuffs-N211-S1_H1-zjh_t4aq/.probe-1,0,0,"
RUNTIME:
/tmp/silent-wuffs-N211-S1_H1-zjh_t4aq/.probe-input ?zlib: bad compression method
PASS: 1 files processed
"
W031,N212,S0_H0,fuzz/c/std/zlib_fuzzer.c,PASS,PASS,/usr/bin/gcc -std=gnu11 -O0 -g0 -DWUFFS_CONFIG__FUZZLIB_MAIN /tmp/silent-wuffs-N212-S0_H0-ajj19hco/fuzz/c/std/zlib_fuzzer.c -o /tmp/silent-wuffs-N212-S0_H0-ajj19hco/.probe-0,0,0,"
RUNTIME:
/tmp/silent-wuffs-N212-S0_H0-ajj19hco/.probe-input ?zlib: bad compression method
PASS: 1 files processed
"
W031,N212,S1_H0,fuzz/c/std/zlib_fuzzer.c,PASS,PASS,/usr/bin/gcc -std=gnu11 -O0 -g0 -DWUFFS_CONFIG__FUZZLIB_MAIN /tmp/silent-wuffs-N212-S1_H0-4rk_l821/fuzz/c/std/zlib_fuzzer.c -o /tmp/silent-wuffs-N212-S1_H0-4rk_l821/.probe-0,0,0,"
RUNTIME:
/tmp/silent-wuffs-N212-S1_H0-4rk_l821/.probe-input ?zlib: bad compression method
PASS: 1 files processed
"
W031,N212,S1_H1,fuzz/c/std/zlib_fuzzer.c,PASS,PASS,/usr/bin/gcc -std=gnu11 -O0 -g0 -DWUFFS_CONFIG__FUZZLIB_MAIN /tmp/silent-wuffs-N212-S1_H1-0tl1k_we/fuzz/c/std/zlib_fuzzer.c -o /tmp/silent-wuffs-N212-S1_H1-0tl1k_we/.probe-0,0,0,"
RUNTIME:
/tmp/silent-wuffs-N212-S1_H1-0tl1k_we/.probe-input ?zlib: bad compression method
PASS: 1 files processed
"
W032,N213,S0_H0,fuzz/c/std/zlib_fuzzer.c,PASS,PASS,/usr/bin/gcc -std=gnu11 -O0 -g0 -DWUFFS_CONFIG__FUZZLIB_MAIN /tmp/silent-wuffs-N213-S0_H0-tb5lb1qd/fuzz/c/std/zlib_fuzzer.c -o /tmp/silent-wuffs-N213-S0_H0-tb5lb1qd/.probe-0,0,0,"
RUNTIME:
/tmp/silent-wuffs-N213-S0_H0-tb5lb1qd/.probe-input ?zlib: bad compression method
PASS: 1 files processed
"
W032,N213,S1_H0,fuzz/c/std/zlib_fuzzer.c,FAIL,NOT_RUN,/usr/bin/gcc -std=gnu11 -O0 -g0 -DWUFFS_CONFIG__FUZZLIB_MAIN /tmp/silent-wuffs-N213-S1_H0-ktnn6ig4/fuzz/c/std/zlib_fuzzer.c -o /tmp/silent-wuffs-N213-S1_H0-ktnn6ig4/.probe-0,1,,"/tmp/silent-wuffs-N213-S1_H0-ktnn6ig4/fuzz/c/std/zlib_fuzzer.c:51:26: error: ‘WUFFS_ZLIB__MAX_INCL_WORKBUF_LEN’ undeclared here (not in a function)
   51 | #define WORK_BUFFER_SIZE WUFFS_ZLIB__MAX_INCL_WORKBUF_LEN
      |                          ^~~~~~~~~~~~~~~~~~~~~~~~~~~~~~~~
/tmp/silent-wuffs-N213-S1_H0-ktnn6ig4/fuzz/c/std/zlib_fuzzer.c:52:21: note: in expansion of macro ‘WORK_BUFFER_SIZE’
   52 | uint8_t work_buffer[WORK_BUFFER_SIZE];
      |                     ^~~~~~~~~~~~~~~~
"
W032,N213,S1_H1,fuzz/c/std/zlib_fuzzer.c,PASS,PASS,/usr/bin/gcc -std=gnu11 -O0 -g0 -DWUFFS_CONFIG__FUZZLIB_MAIN /tmp/silent-wuffs-N213-S1_H1-fc61soa5/fuzz/c/std/zlib_fuzzer.c -o /tmp/silent-wuffs-N213-S1_H1-fc61soa5/.probe-0,0,0,"
RUNTIME:
/tmp/silent-wuffs-N213-S1_H1-fc61soa5/.probe-input ?zlib: bad compression method
PASS: 1 files processed
"
W033,N214,S0_H0,fuzz/c/std/zlib_fuzzer.c,PASS,PASS,/usr/bin/gcc -std=gnu11 -O0 -g0 -DWUFFS_CONFIG__FUZZLIB_MAIN /tmp/silent-wuffs-N214-S0_H0-m3z094to/fuzz/c/std/zlib_fuzzer.c -o /tmp/silent-wuffs-N214-S0_H0-m3z094to/.probe-0,0,0,"
RUNTIME:
/tmp/silent-wuffs-N214-S0_H0-m3z094to/.probe-input ?zlib: bad compression method
PASS: 1 files processed
"
W033,N214,S1_H0,fuzz/c/std/zlib_fuzzer.c,FAIL,NOT_RUN,/usr/bin/gcc -std=gnu11 -O0 -g0 -DWUFFS_CONFIG__FUZZLIB_MAIN /tmp/silent-wuffs-N214-S1_H0-2nqz5wd_/fuzz/c/std/zlib_fuzzer.c -o /tmp/silent-wuffs-N214-S1_H0-2nqz5wd_/.probe-0,1,,"/tmp/silent-wuffs-N214-S1_H0-2nqz5wd_/fuzz/c/std/zlib_fuzzer.c:51:26: error: ‘WUFFS_ZLIB__DECODER_WORKBUF_LEN_MAX_INCL’ undeclared here (not in a function); did you mean ‘WUFFS_ZLIB__DECODER_WORKBUF_LEN_MAX_INCL_WORST_CASE’?
   51 | #define WORK_BUFFER_SIZE WUFFS_ZLIB__DECODER_WORKBUF_LEN_MAX_INCL
      |                          ^~~~~~~~~~~~~~~~~~~~~~~~~~~~~~~~~~~~~~~~
/tmp/silent-wuffs-N214-S1_H0-2nqz5wd_/fuzz/c/std/zlib_fuzzer.c:52:21: note: in expansion of macro ‘WORK_BUFFER_SIZE’
   52 | uint8_t work_buffer[WORK_BUFFER_SIZE];
      |                     ^~~~~~~~~~~~~~~~
"
W033,N214,S1_H1,fuzz/c/std/zlib_fuzzer.c,PASS,PASS,/usr/bin/gcc -std=gnu11 -O0 -g0 -DWUFFS_CONFIG__FUZZLIB_MAIN /tmp/silent-wuffs-N214-S1_H1-hh685_b6/fuzz/c/std/zlib_fuzzer.c -o /tmp/silent-wuffs-N214-S1_H1-hh685_b6/.probe-0,0,0,"
RUNTIME:
/tmp/silent-wuffs-N214-S1_H1-hh685_b6/.probe-input ?zlib: bad compression method
PASS: 1 files processed
"
W034,N215,S0_H0,fuzz/c/std/gif_fuzzer.c,PASS,PASS,/usr/bin/gcc -std=gnu11 -O0 -g0 -DWUFFS_CONFIG__FUZZLIB_MAIN /tmp/silent-wuffs-N215-S0_H0-3widvsro/fuzz/c/std/gif_fuzzer.c -o /tmp/silent-wuffs-N215-S0_H0-3widvsro/.probe-0,0,0,"
RUNTIME:
/tmp/silent-wuffs-N215-S0_H0-3widvsro/.probe-input $base: short read
PASS: 1 files processed
"
W034,N215,S1_H0,fuzz/c/std/gif_fuzzer.c,PASS,PASS,/usr/bin/gcc -std=gnu11 -O0 -g0 -DWUFFS_CONFIG__FUZZLIB_MAIN /tmp/silent-wuffs-N215-S1_H0-jylmbld6/fuzz/c/std/gif_fuzzer.c -o /tmp/silent-wuffs-N215-S1_H0-jylmbld6/.probe-0,0,0,"
RUNTIME:
/tmp/silent-wuffs-N215-S1_H0-jylmbld6/.probe-input $base: short read
PASS: 1 files processed
"
W034,N215,S1_H1,fuzz/c/std/gif_fuzzer.c,PASS,PASS,/usr/bin/gcc -std=gnu11 -O0 -g0 -DWUFFS_CONFIG__FUZZLIB_MAIN /tmp/silent-wuffs-N215-S1_H1-8896m8ab/fuzz/c/std/gif_fuzzer.c -o /tmp/silent-wuffs-N215-S1_H1-8896m8ab/.probe-0,0,0,"
RUNTIME:
/tmp/silent-wuffs-N215-S1_H1-8896m8ab/.probe-input $base: short read
PASS: 1 files processed
"
W035,N216,S0_H0,fuzz/c/std/gif_fuzzer.c,PASS,PASS,/usr/bin/gcc -std=gnu11 -O0 -g0 -DWUFFS_CONFIG__FUZZLIB_MAIN /tmp/silent-wuffs-N216-S0_H0-b157ubin/fuzz/c/std/gif_fuzzer.c -o /tmp/silent-wuffs-N216-S0_H0-b157ubin/.probe-0,0,0,"
RUNTIME:
- /tmp/silent-wuffs-N216-S0_H0-b157ubin/.probe-input        $base: short read
PASS: 1 files processed
"
W035,N216,S1_H0,fuzz/c/std/gif_fuzzer.c,PASS,PASS,/usr/bin/gcc -std=gnu11 -O0 -g0 -DWUFFS_CONFIG__FUZZLIB_MAIN /tmp/silent-wuffs-N216-S1_H0-hh3ijz4t/fuzz/c/std/gif_fuzzer.c -o /tmp/silent-wuffs-N216-S1_H0-hh3ijz4t/.probe-0,0,0,"
RUNTIME:
- /tmp/silent-wuffs-N216-S1_H0-hh3ijz4t/.probe-input        $base: short read
PASS: 1 files processed
"
W035,N216,S1_H1,fuzz/c/std/gif_fuzzer.c,PASS,PASS,/usr/bin/gcc -std=gnu11 -O0 -g0 -DWUFFS_CONFIG__FUZZLIB_MAIN /tmp/silent-wuffs-N216-S1_H1-bmq7kyz2/fuzz/c/std/gif_fuzzer.c -o /tmp/silent-wuffs-N216-S1_H1-bmq7kyz2/.probe-0,0,0,"
RUNTIME:
- /tmp/silent-wuffs-N216-S1_H1-bmq7kyz2/.probe-input        $base: short read
PASS: 1 files processed
"
W036,N217,S0_H0,fuzz/c/std/gif_fuzzer.c,PASS,PASS,/usr/bin/gcc -std=gnu11 -O0 -g0 -DWUFFS_CONFIG__FUZZLIB_MAIN /tmp/silent-wuffs-N217-S0_H0-jro2r6wc/fuzz/c/std/gif_fuzzer.c -o /tmp/silent-wuffs-N217-S0_H0-jro2r6wc/.probe-0,0,0,"
RUNTIME:
- /tmp/silent-wuffs-N217-S0_H0-jro2r6wc/.probe-input        $base: short read
PASS: 1 files processed
"
W036,N217,S0_H0,fuzz/c/std/zlib_fuzzer.c,PASS,PASS,/usr/bin/gcc -std=gnu11 -O0 -g0 -DWUFFS_CONFIG__FUZZLIB_MAIN /tmp/silent-wuffs-N217-S0_H0-jro2r6wc/fuzz/c/std/zlib_fuzzer.c -o /tmp/silent-wuffs-N217-S0_H0-jro2r6wc/.probe-1,0,0,"
RUNTIME:
- /tmp/silent-wuffs-N217-S0_H0-jro2r6wc/.probe-input        #zlib: bad compression method
PASS: 1 files processed
"
W036,N217,S1_H0,fuzz/c/std/gif_fuzzer.c,FAIL,NOT_RUN,/usr/bin/gcc -std=gnu11 -O0 -g0 -DWUFFS_CONFIG__FUZZLIB_MAIN /tmp/silent-wuffs-N217-S1_H0-pipdgr9q/fuzz/c/std/gif_fuzzer.c -o /tmp/silent-wuffs-N217-S1_H0-pipdgr9q/.probe-0,1,,"In file included from /tmp/silent-wuffs-N217-S1_H0-pipdgr9q/fuzz/c/std/gif_fuzzer.c:49:
/tmp/silent-wuffs-N217-S1_H0-pipdgr9q/fuzz/c/std/../fuzzlib/fuzzlib.c:30:18: error: unknown type name ‘wuffs_base__io_reader’; did you mean ‘wuffs_base__io_buffer’?
   30 | const char* fuzz(wuffs_base__io_reader src_reader, uint32_t hash);
      |                  ^~~~~~~~~~~~~~~~~~~~~
      |                  wuffs_base__io_buffer
/tmp/silent-wuffs-N217-S1_H0-pipdgr9q/fuzz/c/std/../fuzzlib/fuzzlib.c: In function ‘llvmFuzzerTestOneInput’:
/tmp/silent-wuffs-N217-S1_H0-pipdgr9q/fuzz/c/std/../fuzzlib/fuzzlib.c:58:21: warning: implicit declaration of function ‘fuzz’ [-Wimplicit-function-declaration]
   58 |   const char* msg = fuzz(wuffs_base__io_buffer__reader(&src), hash);
      |                     ^~~~
/tmp/silent-wuffs-N217-S1_H0-pipdgr9q/fuzz/c/std/../fuzzlib/fuzzlib.c:58:26: warning: implicit declaration of function ‘wuffs_base__io_buffer__reader’; did you mean ‘wuffs_base__io_buffer__compact’? [-Wimplicit-function-declaration]
   58 |   const char* msg = fuzz(wuffs_base__io_buffer__reader(&src), hash);
      |                          ^~~~~~~~~~~~~~~~~~~~~~~~~~~~~
      |                          wuffs_base__io_buffer__compact
/tmp/silent-wuffs-N217-S1_H0-pipdgr9q/fuzz/c/std/../fuzzlib/fuzzlib.c:58:21: warning: initialization of ‘const char *’ from ‘int’ makes pointer from integer without a cast [-Wint-conversion]
   58 |   const char* msg = fuzz(wuffs_base__io_buffer__reader(&src), hash);
      |                     ^~~~
/tmp/silent-wuffs-N217-S1_H0-pipdgr9q/fuzz/c/std/gif_fuzzer.c: At top level:
/tmp/silent-wuffs-N217-S1_H0-pipdgr9q/fuzz/c/std/gif_fuzzer.c:51:18: error: unknown type name ‘wuffs_base__io_reader’; did you mean ‘wuffs_base__io_buffer’?
   51 | const char* fuzz(wuffs_base__io_reader src_reader, uint32_t hash) {
      |                  ^~~~~~~~~~~~~~~~~~~~~
      |                  wuffs_base__io_buffer
"
W036,N217,S1_H0,fuzz/c/std/zlib_fuzzer.c,FAIL,NOT_RUN,/usr/bin/gcc -std=gnu11 -O0 -g0 -DWUFFS_CONFIG__FUZZLIB_MAIN /tmp/silent-wuffs-N217-S1_H0-pipdgr9q/fuzz/c/std/zlib_fuzzer.c -o /tmp/silent-wuffs-N217-S1_H0-pipdgr9q/.probe-1,1,,"In file included from /tmp/silent-wuffs-N217-S1_H0-pipdgr9q/fuzz/c/std/zlib_fuzzer.c:49:
/tmp/silent-wuffs-N217-S1_H0-pipdgr9q/fuzz/c/std/../fuzzlib/fuzzlib.c:30:18: error: unknown type name ‘wuffs_base__io_reader’; did you mean ‘wuffs_base__io_buffer’?
   30 | const char* fuzz(wuffs_base__io_reader src_reader, uint32_t hash);
      |                  ^~~~~~~~~~~~~~~~~~~~~
      |                  wuffs_base__io_buffer
/tmp/silent-wuffs-N217-S1_H0-pipdgr9q/fuzz/c/std/../fuzzlib/fuzzlib.c: In function ‘llvmFuzzerTestOneInput’:
/tmp/silent-wuffs-N217-S1_H0-pipdgr9q/fuzz/c/std/../fuzzlib/fuzzlib.c:58:21: warning: implicit declaration of function ‘fuzz’ [-Wimplicit-function-declaration]
   58 |   const char* msg = fuzz(wuffs_base__io_buffer__reader(&src), hash);
      |                     ^~~~
/tmp/silent-wuffs-N217-S1_H0-pipdgr9q/fuzz/c/std/../fuzzlib/fuzzlib.c:58:26: warning: implicit declaration of function ‘wuffs_base__io_buffer__reader’; did you mean ‘wuffs_base__io_buffer__compact’? [-Wimplicit-function-declaration]
   58 |   const char* msg = fuzz(wuffs_base__io_buffer__reader(&src), hash);
      |                          ^~~~~~~~~~~~~~~~~~~~~~~~~~~~~
      |                          wuffs_base__io_buffer__compact
/tmp/silent-wuffs-N217-S1_H0-pipdgr9q/fuzz/c/std/../fuzzlib/fuzzlib.c:58:21: warning: initialization of ‘const char *’ from ‘int’ makes pointer from integer without a cast [-Wint-conversion]
   58 |   const char* msg = fuzz(wuffs_base__io_buffer__reader(&src), hash);
      |                     ^~~~
/tmp/silent-wuffs-N217-S1_H0-pipdgr9q/fuzz/c/std/zlib_fuzzer.c: At top level:
/tmp/silent-wuffs-N217-S1_H0-pipdgr9q/fuzz/c/std/zlib_fuzzer.c:63:18: error: unknown type name ‘wuffs_base__io_reader’; did you mean ‘wuffs_base__io_buffer’?
   63 | const char* fuzz(wuffs_base__io_reader src_reader, uint32_t hash) {
      |                  ^~~~~~~~~~~~~~~~~~~~~
      |                  wuffs_base__io_buffer
"
W036,N217,S1_H1,fuzz/c/std/gif_fuzzer.c,PASS,PASS,/usr/bin/gcc -std=gnu11 -O0 -g0 -DWUFFS_CONFIG__FUZZLIB_MAIN /tmp/silent-wuffs-N217-S1_H1-kqe_uhyu/fuzz/c/std/gif_fuzzer.c -o /tmp/silent-wuffs-N217-S1_H1-kqe_uhyu/.probe-0,0,0,"
RUNTIME:
- /tmp/silent-wuffs-N217-S1_H1-kqe_uhyu/.probe-input        $base: short read
PASS: 1 files processed
"
W036,N217,S1_H1,fuzz/c/std/zlib_fuzzer.c,PASS,PASS,/usr/bin/gcc -std=gnu11 -O0 -g0 -DWUFFS_CONFIG__FUZZLIB_MAIN /tmp/silent-wuffs-N217-S1_H1-kqe_uhyu/fuzz/c/std/zlib_fuzzer.c -o /tmp/silent-wuffs-N217-S1_H1-kqe_uhyu/.probe-1,0,0,"
RUNTIME:
- /tmp/silent-wuffs-N217-S1_H1-kqe_uhyu/.probe-input        #zlib: bad compression method
PASS: 1 files processed
"
W037,N218,S0_H0,fuzz/c/std/gif_fuzzer.c,PASS,PASS,/usr/bin/gcc -std=gnu11 -O0 -g0 -DWUFFS_CONFIG__FUZZLIB_MAIN /tmp/silent-wuffs-N218-S0_H0-jbq2gbkw/fuzz/c/std/gif_fuzzer.c -o /tmp/silent-wuffs-N218-S0_H0-jbq2gbkw/.probe-0,0,0,"
RUNTIME:
- /tmp/silent-wuffs-N218-S0_H0-jbq2gbkw/.probe-input        $base: short read
PASS: 1 files processed
"
W037,N218,S0_H0,fuzz/c/std/zlib_fuzzer.c,PASS,PASS,/usr/bin/gcc -std=gnu11 -O0 -g0 -DWUFFS_CONFIG__FUZZLIB_MAIN /tmp/silent-wuffs-N218-S0_H0-jbq2gbkw/fuzz/c/std/zlib_fuzzer.c -o /tmp/silent-wuffs-N218-S0_H0-jbq2gbkw/.probe-1,0,0,"
RUNTIME:
- /tmp/silent-wuffs-N218-S0_H0-jbq2gbkw/.probe-input        #zlib: bad compression method
PASS: 1 files processed
"
W037,N218,S1_H0,fuzz/c/std/gif_fuzzer.c,FAIL,NOT_RUN,/usr/bin/gcc -std=gnu11 -O0 -g0 -DWUFFS_CONFIG__FUZZLIB_MAIN /tmp/silent-wuffs-N218-S1_H0-i_hs6x3n/fuzz/c/std/gif_fuzzer.c -o /tmp/silent-wuffs-N218-S1_H0-i_hs6x3n/.probe-0,1,,"/tmp/silent-wuffs-N218-S1_H0-i_hs6x3n/fuzz/c/std/gif_fuzzer.c: In function ‘fuzz’:
/tmp/silent-wuffs-N218-S1_H0-i_hs6x3n/fuzz/c/std/gif_fuzzer.c:60:26: error: incompatible types when initializing type ‘const char *’ using type ‘wuffs_base__status’
   60 |     const char* status = wuffs_gif__decoder__initialize(
      |                          ^~~~~~~~~~~~~~~~~~~~~~~~~~~~~~
/tmp/silent-wuffs-N218-S1_H0-i_hs6x3n/fuzz/c/std/gif_fuzzer.c:70:14: error: incompatible types when assigning to type ‘const char *’ from type ‘wuffs_base__status’
   70 |     status = wuffs_gif__decoder__decode_image_config(&dec, &ic, src);
      |              ^~~~~~~~~~~~~~~~~~~~~~~~~~~~~~~~~~~~~~~
/tmp/silent-wuffs-N218-S1_H0-i_hs6x3n/fuzz/c/std/gif_fuzzer.c:109:14: error: incompatible types when assigning to type ‘const char *’ from type ‘wuffs_base__status’
  109 |     status = wuffs_base__pixel_buffer__set_from_slice(&pb, &ic.pixcfg, pixbuf);
      |              ^~~~~~~~~~~~~~~~~~~~~~~~~~~~~~~~~~~~~~~~
/tmp/silent-wuffs-N218-S1_H0-i_hs6x3n/fuzz/c/std/gif_fuzzer.c:118:16: error: incompatible types when assigning to type ‘const char *’ from type ‘wuffs_base__status’
  118 |       status = wuffs_gif__decoder__decode_frame_config(&dec, &fc, src);
      |                ^~~~~~~~~~~~~~~~~~~~~~~~~~~~~~~~~~~~~~~
/tmp/silent-wuffs-N218-S1_H0-i_hs6x3n/fuzz/c/std/gif_fuzzer.c:126:16: error: incompatible types when assigning to type ‘const char *’ from type ‘wuffs_base__status’
  126 |       status = wuffs_gif__decoder__decode_frame(&dec, &pb, src, workbuf, NULL);
      |                ^~~~~~~~~~~~~~~~~~~~~~~~~~~~~~~~
"
W037,N218,S1_H0,fuzz/c/std/zlib_fuzzer.c,FAIL,NOT_RUN,/usr/bin/gcc -std=gnu11 -O0 -g0 -DWUFFS_CONFIG__FUZZLIB_MAIN /tmp/silent-wuffs-N218-S1_H0-i_hs6x3n/fuzz/c/std/zlib_fuzzer.c -o /tmp/silent-wuffs-N218-S1_H0-i_hs6x3n/.probe-1,1,,"/tmp/silent-wuffs-N218-S1_H0-i_hs6x3n/fuzz/c/std/zlib_fuzzer.c: In function ‘fuzz’:
/tmp/silent-wuffs-N218-S1_H0-i_hs6x3n/fuzz/c/std/zlib_fuzzer.c:65:24: error: incompatible types when initializing type ‘const char *’ using type ‘wuffs_base__status’
   65 |   const char* status = wuffs_zlib__decoder__initialize(
      |                        ^~~~~~~~~~~~~~~~~~~~~~~~~~~~~~~
/tmp/silent-wuffs-N218-S1_H0-i_hs6x3n/fuzz/c/std/zlib_fuzzer.c:87:14: error: incompatible types when assigning to type ‘const char *’ from type ‘wuffs_base__status’
   87 |     status = wuffs_zlib__decoder__decode_io_writer(&dec, &dst, src,
      |              ^~~~~~~~~~~~~~~~~~~~~~~~~~~~~~~~~~~~~
"
W037,N218,S1_H1,fuzz/c/std/gif_fuzzer.c,PASS,PASS,/usr/bin/gcc -std=gnu11 -O0 -g0 -DWUFFS_CONFIG__FUZZLIB_MAIN /tmp/silent-wuffs-N218-S1_H1-2vmk_pjl/fuzz/c/std/gif_fuzzer.c -o /tmp/silent-wuffs-N218-S1_H1-2vmk_pjl/.probe-0,0,0,"
RUNTIME:
- /tmp/silent-wuffs-N218-S1_H1-2vmk_pjl/.probe-input        base: short read
PASS: 1 files processed
"
W037,N218,S1_H1,fuzz/c/std/zlib_fuzzer.c,PASS,PASS,/usr/bin/gcc -std=gnu11 -O0 -g0 -DWUFFS_CONFIG__FUZZLIB_MAIN /tmp/silent-wuffs-N218-S1_H1-2vmk_pjl/fuzz/c/std/zlib_fuzzer.c -o /tmp/silent-wuffs-N218-S1_H1-2vmk_pjl/.probe-1,0,0,"
RUNTIME:
- /tmp/silent-wuffs-N218-S1_H1-2vmk_pjl/.probe-input        zlib: bad compression method
PASS: 1 files processed
"
W038,N219,S0_H0,fuzz/c/std/gif_fuzzer.c,PASS,PASS,/usr/bin/gcc -std=gnu11 -O0 -g0 -DWUFFS_CONFIG__FUZZLIB_MAIN /tmp/silent-wuffs-N219-S0_H0-pjkhmg77/fuzz/c/std/gif_fuzzer.c -o /tmp/silent-wuffs-N219-S0_H0-pjkhmg77/.probe-0,0,0,"
RUNTIME:
- /tmp/silent-wuffs-N219-S0_H0-pjkhmg77/.probe-input        base: short read
PASS: 1 files processed
"
W038,N219,S1_H0,fuzz/c/std/gif_fuzzer.c,FAIL,NOT_RUN,/usr/bin/gcc -std=gnu11 -O0 -g0 -DWUFFS_CONFIG__FUZZLIB_MAIN /tmp/silent-wuffs-N219-S1_H0-mydh53an/fuzz/c/std/gif_fuzzer.c -o /tmp/silent-wuffs-N219-S1_H0-mydh53an/.probe-0,1,,"/tmp/silent-wuffs-N219-S1_H0-mydh53an/fuzz/c/std/gif_fuzzer.c: In function ‘fuzz’:
/tmp/silent-wuffs-N219-S1_H0-mydh53an/fuzz/c/std/gif_fuzzer.c:120:29: error: ‘wuffs_base__warning__end_of_data’ undeclared (first use in this function); did you mean ‘wuffs_base__note__end_of_data’?
  120 |         if ((status.repr != wuffs_base__warning__end_of_data) || !seen_ok) {
      |                             ^~~~~~~~~~~~~~~~~~~~~~~~~~~~~~~~
      |                             wuffs_base__note__end_of_data
/tmp/silent-wuffs-N219-S1_H0-mydh53an/fuzz/c/std/gif_fuzzer.c:120:29: note: each undeclared identifier is reported only once for each function it appears in
"
W038,N219,S1_H1,fuzz/c/std/gif_fuzzer.c,PASS,PASS,/usr/bin/gcc -std=gnu11 -O0 -g0 -DWUFFS_CONFIG__FUZZLIB_MAIN /tmp/silent-wuffs-N219-S1_H1-u2op2a4a/fuzz/c/std/gif_fuzzer.c -o /tmp/silent-wuffs-N219-S1_H1-u2op2a4a/.probe-0,0,0,"
RUNTIME:
- /tmp/silent-wuffs-N219-S1_H1-u2op2a4a/.probe-input        base: short read
PASS: 1 files processed
"
W039,N220,S0_H0,fuzz/c/std/zlib_fuzzer.c,PASS,PASS,/usr/bin/gcc -std=gnu11 -O0 -g0 -DWUFFS_CONFIG__FUZZLIB_MAIN /tmp/silent-wuffs-N220-S0_H0-4w4xwfuf/fuzz/c/std/zlib_fuzzer.c -o /tmp/silent-wuffs-N220-S0_H0-4w4xwfuf/.probe-0,0,0,"
RUNTIME:
- /tmp/silent-wuffs-N220-S0_H0-4w4xwfuf/.probe-input        zlib: bad compression method
PASS: 1 files processed
"
W039,N220,S1_H0,fuzz/c/std/zlib_fuzzer.c,FAIL,NOT_RUN,/usr/bin/gcc -std=gnu11 -O0 -g0 -DWUFFS_CONFIG__FUZZLIB_MAIN /tmp/silent-wuffs-N220-S1_H0-3nqzg39p/fuzz/c/std/zlib_fuzzer.c -o /tmp/silent-wuffs-N220-S1_H0-3nqzg39p/.probe-0,1,,"/tmp/silent-wuffs-N220-S1_H0-3nqzg39p/fuzz/c/std/zlib_fuzzer.c: In function ‘fuzz’:
/tmp/silent-wuffs-N220-S1_H0-3nqzg39p/fuzz/c/std/zlib_fuzzer.c:87:14: warning: implicit declaration of function ‘wuffs_zlib__decoder__decode_io_writer’; did you mean ‘wuffs_gif__decoder__decode_id_part2’? [-Wimplicit-function-declaration]
   87 |     status = wuffs_zlib__decoder__decode_io_writer(&dec, &dst, src,
      |              ^~~~~~~~~~~~~~~~~~~~~~~~~~~~~~~~~~~~~
      |              wuffs_gif__decoder__decode_id_part2
/tmp/silent-wuffs-N220-S1_H0-3nqzg39p/fuzz/c/std/zlib_fuzzer.c:87:14: error: incompatible types when assigning to type ‘wuffs_base__status’ from type ‘int’
"
W039,N220,S1_H1,fuzz/c/std/zlib_fuzzer.c,PASS,PASS,/usr/bin/gcc -std=gnu11 -O0 -g0 -DWUFFS_CONFIG__FUZZLIB_MAIN /tmp/silent-wuffs-N220-S1_H1-8wfp_bwo/fuzz/c/std/zlib_fuzzer.c -o /tmp/silent-wuffs-N220-S1_H1-8wfp_bwo/.probe-0,0,0,"
RUNTIME:
- /tmp/silent-wuffs-N220-S1_H1-8wfp_bwo/.probe-input        zlib: bad compression method
PASS: 1 files processed
"
W040,N221,S0_H0,fuzz/c/std/gif_fuzzer.c,PASS,PASS,/usr/bin/gcc -std=gnu11 -O0 -g0 -DWUFFS_CONFIG__FUZZLIB_MAIN /tmp/silent-wuffs-N221-S0_H0-dg3pqgdm/fuzz/c/std/gif_fuzzer.c -o /tmp/silent-wuffs-N221-S0_H0-dg3pqgdm/.probe-0,0,0,"
RUNTIME:
- /tmp/silent-wuffs-N221-S0_H0-dg3pqgdm/.probe-input        base: short read
PASS: 1 files processed
"
W040,N221,S1_H0,fuzz/c/std/gif_fuzzer.c,FAIL,NOT_RUN,/usr/bin/gcc -std=gnu11 -O0 -g0 -DWUFFS_CONFIG__FUZZLIB_MAIN /tmp/silent-wuffs-N221-S1_H0-4ryijpwt/fuzz/c/std/gif_fuzzer.c -o /tmp/silent-wuffs-N221-S1_H0-4ryijpwt/.probe-0,1,,"/tmp/silent-wuffs-N221-S1_H0-4ryijpwt/fuzz/c/std/gif_fuzzer.c: In function ‘fuzz’:
/tmp/silent-wuffs-N221-S1_H0-4ryijpwt/fuzz/c/std/gif_fuzzer.c:126:65: error: incompatible type for argument 4 of ‘wuffs_gif__decoder__decode_frame’
  126 |       status = wuffs_gif__decoder__decode_frame(&dec, &pb, src, workbuf, NULL);
      |                                                                 ^~~~~~~
      |                                                                 |
      |                                                                 wuffs_base__slice_u8
In file included from /tmp/silent-wuffs-N221-S1_H0-4ryijpwt/fuzz/c/std/gif_fuzzer.c:48:
/tmp/silent-wuffs-N221-S1_H0-4ryijpwt/fuzz/c/std/../../../release/c/wuffs-unsupported-snapshot.c:10304:58: note: expected ‘wuffs_base__pixel_blend’ {aka ‘unsigned char’} but argument is of type ‘wuffs_base__slice_u8’
10304 |                                  wuffs_base__pixel_blend a_blend,
      |                                  ~~~~~~~~~~~~~~~~~~~~~~~~^~~~~~~
/tmp/silent-wuffs-N221-S1_H0-4ryijpwt/fuzz/c/std/gif_fuzzer.c:126:74: error: incompatible type for argument 5 of ‘wuffs_gif__decoder__decode_frame’
  126 |       status = wuffs_gif__decoder__decode_frame(&dec, &pb, src, workbuf, NULL);
      |                                                                          ^~~~
      |                                                                          |
      |                                                                          void *
/tmp/silent-wuffs-N221-S1_H0-4ryijpwt/fuzz/c/std/../../../release/c/wuffs-unsupported-snapshot.c:10305:55: note: expected ‘wuffs_base__slice_u8’ but argument is of type ‘void *’
10305 |                                  wuffs_base__slice_u8 a_workbuf,
      |                                  ~~~~~~~~~~~~~~~~~~~~~^~~~~~~~~
/tmp/silent-wuffs-N221-S1_H0-4ryijpwt/fuzz/c/std/gif_fuzzer.c:126:16: error: too few arguments to function ‘wuffs_gif__decoder__decode_frame’
  126 |       status = wuffs_gif__decoder__decode_frame(&dec, &pb, src, workbuf, NULL);
      |                ^~~~~~~~~~~~~~~~~~~~~~~~~~~~~~~~
/tmp/silent-wuffs-N221-S1_H0-4ryijpwt/fuzz/c/std/../../../release/c/wuffs-unsupported-snapshot.c:10301:1: note: declared here
10301 | wuffs_gif__decoder__decode_frame(wuffs_gif__decoder* self,
      | ^~~~~~~~~~~~~~~~~~~~~~~~~~~~~~~~
"
W040,N221,S1_H1,fuzz/c/std/gif_fuzzer.c,PASS,PASS,/usr/bin/gcc -std=gnu11 -O0 -g0 -DWUFFS_CONFIG__FUZZLIB_MAIN /tmp/silent-wuffs-N221-S1_H1-c1_asvj_/fuzz/c/std/gif_fuzzer.c -o /tmp/silent-wuffs-N221-S1_H1-c1_asvj_/.probe-0,0,0,"
RUNTIME:
- /tmp/silent-wuffs-N221-S1_H1-c1_asvj_/.probe-input        base: short read
PASS: 1 files processed
"
W041,N222,S0_H0,fuzz/c/std/gif_fuzzer.c,PASS,PASS,/usr/bin/gcc -std=gnu11 -O0 -g0 -DWUFFS_CONFIG__FUZZLIB_MAIN /tmp/silent-wuffs-N222-S0_H0-la96rhsj/fuzz/c/std/gif_fuzzer.c -o /tmp/silent-wuffs-N222-S0_H0-la96rhsj/.probe-0,0,0,"
RUNTIME:
- /tmp/silent-wuffs-N222-S0_H0-la96rhsj/.probe-input        base: short read
PASS: 1 files processed
"
W041,N222,S0_H0,fuzz/c/std/zlib_fuzzer.c,PASS,PASS,/usr/bin/gcc -std=gnu11 -O0 -g0 -DWUFFS_CONFIG__FUZZLIB_MAIN /tmp/silent-wuffs-N222-S0_H0-la96rhsj/fuzz/c/std/zlib_fuzzer.c -o /tmp/silent-wuffs-N222-S0_H0-la96rhsj/.probe-1,0,0,"
RUNTIME:
- /tmp/silent-wuffs-N222-S0_H0-la96rhsj/.probe-input        zlib: bad compression method
PASS: 1 files processed
"
W041,N222,S1_H0,fuzz/c/std/gif_fuzzer.c,PASS,PASS,/usr/bin/gcc -std=gnu11 -O0 -g0 -DWUFFS_CONFIG__FUZZLIB_MAIN /tmp/silent-wuffs-N222-S1_H0-t6pgkm4s/fuzz/c/std/gif_fuzzer.c -o /tmp/silent-wuffs-N222-S1_H0-t6pgkm4s/.probe-0,0,0,"
RUNTIME:
- /tmp/silent-wuffs-N222-S1_H0-t6pgkm4s/.probe-input        base: short read
PASS: 1 files processed
"
W041,N222,S1_H0,fuzz/c/std/zlib_fuzzer.c,PASS,PASS,/usr/bin/gcc -std=gnu11 -O0 -g0 -DWUFFS_CONFIG__FUZZLIB_MAIN /tmp/silent-wuffs-N222-S1_H0-t6pgkm4s/fuzz/c/std/zlib_fuzzer.c -o /tmp/silent-wuffs-N222-S1_H0-t6pgkm4s/.probe-1,0,0,"
RUNTIME:
- /tmp/silent-wuffs-N222-S1_H0-t6pgkm4s/.probe-input        zlib: bad compression method
PASS: 1 files processed
"
W041,N222,S1_H1,fuzz/c/std/gif_fuzzer.c,PASS,PASS,/usr/bin/gcc -std=gnu11 -O0 -g0 -DWUFFS_CONFIG__FUZZLIB_MAIN /tmp/silent-wuffs-N222-S1_H1-6u9zasl8/fuzz/c/std/gif_fuzzer.c -o /tmp/silent-wuffs-N222-S1_H1-6u9zasl8/.probe-0,0,0,"
RUNTIME:
- /tmp/silent-wuffs-N222-S1_H1-6u9zasl8/.probe-input        base: short read
PASS: 1 files processed
"
W041,N222,S1_H1,fuzz/c/std/zlib_fuzzer.c,PASS,PASS,/usr/bin/gcc -std=gnu11 -O0 -g0 -DWUFFS_CONFIG__FUZZLIB_MAIN /tmp/silent-wuffs-N222-S1_H1-6u9zasl8/fuzz/c/std/zlib_fuzzer.c -o /tmp/silent-wuffs-N222-S1_H1-6u9zasl8/.probe-1,0,0,"
RUNTIME:
- /tmp/silent-wuffs-N222-S1_H1-6u9zasl8/.probe-input        zlib: bad compression method
PASS: 1 files processed
"
W042,N223,S0_H0,,NOT_APPLICABLE,NOT_APPLICABLE,,,,no pre-existing changed fuzzer translation unit
W042,N223,S1_H0,,NOT_APPLICABLE,NOT_APPLICABLE,,,,no pre-existing changed fuzzer translation unit
W042,N223,S1_H1,fuzz/c/std/json_fuzzer.c,PASS,PASS,/usr/bin/gcc -std=gnu11 -O0 -g0 -DWUFFS_CONFIG__FUZZLIB_MAIN /tmp/silent-wuffs-N223-S1_H1-y5tjgmxy/fuzz/c/std/json_fuzzer.c -o /tmp/silent-wuffs-N223-S1_H1-y5tjgmxy/.probe-0,0,0,"
RUNTIME:
- /tmp/silent-wuffs-N223-S1_H1-y5tjgmxy/.probe-input        +ok
PASS: 1 files processed
"
W043,N224,S0_H0,,NOT_APPLICABLE,NOT_APPLICABLE,,,,no pre-existing changed fuzzer translation unit
W043,N224,S1_H0,,NOT_APPLICABLE,NOT_APPLICABLE,,,,no pre-existing changed fuzzer translation unit
W043,N224,S1_H1,,NOT_APPLICABLE,NOT_APPLICABLE,,,,no pre-existing changed fuzzer translation unit
W044,N225,S0_H0,fuzz/c/std/json_fuzzer.c,PASS,PASS,/usr/bin/gcc -std=gnu11 -O0 -g0 -DWUFFS_CONFIG__FUZZLIB_MAIN /tmp/silent-wuffs-N225-S0_H0-jjt9gieb/fuzz/c/std/json_fuzzer.c -o /tmp/silent-wuffs-N225-S0_H0-jjt9gieb/.probe-0,0,0,"
RUNTIME:
- /tmp/silent-wuffs-N225-S0_H0-jjt9gieb/.probe-input        ok
PASS: 1 files processed
"
W044,N225,S0_H0,fuzz/c/std/zlib_fuzzer.c,PASS,PASS,/usr/bin/gcc -std=gnu11 -O0 -g0 -DWUFFS_CONFIG__FUZZLIB_MAIN /tmp/silent-wuffs-N225-S0_H0-jjt9gieb/fuzz/c/std/zlib_fuzzer.c -o /tmp/silent-wuffs-N225-S0_H0-jjt9gieb/.probe-1,0,0,"
RUNTIME:
- /tmp/silent-wuffs-N225-S0_H0-jjt9gieb/.probe-input        zlib: bad compression method
PASS: 1 files processed
"
W044,N225,S1_H0,fuzz/c/std/json_fuzzer.c,PASS,PASS,/usr/bin/gcc -std=gnu11 -O0 -g0 -DWUFFS_CONFIG__FUZZLIB_MAIN /tmp/silent-wuffs-N225-S1_H0-ysmnqyn3/fuzz/c/std/json_fuzzer.c -o /tmp/silent-wuffs-N225-S1_H0-ysmnqyn3/.probe-0,0,0,"
RUNTIME:
- /tmp/silent-wuffs-N225-S1_H0-ysmnqyn3/.probe-input        ok
PASS: 1 files processed
"
W044,N225,S1_H0,fuzz/c/std/zlib_fuzzer.c,PASS,PASS,/usr/bin/gcc -std=gnu11 -O0 -g0 -DWUFFS_CONFIG__FUZZLIB_MAIN /tmp/silent-wuffs-N225-S1_H0-ysmnqyn3/fuzz/c/std/zlib_fuzzer.c -o /tmp/silent-wuffs-N225-S1_H0-ysmnqyn3/.probe-1,0,0,"
RUNTIME:
- /tmp/silent-wuffs-N225-S1_H0-ysmnqyn3/.probe-input        zlib: bad compression method
PASS: 1 files processed
"
W044,N225,S1_H1,fuzz/c/std/json_fuzzer.c,PASS,PASS,/usr/bin/gcc -std=gnu11 -O0 -g0 -DWUFFS_CONFIG__FUZZLIB_MAIN /tmp/silent-wuffs-N225-S1_H1-ujmd717x/fuzz/c/std/json_fuzzer.c -o /tmp/silent-wuffs-N225-S1_H1-ujmd717x/.probe-0,0,0,"
RUNTIME:
- /tmp/silent-wuffs-N225-S1_H1-ujmd717x/.probe-input        ok
PASS: 1 files processed
"
W044,N225,S1_H1,fuzz/c/std/zlib_fuzzer.c,PASS,PASS,/usr/bin/gcc -std=gnu11 -O0 -g0 -DWUFFS_CONFIG__FUZZLIB_MAIN /tmp/silent-wuffs-N225-S1_H1-ujmd717x/fuzz/c/std/zlib_fuzzer.c -o /tmp/silent-wuffs-N225-S1_H1-ujmd717x/.probe-1,0,0,"
RUNTIME:
- /tmp/silent-wuffs-N225-S1_H1-ujmd717x/.probe-input        zlib: bad compression method
PASS: 1 files processed
"
W045,N226,S0_H0,fuzz/c/std/json_fuzzer.c,PASS,PASS,/usr/bin/gcc -std=gnu11 -O0 -g0 -DWUFFS_CONFIG__FUZZLIB_MAIN /tmp/silent-wuffs-N226-S0_H0-gvtxm81b/fuzz/c/std/json_fuzzer.c -o /tmp/silent-wuffs-N226-S0_H0-gvtxm81b/.probe-0,0,0,"
RUNTIME:
- /tmp/silent-wuffs-N226-S0_H0-gvtxm81b/.probe-input        ok
PASS: 1 files processed
"
W045,N226,S1_H0,fuzz/c/std/json_fuzzer.c,FAIL,NOT_RUN,/usr/bin/gcc -std=gnu11 -O0 -g0 -DWUFFS_CONFIG__FUZZLIB_MAIN /tmp/silent-wuffs-N226-S1_H0-anu6lvhc/fuzz/c/std/json_fuzzer.c -o /tmp/silent-wuffs-N226-S1_H0-anu6lvhc/.probe-0,1,,"/tmp/silent-wuffs-N226-S1_H0-anu6lvhc/fuzz/c/std/json_fuzzer.c: In function ‘set_quirks’:
/tmp/silent-wuffs-N226-S1_H0-anu6lvhc/fuzz/c/std/json_fuzzer.c:237:7: error: ‘WUFFS_JSON__QUIRK_REPLACE_INVALID_UTF_8’ undeclared (first use in this function); did you mean ‘WUFFS_JSON__QUIRK_REPLACE_INVALID_UNICODE’?
  237 |       WUFFS_JSON__QUIRK_REPLACE_INVALID_UTF_8,
      |       ^~~~~~~~~~~~~~~~~~~~~~~~~~~~~~~~~~~~~~~
      |       WUFFS_JSON__QUIRK_REPLACE_INVALID_UNICODE
/tmp/silent-wuffs-N226-S1_H0-anu6lvhc/fuzz/c/std/json_fuzzer.c:237:7: note: each undeclared identifier is reported only once for each function it appears in
"
W045,N226,S1_H1,fuzz/c/std/json_fuzzer.c,PASS,PASS,/usr/bin/gcc -std=gnu11 -O0 -g0 -DWUFFS_CONFIG__FUZZLIB_MAIN /tmp/silent-wuffs-N226-S1_H1-3fstu74f/fuzz/c/std/json_fuzzer.c -o /tmp/silent-wuffs-N226-S1_H1-3fstu74f/.probe-0,0,0,"
RUNTIME:
- /tmp/silent-wuffs-N226-S1_H1-3fstu74f/.probe-input        ok
PASS: 1 files processed
"
W046,N227,S0_H0,fuzz/c/std/json_fuzzer.c,PASS,PASS,/usr/bin/gcc -std=gnu11 -O0 -g0 -DWUFFS_CONFIG__FUZZLIB_MAIN /tmp/silent-wuffs-N227-S0_H0-4b56i9zk/fuzz/c/std/json_fuzzer.c -o /tmp/silent-wuffs-N227-S0_H0-4b56i9zk/.probe-0,0,0,"
RUNTIME:
- /tmp/silent-wuffs-N227-S0_H0-4b56i9zk/.probe-input        ok
PASS: 1 files processed
"
W046,N227,S0_H0,fuzz/c/std/zlib_fuzzer.c,PASS,PASS,/usr/bin/gcc -std=gnu11 -O0 -g0 -DWUFFS_CONFIG__FUZZLIB_MAIN /tmp/silent-wuffs-N227-S0_H0-4b56i9zk/fuzz/c/std/zlib_fuzzer.c -o /tmp/silent-wuffs-N227-S0_H0-4b56i9zk/.probe-1,0,0,"
RUNTIME:
- /tmp/silent-wuffs-N227-S0_H0-4b56i9zk/.probe-input        zlib: bad compression method
PASS: 1 files processed
"
W046,N227,S1_H0,fuzz/c/std/json_fuzzer.c,FAIL,NOT_RUN,/usr/bin/gcc -std=gnu11 -O0 -g0 -DWUFFS_CONFIG__FUZZLIB_MAIN /tmp/silent-wuffs-N227-S1_H0-r1agqt4c/fuzz/c/std/json_fuzzer.c -o /tmp/silent-wuffs-N227-S1_H0-r1agqt4c/.probe-0,1,,"/tmp/silent-wuffs-N227-S1_H0-r1agqt4c/fuzz/c/std/json_fuzzer.c: In function ‘fuzz_complex’:
/tmp/silent-wuffs-N227-S1_H0-r1agqt4c/fuzz/c/std/json_fuzzer.c:300:14: error: too few arguments to function ‘wuffs_json__decoder__decode_tokens’
  300 |     status = wuffs_json__decoder__decode_tokens(&dec, &tok, &src);
      |              ^~~~~~~~~~~~~~~~~~~~~~~~~~~~~~~~~~
In file included from /tmp/silent-wuffs-N227-S1_H0-r1agqt4c/fuzz/c/std/json_fuzzer.c:59:
/tmp/silent-wuffs-N227-S1_H0-r1agqt4c/fuzz/c/std/../../../release/c/wuffs-unsupported-snapshot.c:20546:1: note: declared here
20546 | wuffs_json__decoder__decode_tokens(wuffs_json__decoder* self,
      | ^~~~~~~~~~~~~~~~~~~~~~~~~~~~~~~~~~
/tmp/silent-wuffs-N227-S1_H0-r1agqt4c/fuzz/c/std/json_fuzzer.c: In function ‘fuzz_simple’:
/tmp/silent-wuffs-N227-S1_H0-r1agqt4c/fuzz/c/std/json_fuzzer.c:389:14: error: too few arguments to function ‘wuffs_json__decoder__decode_tokens’
  389 |     status = wuffs_json__decoder__decode_tokens(&dec, &tok, full_src);
      |              ^~~~~~~~~~~~~~~~~~~~~~~~~~~~~~~~~~
/tmp/silent-wuffs-N227-S1_H0-r1agqt4c/fuzz/c/std/../../../release/c/wuffs-unsupported-snapshot.c:20546:1: note: declared here
20546 | wuffs_json__decoder__decode_tokens(wuffs_json__decoder* self,
      | ^~~~~~~~~~~~~~~~~~~~~~~~~~~~~~~~~~
"
W046,N227,S1_H0,fuzz/c/std/zlib_fuzzer.c,PASS,PASS,/usr/bin/gcc -std=gnu11 -O0 -g0 -DWUFFS_CONFIG__FUZZLIB_MAIN /tmp/silent-wuffs-N227-S1_H0-r1agqt4c/fuzz/c/std/zlib_fuzzer.c -o /tmp/silent-wuffs-N227-S1_H0-r1agqt4c/.probe-1,0,0,"
RUNTIME:
- /tmp/silent-wuffs-N227-S1_H0-r1agqt4c/.probe-input        zlib: bad compression method
PASS: 1 files processed
"
W046,N227,S1_H1,fuzz/c/std/json_fuzzer.c,PASS,PASS,/usr/bin/gcc -std=gnu11 -O0 -g0 -DWUFFS_CONFIG__FUZZLIB_MAIN /tmp/silent-wuffs-N227-S1_H1-dk3ix0hl/fuzz/c/std/json_fuzzer.c -o /tmp/silent-wuffs-N227-S1_H1-dk3ix0hl/.probe-0,0,0,"
RUNTIME:
- /tmp/silent-wuffs-N227-S1_H1-dk3ix0hl/.probe-input        ok
PASS: 1 files processed
"
W046,N227,S1_H1,fuzz/c/std/zlib_fuzzer.c,PASS,PASS,/usr/bin/gcc -std=gnu11 -O0 -g0 -DWUFFS_CONFIG__FUZZLIB_MAIN /tmp/silent-wuffs-N227-S1_H1-dk3ix0hl/fuzz/c/std/zlib_fuzzer.c -o /tmp/silent-wuffs-N227-S1_H1-dk3ix0hl/.probe-1,0,0,"
RUNTIME:
- /tmp/silent-wuffs-N227-S1_H1-dk3ix0hl/.probe-input        zlib: bad compression method
PASS: 1 files processed
"
W047,N228,S0_H0,fuzz/c/std/json_fuzzer.c,PASS,PASS,/usr/bin/gcc -std=gnu11 -O0 -g0 -DWUFFS_CONFIG__FUZZLIB_MAIN /tmp/silent-wuffs-N228-S0_H0-4aqfe8iq/fuzz/c/std/json_fuzzer.c -o /tmp/silent-wuffs-N228-S0_H0-4aqfe8iq/.probe-0,0,0,"
RUNTIME:
- /tmp/silent-wuffs-N228-S0_H0-4aqfe8iq/.probe-input        ok
PASS: 1 files processed
"
W047,N228,S1_H0,fuzz/c/std/json_fuzzer.c,PASS,PASS,/usr/bin/gcc -std=gnu11 -O0 -g0 -DWUFFS_CONFIG__FUZZLIB_MAIN /tmp/silent-wuffs-N228-S1_H0-pxf2mrn2/fuzz/c/std/json_fuzzer.c -o /tmp/silent-wuffs-N228-S1_H0-pxf2mrn2/.probe-0,0,0,"
RUNTIME:
- /tmp/silent-wuffs-N228-S1_H0-pxf2mrn2/.probe-input        ok
PASS: 1 files processed
"
W047,N228,S1_H1,fuzz/c/std/json_fuzzer.c,PASS,PASS,/usr/bin/gcc -std=gnu11 -O0 -g0 -DWUFFS_CONFIG__FUZZLIB_MAIN /tmp/silent-wuffs-N228-S1_H1-5teiicyj/fuzz/c/std/json_fuzzer.c -o /tmp/silent-wuffs-N228-S1_H1-5teiicyj/.probe-0,0,0,"
RUNTIME:
- /tmp/silent-wuffs-N228-S1_H1-5teiicyj/.probe-input        ok
PASS: 1 files processed
"
W048,N229,S0_H0,fuzz/c/std/json_fuzzer.c,PASS,PASS,/usr/bin/gcc -std=gnu11 -O0 -g0 -DWUFFS_CONFIG__FUZZLIB_MAIN /tmp/silent-wuffs-N229-S0_H0-i02ri54t/fuzz/c/std/json_fuzzer.c -o /tmp/silent-wuffs-N229-S0_H0-i02ri54t/.probe-0,0,0,"
RUNTIME:
- /tmp/silent-wuffs-N229-S0_H0-i02ri54t/.probe-input        ok
PASS: 1 files processed
"
W048,N229,S1_H0,fuzz/c/std/json_fuzzer.c,FAIL,NOT_RUN,/usr/bin/gcc -std=gnu11 -O0 -g0 -DWUFFS_CONFIG__FUZZLIB_MAIN /tmp/silent-wuffs-N229-S1_H0-e51re8qz/fuzz/c/std/json_fuzzer.c -o /tmp/silent-wuffs-N229-S1_H0-e51re8qz/.probe-0,1,,"/tmp/silent-wuffs-N229-S1_H0-e51re8qz/fuzz/c/std/json_fuzzer.c: In function ‘fuzz_one_token’:
/tmp/silent-wuffs-N229-S1_H0-e51re8qz/fuzz/c/std/json_fuzzer.c:199:8: warning: implicit declaration of function ‘wuffs_base__token__link_next’; did you mean ‘wuffs_base__token__length’? [-Wimplicit-function-declaration]
  199 |   if (!wuffs_base__token__link_next(&t) &&
      |        ^~~~~~~~~~~~~~~~~~~~~~~~~~~~
      |        wuffs_base__token__length
/usr/bin/ld: /tmp/ccbrtiyT.o: in function `fuzz_one_token':
json_fuzzer.c:(.text+0xb9c9): undefined reference to `wuffs_base__token__link_next'
/usr/bin/ld: /tmp/ccbrtiyT.o: in function `fuzz_complex':
json_fuzzer.c:(.text+0xc054): undefined reference to `wuffs_base__token__link_next'
collect2: error: ld returned 1 exit status
"
W048,N229,S1_H1,fuzz/c/std/json_fuzzer.c,PASS,PASS,/usr/bin/gcc -std=gnu11 -O0 -g0 -DWUFFS_CONFIG__FUZZLIB_MAIN /tmp/silent-wuffs-N229-S1_H1-24p7o7mn/fuzz/c/std/json_fuzzer.c -o /tmp/silent-wuffs-N229-S1_H1-24p7o7mn/.probe-0,0,0,"
RUNTIME:
- /tmp/silent-wuffs-N229-S1_H1-24p7o7mn/.probe-input        ok
PASS: 1 files processed
"
W049,N230,S0_H0,fuzz/c/std/json_fuzzer.c,PASS,PASS,/usr/bin/gcc -std=gnu11 -O0 -g0 -DWUFFS_CONFIG__FUZZLIB_MAIN /tmp/silent-wuffs-N230-S0_H0-uetdu2tv/fuzz/c/std/json_fuzzer.c -o /tmp/silent-wuffs-N230-S0_H0-uetdu2tv/.probe-0,0,0,"
RUNTIME:
- /tmp/silent-wuffs-N230-S0_H0-uetdu2tv/.probe-input        ok
PASS: 1 files processed
"
W049,N230,S1_H0,fuzz/c/std/json_fuzzer.c,FAIL,NOT_RUN,/usr/bin/gcc -std=gnu11 -O0 -g0 -DWUFFS_CONFIG__FUZZLIB_MAIN /tmp/silent-wuffs-N230-S1_H0-_rqftjrn/fuzz/c/std/json_fuzzer.c -o /tmp/silent-wuffs-N230-S1_H0-_rqftjrn/.probe-0,1,,"/tmp/silent-wuffs-N230-S1_H0-_rqftjrn/fuzz/c/std/json_fuzzer.c: In function ‘fuzz_one_token’:
/tmp/silent-wuffs-N230-S1_H0-_rqftjrn/fuzz/c/std/json_fuzzer.c:172:63: error: incompatible type for argument 1 of ‘wuffs_base__utf_8__longest_valid_prefix’
  172 |             (s.len != wuffs_base__utf_8__longest_valid_prefix(s))) {
      |                                                               ^
      |                                                               |
      |                                                               wuffs_base__slice_u8
In file included from /tmp/silent-wuffs-N230-S1_H0-_rqftjrn/fuzz/c/std/json_fuzzer.c:59:
/tmp/silent-wuffs-N230-S1_H0-_rqftjrn/fuzz/c/std/../../../release/c/wuffs-unsupported-snapshot.c:14731:56: note: expected ‘const uint8_t *’ {aka ‘const unsigned char *’} but argument is of type ‘wuffs_base__slice_u8’
14731 | wuffs_base__utf_8__longest_valid_prefix(const uint8_t* s_ptr, size_t s_len) {
      |                                         ~~~~~~~~~~~~~~~^~~~~
/tmp/silent-wuffs-N230-S1_H0-_rqftjrn/fuzz/c/std/json_fuzzer.c:172:23: error: too few arguments to function ‘wuffs_base__utf_8__longest_valid_prefix’
  172 |             (s.len != wuffs_base__utf_8__longest_valid_prefix(s))) {
      |                       ^~~~~~~~~~~~~~~~~~~~~~~~~~~~~~~~~~~~~~~
/tmp/silent-wuffs-N230-S1_H0-_rqftjrn/fuzz/c/std/../../../release/c/wuffs-unsupported-snapshot.c:14731:1: note: declared here
14731 | wuffs_base__utf_8__longest_valid_prefix(const uint8_t* s_ptr, size_t s_len) {
      | ^~~~~~~~~~~~~~~~~~~~~~~~~~~~~~~~~~~~~~~
/tmp/silent-wuffs-N230-S1_H0-_rqftjrn/fuzz/c/std/json_fuzzer.c:176:63: error: incompatible type for argument 1 of ‘wuffs_base__ascii__longest_valid_prefix’
  176 |             (s.len != wuffs_base__ascii__longest_valid_prefix(s))) {
      |                                                               ^
      |                                                               |
      |                                                               wuffs_base__slice_u8
/tmp/silent-wuffs-N230-S1_H0-_rqftjrn/fuzz/c/std/../../../release/c/wuffs-unsupported-snapshot.c:14749:56: note: expected ‘const uint8_t *’ {aka ‘const unsigned char *’} but argument is of type ‘wuffs_base__slice_u8’
14749 | wuffs_base__ascii__longest_valid_prefix(const uint8_t* s_ptr, size_t s_len) {
      |                                         ~~~~~~~~~~~~~~~^~~~~
/tmp/silent-wuffs-N230-S1_H0-_rqftjrn/fuzz/c/std/json_fuzzer.c:176:23: error: too few arguments to function ‘wuffs_base__ascii__longest_valid_prefix’
  176 |             (s.len != wuffs_base__ascii__longest_valid_prefix(s))) {
      |                       ^~~~~~~~~~~~~~~~~~~~~~~~~~~~~~~~~~~~~~~
/tmp/silent-wuffs-N230-S1_H0-_rqftjrn/fuzz/c/std/../../../release/c/wuffs-unsupported-snapshot.c:14749:1: note: declared here
14749 | wuffs_base__ascii__longest_valid_prefix(const uint8_t* s_ptr, size_t s_len) {
      | ^~~~~~~~~~~~~~~~~~~~~~~~~~~~~~~~~~~~~~~
"
W049,N230,S1_H1,fuzz/c/std/json_fuzzer.c,PASS,PASS,/usr/bin/gcc -std=gnu11 -O0 -g0 -DWUFFS_CONFIG__FUZZLIB_MAIN /tmp/silent-wuffs-N230-S1_H1-18t7d489/fuzz/c/std/json_fuzzer.c -o /tmp/silent-wuffs-N230-S1_H1-18t7d489/.probe-0,0,0,"
RUNTIME:
- /tmp/silent-wuffs-N230-S1_H1-18t7d489/.probe-input        ok
PASS: 1 files processed
"
W050,N231,S0_H0,fuzz/c/std/json_fuzzer.c,PASS,PASS,/usr/bin/gcc -std=gnu11 -O0 -g0 -DWUFFS_CONFIG__FUZZLIB_MAIN /tmp/silent-wuffs-N231-S0_H0-5aqtazot/fuzz/c/std/json_fuzzer.c -o /tmp/silent-wuffs-N231-S0_H0-5aqtazot/.probe-0,0,0,"
RUNTIME:
- /tmp/silent-wuffs-N231-S0_H0-5aqtazot/.probe-input        ok
PASS: 1 files processed
"
W050,N231,S1_H0,fuzz/c/std/json_fuzzer.c,PASS,PASS,/usr/bin/gcc -std=gnu11 -O0 -g0 -DWUFFS_CONFIG__FUZZLIB_MAIN /tmp/silent-wuffs-N231-S1_H0-vpb5yyb7/fuzz/c/std/json_fuzzer.c -o /tmp/silent-wuffs-N231-S1_H0-vpb5yyb7/.probe-0,0,0,"
RUNTIME:
- /tmp/silent-wuffs-N231-S1_H0-vpb5yyb7/.probe-input        ok
PASS: 1 files processed
"
W050,N231,S1_H1,fuzz/c/std/cbor_fuzzer.c,PASS,PASS,/usr/bin/gcc -std=gnu11 -O0 -g0 -DWUFFS_CONFIG__FUZZLIB_MAIN /tmp/silent-wuffs-N231-S1_H1-1i0rrazy/fuzz/c/std/cbor_fuzzer.c -o /tmp/silent-wuffs-N231-S1_H1-1i0rrazy/.probe-0,0,0,"
RUNTIME:
- /tmp/silent-wuffs-N231-S1_H1-1i0rrazy/.probe-input        cbor: bad input
PASS: 1 files processed
"
W050,N231,S1_H1,fuzz/c/std/json_fuzzer.c,PASS,PASS,/usr/bin/gcc -std=gnu11 -O0 -g0 -DWUFFS_CONFIG__FUZZLIB_MAIN /tmp/silent-wuffs-N231-S1_H1-1i0rrazy/fuzz/c/std/json_fuzzer.c -o /tmp/silent-wuffs-N231-S1_H1-1i0rrazy/.probe-1,0,0,"
RUNTIME:
- /tmp/silent-wuffs-N231-S1_H1-1i0rrazy/.probe-input        ok
PASS: 1 files processed
"
W051,N232,S0_H0,fuzz/c/std/json_fuzzer.c,PASS,PASS,/usr/bin/gcc -std=gnu11 -O0 -g0 -DWUFFS_CONFIG__FUZZLIB_MAIN /tmp/silent-wuffs-N232-S0_H0-qbuz1baq/fuzz/c/std/json_fuzzer.c -o /tmp/silent-wuffs-N232-S0_H0-qbuz1baq/.probe-0,0,0,"
RUNTIME:
- /tmp/silent-wuffs-N232-S0_H0-qbuz1baq/.probe-input        ok
PASS: 1 files processed
"
W051,N232,S1_H0,fuzz/c/std/json_fuzzer.c,FAIL,NOT_RUN,/usr/bin/gcc -std=gnu11 -O0 -g0 -DWUFFS_CONFIG__FUZZLIB_MAIN /tmp/silent-wuffs-N232-S1_H0-1gffadpu/fuzz/c/std/json_fuzzer.c -o /tmp/silent-wuffs-N232-S1_H0-1gffadpu/.probe-0,1,,"/tmp/silent-wuffs-N232-S1_H0-1gffadpu/fuzz/c/std/json_fuzzer.c: In function ‘set_quirks’:
/tmp/silent-wuffs-N232-S1_H0-1gffadpu/fuzz/c/std/json_fuzzer.c:235:28: error: ‘WUFFS_JSON__QUIRK_ALLOW_BACKSLASH_X_AS_BYTES’ undeclared (first use in this function); did you mean ‘WUFFS_JSON__QUIRK_ALLOW_BACKSLASH_NEW_LINE’?
  235 |       (hash_44_bits & 1) ? WUFFS_JSON__QUIRK_ALLOW_BACKSLASH_X_AS_BYTES
      |                            ^~~~~~~~~~~~~~~~~~~~~~~~~~~~~~~~~~~~~~~~~~~~
      |                            WUFFS_JSON__QUIRK_ALLOW_BACKSLASH_NEW_LINE
/tmp/silent-wuffs-N232-S1_H0-1gffadpu/fuzz/c/std/json_fuzzer.c:235:28: note: each undeclared identifier is reported only once for each function it appears in
"
W051,N232,S1_H1,fuzz/c/std/json_fuzzer.c,PASS,PASS,/usr/bin/gcc -std=gnu11 -O0 -g0 -DWUFFS_CONFIG__FUZZLIB_MAIN /tmp/silent-wuffs-N232-S1_H1-kp9w1swe/fuzz/c/std/json_fuzzer.c -o /tmp/silent-wuffs-N232-S1_H1-kp9w1swe/.probe-0,0,0,"
RUNTIME:
- /tmp/silent-wuffs-N232-S1_H1-kp9w1swe/.probe-input        ok
PASS: 1 files processed
"
W052,N233,S0_H0,fuzz/c/std/json_fuzzer.c,PASS,PASS,/usr/bin/gcc -std=gnu11 -O0 -g0 -DWUFFS_CONFIG__FUZZLIB_MAIN /tmp/silent-wuffs-N233-S0_H0-4nvcrwv8/fuzz/c/std/json_fuzzer.c -o /tmp/silent-wuffs-N233-S0_H0-4nvcrwv8/.probe-0,0,0,"
RUNTIME:
- /tmp/silent-wuffs-N233-S0_H0-4nvcrwv8/.probe-input        ok
PASS: 1 files processed
"
W052,N233,S1_H0,fuzz/c/std/json_fuzzer.c,PASS,PASS,/usr/bin/gcc -std=gnu11 -O0 -g0 -DWUFFS_CONFIG__FUZZLIB_MAIN /tmp/silent-wuffs-N233-S1_H0-d1uo7dea/fuzz/c/std/json_fuzzer.c -o /tmp/silent-wuffs-N233-S1_H0-d1uo7dea/.probe-0,0,0,"
RUNTIME:
- /tmp/silent-wuffs-N233-S1_H0-d1uo7dea/.probe-input        ok
PASS: 1 files processed
"
W052,N233,S1_H1,fuzz/c/std/json_fuzzer.c,PASS,PASS,/usr/bin/gcc -std=gnu11 -O0 -g0 -DWUFFS_CONFIG__FUZZLIB_MAIN /tmp/silent-wuffs-N233-S1_H1-j4emlsk7/fuzz/c/std/json_fuzzer.c -o /tmp/silent-wuffs-N233-S1_H1-j4emlsk7/.probe-0,0,0,"
RUNTIME:
- /tmp/silent-wuffs-N233-S1_H1-j4emlsk7/.probe-input        ok
PASS: 1 files processed
"
W053,N234,S0_H0,fuzz/c/std/json_fuzzer.c,PASS,PASS,/usr/bin/gcc -std=gnu11 -O0 -g0 -DWUFFS_CONFIG__FUZZLIB_MAIN /tmp/silent-wuffs-N234-S0_H0-8mc52uui/fuzz/c/std/json_fuzzer.c -o /tmp/silent-wuffs-N234-S0_H0-8mc52uui/.probe-0,0,0,"
RUNTIME:
- /tmp/silent-wuffs-N234-S0_H0-8mc52uui/.probe-input        ok
PASS: 1 files processed
"
W053,N234,S1_H0,fuzz/c/std/json_fuzzer.c,PASS,PASS,/usr/bin/gcc -std=gnu11 -O0 -g0 -DWUFFS_CONFIG__FUZZLIB_MAIN /tmp/silent-wuffs-N234-S1_H0-gg_vitdk/fuzz/c/std/json_fuzzer.c -o /tmp/silent-wuffs-N234-S1_H0-gg_vitdk/.probe-0,0,0,"
RUNTIME:
- /tmp/silent-wuffs-N234-S1_H0-gg_vitdk/.probe-input        ok
PASS: 1 files processed
"
W053,N234,S1_H1,fuzz/c/std/json_fuzzer.c,PASS,PASS,/usr/bin/gcc -std=gnu11 -O0 -g0 -DWUFFS_CONFIG__FUZZLIB_MAIN /tmp/silent-wuffs-N234-S1_H1-uhnos53d/fuzz/c/std/json_fuzzer.c -o /tmp/silent-wuffs-N234-S1_H1-uhnos53d/.probe-0,0,0,"
RUNTIME:
- /tmp/silent-wuffs-N234-S1_H1-uhnos53d/.probe-input        ok
PASS: 1 files processed
"
W054,N235,S0_H0,fuzz/c/std/zlib_fuzzer.c,PASS,PASS,/usr/bin/gcc -std=gnu11 -O0 -g0 -DWUFFS_CONFIG__FUZZLIB_MAIN /tmp/silent-wuffs-N235-S0_H0-txdc1vqs/fuzz/c/std/zlib_fuzzer.c -o /tmp/silent-wuffs-N235-S0_H0-txdc1vqs/.probe-0,0,0,"
RUNTIME:
- /tmp/silent-wuffs-N235-S0_H0-txdc1vqs/.probe-input        zlib: bad compression method
PASS: 1 files processed
"
W054,N235,S1_H0,fuzz/c/std/zlib_fuzzer.c,PASS,PASS,/usr/bin/gcc -std=gnu11 -O0 -g0 -DWUFFS_CONFIG__FUZZLIB_MAIN /tmp/silent-wuffs-N235-S1_H0-iipymkp4/fuzz/c/std/zlib_fuzzer.c -o /tmp/silent-wuffs-N235-S1_H0-iipymkp4/.probe-0,0,0,"
RUNTIME:
- /tmp/silent-wuffs-N235-S1_H0-iipymkp4/.probe-input        zlib: bad compression method
PASS: 1 files processed
"
W054,N235,S1_H1,fuzz/c/std/zlib_fuzzer.c,PASS,PASS,/usr/bin/gcc -std=gnu11 -O0 -g0 -DWUFFS_CONFIG__FUZZLIB_MAIN /tmp/silent-wuffs-N235-S1_H1-0v498yv2/fuzz/c/std/zlib_fuzzer.c -o /tmp/silent-wuffs-N235-S1_H1-0v498yv2/.probe-0,0,0,"
RUNTIME:
- /tmp/silent-wuffs-N235-S1_H1-0v498yv2/.probe-input        zlib: bad compression method
PASS: 1 files processed
"
W055,N236,S0_H0,fuzz/c/std/bmp_fuzzer.c,PASS,PASS,/usr/bin/gcc -std=gnu11 -O0 -g0 -DWUFFS_CONFIG__FUZZLIB_MAIN /tmp/silent-wuffs-N236-S0_H0-2vujd8i2/fuzz/c/std/bmp_fuzzer.c -o /tmp/silent-wuffs-N236-S0_H0-2vujd8i2/.probe-0,0,0,"
RUNTIME:
- /tmp/silent-wuffs-N236-S0_H0-2vujd8i2/.probe-input        bmp: bad header
PASS: 1 files processed
"
W055,N236,S0_H0,fuzz/c/std/cbor_fuzzer.c,PASS,PASS,/usr/bin/gcc -std=gnu11 -O0 -g0 -DWUFFS_CONFIG__FUZZLIB_MAIN /tmp/silent-wuffs-N236-S0_H0-2vujd8i2/fuzz/c/std/cbor_fuzzer.c -o /tmp/silent-wuffs-N236-S0_H0-2vujd8i2/.probe-1,0,0,"
RUNTIME:
- /tmp/silent-wuffs-N236-S0_H0-2vujd8i2/.probe-input        cbor: bad input
PASS: 1 files processed
"
W055,N236,S0_H0,fuzz/c/std/gif_fuzzer.c,PASS,PASS,/usr/bin/gcc -std=gnu11 -O0 -g0 -DWUFFS_CONFIG__FUZZLIB_MAIN /tmp/silent-wuffs-N236-S0_H0-2vujd8i2/fuzz/c/std/gif_fuzzer.c -o /tmp/silent-wuffs-N236-S0_H0-2vujd8i2/.probe-2,0,0,"
RUNTIME:
- /tmp/silent-wuffs-N236-S0_H0-2vujd8i2/.probe-input        base: short read
PASS: 1 files processed
"
W055,N236,S0_H0,fuzz/c/std/json_fuzzer.c,PASS,PASS,/usr/bin/gcc -std=gnu11 -O0 -g0 -DWUFFS_CONFIG__FUZZLIB_MAIN /tmp/silent-wuffs-N236-S0_H0-2vujd8i2/fuzz/c/std/json_fuzzer.c -o /tmp/silent-wuffs-N236-S0_H0-2vujd8i2/.probe-3,0,0,"
RUNTIME:
- /tmp/silent-wuffs-N236-S0_H0-2vujd8i2/.probe-input        ok
PASS: 1 files processed
"
W055,N236,S0_H0,fuzz/c/std/png_fuzzer.c,PASS,PASS,/usr/bin/gcc -std=gnu11 -O0 -g0 -DWUFFS_CONFIG__FUZZLIB_MAIN /tmp/silent-wuffs-N236-S0_H0-2vujd8i2/fuzz/c/std/png_fuzzer.c -o /tmp/silent-wuffs-N236-S0_H0-2vujd8i2/.probe-4,0,0,"
RUNTIME:
- /tmp/silent-wuffs-N236-S0_H0-2vujd8i2/.probe-input        base: short read
PASS: 1 files processed
"
W055,N236,S0_H0,fuzz/c/std/zlib_fuzzer.c,PASS,PASS,/usr/bin/gcc -std=gnu11 -O0 -g0 -DWUFFS_CONFIG__FUZZLIB_MAIN /tmp/silent-wuffs-N236-S0_H0-2vujd8i2/fuzz/c/std/zlib_fuzzer.c -o /tmp/silent-wuffs-N236-S0_H0-2vujd8i2/.probe-5,0,0,"
RUNTIME:
- /tmp/silent-wuffs-N236-S0_H0-2vujd8i2/.probe-input        zlib: bad compression method
PASS: 1 files processed
"
W055,N236,S1_H0,fuzz/c/std/bmp_fuzzer.c,PASS,PASS,/usr/bin/gcc -std=gnu11 -O0 -g0 -DWUFFS_CONFIG__FUZZLIB_MAIN /tmp/silent-wuffs-N236-S1_H0-n_r55w7l/fuzz/c/std/bmp_fuzzer.c -o /tmp/silent-wuffs-N236-S1_H0-n_r55w7l/.probe-0,0,0,"
RUNTIME:
- /tmp/silent-wuffs-N236-S1_H0-n_r55w7l/.probe-input        bmp: bad header
PASS: 1 files processed
"
W055,N236,S1_H0,fuzz/c/std/cbor_fuzzer.c,PASS,PASS,/usr/bin/gcc -std=gnu11 -O0 -g0 -DWUFFS_CONFIG__FUZZLIB_MAIN /tmp/silent-wuffs-N236-S1_H0-n_r55w7l/fuzz/c/std/cbor_fuzzer.c -o /tmp/silent-wuffs-N236-S1_H0-n_r55w7l/.probe-1,0,0,"
RUNTIME:
- /tmp/silent-wuffs-N236-S1_H0-n_r55w7l/.probe-input        cbor: bad input
PASS: 1 files processed
"
W055,N236,S1_H0,fuzz/c/std/gif_fuzzer.c,PASS,PASS,/usr/bin/gcc -std=gnu11 -O0 -g0 -DWUFFS_CONFIG__FUZZLIB_MAIN /tmp/silent-wuffs-N236-S1_H0-n_r55w7l/fuzz/c/std/gif_fuzzer.c -o /tmp/silent-wuffs-N236-S1_H0-n_r55w7l/.probe-2,0,0,"
RUNTIME:
- /tmp/silent-wuffs-N236-S1_H0-n_r55w7l/.probe-input        base: short read
PASS: 1 files processed
"
W055,N236,S1_H0,fuzz/c/std/json_fuzzer.c,PASS,PASS,/usr/bin/gcc -std=gnu11 -O0 -g0 -DWUFFS_CONFIG__FUZZLIB_MAIN /tmp/silent-wuffs-N236-S1_H0-n_r55w7l/fuzz/c/std/json_fuzzer.c -o /tmp/silent-wuffs-N236-S1_H0-n_r55w7l/.probe-3,0,0,"
RUNTIME:
- /tmp/silent-wuffs-N236-S1_H0-n_r55w7l/.probe-input        ok
PASS: 1 files processed
"
W055,N236,S1_H0,fuzz/c/std/png_fuzzer.c,PASS,PASS,/usr/bin/gcc -std=gnu11 -O0 -g0 -DWUFFS_CONFIG__FUZZLIB_MAIN /tmp/silent-wuffs-N236-S1_H0-n_r55w7l/fuzz/c/std/png_fuzzer.c -o /tmp/silent-wuffs-N236-S1_H0-n_r55w7l/.probe-4,0,0,"
RUNTIME:
- /tmp/silent-wuffs-N236-S1_H0-n_r55w7l/.probe-input        base: short read
PASS: 1 files processed
"
W055,N236,S1_H0,fuzz/c/std/zlib_fuzzer.c,PASS,PASS,/usr/bin/gcc -std=gnu11 -O0 -g0 -DWUFFS_CONFIG__FUZZLIB_MAIN /tmp/silent-wuffs-N236-S1_H0-n_r55w7l/fuzz/c/std/zlib_fuzzer.c -o /tmp/silent-wuffs-N236-S1_H0-n_r55w7l/.probe-5,0,0,"
RUNTIME:
- /tmp/silent-wuffs-N236-S1_H0-n_r55w7l/.probe-input        zlib: bad compression method
PASS: 1 files processed
"
W055,N236,S1_H1,fuzz/c/std/bmp_fuzzer.c,PASS,PASS,/usr/bin/gcc -std=gnu11 -O0 -g0 -DWUFFS_CONFIG__FUZZLIB_MAIN /tmp/silent-wuffs-N236-S1_H1-4bvj0jo1/fuzz/c/std/bmp_fuzzer.c -o /tmp/silent-wuffs-N236-S1_H1-4bvj0jo1/.probe-0,0,0,"
RUNTIME:
- /tmp/silent-wuffs-N236-S1_H1-4bvj0jo1/.probe-input        bmp: bad header
PASS: 1 files processed
"
W055,N236,S1_H1,fuzz/c/std/cbor_fuzzer.c,PASS,PASS,/usr/bin/gcc -std=gnu11 -O0 -g0 -DWUFFS_CONFIG__FUZZLIB_MAIN /tmp/silent-wuffs-N236-S1_H1-4bvj0jo1/fuzz/c/std/cbor_fuzzer.c -o /tmp/silent-wuffs-N236-S1_H1-4bvj0jo1/.probe-1,0,0,"
RUNTIME:
- /tmp/silent-wuffs-N236-S1_H1-4bvj0jo1/.probe-input        cbor: bad input
PASS: 1 files processed
"
W055,N236,S1_H1,fuzz/c/std/gif_fuzzer.c,PASS,PASS,/usr/bin/gcc -std=gnu11 -O0 -g0 -DWUFFS_CONFIG__FUZZLIB_MAIN /tmp/silent-wuffs-N236-S1_H1-4bvj0jo1/fuzz/c/std/gif_fuzzer.c -o /tmp/silent-wuffs-N236-S1_H1-4bvj0jo1/.probe-2,0,0,"
RUNTIME:
- /tmp/silent-wuffs-N236-S1_H1-4bvj0jo1/.probe-input        base: short read
PASS: 1 files processed
"
W055,N236,S1_H1,fuzz/c/std/json_fuzzer.c,PASS,PASS,/usr/bin/gcc -std=gnu11 -O0 -g0 -DWUFFS_CONFIG__FUZZLIB_MAIN /tmp/silent-wuffs-N236-S1_H1-4bvj0jo1/fuzz/c/std/json_fuzzer.c -o /tmp/silent-wuffs-N236-S1_H1-4bvj0jo1/.probe-3,0,0,"
RUNTIME:
- /tmp/silent-wuffs-N236-S1_H1-4bvj0jo1/.probe-input        ok
PASS: 1 files processed
"
W055,N236,S1_H1,fuzz/c/std/png_fuzzer.c,PASS,PASS,/usr/bin/gcc -std=gnu11 -O0 -g0 -DWUFFS_CONFIG__FUZZLIB_MAIN /tmp/silent-wuffs-N236-S1_H1-4bvj0jo1/fuzz/c/std/png_fuzzer.c -o /tmp/silent-wuffs-N236-S1_H1-4bvj0jo1/.probe-4,0,0,"
RUNTIME:
- /tmp/silent-wuffs-N236-S1_H1-4bvj0jo1/.probe-input        base: short read
PASS: 1 files processed
"
W055,N236,S1_H1,fuzz/c/std/zlib_fuzzer.c,PASS,PASS,/usr/bin/gcc -std=gnu11 -O0 -g0 -DWUFFS_CONFIG__FUZZLIB_MAIN /tmp/silent-wuffs-N236-S1_H1-4bvj0jo1/fuzz/c/std/zlib_fuzzer.c -o /tmp/silent-wuffs-N236-S1_H1-4bvj0jo1/.probe-5,0,0,"
RUNTIME:
- /tmp/silent-wuffs-N236-S1_H1-4bvj0jo1/.probe-input        zlib: bad compression method
PASS: 1 files processed
"
W056,N237,S0_H0,fuzz/c/std/bmp_fuzzer.c,PASS,PASS,/usr/bin/gcc -std=gnu11 -O0 -g0 -DWUFFS_CONFIG__FUZZLIB_MAIN /tmp/silent-wuffs-N237-S0_H0-dz4a3z43/fuzz/c/std/bmp_fuzzer.c -o /tmp/silent-wuffs-N237-S0_H0-dz4a3z43/.probe-0,0,0,"
RUNTIME:
- /tmp/silent-wuffs-N237-S0_H0-dz4a3z43/.probe-input        bmp: bad header
PASS: 1 files processed
"
W056,N237,S0_H0,fuzz/c/std/cbor_fuzzer.c,PASS,PASS,/usr/bin/gcc -std=gnu11 -O0 -g0 -DWUFFS_CONFIG__FUZZLIB_MAIN /tmp/silent-wuffs-N237-S0_H0-dz4a3z43/fuzz/c/std/cbor_fuzzer.c -o /tmp/silent-wuffs-N237-S0_H0-dz4a3z43/.probe-1,0,0,"
RUNTIME:
- /tmp/silent-wuffs-N237-S0_H0-dz4a3z43/.probe-input        cbor: bad input
PASS: 1 files processed
"
W056,N237,S0_H0,fuzz/c/std/gif_fuzzer.c,PASS,PASS,/usr/bin/gcc -std=gnu11 -O0 -g0 -DWUFFS_CONFIG__FUZZLIB_MAIN /tmp/silent-wuffs-N237-S0_H0-dz4a3z43/fuzz/c/std/gif_fuzzer.c -o /tmp/silent-wuffs-N237-S0_H0-dz4a3z43/.probe-2,0,0,"
RUNTIME:
- /tmp/silent-wuffs-N237-S0_H0-dz4a3z43/.probe-input        base: short read
PASS: 1 files processed
"
W056,N237,S0_H0,fuzz/c/std/json_fuzzer.c,PASS,PASS,/usr/bin/gcc -std=gnu11 -O0 -g0 -DWUFFS_CONFIG__FUZZLIB_MAIN /tmp/silent-wuffs-N237-S0_H0-dz4a3z43/fuzz/c/std/json_fuzzer.c -o /tmp/silent-wuffs-N237-S0_H0-dz4a3z43/.probe-3,0,0,"
RUNTIME:
- /tmp/silent-wuffs-N237-S0_H0-dz4a3z43/.probe-input        ok
PASS: 1 files processed
"
W056,N237,S0_H0,fuzz/c/std/png_fuzzer.c,PASS,PASS,/usr/bin/gcc -std=gnu11 -O0 -g0 -DWUFFS_CONFIG__FUZZLIB_MAIN /tmp/silent-wuffs-N237-S0_H0-dz4a3z43/fuzz/c/std/png_fuzzer.c -o /tmp/silent-wuffs-N237-S0_H0-dz4a3z43/.probe-4,0,0,"
RUNTIME:
- /tmp/silent-wuffs-N237-S0_H0-dz4a3z43/.probe-input        base: short read
PASS: 1 files processed
"
W056,N237,S1_H0,fuzz/c/std/bmp_fuzzer.c,PASS,PASS,/usr/bin/gcc -std=gnu11 -O0 -g0 -DWUFFS_CONFIG__FUZZLIB_MAIN /tmp/silent-wuffs-N237-S1_H0-csvlxkzy/fuzz/c/std/bmp_fuzzer.c -o /tmp/silent-wuffs-N237-S1_H0-csvlxkzy/.probe-0,0,0,"
RUNTIME:
- /tmp/silent-wuffs-N237-S1_H0-csvlxkzy/.probe-input        bmp: bad header
PASS: 1 files processed
"
W056,N237,S1_H0,fuzz/c/std/cbor_fuzzer.c,PASS,PASS,/usr/bin/gcc -std=gnu11 -O0 -g0 -DWUFFS_CONFIG__FUZZLIB_MAIN /tmp/silent-wuffs-N237-S1_H0-csvlxkzy/fuzz/c/std/cbor_fuzzer.c -o /tmp/silent-wuffs-N237-S1_H0-csvlxkzy/.probe-1,0,0,"
RUNTIME:
- /tmp/silent-wuffs-N237-S1_H0-csvlxkzy/.probe-input        cbor: bad input
PASS: 1 files processed
"
W056,N237,S1_H0,fuzz/c/std/gif_fuzzer.c,PASS,PASS,/usr/bin/gcc -std=gnu11 -O0 -g0 -DWUFFS_CONFIG__FUZZLIB_MAIN /tmp/silent-wuffs-N237-S1_H0-csvlxkzy/fuzz/c/std/gif_fuzzer.c -o /tmp/silent-wuffs-N237-S1_H0-csvlxkzy/.probe-2,0,0,"
RUNTIME:
- /tmp/silent-wuffs-N237-S1_H0-csvlxkzy/.probe-input        base: short read
PASS: 1 files processed
"
W056,N237,S1_H0,fuzz/c/std/json_fuzzer.c,PASS,PASS,/usr/bin/gcc -std=gnu11 -O0 -g0 -DWUFFS_CONFIG__FUZZLIB_MAIN /tmp/silent-wuffs-N237-S1_H0-csvlxkzy/fuzz/c/std/json_fuzzer.c -o /tmp/silent-wuffs-N237-S1_H0-csvlxkzy/.probe-3,0,0,"
RUNTIME:
- /tmp/silent-wuffs-N237-S1_H0-csvlxkzy/.probe-input        ok
PASS: 1 files processed
"
W056,N237,S1_H0,fuzz/c/std/png_fuzzer.c,PASS,PASS,/usr/bin/gcc -std=gnu11 -O0 -g0 -DWUFFS_CONFIG__FUZZLIB_MAIN /tmp/silent-wuffs-N237-S1_H0-csvlxkzy/fuzz/c/std/png_fuzzer.c -o /tmp/silent-wuffs-N237-S1_H0-csvlxkzy/.probe-4,0,0,"
RUNTIME:
- /tmp/silent-wuffs-N237-S1_H0-csvlxkzy/.probe-input        base: short read
PASS: 1 files processed
"
W056,N237,S1_H1,fuzz/c/std/bmp_fuzzer.c,PASS,PASS,/usr/bin/gcc -std=gnu11 -O0 -g0 -DWUFFS_CONFIG__FUZZLIB_MAIN /tmp/silent-wuffs-N237-S1_H1-mqed7_tq/fuzz/c/std/bmp_fuzzer.c -o /tmp/silent-wuffs-N237-S1_H1-mqed7_tq/.probe-0,0,0,"
RUNTIME:
- /tmp/silent-wuffs-N237-S1_H1-mqed7_tq/.probe-input        bmp: bad header
PASS: 1 files processed
"
W056,N237,S1_H1,fuzz/c/std/cbor_fuzzer.c,PASS,PASS,/usr/bin/gcc -std=gnu11 -O0 -g0 -DWUFFS_CONFIG__FUZZLIB_MAIN /tmp/silent-wuffs-N237-S1_H1-mqed7_tq/fuzz/c/std/cbor_fuzzer.c -o /tmp/silent-wuffs-N237-S1_H1-mqed7_tq/.probe-1,0,0,"
RUNTIME:
- /tmp/silent-wuffs-N237-S1_H1-mqed7_tq/.probe-input        cbor: bad input
PASS: 1 files processed
"
W056,N237,S1_H1,fuzz/c/std/gif_fuzzer.c,PASS,PASS,/usr/bin/gcc -std=gnu11 -O0 -g0 -DWUFFS_CONFIG__FUZZLIB_MAIN /tmp/silent-wuffs-N237-S1_H1-mqed7_tq/fuzz/c/std/gif_fuzzer.c -o /tmp/silent-wuffs-N237-S1_H1-mqed7_tq/.probe-2,0,0,"
RUNTIME:
- /tmp/silent-wuffs-N237-S1_H1-mqed7_tq/.probe-input        base: short read
PASS: 1 files processed
"
W056,N237,S1_H1,fuzz/c/std/json_fuzzer.c,PASS,PASS,/usr/bin/gcc -std=gnu11 -O0 -g0 -DWUFFS_CONFIG__FUZZLIB_MAIN /tmp/silent-wuffs-N237-S1_H1-mqed7_tq/fuzz/c/std/json_fuzzer.c -o /tmp/silent-wuffs-N237-S1_H1-mqed7_tq/.probe-3,0,0,"
RUNTIME:
- /tmp/silent-wuffs-N237-S1_H1-mqed7_tq/.probe-input        ok
PASS: 1 files processed
"
W056,N237,S1_H1,fuzz/c/std/png_fuzzer.c,PASS,PASS,/usr/bin/gcc -std=gnu11 -O0 -g0 -DWUFFS_CONFIG__FUZZLIB_MAIN /tmp/silent-wuffs-N237-S1_H1-mqed7_tq/fuzz/c/std/png_fuzzer.c -o /tmp/silent-wuffs-N237-S1_H1-mqed7_tq/.probe-4,0,0,"
RUNTIME:
- /tmp/silent-wuffs-N237-S1_H1-mqed7_tq/.probe-input        base: short read
PASS: 1 files processed
"
W057,N238,S0_H0,fuzz/c/std/gif_fuzzer.c,PASS,PASS,/usr/bin/gcc -std=gnu11 -O0 -g0 -DWUFFS_CONFIG__FUZZLIB_MAIN /tmp/silent-wuffs-N238-S0_H0-o9muelpl/fuzz/c/std/gif_fuzzer.c -o /tmp/silent-wuffs-N238-S0_H0-o9muelpl/.probe-0,0,0,"
RUNTIME:
- /tmp/silent-wuffs-N238-S0_H0-o9muelpl/.probe-input        base: short read
PASS: 1 files processed
"
W057,N238,S0_H0,fuzz/c/std/json_fuzzer.cc,PASS,PASS,/usr/bin/g++ -std=gnu++17 -O0 -g0 -DWUFFS_CONFIG__FUZZLIB_MAIN /tmp/silent-wuffs-N238-S0_H0-o9muelpl/fuzz/c/std/json_fuzzer.cc -o /tmp/silent-wuffs-N238-S0_H0-o9muelpl/.probe-1,0,0,"
RUNTIME:
- /tmp/silent-wuffs-N238-S0_H0-o9muelpl/.probe-input        ok
PASS: 1 files processed
"
W057,N238,S1_H0,fuzz/c/std/gif_fuzzer.c,PASS,PASS,/usr/bin/gcc -std=gnu11 -O0 -g0 -DWUFFS_CONFIG__FUZZLIB_MAIN /tmp/silent-wuffs-N238-S1_H0-sh5inm8n/fuzz/c/std/gif_fuzzer.c -o /tmp/silent-wuffs-N238-S1_H0-sh5inm8n/.probe-0,0,0,"
RUNTIME:
- /tmp/silent-wuffs-N238-S1_H0-sh5inm8n/.probe-input        base: short read
PASS: 1 files processed
"
W057,N238,S1_H0,fuzz/c/std/json_fuzzer.cc,PASS,PASS,/usr/bin/g++ -std=gnu++17 -O0 -g0 -DWUFFS_CONFIG__FUZZLIB_MAIN /tmp/silent-wuffs-N238-S1_H0-sh5inm8n/fuzz/c/std/json_fuzzer.cc -o /tmp/silent-wuffs-N238-S1_H0-sh5inm8n/.probe-1,0,0,"
RUNTIME:
- /tmp/silent-wuffs-N238-S1_H0-sh5inm8n/.probe-input        ok
PASS: 1 files processed
"
W057,N238,S1_H1,fuzz/c/std/gif_fuzzer.c,PASS,PASS,/usr/bin/gcc -std=gnu11 -O0 -g0 -DWUFFS_CONFIG__FUZZLIB_MAIN /tmp/silent-wuffs-N238-S1_H1-0sohmycb/fuzz/c/std/gif_fuzzer.c -o /tmp/silent-wuffs-N238-S1_H1-0sohmycb/.probe-0,0,0,"
RUNTIME:
- /tmp/silent-wuffs-N238-S1_H1-0sohmycb/.probe-input        base: short read
PASS: 1 files processed
"
W057,N238,S1_H1,fuzz/c/std/json_fuzzer.cc,PASS,PASS,/usr/bin/g++ -std=gnu++17 -O0 -g0 -DWUFFS_CONFIG__FUZZLIB_MAIN /tmp/silent-wuffs-N238-S1_H1-0sohmycb/fuzz/c/std/json_fuzzer.cc -o /tmp/silent-wuffs-N238-S1_H1-0sohmycb/.probe-1,0,0,"
RUNTIME:
- /tmp/silent-wuffs-N238-S1_H1-0sohmycb/.probe-input        ok
PASS: 1 files processed
"
W058,N239,S0_H0,fuzz/c/std/bzip2_fuzzer.c,PASS,PASS,/usr/bin/gcc -std=gnu11 -O0 -g0 -DWUFFS_CONFIG__FUZZLIB_MAIN /tmp/silent-wuffs-N239-S0_H0-ms4orgyz/fuzz/c/std/bzip2_fuzzer.c -o /tmp/silent-wuffs-N239-S0_H0-ms4orgyz/.probe-0,0,0,"
RUNTIME:
- /tmp/silent-wuffs-N239-S0_H0-ms4orgyz/.probe-input        bzip2: bad header
PASS: 1 files processed
"
W058,N239,S0_H0,fuzz/c/std/gif_fuzzer.c,PASS,PASS,/usr/bin/gcc -std=gnu11 -O0 -g0 -DWUFFS_CONFIG__FUZZLIB_MAIN /tmp/silent-wuffs-N239-S0_H0-ms4orgyz/fuzz/c/std/gif_fuzzer.c -o /tmp/silent-wuffs-N239-S0_H0-ms4orgyz/.probe-1,0,0,"
RUNTIME:
- /tmp/silent-wuffs-N239-S0_H0-ms4orgyz/.probe-input        base: short read
PASS: 1 files processed
"
W058,N239,S0_H0,fuzz/c/std/json_fuzzer.cc,PASS,PASS,/usr/bin/g++ -std=gnu++17 -O0 -g0 -DWUFFS_CONFIG__FUZZLIB_MAIN /tmp/silent-wuffs-N239-S0_H0-ms4orgyz/fuzz/c/std/json_fuzzer.cc -o /tmp/silent-wuffs-N239-S0_H0-ms4orgyz/.probe-2,0,0,"
RUNTIME:
- /tmp/silent-wuffs-N239-S0_H0-ms4orgyz/.probe-input        ok
PASS: 1 files processed
"
W058,N239,S0_H0,fuzz/c/std/zlib_fuzzer.c,PASS,PASS,/usr/bin/gcc -std=gnu11 -O0 -g0 -DWUFFS_CONFIG__FUZZLIB_MAIN /tmp/silent-wuffs-N239-S0_H0-ms4orgyz/fuzz/c/std/zlib_fuzzer.c -o /tmp/silent-wuffs-N239-S0_H0-ms4orgyz/.probe-3,0,0,"
RUNTIME:
- /tmp/silent-wuffs-N239-S0_H0-ms4orgyz/.probe-input        zlib: bad compression method
PASS: 1 files processed
"
W058,N239,S1_H0,fuzz/c/std/bzip2_fuzzer.c,FAIL,NOT_RUN,/usr/bin/gcc -std=gnu11 -O0 -g0 -DWUFFS_CONFIG__FUZZLIB_MAIN /tmp/silent-wuffs-N239-S1_H0-7fozfwhr/fuzz/c/std/bzip2_fuzzer.c -o /tmp/silent-wuffs-N239-S1_H0-7fozfwhr/.probe-0,1,,"/tmp/silent-wuffs-N239-S1_H0-7fozfwhr/fuzz/c/std/bzip2_fuzzer.c: In function ‘fuzz’:
/tmp/silent-wuffs-N239-S1_H0-7fozfwhr/fuzz/c/std/bzip2_fuzzer.c:100:3: warning: implicit declaration of function ‘wuffs_bzip2__decoder__set_quirk_enabled’; did you mean ‘wuffs_bzip2__decoder__set_quirk’? [-Wimplicit-function-declaration]
  100 |   wuffs_bzip2__decoder__set_quirk_enabled(
      |   ^~~~~~~~~~~~~~~~~~~~~~~~~~~~~~~~~~~~~~~
      |   wuffs_bzip2__decoder__set_quirk
/usr/bin/ld: /tmp/ccsOYDgQ.o: in function `fuzz':
bzip2_fuzzer.c:(.text+0x171e4): undefined reference to `wuffs_bzip2__decoder__set_quirk_enabled'
collect2: error: ld returned 1 exit status
"
W058,N239,S1_H0,fuzz/c/std/gif_fuzzer.c,FAIL,NOT_RUN,/usr/bin/gcc -std=gnu11 -O0 -g0 -DWUFFS_CONFIG__FUZZLIB_MAIN /tmp/silent-wuffs-N239-S1_H0-7fozfwhr/fuzz/c/std/gif_fuzzer.c -o /tmp/silent-wuffs-N239-S1_H0-7fozfwhr/.probe-1,1,,"/tmp/silent-wuffs-N239-S1_H0-7fozfwhr/fuzz/c/std/gif_fuzzer.c: In function ‘set_quirks’:
/tmp/silent-wuffs-N239-S1_H0-7fozfwhr/fuzz/c/std/gif_fuzzer.c:91:7: warning: implicit declaration of function ‘wuffs_gif__decoder__set_quirk_enabled’; did you mean ‘wuffs_gif__decoder__set_quirk’? [-Wimplicit-function-declaration]
   91 |       wuffs_gif__decoder__set_quirk_enabled(dec, quirks[i], true);
      |       ^~~~~~~~~~~~~~~~~~~~~~~~~~~~~~~~~~~~~
      |       wuffs_gif__decoder__set_quirk
/usr/bin/ld: /tmp/ccnTsbKz.o: in function `set_quirks':
gif_fuzzer.c:(.text+0x1c3e4): undefined reference to `wuffs_gif__decoder__set_quirk_enabled'
collect2: error: ld returned 1 exit status
"
W058,N239,S1_H0,fuzz/c/std/json_fuzzer.cc,FAIL,NOT_RUN,/usr/bin/g++ -std=gnu++17 -O0 -g0 -DWUFFS_CONFIG__FUZZLIB_MAIN /tmp/silent-wuffs-N239-S1_H0-7fozfwhr/fuzz/c/std/json_fuzzer.cc -o /tmp/silent-wuffs-N239-S1_H0-7fozfwhr/.probe-2,1,,"/tmp/silent-wuffs-N239-S1_H0-7fozfwhr/fuzz/c/std/json_fuzzer.cc: In function ‘void set_quirks(wuffs_json__decoder*, uint64_t)’:
/tmp/silent-wuffs-N239-S1_H0-7fozfwhr/fuzz/c/std/json_fuzzer.cc:267:7: error: ‘wuffs_json__decoder__set_quirk_enabled’ was not declared in this scope; did you mean ‘wuffs_json__decoder__set_quirk’?
  267 |       wuffs_json__decoder__set_quirk_enabled(dec, g_quirks[i], true);
      |       ^~~~~~~~~~~~~~~~~~~~~~~~~~~~~~~~~~~~~~
      |       wuffs_json__decoder__set_quirk
"
W058,N239,S1_H0,fuzz/c/std/zlib_fuzzer.c,FAIL,NOT_RUN,/usr/bin/gcc -std=gnu11 -O0 -g0 -DWUFFS_CONFIG__FUZZLIB_MAIN /tmp/silent-wuffs-N239-S1_H0-7fozfwhr/fuzz/c/std/zlib_fuzzer.c -o /tmp/silent-wuffs-N239-S1_H0-7fozfwhr/.probe-3,1,,"/tmp/silent-wuffs-N239-S1_H0-7fozfwhr/fuzz/c/std/zlib_fuzzer.c: In function ‘fuzz’:
/tmp/silent-wuffs-N239-S1_H0-7fozfwhr/fuzz/c/std/zlib_fuzzer.c:102:3: warning: implicit declaration of function ‘wuffs_zlib__decoder__set_quirk_enabled’; did you mean ‘wuffs_zlib__decoder__set_quirk’? [-Wimplicit-function-declaration]
  102 |   wuffs_zlib__decoder__set_quirk_enabled(
      |   ^~~~~~~~~~~~~~~~~~~~~~~~~~~~~~~~~~~~~~
      |   wuffs_zlib__decoder__set_quirk
/usr/bin/ld: /tmp/cceglZeL.o: in function `fuzz':
zlib_fuzzer.c:(.text+0x1c32f): undefined reference to `wuffs_zlib__decoder__set_quirk_enabled'
collect2: error: ld returned 1 exit status
"
W058,N239,S1_H1,fuzz/c/std/bzip2_fuzzer.c,PASS,PASS,/usr/bin/gcc -std=gnu11 -O0 -g0 -DWUFFS_CONFIG__FUZZLIB_MAIN /tmp/silent-wuffs-N239-S1_H1-yfbcz3wv/fuzz/c/std/bzip2_fuzzer.c -o /tmp/silent-wuffs-N239-S1_H1-yfbcz3wv/.probe-0,0,0,"
RUNTIME:
- /tmp/silent-wuffs-N239-S1_H1-yfbcz3wv/.probe-input        bzip2: bad header
PASS: 1 files processed
"
W058,N239,S1_H1,fuzz/c/std/gif_fuzzer.c,PASS,PASS,/usr/bin/gcc -std=gnu11 -O0 -g0 -DWUFFS_CONFIG__FUZZLIB_MAIN /tmp/silent-wuffs-N239-S1_H1-yfbcz3wv/fuzz/c/std/gif_fuzzer.c -o /tmp/silent-wuffs-N239-S1_H1-yfbcz3wv/.probe-1,0,0,"
RUNTIME:
- /tmp/silent-wuffs-N239-S1_H1-yfbcz3wv/.probe-input        base: short read
PASS: 1 files processed
"
W058,N239,S1_H1,fuzz/c/std/json_fuzzer.cc,PASS,PASS,/usr/bin/g++ -std=gnu++17 -O0 -g0 -DWUFFS_CONFIG__FUZZLIB_MAIN /tmp/silent-wuffs-N239-S1_H1-yfbcz3wv/fuzz/c/std/json_fuzzer.cc -o /tmp/silent-wuffs-N239-S1_H1-yfbcz3wv/.probe-2,0,0,"
RUNTIME:
- /tmp/silent-wuffs-N239-S1_H1-yfbcz3wv/.probe-input        ok
PASS: 1 files processed
"
W058,N239,S1_H1,fuzz/c/std/zlib_fuzzer.c,PASS,PASS,/usr/bin/gcc -std=gnu11 -O0 -g0 -DWUFFS_CONFIG__FUZZLIB_MAIN /tmp/silent-wuffs-N239-S1_H1-yfbcz3wv/fuzz/c/std/zlib_fuzzer.c -o /tmp/silent-wuffs-N239-S1_H1-yfbcz3wv/.probe-3,0,0,"
RUNTIME:
- /tmp/silent-wuffs-N239-S1_H1-yfbcz3wv/.probe-input        zlib: bad compression method
PASS: 1 files processed
"
W059,N240,S0_H0,fuzz/c/std/pixel_swizzler_fuzzer.c,PASS,PASS,/usr/bin/gcc -std=gnu11 -O0 -g0 -DWUFFS_CONFIG__FUZZLIB_MAIN /tmp/silent-wuffs-N240-S0_H0-emp96qhm/fuzz/c/std/pixel_swizzler_fuzzer.c -o /tmp/silent-wuffs-N240-S0_H0-emp96qhm/.probe-0,0,0,"
RUNTIME:
- /tmp/silent-wuffs-N240-S0_H0-emp96qhm/.probe-input        fuzz: not enough data
PASS: 1 files processed
"
W059,N240,S1_H0,fuzz/c/std/pixel_swizzler_fuzzer.c,FAIL,NOT_RUN,/usr/bin/gcc -std=gnu11 -O0 -g0 -DWUFFS_CONFIG__FUZZLIB_MAIN /tmp/silent-wuffs-N240-S1_H0-r9l9ivt5/fuzz/c/std/pixel_swizzler_fuzzer.c -o /tmp/silent-wuffs-N240-S1_H0-r9l9ivt5/.probe-0,1,,"/tmp/silent-wuffs-N240-S1_H0-r9l9ivt5/fuzz/c/std/pixel_swizzler_fuzzer.c: In function ‘fuzz_swizzle_ycck’:
/tmp/silent-wuffs-N240-S1_H0-r9l9ivt5/fuzz/c/std/pixel_swizzler_fuzzer.c:342:31: error: too few arguments to function ‘wuffs_base__pixel_swizzler__swizzle_ycck’
  342 |   wuffs_base__status status = wuffs_base__pixel_swizzler__swizzle_ycck(
      |                               ^~~~~~~~~~~~~~~~~~~~~~~~~~~~~~~~~~~~~~~~
In file included from /tmp/silent-wuffs-N240-S1_H0-r9l9ivt5/fuzz/c/std/pixel_swizzler_fuzzer.c:73:
/tmp/silent-wuffs-N240-S1_H0-r9l9ivt5/fuzz/c/std/../../../release/c/wuffs-unsupported-snapshot.c:23069:1: note: declared here
23069 | wuffs_base__pixel_swizzler__swizzle_ycck(
      | ^~~~~~~~~~~~~~~~~~~~~~~~~~~~~~~~~~~~~~~~
"
W059,N240,S1_H1,fuzz/c/std/pixel_swizzler_fuzzer.c,PASS,PASS,/usr/bin/gcc -std=gnu11 -O0 -g0 -DWUFFS_CONFIG__FUZZLIB_MAIN /tmp/silent-wuffs-N240-S1_H1-7kuon_iv/fuzz/c/std/pixel_swizzler_fuzzer.c -o /tmp/silent-wuffs-N240-S1_H1-7kuon_iv/.probe-0,0,0,"
RUNTIME:
- /tmp/silent-wuffs-N240-S1_H1-7kuon_iv/.probe-input        fuzz: not enough data
PASS: 1 files processed
"
W060,N241,S0_H0,fuzz/c/std/gif_fuzzer.c,PASS,PASS,/usr/bin/gcc -std=gnu11 -O0 -g0 -DWUFFS_CONFIG__FUZZLIB_MAIN /tmp/silent-wuffs-N241-S0_H0-fq0xskkt/fuzz/c/std/gif_fuzzer.c -o /tmp/silent-wuffs-N241-S0_H0-fq0xskkt/.probe-0,0,0,"
RUNTIME:
- /tmp/silent-wuffs-N241-S0_H0-fq0xskkt/.probe-input        base: short read
PASS: 1 files processed
"
W060,N241,S1_H0,fuzz/c/std/gif_fuzzer.c,PASS,PASS,/usr/bin/gcc -std=gnu11 -O0 -g0 -DWUFFS_CONFIG__FUZZLIB_MAIN /tmp/silent-wuffs-N241-S1_H0-zuofj14n/fuzz/c/std/gif_fuzzer.c -o /tmp/silent-wuffs-N241-S1_H0-zuofj14n/.probe-0,0,0,"
RUNTIME:
- /tmp/silent-wuffs-N241-S1_H0-zuofj14n/.probe-input        base: short read
PASS: 1 files processed
"
W060,N241,S1_H1,fuzz/c/std/gif_fuzzer.c,PASS,PASS,/usr/bin/gcc -std=gnu11 -O0 -g0 -DWUFFS_CONFIG__FUZZLIB_MAIN /tmp/silent-wuffs-N241-S1_H1-j_foxhjg/fuzz/c/std/gif_fuzzer.c -o /tmp/silent-wuffs-N241-S1_H1-j_foxhjg/.probe-0,0,0,"
RUNTIME:
- /tmp/silent-wuffs-N241-S1_H1-j_foxhjg/.probe-input        base: short read
PASS: 1 files processed
"
W061,N242,S0_H0,fuzz/c/std/bmp_fuzzer.c,PASS,PASS,/usr/bin/gcc -std=gnu11 -O0 -g0 -DWUFFS_CONFIG__FUZZLIB_MAIN /tmp/silent-wuffs-N242-S0_H0-sowoueg9/fuzz/c/std/bmp_fuzzer.c -o /tmp/silent-wuffs-N242-S0_H0-sowoueg9/.probe-0,0,0,"
RUNTIME:
- /tmp/silent-wuffs-N242-S0_H0-sowoueg9/.probe-input        bmp: bad header
PASS: 1 files processed
"
W061,N242,S0_H0,fuzz/c/std/bzip2_fuzzer.c,PASS,PASS,/usr/bin/gcc -std=gnu11 -O0 -g0 -DWUFFS_CONFIG__FUZZLIB_MAIN /tmp/silent-wuffs-N242-S0_H0-sowoueg9/fuzz/c/std/bzip2_fuzzer.c -o /tmp/silent-wuffs-N242-S0_H0-sowoueg9/.probe-1,0,0,"
RUNTIME:
- /tmp/silent-wuffs-N242-S0_H0-sowoueg9/.probe-input        bzip2: bad header
PASS: 1 files processed
"
W061,N242,S0_H0,fuzz/c/std/cbor_fuzzer.c,PASS,PASS,/usr/bin/gcc -std=gnu11 -O0 -g0 -DWUFFS_CONFIG__FUZZLIB_MAIN /tmp/silent-wuffs-N242-S0_H0-sowoueg9/fuzz/c/std/cbor_fuzzer.c -o /tmp/silent-wuffs-N242-S0_H0-sowoueg9/.probe-2,0,0,"
RUNTIME:
- /tmp/silent-wuffs-N242-S0_H0-sowoueg9/.probe-input        base: short read
PASS: 1 files processed
"
W061,N242,S0_H0,fuzz/c/std/gif_fuzzer.c,PASS,PASS,/usr/bin/gcc -std=gnu11 -O0 -g0 -DWUFFS_CONFIG__FUZZLIB_MAIN /tmp/silent-wuffs-N242-S0_H0-sowoueg9/fuzz/c/std/gif_fuzzer.c -o /tmp/silent-wuffs-N242-S0_H0-sowoueg9/.probe-3,0,0,"
RUNTIME:
- /tmp/silent-wuffs-N242-S0_H0-sowoueg9/.probe-input        base: short read
PASS: 1 files processed
"
W061,N242,S0_H0,fuzz/c/std/jpeg_fuzzer.c,PASS,PASS,/usr/bin/gcc -std=gnu11 -O0 -g0 -DWUFFS_CONFIG__FUZZLIB_MAIN /tmp/silent-wuffs-N242-S0_H0-sowoueg9/fuzz/c/std/jpeg_fuzzer.c -o /tmp/silent-wuffs-N242-S0_H0-sowoueg9/.probe-4,0,0,"
RUNTIME:
- /tmp/silent-wuffs-N242-S0_H0-sowoueg9/.probe-input        jpeg: bad header
PASS: 1 files processed
"
W061,N242,S0_H0,fuzz/c/std/json_fuzzer.cc,PASS,PASS,/usr/bin/g++ -std=gnu++17 -O0 -g0 -DWUFFS_CONFIG__FUZZLIB_MAIN /tmp/silent-wuffs-N242-S0_H0-sowoueg9/fuzz/c/std/json_fuzzer.cc -o /tmp/silent-wuffs-N242-S0_H0-sowoueg9/.probe-5,0,0,"
RUNTIME:
- /tmp/silent-wuffs-N242-S0_H0-sowoueg9/.probe-input        ok
PASS: 1 files processed
"
W061,N242,S0_H0,fuzz/c/std/pixel_swizzler_fuzzer.c,PASS,PASS,/usr/bin/gcc -std=gnu11 -O0 -g0 -DWUFFS_CONFIG__FUZZLIB_MAIN /tmp/silent-wuffs-N242-S0_H0-sowoueg9/fuzz/c/std/pixel_swizzler_fuzzer.c -o /tmp/silent-wuffs-N242-S0_H0-sowoueg9/.probe-6,0,0,"
RUNTIME:
- /tmp/silent-wuffs-N242-S0_H0-sowoueg9/.probe-input        fuzz: not enough data
PASS: 1 files processed
"
W061,N242,S0_H0,fuzz/c/std/png_fuzzer.c,PASS,PASS,/usr/bin/gcc -std=gnu11 -O0 -g0 -DWUFFS_CONFIG__FUZZLIB_MAIN /tmp/silent-wuffs-N242-S0_H0-sowoueg9/fuzz/c/std/png_fuzzer.c -o /tmp/silent-wuffs-N242-S0_H0-sowoueg9/.probe-7,0,0,"
RUNTIME:
- /tmp/silent-wuffs-N242-S0_H0-sowoueg9/.probe-input        base: short read
PASS: 1 files processed
"
W061,N242,S0_H0,fuzz/c/std/tga_fuzzer.c,PASS,PASS,/usr/bin/gcc -std=gnu11 -O0 -g0 -DWUFFS_CONFIG__FUZZLIB_MAIN /tmp/silent-wuffs-N242-S0_H0-sowoueg9/fuzz/c/std/tga_fuzzer.c -o /tmp/silent-wuffs-N242-S0_H0-sowoueg9/.probe-8,0,0,"
RUNTIME:
- /tmp/silent-wuffs-N242-S0_H0-sowoueg9/.probe-input        tga: bad header
PASS: 1 files processed
"
W061,N242,S0_H0,fuzz/c/std/zlib_fuzzer.c,PASS,PASS,/usr/bin/gcc -std=gnu11 -O0 -g0 -DWUFFS_CONFIG__FUZZLIB_MAIN /tmp/silent-wuffs-N242-S0_H0-sowoueg9/fuzz/c/std/zlib_fuzzer.c -o /tmp/silent-wuffs-N242-S0_H0-sowoueg9/.probe-9,0,0,"
RUNTIME:
- /tmp/silent-wuffs-N242-S0_H0-sowoueg9/.probe-input        zlib: bad compression method
PASS: 1 files processed
"
W061,N242,S1_H0,fuzz/c/std/bmp_fuzzer.c,PASS,PASS,/usr/bin/gcc -std=gnu11 -O0 -g0 -DWUFFS_CONFIG__FUZZLIB_MAIN /tmp/silent-wuffs-N242-S1_H0-vsbzlyx4/fuzz/c/std/bmp_fuzzer.c -o /tmp/silent-wuffs-N242-S1_H0-vsbzlyx4/.probe-0,0,0,"
RUNTIME:
- /tmp/silent-wuffs-N242-S1_H0-vsbzlyx4/.probe-input        bmp: bad header
PASS: 1 files processed
"
W061,N242,S1_H0,fuzz/c/std/bzip2_fuzzer.c,PASS,PASS,/usr/bin/gcc -std=gnu11 -O0 -g0 -DWUFFS_CONFIG__FUZZLIB_MAIN /tmp/silent-wuffs-N242-S1_H0-vsbzlyx4/fuzz/c/std/bzip2_fuzzer.c -o /tmp/silent-wuffs-N242-S1_H0-vsbzlyx4/.probe-1,0,0,"
RUNTIME:
- /tmp/silent-wuffs-N242-S1_H0-vsbzlyx4/.probe-input        bzip2: bad header
PASS: 1 files processed
"
W061,N242,S1_H0,fuzz/c/std/cbor_fuzzer.c,PASS,PASS,/usr/bin/gcc -std=gnu11 -O0 -g0 -DWUFFS_CONFIG__FUZZLIB_MAIN /tmp/silent-wuffs-N242-S1_H0-vsbzlyx4/fuzz/c/std/cbor_fuzzer.c -o /tmp/silent-wuffs-N242-S1_H0-vsbzlyx4/.probe-2,0,0,"
RUNTIME:
- /tmp/silent-wuffs-N242-S1_H0-vsbzlyx4/.probe-input        base: short read
PASS: 1 files processed
"
W061,N242,S1_H0,fuzz/c/std/gif_fuzzer.c,PASS,PASS,/usr/bin/gcc -std=gnu11 -O0 -g0 -DWUFFS_CONFIG__FUZZLIB_MAIN /tmp/silent-wuffs-N242-S1_H0-vsbzlyx4/fuzz/c/std/gif_fuzzer.c -o /tmp/silent-wuffs-N242-S1_H0-vsbzlyx4/.probe-3,0,0,"
RUNTIME:
- /tmp/silent-wuffs-N242-S1_H0-vsbzlyx4/.probe-input        base: short read
PASS: 1 files processed
"
W061,N242,S1_H0,fuzz/c/std/jpeg_fuzzer.c,PASS,PASS,/usr/bin/gcc -std=gnu11 -O0 -g0 -DWUFFS_CONFIG__FUZZLIB_MAIN /tmp/silent-wuffs-N242-S1_H0-vsbzlyx4/fuzz/c/std/jpeg_fuzzer.c -o /tmp/silent-wuffs-N242-S1_H0-vsbzlyx4/.probe-4,0,0,"
RUNTIME:
- /tmp/silent-wuffs-N242-S1_H0-vsbzlyx4/.probe-input        jpeg: bad header
PASS: 1 files processed
"
W061,N242,S1_H0,fuzz/c/std/json_fuzzer.cc,PASS,PASS,/usr/bin/g++ -std=gnu++17 -O0 -g0 -DWUFFS_CONFIG__FUZZLIB_MAIN /tmp/silent-wuffs-N242-S1_H0-vsbzlyx4/fuzz/c/std/json_fuzzer.cc -o /tmp/silent-wuffs-N242-S1_H0-vsbzlyx4/.probe-5,0,0,"
RUNTIME:
- /tmp/silent-wuffs-N242-S1_H0-vsbzlyx4/.probe-input        ok
PASS: 1 files processed
"
W061,N242,S1_H0,fuzz/c/std/pixel_swizzler_fuzzer.c,PASS,PASS,/usr/bin/gcc -std=gnu11 -O0 -g0 -DWUFFS_CONFIG__FUZZLIB_MAIN /tmp/silent-wuffs-N242-S1_H0-vsbzlyx4/fuzz/c/std/pixel_swizzler_fuzzer.c -o /tmp/silent-wuffs-N242-S1_H0-vsbzlyx4/.probe-6,0,0,"
RUNTIME:
- /tmp/silent-wuffs-N242-S1_H0-vsbzlyx4/.probe-input        fuzz: not enough data
PASS: 1 files processed
"
W061,N242,S1_H0,fuzz/c/std/png_fuzzer.c,PASS,PASS,/usr/bin/gcc -std=gnu11 -O0 -g0 -DWUFFS_CONFIG__FUZZLIB_MAIN /tmp/silent-wuffs-N242-S1_H0-vsbzlyx4/fuzz/c/std/png_fuzzer.c -o /tmp/silent-wuffs-N242-S1_H0-vsbzlyx4/.probe-7,0,0,"
RUNTIME:
- /tmp/silent-wuffs-N242-S1_H0-vsbzlyx4/.probe-input        base: short read
PASS: 1 files processed
"
W061,N242,S1_H0,fuzz/c/std/tga_fuzzer.c,PASS,PASS,/usr/bin/gcc -std=gnu11 -O0 -g0 -DWUFFS_CONFIG__FUZZLIB_MAIN /tmp/silent-wuffs-N242-S1_H0-vsbzlyx4/fuzz/c/std/tga_fuzzer.c -o /tmp/silent-wuffs-N242-S1_H0-vsbzlyx4/.probe-8,0,0,"
RUNTIME:
- /tmp/silent-wuffs-N242-S1_H0-vsbzlyx4/.probe-input        tga: bad header
PASS: 1 files processed
"
W061,N242,S1_H0,fuzz/c/std/zlib_fuzzer.c,PASS,PASS,/usr/bin/gcc -std=gnu11 -O0 -g0 -DWUFFS_CONFIG__FUZZLIB_MAIN /tmp/silent-wuffs-N242-S1_H0-vsbzlyx4/fuzz/c/std/zlib_fuzzer.c -o /tmp/silent-wuffs-N242-S1_H0-vsbzlyx4/.probe-9,0,0,"
RUNTIME:
- /tmp/silent-wuffs-N242-S1_H0-vsbzlyx4/.probe-input        zlib: bad compression method
PASS: 1 files processed
"
W061,N242,S1_H1,fuzz/c/std/bmp_fuzzer.c,PASS,PASS,/usr/bin/gcc -std=gnu11 -O0 -g0 -DWUFFS_CONFIG__FUZZLIB_MAIN /tmp/silent-wuffs-N242-S1_H1-a6mnqnzj/fuzz/c/std/bmp_fuzzer.c -o /tmp/silent-wuffs-N242-S1_H1-a6mnqnzj/.probe-0,0,0,"
RUNTIME:
- /tmp/silent-wuffs-N242-S1_H1-a6mnqnzj/.probe-input        bmp: bad header
PASS: 1 files processed
"
W061,N242,S1_H1,fuzz/c/std/bzip2_fuzzer.c,PASS,PASS,/usr/bin/gcc -std=gnu11 -O0 -g0 -DWUFFS_CONFIG__FUZZLIB_MAIN /tmp/silent-wuffs-N242-S1_H1-a6mnqnzj/fuzz/c/std/bzip2_fuzzer.c -o /tmp/silent-wuffs-N242-S1_H1-a6mnqnzj/.probe-1,0,0,"
RUNTIME:
- /tmp/silent-wuffs-N242-S1_H1-a6mnqnzj/.probe-input        bzip2: bad header
PASS: 1 files processed
"
W061,N242,S1_H1,fuzz/c/std/cbor_fuzzer.c,PASS,PASS,/usr/bin/gcc -std=gnu11 -O0 -g0 -DWUFFS_CONFIG__FUZZLIB_MAIN /tmp/silent-wuffs-N242-S1_H1-a6mnqnzj/fuzz/c/std/cbor_fuzzer.c -o /tmp/silent-wuffs-N242-S1_H1-a6mnqnzj/.probe-2,0,0,"
RUNTIME:
- /tmp/silent-wuffs-N242-S1_H1-a6mnqnzj/.probe-input        base: short read
PASS: 1 files processed
"
W061,N242,S1_H1,fuzz/c/std/gif_fuzzer.c,PASS,PASS,/usr/bin/gcc -std=gnu11 -O0 -g0 -DWUFFS_CONFIG__FUZZLIB_MAIN /tmp/silent-wuffs-N242-S1_H1-a6mnqnzj/fuzz/c/std/gif_fuzzer.c -o /tmp/silent-wuffs-N242-S1_H1-a6mnqnzj/.probe-3,0,0,"
RUNTIME:
- /tmp/silent-wuffs-N242-S1_H1-a6mnqnzj/.probe-input        base: short read
PASS: 1 files processed
"
W061,N242,S1_H1,fuzz/c/std/jpeg_fuzzer.c,PASS,PASS,/usr/bin/gcc -std=gnu11 -O0 -g0 -DWUFFS_CONFIG__FUZZLIB_MAIN /tmp/silent-wuffs-N242-S1_H1-a6mnqnzj/fuzz/c/std/jpeg_fuzzer.c -o /tmp/silent-wuffs-N242-S1_H1-a6mnqnzj/.probe-4,0,0,"
RUNTIME:
- /tmp/silent-wuffs-N242-S1_H1-a6mnqnzj/.probe-input        jpeg: bad header
PASS: 1 files processed
"
W061,N242,S1_H1,fuzz/c/std/json_fuzzer.cc,PASS,PASS,/usr/bin/g++ -std=gnu++17 -O0 -g0 -DWUFFS_CONFIG__FUZZLIB_MAIN /tmp/silent-wuffs-N242-S1_H1-a6mnqnzj/fuzz/c/std/json_fuzzer.cc -o /tmp/silent-wuffs-N242-S1_H1-a6mnqnzj/.probe-5,0,0,"
RUNTIME:
- /tmp/silent-wuffs-N242-S1_H1-a6mnqnzj/.probe-input        ok
PASS: 1 files processed
"
W061,N242,S1_H1,fuzz/c/std/pixel_swizzler_fuzzer.c,PASS,PASS,/usr/bin/gcc -std=gnu11 -O0 -g0 -DWUFFS_CONFIG__FUZZLIB_MAIN /tmp/silent-wuffs-N242-S1_H1-a6mnqnzj/fuzz/c/std/pixel_swizzler_fuzzer.c -o /tmp/silent-wuffs-N242-S1_H1-a6mnqnzj/.probe-6,0,0,"
RUNTIME:
- /tmp/silent-wuffs-N242-S1_H1-a6mnqnzj/.probe-input        fuzz: not enough data
PASS: 1 files processed
"
W061,N242,S1_H1,fuzz/c/std/png_fuzzer.c,PASS,PASS,/usr/bin/gcc -std=gnu11 -O0 -g0 -DWUFFS_CONFIG__FUZZLIB_MAIN /tmp/silent-wuffs-N242-S1_H1-a6mnqnzj/fuzz/c/std/png_fuzzer.c -o /tmp/silent-wuffs-N242-S1_H1-a6mnqnzj/.probe-7,0,0,"
RUNTIME:
- /tmp/silent-wuffs-N242-S1_H1-a6mnqnzj/.probe-input        base: short read
PASS: 1 files processed
"
W061,N242,S1_H1,fuzz/c/std/tga_fuzzer.c,PASS,PASS,/usr/bin/gcc -std=gnu11 -O0 -g0 -DWUFFS_CONFIG__FUZZLIB_MAIN /tmp/silent-wuffs-N242-S1_H1-a6mnqnzj/fuzz/c/std/tga_fuzzer.c -o /tmp/silent-wuffs-N242-S1_H1-a6mnqnzj/.probe-8,0,0,"
RUNTIME:
- /tmp/silent-wuffs-N242-S1_H1-a6mnqnzj/.probe-input        tga: bad header
PASS: 1 files processed
"
W061,N242,S1_H1,fuzz/c/std/zlib_fuzzer.c,PASS,PASS,/usr/bin/gcc -std=gnu11 -O0 -g0 -DWUFFS_CONFIG__FUZZLIB_MAIN /tmp/silent-wuffs-N242-S1_H1-a6mnqnzj/fuzz/c/std/zlib_fuzzer.c -o /tmp/silent-wuffs-N242-S1_H1-a6mnqnzj/.probe-9,0,0,"
RUNTIME:
- /tmp/silent-wuffs-N242-S1_H1-a6mnqnzj/.probe-input        zlib: bad compression method
PASS: 1 files processed
"
W062,N243,S0_H0,fuzz/c/std/bmp_fuzzer.c,PASS,PASS,/usr/bin/gcc -std=gnu11 -O0 -g0 -DWUFFS_CONFIG__FUZZLIB_MAIN /tmp/silent-wuffs-N243-S0_H0-nl8c3sx4/fuzz/c/std/bmp_fuzzer.c -o /tmp/silent-wuffs-N243-S0_H0-nl8c3sx4/.probe-0,0,0,"
RUNTIME:
- /tmp/silent-wuffs-N243-S0_H0-nl8c3sx4/.probe-input        bmp: bad header
PASS: 1 files processed
"
W062,N243,S0_H0,fuzz/c/std/bzip2_fuzzer.c,PASS,PASS,/usr/bin/gcc -std=gnu11 -O0 -g0 -DWUFFS_CONFIG__FUZZLIB_MAIN /tmp/silent-wuffs-N243-S0_H0-nl8c3sx4/fuzz/c/std/bzip2_fuzzer.c -o /tmp/silent-wuffs-N243-S0_H0-nl8c3sx4/.probe-1,0,0,"
RUNTIME:
- /tmp/silent-wuffs-N243-S0_H0-nl8c3sx4/.probe-input        bzip2: bad header
PASS: 1 files processed
"
W062,N243,S0_H0,fuzz/c/std/cbor_fuzzer.c,PASS,PASS,/usr/bin/gcc -std=gnu11 -O0 -g0 -DWUFFS_CONFIG__FUZZLIB_MAIN /tmp/silent-wuffs-N243-S0_H0-nl8c3sx4/fuzz/c/std/cbor_fuzzer.c -o /tmp/silent-wuffs-N243-S0_H0-nl8c3sx4/.probe-2,0,0,"
RUNTIME:
- /tmp/silent-wuffs-N243-S0_H0-nl8c3sx4/.probe-input        base: short read
PASS: 1 files processed
"
W062,N243,S0_H0,fuzz/c/std/gif_fuzzer.c,PASS,PASS,/usr/bin/gcc -std=gnu11 -O0 -g0 -DWUFFS_CONFIG__FUZZLIB_MAIN /tmp/silent-wuffs-N243-S0_H0-nl8c3sx4/fuzz/c/std/gif_fuzzer.c -o /tmp/silent-wuffs-N243-S0_H0-nl8c3sx4/.probe-3,0,0,"
RUNTIME:
- /tmp/silent-wuffs-N243-S0_H0-nl8c3sx4/.probe-input        base: short read
PASS: 1 files processed
"
W062,N243,S0_H0,fuzz/c/std/jpeg_fuzzer.c,PASS,PASS,/usr/bin/gcc -std=gnu11 -O0 -g0 -DWUFFS_CONFIG__FUZZLIB_MAIN /tmp/silent-wuffs-N243-S0_H0-nl8c3sx4/fuzz/c/std/jpeg_fuzzer.c -o /tmp/silent-wuffs-N243-S0_H0-nl8c3sx4/.probe-4,0,0,"
RUNTIME:
- /tmp/silent-wuffs-N243-S0_H0-nl8c3sx4/.probe-input        jpeg: bad header
PASS: 1 files processed
"
W062,N243,S0_H0,fuzz/c/std/json_fuzzer.cc,PASS,PASS,/usr/bin/g++ -std=gnu++17 -O0 -g0 -DWUFFS_CONFIG__FUZZLIB_MAIN /tmp/silent-wuffs-N243-S0_H0-nl8c3sx4/fuzz/c/std/json_fuzzer.cc -o /tmp/silent-wuffs-N243-S0_H0-nl8c3sx4/.probe-5,0,0,"
RUNTIME:
- /tmp/silent-wuffs-N243-S0_H0-nl8c3sx4/.probe-input        ok
PASS: 1 files processed
"
W062,N243,S0_H0,fuzz/c/std/pixel_swizzler_fuzzer.c,PASS,PASS,/usr/bin/gcc -std=gnu11 -O0 -g0 -DWUFFS_CONFIG__FUZZLIB_MAIN /tmp/silent-wuffs-N243-S0_H0-nl8c3sx4/fuzz/c/std/pixel_swizzler_fuzzer.c -o /tmp/silent-wuffs-N243-S0_H0-nl8c3sx4/.probe-6,0,0,"
RUNTIME:
- /tmp/silent-wuffs-N243-S0_H0-nl8c3sx4/.probe-input        fuzz: not enough data
PASS: 1 files processed
"
W062,N243,S0_H0,fuzz/c/std/png_fuzzer.c,PASS,PASS,/usr/bin/gcc -std=gnu11 -O0 -g0 -DWUFFS_CONFIG__FUZZLIB_MAIN /tmp/silent-wuffs-N243-S0_H0-nl8c3sx4/fuzz/c/std/png_fuzzer.c -o /tmp/silent-wuffs-N243-S0_H0-nl8c3sx4/.probe-7,0,0,"
RUNTIME:
- /tmp/silent-wuffs-N243-S0_H0-nl8c3sx4/.probe-input        base: short read
PASS: 1 files processed
"
W062,N243,S0_H0,fuzz/c/std/tga_fuzzer.c,PASS,PASS,/usr/bin/gcc -std=gnu11 -O0 -g0 -DWUFFS_CONFIG__FUZZLIB_MAIN /tmp/silent-wuffs-N243-S0_H0-nl8c3sx4/fuzz/c/std/tga_fuzzer.c -o /tmp/silent-wuffs-N243-S0_H0-nl8c3sx4/.probe-8,0,0,"
RUNTIME:
- /tmp/silent-wuffs-N243-S0_H0-nl8c3sx4/.probe-input        tga: bad header
PASS: 1 files processed
"
W062,N243,S0_H0,fuzz/c/std/zlib_fuzzer.c,PASS,PASS,/usr/bin/gcc -std=gnu11 -O0 -g0 -DWUFFS_CONFIG__FUZZLIB_MAIN /tmp/silent-wuffs-N243-S0_H0-nl8c3sx4/fuzz/c/std/zlib_fuzzer.c -o /tmp/silent-wuffs-N243-S0_H0-nl8c3sx4/.probe-9,0,0,"
RUNTIME:
- /tmp/silent-wuffs-N243-S0_H0-nl8c3sx4/.probe-input        zlib: bad compression method
PASS: 1 files processed
"
W062,N243,S1_H0,fuzz/c/std/bmp_fuzzer.c,PASS,PASS,/usr/bin/gcc -std=gnu11 -O0 -g0 -DWUFFS_CONFIG__FUZZLIB_MAIN /tmp/silent-wuffs-N243-S1_H0-_xz1l7ry/fuzz/c/std/bmp_fuzzer.c -o /tmp/silent-wuffs-N243-S1_H0-_xz1l7ry/.probe-0,0,0,"
RUNTIME:
- /tmp/silent-wuffs-N243-S1_H0-_xz1l7ry/.probe-input        bmp: bad header
PASS: 1 files processed
"
W062,N243,S1_H0,fuzz/c/std/bzip2_fuzzer.c,PASS,PASS,/usr/bin/gcc -std=gnu11 -O0 -g0 -DWUFFS_CONFIG__FUZZLIB_MAIN /tmp/silent-wuffs-N243-S1_H0-_xz1l7ry/fuzz/c/std/bzip2_fuzzer.c -o /tmp/silent-wuffs-N243-S1_H0-_xz1l7ry/.probe-1,0,0,"
RUNTIME:
- /tmp/silent-wuffs-N243-S1_H0-_xz1l7ry/.probe-input        bzip2: bad header
PASS: 1 files processed
"
W062,N243,S1_H0,fuzz/c/std/cbor_fuzzer.c,PASS,PASS,/usr/bin/gcc -std=gnu11 -O0 -g0 -DWUFFS_CONFIG__FUZZLIB_MAIN /tmp/silent-wuffs-N243-S1_H0-_xz1l7ry/fuzz/c/std/cbor_fuzzer.c -o /tmp/silent-wuffs-N243-S1_H0-_xz1l7ry/.probe-2,0,0,"
RUNTIME:
- /tmp/silent-wuffs-N243-S1_H0-_xz1l7ry/.probe-input        base: short read
PASS: 1 files processed
"
W062,N243,S1_H0,fuzz/c/std/gif_fuzzer.c,PASS,PASS,/usr/bin/gcc -std=gnu11 -O0 -g0 -DWUFFS_CONFIG__FUZZLIB_MAIN /tmp/silent-wuffs-N243-S1_H0-_xz1l7ry/fuzz/c/std/gif_fuzzer.c -o /tmp/silent-wuffs-N243-S1_H0-_xz1l7ry/.probe-3,0,0,"
RUNTIME:
- /tmp/silent-wuffs-N243-S1_H0-_xz1l7ry/.probe-input        base: short read
PASS: 1 files processed
"
W062,N243,S1_H0,fuzz/c/std/jpeg_fuzzer.c,PASS,PASS,/usr/bin/gcc -std=gnu11 -O0 -g0 -DWUFFS_CONFIG__FUZZLIB_MAIN /tmp/silent-wuffs-N243-S1_H0-_xz1l7ry/fuzz/c/std/jpeg_fuzzer.c -o /tmp/silent-wuffs-N243-S1_H0-_xz1l7ry/.probe-4,0,0,"
RUNTIME:
- /tmp/silent-wuffs-N243-S1_H0-_xz1l7ry/.probe-input        jpeg: bad header
PASS: 1 files processed
"
W062,N243,S1_H0,fuzz/c/std/json_fuzzer.cc,PASS,PASS,/usr/bin/g++ -std=gnu++17 -O0 -g0 -DWUFFS_CONFIG__FUZZLIB_MAIN /tmp/silent-wuffs-N243-S1_H0-_xz1l7ry/fuzz/c/std/json_fuzzer.cc -o /tmp/silent-wuffs-N243-S1_H0-_xz1l7ry/.probe-5,0,0,"
RUNTIME:
- /tmp/silent-wuffs-N243-S1_H0-_xz1l7ry/.probe-input        ok
PASS: 1 files processed
"
W062,N243,S1_H0,fuzz/c/std/pixel_swizzler_fuzzer.c,PASS,PASS,/usr/bin/gcc -std=gnu11 -O0 -g0 -DWUFFS_CONFIG__FUZZLIB_MAIN /tmp/silent-wuffs-N243-S1_H0-_xz1l7ry/fuzz/c/std/pixel_swizzler_fuzzer.c -o /tmp/silent-wuffs-N243-S1_H0-_xz1l7ry/.probe-6,0,0,"
RUNTIME:
- /tmp/silent-wuffs-N243-S1_H0-_xz1l7ry/.probe-input        fuzz: not enough data
PASS: 1 files processed
"
W062,N243,S1_H0,fuzz/c/std/png_fuzzer.c,PASS,PASS,/usr/bin/gcc -std=gnu11 -O0 -g0 -DWUFFS_CONFIG__FUZZLIB_MAIN /tmp/silent-wuffs-N243-S1_H0-_xz1l7ry/fuzz/c/std/png_fuzzer.c -o /tmp/silent-wuffs-N243-S1_H0-_xz1l7ry/.probe-7,0,0,"
RUNTIME:
- /tmp/silent-wuffs-N243-S1_H0-_xz1l7ry/.probe-input        base: short read
PASS: 1 files processed
"
W062,N243,S1_H0,fuzz/c/std/tga_fuzzer.c,PASS,PASS,/usr/bin/gcc -std=gnu11 -O0 -g0 -DWUFFS_CONFIG__FUZZLIB_MAIN /tmp/silent-wuffs-N243-S1_H0-_xz1l7ry/fuzz/c/std/tga_fuzzer.c -o /tmp/silent-wuffs-N243-S1_H0-_xz1l7ry/.probe-8,0,0,"
RUNTIME:
- /tmp/silent-wuffs-N243-S1_H0-_xz1l7ry/.probe-input        tga: bad header
PASS: 1 files processed
"
W062,N243,S1_H0,fuzz/c/std/zlib_fuzzer.c,PASS,PASS,/usr/bin/gcc -std=gnu11 -O0 -g0 -DWUFFS_CONFIG__FUZZLIB_MAIN /tmp/silent-wuffs-N243-S1_H0-_xz1l7ry/fuzz/c/std/zlib_fuzzer.c -o /tmp/silent-wuffs-N243-S1_H0-_xz1l7ry/.probe-9,0,0,"
RUNTIME:
- /tmp/silent-wuffs-N243-S1_H0-_xz1l7ry/.probe-input        zlib: bad compression method
PASS: 1 files processed
"
W062,N243,S1_H1,fuzz/c/std/bmp_fuzzer.c,PASS,PASS,/usr/bin/gcc -std=gnu11 -O0 -g0 -DWUFFS_CONFIG__FUZZLIB_MAIN /tmp/silent-wuffs-N243-S1_H1-gbuz6so3/fuzz/c/std/bmp_fuzzer.c -o /tmp/silent-wuffs-N243-S1_H1-gbuz6so3/.probe-0,0,0,"
RUNTIME:
- /tmp/silent-wuffs-N243-S1_H1-gbuz6so3/.probe-input        bmp: bad header
PASS: 1 files processed
"
W062,N243,S1_H1,fuzz/c/std/bzip2_fuzzer.c,PASS,PASS,/usr/bin/gcc -std=gnu11 -O0 -g0 -DWUFFS_CONFIG__FUZZLIB_MAIN /tmp/silent-wuffs-N243-S1_H1-gbuz6so3/fuzz/c/std/bzip2_fuzzer.c -o /tmp/silent-wuffs-N243-S1_H1-gbuz6so3/.probe-1,0,0,"
RUNTIME:
- /tmp/silent-wuffs-N243-S1_H1-gbuz6so3/.probe-input        bzip2: bad header
PASS: 1 files processed
"
W062,N243,S1_H1,fuzz/c/std/cbor_fuzzer.c,PASS,PASS,/usr/bin/gcc -std=gnu11 -O0 -g0 -DWUFFS_CONFIG__FUZZLIB_MAIN /tmp/silent-wuffs-N243-S1_H1-gbuz6so3/fuzz/c/std/cbor_fuzzer.c -o /tmp/silent-wuffs-N243-S1_H1-gbuz6so3/.probe-2,0,0,"
RUNTIME:
- /tmp/silent-wuffs-N243-S1_H1-gbuz6so3/.probe-input        base: short read
PASS: 1 files processed
"
W062,N243,S1_H1,fuzz/c/std/gif_fuzzer.c,PASS,PASS,/usr/bin/gcc -std=gnu11 -O0 -g0 -DWUFFS_CONFIG__FUZZLIB_MAIN /tmp/silent-wuffs-N243-S1_H1-gbuz6so3/fuzz/c/std/gif_fuzzer.c -o /tmp/silent-wuffs-N243-S1_H1-gbuz6so3/.probe-3,0,0,"
RUNTIME:
- /tmp/silent-wuffs-N243-S1_H1-gbuz6so3/.probe-input        base: short read
PASS: 1 files processed
"
W062,N243,S1_H1,fuzz/c/std/jpeg_fuzzer.c,PASS,PASS,/usr/bin/gcc -std=gnu11 -O0 -g0 -DWUFFS_CONFIG__FUZZLIB_MAIN /tmp/silent-wuffs-N243-S1_H1-gbuz6so3/fuzz/c/std/jpeg_fuzzer.c -o /tmp/silent-wuffs-N243-S1_H1-gbuz6so3/.probe-4,0,0,"
RUNTIME:
- /tmp/silent-wuffs-N243-S1_H1-gbuz6so3/.probe-input        jpeg: bad header
PASS: 1 files processed
"
W062,N243,S1_H1,fuzz/c/std/json_fuzzer.cc,PASS,PASS,/usr/bin/g++ -std=gnu++17 -O0 -g0 -DWUFFS_CONFIG__FUZZLIB_MAIN /tmp/silent-wuffs-N243-S1_H1-gbuz6so3/fuzz/c/std/json_fuzzer.cc -o /tmp/silent-wuffs-N243-S1_H1-gbuz6so3/.probe-5,0,0,"
RUNTIME:
- /tmp/silent-wuffs-N243-S1_H1-gbuz6so3/.probe-input        ok
PASS: 1 files processed
"
W062,N243,S1_H1,fuzz/c/std/pixel_swizzler_fuzzer.c,PASS,PASS,/usr/bin/gcc -std=gnu11 -O0 -g0 -DWUFFS_CONFIG__FUZZLIB_MAIN /tmp/silent-wuffs-N243-S1_H1-gbuz6so3/fuzz/c/std/pixel_swizzler_fuzzer.c -o /tmp/silent-wuffs-N243-S1_H1-gbuz6so3/.probe-6,0,0,"
RUNTIME:
- /tmp/silent-wuffs-N243-S1_H1-gbuz6so3/.probe-input        fuzz: not enough data
PASS: 1 files processed
"
W062,N243,S1_H1,fuzz/c/std/png_fuzzer.c,PASS,PASS,/usr/bin/gcc -std=gnu11 -O0 -g0 -DWUFFS_CONFIG__FUZZLIB_MAIN /tmp/silent-wuffs-N243-S1_H1-gbuz6so3/fuzz/c/std/png_fuzzer.c -o /tmp/silent-wuffs-N243-S1_H1-gbuz6so3/.probe-7,0,0,"
RUNTIME:
- /tmp/silent-wuffs-N243-S1_H1-gbuz6so3/.probe-input        base: short read
PASS: 1 files processed
"
W062,N243,S1_H1,fuzz/c/std/tga_fuzzer.c,PASS,PASS,/usr/bin/gcc -std=gnu11 -O0 -g0 -DWUFFS_CONFIG__FUZZLIB_MAIN /tmp/silent-wuffs-N243-S1_H1-gbuz6so3/fuzz/c/std/tga_fuzzer.c -o /tmp/silent-wuffs-N243-S1_H1-gbuz6so3/.probe-8,0,0,"
RUNTIME:
- /tmp/silent-wuffs-N243-S1_H1-gbuz6so3/.probe-input        tga: bad header
PASS: 1 files processed
"
W062,N243,S1_H1,fuzz/c/std/zlib_fuzzer.c,PASS,PASS,/usr/bin/gcc -std=gnu11 -O0 -g0 -DWUFFS_CONFIG__FUZZLIB_MAIN /tmp/silent-wuffs-N243-S1_H1-gbuz6so3/fuzz/c/std/zlib_fuzzer.c -o /tmp/silent-wuffs-N243-S1_H1-gbuz6so3/.probe-9,0,0,"
RUNTIME:
- /tmp/silent-wuffs-N243-S1_H1-gbuz6so3/.probe-input        zlib: bad compression method
PASS: 1 files processed
"
W063,N244,S0_H0,fuzz/c/std/pixel_swizzler_fuzzer.c,PASS,PASS,/usr/bin/gcc -std=gnu11 -O0 -g0 -DWUFFS_CONFIG__FUZZLIB_MAIN /tmp/silent-wuffs-N244-S0_H0-ycql03fj/fuzz/c/std/pixel_swizzler_fuzzer.c -o /tmp/silent-wuffs-N244-S0_H0-ycql03fj/.probe-0,0,0,"
RUNTIME:
- /tmp/silent-wuffs-N244-S0_H0-ycql03fj/.probe-input        fuzz: not enough data
PASS: 1 files processed
"
W063,N244,S1_H0,fuzz/c/std/pixel_swizzler_fuzzer.c,PASS,PASS,/usr/bin/gcc -std=gnu11 -O0 -g0 -DWUFFS_CONFIG__FUZZLIB_MAIN /tmp/silent-wuffs-N244-S1_H0-9ro4ze9s/fuzz/c/std/pixel_swizzler_fuzzer.c -o /tmp/silent-wuffs-N244-S1_H0-9ro4ze9s/.probe-0,0,0,"
RUNTIME:
- /tmp/silent-wuffs-N244-S1_H0-9ro4ze9s/.probe-input        fuzz: not enough data
PASS: 1 files processed
"
W063,N244,S1_H1,fuzz/c/std/pixel_swizzler_fuzzer.c,PASS,PASS,/usr/bin/gcc -std=gnu11 -O0 -g0 -DWUFFS_CONFIG__FUZZLIB_MAIN /tmp/silent-wuffs-N244-S1_H1-h6_6v2u6/fuzz/c/std/pixel_swizzler_fuzzer.c -o /tmp/silent-wuffs-N244-S1_H1-h6_6v2u6/.probe-0,0,0,"
RUNTIME:
- /tmp/silent-wuffs-N244-S1_H1-h6_6v2u6/.probe-input        fuzz: not enough data
PASS: 1 files processed
"
W064,N245,S0_H0,fuzz/c/std/pixel_swizzler_fuzzer.c,PASS,PASS,/usr/bin/gcc -std=gnu11 -O0 -g0 -DWUFFS_CONFIG__FUZZLIB_MAIN /tmp/silent-wuffs-N245-S0_H0-na_h0gap/fuzz/c/std/pixel_swizzler_fuzzer.c -o /tmp/silent-wuffs-N245-S0_H0-na_h0gap/.probe-0,0,0,"
RUNTIME:
- /tmp/silent-wuffs-N245-S0_H0-na_h0gap/.probe-input        fuzz: not enough data
PASS: 1 files processed
"
W064,N245,S1_H0,fuzz/c/std/pixel_swizzler_fuzzer.c,FAIL,NOT_RUN,/usr/bin/gcc -std=gnu11 -O0 -g0 -DWUFFS_CONFIG__FUZZLIB_MAIN /tmp/silent-wuffs-N245-S1_H0-yfuted6m/fuzz/c/std/pixel_swizzler_fuzzer.c -o /tmp/silent-wuffs-N245-S1_H0-yfuted6m/.probe-0,1,,"/tmp/silent-wuffs-N245-S1_H0-yfuted6m/fuzz/c/std/pixel_swizzler_fuzzer.c: In function ‘fuzz_swizzle_ycck’:
/tmp/silent-wuffs-N245-S1_H0-yfuted6m/fuzz/c/std/pixel_swizzler_fuzzer.c:372:7: error: incompatible type for argument 6 of ‘wuffs_base__pixel_swizzler__swizzle_ycck’
  372 |       src0, src1, src2, src3,               //
      |       ^~~~
      |       |
      |       wuffs_base__slice_u8
In file included from /tmp/silent-wuffs-N245-S1_H0-yfuted6m/fuzz/c/std/pixel_swizzler_fuzzer.c:69:
/tmp/silent-wuffs-N245-S1_H0-yfuted6m/fuzz/c/std/../../../release/c/wuffs-unsupported-snapshot.c:29035:14: note: expected ‘uint32_t’ {aka ‘unsigned int’} but argument is of type ‘wuffs_base__slice_u8’
29035 |     uint32_t y_min_incl,
      |     ~~~~~~~~~^~~~~~~~~~
/tmp/silent-wuffs-N245-S1_H0-yfuted6m/fuzz/c/std/pixel_swizzler_fuzzer.c:372:13: error: incompatible type for argument 7 of ‘wuffs_base__pixel_swizzler__swizzle_ycck’
  372 |       src0, src1, src2, src3,               //
      |             ^~~~
      |             |
      |             wuffs_base__slice_u8
/tmp/silent-wuffs-N245-S1_H0-yfuted6m/fuzz/c/std/../../../release/c/wuffs-unsupported-snapshot.c:29036:14: note: expected ‘uint32_t’ {aka ‘unsigned int’} but argument is of type ‘wuffs_base__slice_u8’
29036 |     uint32_t y_max_excl,
      |     ~~~~~~~~~^~~~~~~~~~
/tmp/silent-wuffs-N245-S1_H0-yfuted6m/fuzz/c/std/pixel_swizzler_fuzzer.c:373:7: error: incompatible type for argument 10 of ‘wuffs_base__pixel_swizzler__swizzle_ycck’
  373 |       width0, width1, width2, width3,       //
      |       ^~~~~~
      |       |
      |       uint32_t {aka unsigned int}
/tmp/silent-wuffs-N245-S1_H0-yfuted6m/fuzz/c/std/../../../release/c/wuffs-unsupported-snapshot.c:29039:26: note: expected ‘wuffs_base__slice_u8’ but argument is of type ‘uint32_t’ {aka ‘unsigned int’}
29039 |     wuffs_base__slice_u8 src2,
      |     ~~~~~~~~~~~~~~~~~~~~~^~~~
/tmp/silent-wuffs-N245-S1_H0-yfuted6m/fuzz/c/std/pixel_swizzler_fuzzer.c:373:15: error: incompatible type for argument 11 of ‘wuffs_base__pixel_swizzler__swizzle_ycck’
  373 |       width0, width1, width2, width3,       //
      |               ^~~~~~
      |               |
      |               uint32_t {aka unsigned int}
/tmp/silent-wuffs-N245-S1_H0-yfuted6m/fuzz/c/std/../../../release/c/wuffs-unsupported-snapshot.c:29040:26: note: expected ‘wuffs_base__slice_u8’ but argument is of type ‘uint32_t’ {aka ‘unsigned int’}
29040 |     wuffs_base__slice_u8 src3,
      |     ~~~~~~~~~~~~~~~~~~~~~^~~~
/tmp/silent-wuffs-N245-S1_H0-yfuted6m/fuzz/c/std/pixel_swizzler_fuzzer.c:380:7: error: incompatible type for argument 32 of ‘wuffs_base__pixel_swizzler__swizzle_ycck’
  380 |       wuffs_base__make_slice_u8(scratch_buffer, sizeof(scratch_buffer)));
      |       ^~~~~~~~~~~~~~~~~~~~~~~~~~~~~~~~~~~~~~~~~~~~~~~~~~~~~~~~~~~~~~~~~
      |       |
      |       wuffs_base__slice_u8
/tmp/silent-wuffs-N245-S1_H0-yfuted6m/fuzz/c/std/../../../release/c/wuffs-unsupported-snapshot.c:29061:10: note: expected ‘_Bool’ but argument is of type ‘wuffs_base__slice_u8’
29061 |     bool is_rgb_or_cmyk,
      |          ^
/tmp/silent-wuffs-N245-S1_H0-yfuted6m/fuzz/c/std/pixel_swizzler_fuzzer.c:369:31: error: too few arguments to function ‘wuffs_base__pixel_swizzler__swizzle_ycck’
  369 |   wuffs_base__status status = wuffs_base__pixel_swizzler__swizzle_ycck(
      |                               ^~~~~~~~~~~~~~~~~~~~~~~~~~~~~~~~~~~~~~~~
/tmp/silent-wuffs-N245-S1_H0-yfuted6m/fuzz/c/std/../../../release/c/wuffs-unsupported-snapshot.c:29029:1: note: declared here
29029 | wuffs_base__pixel_swizzler__swizzle_ycck(
      | ^~~~~~~~~~~~~~~~~~~~~~~~~~~~~~~~~~~~~~~~
"
W064,N245,S1_H1,fuzz/c/std/pixel_swizzler_fuzzer.c,PASS,PASS,/usr/bin/gcc -std=gnu11 -O0 -g0 -DWUFFS_CONFIG__FUZZLIB_MAIN /tmp/silent-wuffs-N245-S1_H1-u6bfgozd/fuzz/c/std/pixel_swizzler_fuzzer.c -o /tmp/silent-wuffs-N245-S1_H1-u6bfgozd/.probe-0,0,0,"
RUNTIME:
- /tmp/silent-wuffs-N245-S1_H1-u6bfgozd/.probe-input        fuzz: not enough data
PASS: 1 files processed
"
W065,N246,S0_H0,fuzz/c/std/json_fuzzer.cc,PASS,PASS,/usr/bin/g++ -std=gnu++17 -O0 -g0 -DWUFFS_CONFIG__FUZZLIB_MAIN /tmp/silent-wuffs-N246-S0_H0-9y3s1z4m/fuzz/c/std/json_fuzzer.cc -o /tmp/silent-wuffs-N246-S0_H0-9y3s1z4m/.probe-0,0,0,"
RUNTIME:
- /tmp/silent-wuffs-N246-S0_H0-9y3s1z4m/.probe-input        ok
PASS: 1 files processed
"
W065,N246,S1_H0,fuzz/c/std/json_fuzzer.cc,FAIL,NOT_RUN,/usr/bin/g++ -std=gnu++17 -O0 -g0 -DWUFFS_CONFIG__FUZZLIB_MAIN /tmp/silent-wuffs-N246-S1_H0-s754_j7p/fuzz/c/std/json_fuzzer.cc -o /tmp/silent-wuffs-N246-S1_H0-s754_j7p/.probe-0,1,,"/tmp/silent-wuffs-N246-S1_H0-s754_j7p/fuzz/c/std/json_fuzzer.cc: In function ‘void fuzz_cpp(const uint8_t*, size_t, uint64_t)’:
/tmp/silent-wuffs-N246-S1_H0-s754_j7p/fuzz/c/std/json_fuzzer.cc:514:66: error: no matching function for call to ‘wuffs_aux::DecodeJsonArgQuirks::DecodeJsonArgQuirks(unsigned int*, std::vector<unsigned int>::size_type)’
  514 |       wuffs_aux::DecodeJsonArgQuirks(quirks.data(), quirks.size()),
      |                                                                  ^
In file included from /tmp/silent-wuffs-N246-S1_H0-s754_j7p/fuzz/c/std/json_fuzzer.cc:69:
/tmp/silent-wuffs-N246-S1_H0-s754_j7p/fuzz/c/std/../../../release/c/wuffs-unsupported-snapshot.c:78514:1: note: candidate: ‘wuffs_aux::DecodeJsonArgQuirks::DecodeJsonArgQuirks(const wuffs_aux::QuirkKeyValuePair*, size_t)’
78514 | DecodeJsonArgQuirks::DecodeJsonArgQuirks(const QuirkKeyValuePair* ptr0,
      | ^~~~~~~~~~~~~~~~~~~
/tmp/silent-wuffs-N246-S1_H0-s754_j7p/fuzz/c/std/../../../release/c/wuffs-unsupported-snapshot.c:78514:67: note:   no known conversion for argument 1 from ‘unsigned int*’ to ‘const wuffs_aux::QuirkKeyValuePair*’ {aka ‘const std::pair<unsigned int, long unsigned int>*’}
78514 | DecodeJsonArgQuirks::DecodeJsonArgQuirks(const QuirkKeyValuePair* ptr0,
      |                                          ~~~~~~~~~~~~~~~~~~~~~~~~~^~~~
/tmp/silent-wuffs-N246-S1_H0-s754_j7p/fuzz/c/std/../../../release/c/wuffs-unsupported-snapshot.c:15694:8: note: candidate: ‘constexpr wuffs_aux::DecodeJsonArgQuirks::DecodeJsonArgQuirks(const wuffs_aux::DecodeJsonArgQuirks&)’
15694 | struct DecodeJsonArgQuirks {
      |        ^~~~~~~~~~~~~~~~~~~
/tmp/silent-wuffs-N246-S1_H0-s754_j7p/fuzz/c/std/../../../release/c/wuffs-unsupported-snapshot.c:15694:8: note:   candidate expects 1 argument, 2 provided
/tmp/silent-wuffs-N246-S1_H0-s754_j7p/fuzz/c/std/../../../release/c/wuffs-unsupported-snapshot.c:15694:8: note: candidate: ‘constexpr wuffs_aux::DecodeJsonArgQuirks::DecodeJsonArgQuirks(wuffs_aux::DecodeJsonArgQuirks&&)’
/tmp/silent-wuffs-N246-S1_H0-s754_j7p/fuzz/c/std/../../../release/c/wuffs-unsupported-snapshot.c:15694:8: note:   candidate expects 1 argument, 2 provided
"
W065,N246,S1_H1,fuzz/c/std/json_fuzzer.cc,PASS,PASS,/usr/bin/g++ -std=gnu++17 -O0 -g0 -DWUFFS_CONFIG__FUZZLIB_MAIN /tmp/silent-wuffs-N246-S1_H1-64qf2z2j/fuzz/c/std/json_fuzzer.cc -o /tmp/silent-wuffs-N246-S1_H1-64qf2z2j/.probe-0,0,0,"
RUNTIME:
- /tmp/silent-wuffs-N246-S1_H1-64qf2z2j/.probe-input        ok
PASS: 1 files processed
"
W066,N247,S0_H0,fuzz/c/std/tga_fuzzer.c,PASS,PASS,/usr/bin/gcc -std=gnu11 -O0 -g0 -DWUFFS_CONFIG__FUZZLIB_MAIN /tmp/silent-wuffs-N247-S0_H0-rmalyl7j/fuzz/c/std/tga_fuzzer.c -o /tmp/silent-wuffs-N247-S0_H0-rmalyl7j/.probe-0,0,0,"
RUNTIME:
- /tmp/silent-wuffs-N247-S0_H0-rmalyl7j/.probe-input        tga: bad header
PASS: 1 files processed
"
W066,N247,S1_H0,fuzz/c/std/tga_fuzzer.c,FAIL,NOT_RUN,/usr/bin/gcc -std=gnu11 -O0 -g0 -DWUFFS_CONFIG__FUZZLIB_MAIN /tmp/silent-wuffs-N247-S1_H0-6qat360n/fuzz/c/std/tga_fuzzer.c -o /tmp/silent-wuffs-N247-S1_H0-6qat360n/.probe-0,1,,"In file included from /tmp/silent-wuffs-N247-S1_H0-6qat360n/fuzz/c/std/tga_fuzzer.c:67:
/tmp/silent-wuffs-N247-S1_H0-6qat360n/fuzz/c/std/../../../release/c/wuffs-unsupported-snapshot.c:127:2: warning: #warning ""WUFFS_CONFIG__MODULE__TGA was renamed to WUFFS_CONFIG__MODULE__TARGA"" [-Wcpp]
  127 | #warning ""WUFFS_CONFIG__MODULE__TGA was renamed to WUFFS_CONFIG__MODULE__TARGA""
      |  ^~~~~~~
/tmp/silent-wuffs-N247-S1_H0-6qat360n/fuzz/c/std/tga_fuzzer.c: In function ‘fuzz’:
/tmp/silent-wuffs-N247-S1_H0-6qat360n/fuzz/c/std/tga_fuzzer.c:73:3: error: unknown type name ‘wuffs_tga__decoder’
   73 |   wuffs_tga__decoder dec;
      |   ^~~~~~~~~~~~~~~~~~
/tmp/silent-wuffs-N247-S1_H0-6qat360n/fuzz/c/std/tga_fuzzer.c:74:31: warning: implicit declaration of function ‘wuffs_tga__decoder__initialize’ [-Wimplicit-function-declaration]
   74 |   wuffs_base__status status = wuffs_tga__decoder__initialize(
      |                               ^~~~~~~~~~~~~~~~~~~~~~~~~~~~~~
/tmp/silent-wuffs-N247-S1_H0-6qat360n/fuzz/c/std/tga_fuzzer.c:74:31: error: invalid initializer
/tmp/silent-wuffs-N247-S1_H0-6qat360n/fuzz/c/std/tga_fuzzer.c:83:7: warning: implicit declaration of function ‘wuffs_tga__decoder__upcast_as__wuffs_base__image_decoder’ [-Wimplicit-function-declaration]
   83 |       wuffs_tga__decoder__upcast_as__wuffs_base__image_decoder(&dec));
      |       ^~~~~~~~~~~~~~~~~~~~~~~~~~~~~~~~~~~~~~~~~~~~~~~~~~~~~~~~
/tmp/silent-wuffs-N247-S1_H0-6qat360n/fuzz/c/std/tga_fuzzer.c:83:7: warning: passing argument 3 of ‘fuzz_image_decoder’ makes pointer from integer without a cast [-Wint-conversion]
   83 |       wuffs_tga__decoder__upcast_as__wuffs_base__image_decoder(&dec));
      |       ^~~~~~~~~~~~~~~~~~~~~~~~~~~~~~~~~~~~~~~~~~~~~~~~~~~~~~~~~~~~~~
      |       |
      |       int
In file included from /tmp/silent-wuffs-N247-S1_H0-6qat360n/fuzz/c/std/tga_fuzzer.c:69:
/tmp/silent-wuffs-N247-S1_H0-6qat360n/fuzz/c/std/../fuzzlib/fuzzlib_image_decoder.c:18:47: note: expected ‘wuffs_base__image_decoder *’ {aka ‘struct wuffs_base__image_decoder__struct *’} but argument is of type ‘int’
   18 |                    wuffs_base__image_decoder* dec) {
      |                    ~~~~~~~~~~~~~~~~~~~~~~~~~~~^~~
"
W066,N247,S1_H1,fuzz/c/std/targa_fuzzer.c,PASS,PASS,/usr/bin/gcc -std=gnu11 -O0 -g0 -DWUFFS_CONFIG__FUZZLIB_MAIN /tmp/silent-wuffs-N247-S1_H1-2bfko3zm/fuzz/c/std/targa_fuzzer.c -o /tmp/silent-wuffs-N247-S1_H1-2bfko3zm/.probe-0,0,0,"
RUNTIME:
- /tmp/silent-wuffs-N247-S1_H1-2bfko3zm/.probe-input        targa: bad header
PASS: 1 files processed
"
W067,N248,S0_H0,fuzz/c/std/pixel_swizzler_fuzzer.c,PASS,PASS,/usr/bin/gcc -std=gnu11 -O0 -g0 -DWUFFS_CONFIG__FUZZLIB_MAIN /tmp/silent-wuffs-N248-S0_H0-dlcks399/fuzz/c/std/pixel_swizzler_fuzzer.c -o /tmp/silent-wuffs-N248-S0_H0-dlcks399/.probe-0,0,0,"
RUNTIME:
- /tmp/silent-wuffs-N248-S0_H0-dlcks399/.probe-input        base: bad argument
PASS: 1 files processed
"
W067,N248,S1_H0,fuzz/c/std/pixel_swizzler_fuzzer.c,PASS,PASS,/usr/bin/gcc -std=gnu11 -O0 -g0 -DWUFFS_CONFIG__FUZZLIB_MAIN /tmp/silent-wuffs-N248-S1_H0-vi29crv9/fuzz/c/std/pixel_swizzler_fuzzer.c -o /tmp/silent-wuffs-N248-S1_H0-vi29crv9/.probe-0,0,0,"
RUNTIME:
- /tmp/silent-wuffs-N248-S1_H0-vi29crv9/.probe-input        base: bad argument
PASS: 1 files processed
"
W067,N248,S1_H1,fuzz/c/std/pixel_swizzler_fuzzer.c,PASS,PASS,/usr/bin/gcc -std=gnu11 -O0 -g0 -DWUFFS_CONFIG__FUZZLIB_MAIN /tmp/silent-wuffs-N248-S1_H1-hn3u7e56/fuzz/c/std/pixel_swizzler_fuzzer.c -o /tmp/silent-wuffs-N248-S1_H1-hn3u7e56/.probe-0,0,0,"
RUNTIME:
- /tmp/silent-wuffs-N248-S1_H1-hn3u7e56/.probe-input        base: unsupported pixel swizzler option
PASS: 1 files processed
"
W068,N249,S0_H0,fuzz/c/std/pixel_swizzler_fuzzer.c,PASS,PASS,/usr/bin/gcc -std=gnu11 -O0 -g0 -DWUFFS_CONFIG__FUZZLIB_MAIN /tmp/silent-wuffs-N249-S0_H0-9i76i0_h/fuzz/c/std/pixel_swizzler_fuzzer.c -o /tmp/silent-wuffs-N249-S0_H0-9i76i0_h/.probe-0,0,0,"
RUNTIME:
- /tmp/silent-wuffs-N249-S0_H0-9i76i0_h/.probe-input        base: unsupported pixel swizzler option
PASS: 1 files processed
"
W068,N249,S1_H0,fuzz/c/std/pixel_swizzler_fuzzer.c,PASS,PASS,/usr/bin/gcc -std=gnu11 -O0 -g0 -DWUFFS_CONFIG__FUZZLIB_MAIN /tmp/silent-wuffs-N249-S1_H0-iie5uzfc/fuzz/c/std/pixel_swizzler_fuzzer.c -o /tmp/silent-wuffs-N249-S1_H0-iie5uzfc/.probe-0,0,0,"
RUNTIME:
- /tmp/silent-wuffs-N249-S1_H0-iie5uzfc/.probe-input        base: unsupported pixel swizzler option
PASS: 1 files processed
"
W068,N249,S1_H1,fuzz/c/std/pixel_swizzler_fuzzer.c,PASS,PASS,/usr/bin/gcc -std=gnu11 -O0 -g0 -DWUFFS_CONFIG__FUZZLIB_MAIN /tmp/silent-wuffs-N249-S1_H1-w7z46i8j/fuzz/c/std/pixel_swizzler_fuzzer.c -o /tmp/silent-wuffs-N249-S1_H1-w7z46i8j/.probe-0,0,0,"
RUNTIME:
- /tmp/silent-wuffs-N249-S1_H1-w7z46i8j/.probe-input        base: unsupported pixel swizzler option
PASS: 1 files processed
"
W069,N250,S0_H0,fuzz/c/std/pixel_swizzler_fuzzer.c,PASS,PASS,/usr/bin/gcc -std=gnu11 -O0 -g0 -DWUFFS_CONFIG__FUZZLIB_MAIN /tmp/silent-wuffs-N250-S0_H0-ozxhx26m/fuzz/c/std/pixel_swizzler_fuzzer.c -o /tmp/silent-wuffs-N250-S0_H0-ozxhx26m/.probe-0,0,0,"
RUNTIME:
- /tmp/silent-wuffs-N250-S0_H0-ozxhx26m/.probe-input        base: unsupported pixel swizzler option
PASS: 1 files processed
"
W069,N250,S1_H0,fuzz/c/std/pixel_swizzler_fuzzer.c,PASS,PASS,/usr/bin/gcc -std=gnu11 -O0 -g0 -DWUFFS_CONFIG__FUZZLIB_MAIN /tmp/silent-wuffs-N250-S1_H0-9pfnjuqn/fuzz/c/std/pixel_swizzler_fuzzer.c -o /tmp/silent-wuffs-N250-S1_H0-9pfnjuqn/.probe-0,0,0,"
RUNTIME:
- /tmp/silent-wuffs-N250-S1_H0-9pfnjuqn/.probe-input        base: unsupported pixel swizzler option
PASS: 1 files processed
"
W069,N250,S1_H1,fuzz/c/std/pixel_swizzler_fuzzer.c,PASS,PASS,/usr/bin/gcc -std=gnu11 -O0 -g0 -DWUFFS_CONFIG__FUZZLIB_MAIN /tmp/silent-wuffs-N250-S1_H1-q0fpo7i_/fuzz/c/std/pixel_swizzler_fuzzer.c -o /tmp/silent-wuffs-N250-S1_H1-q0fpo7i_/.probe-0,0,0,"
RUNTIME:
- /tmp/silent-wuffs-N250-S1_H1-q0fpo7i_/.probe-input        base: unsupported pixel swizzler option
PASS: 1 files processed
"
