candidate_id,side,log
N185,S1_H0,"PASS
BUILD fuzz/c/std/gif_fuzzer.cc exit=0

RUN fuzz/c/std/gif_fuzzer.cc exit=0
pus/input-087
Processing /tmp/silent-wuffs-cov-N185-uny5dj6v/.coverage-corpus/input-088
Processing /tmp/silent-wuffs-cov-N185-uny5dj6v/.coverage-corpus/input-089
Processing /tmp/silent-wuffs-cov-N185-uny5dj6v/.coverage-corpus/input-090
Processing /tmp/silent-wuffs-cov-N185-uny5dj6v/.coverage-corpus/input-091
Processing /tmp/silent-wuffs-cov-N185-uny5dj6v/.coverage-corpus/input-092
Processing /tmp/silent-wuffs-cov-N185-uny5dj6v/.coverage-corpus/input-093
Processing /tmp/silent-wuffs-cov-N185-uny5dj6v/.coverage-corpus/input-094
Processing /tmp/silent-wuffs-cov-N185-uny5dj6v/.coverage-corpus/input-095
Processing /tmp/silent-wuffs-cov-N185-uny5dj6v/.coverage-corpus/input-096
Processing /tmp/silent-wuffs-cov-N185-uny5dj6v/.coverage-corpus/input-097
Processing /tmp/silent-wuffs-cov-N185-uny5dj6v/.coverage-corpus/input-098
Processing /tmp/silent-wuffs-cov-N185-uny5dj6v/.coverage-corpus/input-099
Processing /tmp/silent-wuffs-cov-N185-uny5dj6v/.coverage-corpus/input-100
Processing /tmp/silent-wuffs-cov-N185-uny5dj6v/.coverage-corpus/input-101
Processing /tmp/silent-wuffs-cov-N185-uny5dj6v/.coverage-corpus/input-102
Processing /tmp/silent-wuffs-cov-N185-uny5dj6v/.coverage-corpus/input-103
Processing /tmp/silent-wuffs-cov-N185-uny5dj6v/.coverage-corpus/input-104
Processing /tmp/silent-wuffs-cov-N185-uny5dj6v/.coverage-corpus/input-105
Processing /tmp/silent-wuffs-cov-N185-uny5dj6v/.coverage-corpus/input-106
Processing /tmp/silent-wuffs-cov-N185-uny5dj6v/.coverage-corpus/input-107
Processing /tmp/silent-wuffs-cov-N185-uny5dj6v/.coverage-corpus/input-108
Processing /tmp/silent-wuffs-cov-N185-uny5dj6v/.coverage-corpus/input-109
Processing /tmp/silent-wuffs-cov-N185-uny5dj6v/.coverage-corpus/input-110
Processing /tmp/silent-wuffs-cov-N185-uny5dj6v/.coverage-corpus/input-111
Processing /tmp/silent-wuffs-cov-N185-uny5dj6v/.coverage-corpus/input-112
Processing /tmp/silent-wuffs-cov-N185-uny5dj6v/.coverage-corpus/input-113
Processing /tmp/silent-wuffs-cov-N185-uny5dj6v/.coverage-corpus/input-114
Processing /tmp/silent-wuffs-cov-N185-uny5dj6v/.coverage-corpus/input-115
Processing /tmp/silent-wuffs-cov-N185-uny5dj6v/.coverage-corpus/input-116
Processing /tmp/silent-wuffs-cov-N185-uny5dj6v/.coverage-corpus/input-117
Processing /tmp/silent-wuffs-cov-N185-uny5dj6v/.coverage-corpus/input-118
Processing /tmp/silent-wuffs-cov-N185-uny5dj6v/.coverage-corpus/input-119
Processing /tmp/silent-wuffs-cov-N185-uny5dj6v/.coverage-corpus/input-120
Processing /tmp/silent-wuffs-cov-N185-uny5dj6v/.coverage-corpus/input-121
Processing /tmp/silent-wuffs-cov-N185-uny5dj6v/.coverage-corpus/input-122
Processing /tmp/silent-wuffs-cov-N185-uny5dj6v/.coverage-corpus/input-123
Processing /tmp/silent-wuffs-cov-N185-uny5dj6v/.coverage-corpus/input-124
Processing /tmp/silent-wuffs-cov-N185-uny5dj6v/.coverage-corpus/input-125
Processing /tmp/silent-wuffs-cov-N185-uny5dj6v/.coverage-corpus/input-126
Processing /tmp/silent-wuffs-cov-N185-uny5dj6v/.coverage-corpus/input-127
PASS: 128 files processed

GCOV coverage-probe-0-gif_fuzzer.gcda
File 'fuzz/c/std/gif_fuzzer.cc'
Lines executed:91.30% of 23

File 'fuzz/c/fuzzlib/fuzzlib.cc'
Lines executed:65.22% of 46

File 'gen/c/std/gif.c'
Lines executed:49.91% of 1062

Creating 'coverage-probe-0-gif_fuzzer.gcov.json.gz'
Lines executed:51.37% of 1131

BUILD fuzz/c/std/zlib_fuzzer.cc exit=0

RUN fuzz/c/std/zlib_fuzzer.cc exit=0
pus/input-087
Processing /tmp/silent-wuffs-cov-N185-uny5dj6v/.coverage-corpus/input-088
Processing /tmp/silent-wuffs-cov-N185-uny5dj6v/.coverage-corpus/input-089
Processing /tmp/silent-wuffs-cov-N185-uny5dj6v/.coverage-corpus/input-090
Processing /tmp/silent-wuffs-cov-N185-uny5dj6v/.coverage-corpus/input-091
Processing /tmp/silent-wuffs-cov-N185-uny5dj6v/.coverage-corpus/input-092
Processing /tmp/silent-wuffs-cov-N185-uny5dj6v/.coverage-corpus/input-093
Processing /tmp/silent-wuffs-cov-N185-uny5dj6v/.coverage-corpus/input-094
Processing /tmp/silent-wuffs-cov-N185-uny5dj6v/.coverage-corpus/input-095
Processing /tmp/silent-wuffs-cov-N185-uny5dj6v/.coverage-corpus/input-096
Processing /tmp/silent-wuffs-cov-N185-uny5dj6v/.coverage-corpus/input-097
Processing /tmp/silent-wuffs-cov-N185-uny5dj6v/.coverage-corpus/input-098
Processing /tmp/silent-wuffs-cov-N185-uny5dj6v/.coverage-corpus/input-099
Processing /tmp/silent-wuffs-cov-N185-uny5dj6v/.coverage-corpus/input-100
Processing /tmp/silent-wuffs-cov-N185-uny5dj6v/.coverage-corpus/input-101
Processing /tmp/silent-wuffs-cov-N185-uny5dj6v/.coverage-corpus/input-102
Processing /tmp/silent-wuffs-cov-N185-uny5dj6v/.coverage-corpus/input-103
Processing /tmp/silent-wuffs-cov-N185-uny5dj6v/.coverage-corpus/input-104
Processing /tmp/silent-wuffs-cov-N185-uny5dj6v/.coverage-corpus/input-105
Processing /tmp/silent-wuffs-cov-N185-uny5dj6v/.coverage-corpus/input-106
Processing /tmp/silent-wuffs-cov-N185-uny5dj6v/.coverage-corpus/input-107
Processing /tmp/silent-wuffs-cov-N185-uny5dj6v/.coverage-corpus/input-108
Processing /tmp/silent-wuffs-cov-N185-uny5dj6v/.coverage-corpus/input-109
Processing /tmp/silent-wuffs-cov-N185-uny5dj6v/.coverage-corpus/input-110
Processing /tmp/silent-wuffs-cov-N185-uny5dj6v/.coverage-corpus/input-111
Processing /tmp/silent-wuffs-cov-N185-uny5dj6v/.coverage-corpus/input-112
Processing /tmp/silent-wuffs-cov-N185-uny5dj6v/.coverage-corpus/input-113
Processing /tmp/silent-wuffs-cov-N185-uny5dj6v/.coverage-corpus/input-114
Processing /tmp/silent-wuffs-cov-N185-uny5dj6v/.coverage-corpus/input-115
Processing /tmp/silent-wuffs-cov-N185-uny5dj6v/.coverage-corpus/input-116
Processing /tmp/silent-wuffs-cov-N185-uny5dj6v/.coverage-corpus/input-117
Processing /tmp/silent-wuffs-cov-N185-uny5dj6v/.coverage-corpus/input-118
Processing /tmp/silent-wuffs-cov-N185-uny5dj6v/.coverage-corpus/input-119
Processing /tmp/silent-wuffs-cov-N185-uny5dj6v/.coverage-corpus/input-120
Processing /tmp/silent-wuffs-cov-N185-uny5dj6v/.coverage-corpus/input-121
Processing /tmp/silent-wuffs-cov-N185-uny5dj6v/.coverage-corpus/input-122
Processing /tmp/silent-wuffs-cov-N185-uny5dj6v/.coverage-corpus/input-123
Processing /tmp/silent-wuffs-cov-N185-uny5dj6v/.coverage-corpus/input-124
Processing /tmp/silent-wuffs-cov-N185-uny5dj6v/.coverage-corpus/input-125
Processing /tmp/silent-wuffs-cov-N185-uny5dj6v/.coverage-corpus/input-126
Processing /tmp/silent-wuffs-cov-N185-uny5dj6v/.coverage-corpus/input-127
PASS: 128 files processed

GCOV coverage-probe-1-zlib_fuzzer.gcda
File 'fuzz/c/std/zlib_fuzzer.cc'
Lines executed:78.57% of 14

File 'fuzz/c/fuzzlib/fuzzlib.cc'
Lines executed:65.22% of 46

File 'gen/c/std/zlib.c'
Lines executed:45.73% of 199

File 'gen/c/std/deflate.c'
Lines executed:0.39% of 1298

File 'gen/c/std/adler32.c'
Lines executed:4.88% of 164

Creating 'coverage-probe-1-zlib_fuzzer.gcov.json.gz'
Lines executed:8.43% of 1721
"
N185,S1_H1,"PASS
BUILD fuzz/c/std/gif_fuzzer.cc exit=0

RUN fuzz/c/std/gif_fuzzer.cc exit=0
pus/input-087
Processing /tmp/silent-wuffs-cov-N185-5cy0osrl/.coverage-corpus/input-088
Processing /tmp/silent-wuffs-cov-N185-5cy0osrl/.coverage-corpus/input-089
Processing /tmp/silent-wuffs-cov-N185-5cy0osrl/.coverage-corpus/input-090
Processing /tmp/silent-wuffs-cov-N185-5cy0osrl/.coverage-corpus/input-091
Processing /tmp/silent-wuffs-cov-N185-5cy0osrl/.coverage-corpus/input-092
Processing /tmp/silent-wuffs-cov-N185-5cy0osrl/.coverage-corpus/input-093
Processing /tmp/silent-wuffs-cov-N185-5cy0osrl/.coverage-corpus/input-094
Processing /tmp/silent-wuffs-cov-N185-5cy0osrl/.coverage-corpus/input-095
Processing /tmp/silent-wuffs-cov-N185-5cy0osrl/.coverage-corpus/input-096
Processing /tmp/silent-wuffs-cov-N185-5cy0osrl/.coverage-corpus/input-097
Processing /tmp/silent-wuffs-cov-N185-5cy0osrl/.coverage-corpus/input-098
Processing /tmp/silent-wuffs-cov-N185-5cy0osrl/.coverage-corpus/input-099
Processing /tmp/silent-wuffs-cov-N185-5cy0osrl/.coverage-corpus/input-100
Processing /tmp/silent-wuffs-cov-N185-5cy0osrl/.coverage-corpus/input-101
Processing /tmp/silent-wuffs-cov-N185-5cy0osrl/.coverage-corpus/input-102
Processing /tmp/silent-wuffs-cov-N185-5cy0osrl/.coverage-corpus/input-103
Processing /tmp/silent-wuffs-cov-N185-5cy0osrl/.coverage-corpus/input-104
Processing /tmp/silent-wuffs-cov-N185-5cy0osrl/.coverage-corpus/input-105
Processing /tmp/silent-wuffs-cov-N185-5cy0osrl/.coverage-corpus/input-106
Processing /tmp/silent-wuffs-cov-N185-5cy0osrl/.coverage-corpus/input-107
Processing /tmp/silent-wuffs-cov-N185-5cy0osrl/.coverage-corpus/input-108
Processing /tmp/silent-wuffs-cov-N185-5cy0osrl/.coverage-corpus/input-109
Processing /tmp/silent-wuffs-cov-N185-5cy0osrl/.coverage-corpus/input-110
Processing /tmp/silent-wuffs-cov-N185-5cy0osrl/.coverage-corpus/input-111
Processing /tmp/silent-wuffs-cov-N185-5cy0osrl/.coverage-corpus/input-112
Processing /tmp/silent-wuffs-cov-N185-5cy0osrl/.coverage-corpus/input-113
Processing /tmp/silent-wuffs-cov-N185-5cy0osrl/.coverage-corpus/input-114
Processing /tmp/silent-wuffs-cov-N185-5cy0osrl/.coverage-corpus/input-115
Processing /tmp/silent-wuffs-cov-N185-5cy0osrl/.coverage-corpus/input-116
Processing /tmp/silent-wuffs-cov-N185-5cy0osrl/.coverage-corpus/input-117
Processing /tmp/silent-wuffs-cov-N185-5cy0osrl/.coverage-corpus/input-118
Processing /tmp/silent-wuffs-cov-N185-5cy0osrl/.coverage-corpus/input-119
Processing /tmp/silent-wuffs-cov-N185-5cy0osrl/.coverage-corpus/input-120
Processing /tmp/silent-wuffs-cov-N185-5cy0osrl/.coverage-corpus/input-121
Processing /tmp/silent-wuffs-cov-N185-5cy0osrl/.coverage-corpus/input-122
Processing /tmp/silent-wuffs-cov-N185-5cy0osrl/.coverage-corpus/input-123
Processing /tmp/silent-wuffs-cov-N185-5cy0osrl/.coverage-corpus/input-124
Processing /tmp/silent-wuffs-cov-N185-5cy0osrl/.coverage-corpus/input-125
Processing /tmp/silent-wuffs-cov-N185-5cy0osrl/.coverage-corpus/input-126
Processing /tmp/silent-wuffs-cov-N185-5cy0osrl/.coverage-corpus/input-127
PASS: 128 files processed

GCOV coverage-probe-0-gif_fuzzer.gcda
File 'fuzz/c/std/gif_fuzzer.cc'
Lines executed:91.30% of 23

File 'fuzz/c/fuzzlib/fuzzlib.cc'
Lines executed:65.22% of 46

File 'gen/c/std/gif.c'
Lines executed:50.37% of 1072

Creating 'coverage-probe-0-gif_fuzzer.gcov.json.gz'
Lines executed:51.80% of 1141

BUILD fuzz/c/std/zlib_fuzzer.cc exit=0

RUN fuzz/c/std/zlib_fuzzer.cc exit=0
pus/input-087
Processing /tmp/silent-wuffs-cov-N185-5cy0osrl/.coverage-corpus/input-088
Processing /tmp/silent-wuffs-cov-N185-5cy0osrl/.coverage-corpus/input-089
Processing /tmp/silent-wuffs-cov-N185-5cy0osrl/.coverage-corpus/input-090
Processing /tmp/silent-wuffs-cov-N185-5cy0osrl/.coverage-corpus/input-091
Processing /tmp/silent-wuffs-cov-N185-5cy0osrl/.coverage-corpus/input-092
Processing /tmp/silent-wuffs-cov-N185-5cy0osrl/.coverage-corpus/input-093
Processing /tmp/silent-wuffs-cov-N185-5cy0osrl/.coverage-corpus/input-094
Processing /tmp/silent-wuffs-cov-N185-5cy0osrl/.coverage-corpus/input-095
Processing /tmp/silent-wuffs-cov-N185-5cy0osrl/.coverage-corpus/input-096
Processing /tmp/silent-wuffs-cov-N185-5cy0osrl/.coverage-corpus/input-097
Processing /tmp/silent-wuffs-cov-N185-5cy0osrl/.coverage-corpus/input-098
Processing /tmp/silent-wuffs-cov-N185-5cy0osrl/.coverage-corpus/input-099
Processing /tmp/silent-wuffs-cov-N185-5cy0osrl/.coverage-corpus/input-100
Processing /tmp/silent-wuffs-cov-N185-5cy0osrl/.coverage-corpus/input-101
Processing /tmp/silent-wuffs-cov-N185-5cy0osrl/.coverage-corpus/input-102
Processing /tmp/silent-wuffs-cov-N185-5cy0osrl/.coverage-corpus/input-103
Processing /tmp/silent-wuffs-cov-N185-5cy0osrl/.coverage-corpus/input-104
Processing /tmp/silent-wuffs-cov-N185-5cy0osrl/.coverage-corpus/input-105
Processing /tmp/silent-wuffs-cov-N185-5cy0osrl/.coverage-corpus/input-106
Processing /tmp/silent-wuffs-cov-N185-5cy0osrl/.coverage-corpus/input-107
Processing /tmp/silent-wuffs-cov-N185-5cy0osrl/.coverage-corpus/input-108
Processing /tmp/silent-wuffs-cov-N185-5cy0osrl/.coverage-corpus/input-109
Processing /tmp/silent-wuffs-cov-N185-5cy0osrl/.coverage-corpus/input-110
Processing /tmp/silent-wuffs-cov-N185-5cy0osrl/.coverage-corpus/input-111
Processing /tmp/silent-wuffs-cov-N185-5cy0osrl/.coverage-corpus/input-112
Processing /tmp/silent-wuffs-cov-N185-5cy0osrl/.coverage-corpus/input-113
Processing /tmp/silent-wuffs-cov-N185-5cy0osrl/.coverage-corpus/input-114
Processing /tmp/silent-wuffs-cov-N185-5cy0osrl/.coverage-corpus/input-115
Processing /tmp/silent-wuffs-cov-N185-5cy0osrl/.coverage-corpus/input-116
Processing /tmp/silent-wuffs-cov-N185-5cy0osrl/.coverage-corpus/input-117
Processing /tmp/silent-wuffs-cov-N185-5cy0osrl/.coverage-corpus/input-118
Processing /tmp/silent-wuffs-cov-N185-5cy0osrl/.coverage-corpus/input-119
Processing /tmp/silent-wuffs-cov-N185-5cy0osrl/.coverage-corpus/input-120
Processing /tmp/silent-wuffs-cov-N185-5cy0osrl/.coverage-corpus/input-121
Processing /tmp/silent-wuffs-cov-N185-5cy0osrl/.coverage-corpus/input-122
Processing /tmp/silent-wuffs-cov-N185-5cy0osrl/.coverage-corpus/input-123
Processing /tmp/silent-wuffs-cov-N185-5cy0osrl/.coverage-corpus/input-124
Processing /tmp/silent-wuffs-cov-N185-5cy0osrl/.coverage-corpus/input-125
Processing /tmp/silent-wuffs-cov-N185-5cy0osrl/.coverage-corpus/input-126
Processing /tmp/silent-wuffs-cov-N185-5cy0osrl/.coverage-corpus/input-127
PASS: 128 files processed

GCOV coverage-probe-1-zlib_fuzzer.gcda
File 'fuzz/c/std/zlib_fuzzer.cc'
Lines executed:78.57% of 14

File 'fuzz/c/fuzzlib/fuzzlib.cc'
Lines executed:65.22% of 46

File 'gen/c/std/zlib.c'
Lines executed:45.73% of 199

File 'gen/c/std/deflate.c'
Lines executed:0.39% of 1298

File 'gen/c/std/adler32.c'
Lines executed:10.34% of 174

Creating 'coverage-probe-1-zlib_fuzzer.gcov.json.gz'
Lines executed:8.95% of 1731
"
N202,S1_H0,"PASS
BUILD fuzz/c/std/gif_fuzzer.c exit=0

RUN fuzz/c/std/gif_fuzzer.c exit=0
f: bad header
/tmp/silent-wuffs-cov-N202-eyxndemo/.coverage-corpus/input-091 ?gif: bad header
/tmp/silent-wuffs-cov-N202-eyxndemo/.coverage-corpus/input-092 ?gif: bad header
/tmp/silent-wuffs-cov-N202-eyxndemo/.coverage-corpus/input-093 ?gif: bad header
/tmp/silent-wuffs-cov-N202-eyxndemo/.coverage-corpus/input-094 ?gif: bad header
/tmp/silent-wuffs-cov-N202-eyxndemo/.coverage-corpus/input-095 ?gif: bad header
/tmp/silent-wuffs-cov-N202-eyxndemo/.coverage-corpus/input-096 ?gif: bad header
/tmp/silent-wuffs-cov-N202-eyxndemo/.coverage-corpus/input-097 ?gif: bad header
/tmp/silent-wuffs-cov-N202-eyxndemo/.coverage-corpus/input-098 ?gif: bad header
/tmp/silent-wuffs-cov-N202-eyxndemo/.coverage-corpus/input-099 ?gif: bad header
/tmp/silent-wuffs-cov-N202-eyxndemo/.coverage-corpus/input-100 ?gif: bad header
/tmp/silent-wuffs-cov-N202-eyxndemo/.coverage-corpus/input-101 ?gif: bad header
/tmp/silent-wuffs-cov-N202-eyxndemo/.coverage-corpus/input-102 ?gif: bad header
/tmp/silent-wuffs-cov-N202-eyxndemo/.coverage-corpus/input-103 ?gif: bad header
/tmp/silent-wuffs-cov-N202-eyxndemo/.coverage-corpus/input-104 ?gif: bad header
/tmp/silent-wuffs-cov-N202-eyxndemo/.coverage-corpus/input-105 ?gif: bad header
/tmp/silent-wuffs-cov-N202-eyxndemo/.coverage-corpus/input-106 ?gif: bad header
/tmp/silent-wuffs-cov-N202-eyxndemo/.coverage-corpus/input-107 ?gif: bad header
/tmp/silent-wuffs-cov-N202-eyxndemo/.coverage-corpus/input-108 ?gif: bad header
/tmp/silent-wuffs-cov-N202-eyxndemo/.coverage-corpus/input-109 ?gif: bad header
/tmp/silent-wuffs-cov-N202-eyxndemo/.coverage-corpus/input-110 ?gif: bad header
/tmp/silent-wuffs-cov-N202-eyxndemo/.coverage-corpus/input-111 ?gif: bad header
/tmp/silent-wuffs-cov-N202-eyxndemo/.coverage-corpus/input-112 ?gif: bad header
/tmp/silent-wuffs-cov-N202-eyxndemo/.coverage-corpus/input-113 ?gif: bad header
/tmp/silent-wuffs-cov-N202-eyxndemo/.coverage-corpus/input-114 ?gif: bad header
/tmp/silent-wuffs-cov-N202-eyxndemo/.coverage-corpus/input-115 ?gif: bad header
/tmp/silent-wuffs-cov-N202-eyxndemo/.coverage-corpus/input-116 ?gif: bad header
/tmp/silent-wuffs-cov-N202-eyxndemo/.coverage-corpus/input-117 ?gif: bad header
/tmp/silent-wuffs-cov-N202-eyxndemo/.coverage-corpus/input-118 ?gif: bad header
/tmp/silent-wuffs-cov-N202-eyxndemo/.coverage-corpus/input-119 ?gif: bad header
/tmp/silent-wuffs-cov-N202-eyxndemo/.coverage-corpus/input-120 ?gif: bad header
/tmp/silent-wuffs-cov-N202-eyxndemo/.coverage-corpus/input-121 ?gif: bad header
/tmp/silent-wuffs-cov-N202-eyxndemo/.coverage-corpus/input-122 ?gif: bad header
/tmp/silent-wuffs-cov-N202-eyxndemo/.coverage-corpus/input-123 ?gif: bad header
/tmp/silent-wuffs-cov-N202-eyxndemo/.coverage-corpus/input-124 ?gif: bad header
/tmp/silent-wuffs-cov-N202-eyxndemo/.coverage-corpus/input-125 ?gif: bad header
/tmp/silent-wuffs-cov-N202-eyxndemo/.coverage-corpus/input-126 ?gif: bad header
/tmp/silent-wuffs-cov-N202-eyxndemo/.coverage-corpus/input-127 ?gif: bad header
PASS: 128 files processed

GCOV coverage-probe-0-gif_fuzzer.gcda
File 'fuzz/c/std/gif_fuzzer.c'
Lines executed:72.09% of 43

File 'fuzz/c/fuzzlib/fuzzlib.c'
Lines executed:55.77% of 52

File 'release/c/wuffs-unsupported-snapshot.h'
Lines executed:12.27% of 3562

Creating 'coverage-probe-0-gif_fuzzer.gcov.json.gz'
Lines executed:13.59% of 3657
"
N202,S1_H1,"PASS
BUILD fuzz/c/std/gif_fuzzer.c exit=0

RUN fuzz/c/std/gif_fuzzer.c exit=0
f: bad header
/tmp/silent-wuffs-cov-N202-sss4kse3/.coverage-corpus/input-091 ?gif: bad header
/tmp/silent-wuffs-cov-N202-sss4kse3/.coverage-corpus/input-092 ?gif: bad header
/tmp/silent-wuffs-cov-N202-sss4kse3/.coverage-corpus/input-093 ?gif: bad header
/tmp/silent-wuffs-cov-N202-sss4kse3/.coverage-corpus/input-094 ?gif: bad header
/tmp/silent-wuffs-cov-N202-sss4kse3/.coverage-corpus/input-095 ?gif: bad header
/tmp/silent-wuffs-cov-N202-sss4kse3/.coverage-corpus/input-096 ?gif: bad header
/tmp/silent-wuffs-cov-N202-sss4kse3/.coverage-corpus/input-097 ?gif: bad header
/tmp/silent-wuffs-cov-N202-sss4kse3/.coverage-corpus/input-098 ?gif: bad header
/tmp/silent-wuffs-cov-N202-sss4kse3/.coverage-corpus/input-099 ?gif: bad header
/tmp/silent-wuffs-cov-N202-sss4kse3/.coverage-corpus/input-100 ?gif: bad header
/tmp/silent-wuffs-cov-N202-sss4kse3/.coverage-corpus/input-101 ?gif: bad header
/tmp/silent-wuffs-cov-N202-sss4kse3/.coverage-corpus/input-102 ?gif: bad header
/tmp/silent-wuffs-cov-N202-sss4kse3/.coverage-corpus/input-103 ?gif: bad header
/tmp/silent-wuffs-cov-N202-sss4kse3/.coverage-corpus/input-104 ?gif: bad header
/tmp/silent-wuffs-cov-N202-sss4kse3/.coverage-corpus/input-105 ?gif: bad header
/tmp/silent-wuffs-cov-N202-sss4kse3/.coverage-corpus/input-106 ?gif: bad header
/tmp/silent-wuffs-cov-N202-sss4kse3/.coverage-corpus/input-107 ?gif: bad header
/tmp/silent-wuffs-cov-N202-sss4kse3/.coverage-corpus/input-108 ?gif: bad header
/tmp/silent-wuffs-cov-N202-sss4kse3/.coverage-corpus/input-109 ?gif: bad header
/tmp/silent-wuffs-cov-N202-sss4kse3/.coverage-corpus/input-110 ?gif: bad header
/tmp/silent-wuffs-cov-N202-sss4kse3/.coverage-corpus/input-111 ?gif: bad header
/tmp/silent-wuffs-cov-N202-sss4kse3/.coverage-corpus/input-112 ?gif: bad header
/tmp/silent-wuffs-cov-N202-sss4kse3/.coverage-corpus/input-113 ?gif: bad header
/tmp/silent-wuffs-cov-N202-sss4kse3/.coverage-corpus/input-114 ?gif: bad header
/tmp/silent-wuffs-cov-N202-sss4kse3/.coverage-corpus/input-115 ?gif: bad header
/tmp/silent-wuffs-cov-N202-sss4kse3/.coverage-corpus/input-116 ?gif: bad header
/tmp/silent-wuffs-cov-N202-sss4kse3/.coverage-corpus/input-117 ?gif: bad header
/tmp/silent-wuffs-cov-N202-sss4kse3/.coverage-corpus/input-118 ?gif: bad header
/tmp/silent-wuffs-cov-N202-sss4kse3/.coverage-corpus/input-119 ?gif: bad header
/tmp/silent-wuffs-cov-N202-sss4kse3/.coverage-corpus/input-120 ?gif: bad header
/tmp/silent-wuffs-cov-N202-sss4kse3/.coverage-corpus/input-121 ?gif: bad header
/tmp/silent-wuffs-cov-N202-sss4kse3/.coverage-corpus/input-122 ?gif: bad header
/tmp/silent-wuffs-cov-N202-sss4kse3/.coverage-corpus/input-123 ?gif: bad header
/tmp/silent-wuffs-cov-N202-sss4kse3/.coverage-corpus/input-124 ?gif: bad header
/tmp/silent-wuffs-cov-N202-sss4kse3/.coverage-corpus/input-125 ?gif: bad header
/tmp/silent-wuffs-cov-N202-sss4kse3/.coverage-corpus/input-126 ?gif: bad header
/tmp/silent-wuffs-cov-N202-sss4kse3/.coverage-corpus/input-127 ?gif: bad header
PASS: 128 files processed

GCOV coverage-probe-0-gif_fuzzer.gcda
File 'fuzz/c/std/gif_fuzzer.c'
Lines executed:72.73% of 55

File 'fuzz/c/fuzzlib/fuzzlib.c'
Lines executed:57.69% of 52

File 'release/c/wuffs-unsupported-snapshot.h'
Lines executed:22.17% of 3564

Creating 'coverage-probe-0-gif_fuzzer.gcov.json.gz'
Lines executed:23.43% of 3671
"
N206,S1_H0,"PASS
BUILD fuzz/c/std/gif_fuzzer.c exit=0

RUN fuzz/c/std/gif_fuzzer.c exit=0
f: bad header
/tmp/silent-wuffs-cov-N206-ew9ldgdf/.coverage-corpus/input-091 ?gif: bad header
/tmp/silent-wuffs-cov-N206-ew9ldgdf/.coverage-corpus/input-092 ?gif: bad header
/tmp/silent-wuffs-cov-N206-ew9ldgdf/.coverage-corpus/input-093 ?gif: bad header
/tmp/silent-wuffs-cov-N206-ew9ldgdf/.coverage-corpus/input-094 ?gif: bad header
/tmp/silent-wuffs-cov-N206-ew9ldgdf/.coverage-corpus/input-095 ?gif: bad header
/tmp/silent-wuffs-cov-N206-ew9ldgdf/.coverage-corpus/input-096 ?gif: bad header
/tmp/silent-wuffs-cov-N206-ew9ldgdf/.coverage-corpus/input-097 ?gif: bad header
/tmp/silent-wuffs-cov-N206-ew9ldgdf/.coverage-corpus/input-098 ?gif: bad header
/tmp/silent-wuffs-cov-N206-ew9ldgdf/.coverage-corpus/input-099 ?gif: bad header
/tmp/silent-wuffs-cov-N206-ew9ldgdf/.coverage-corpus/input-100 ?gif: bad header
/tmp/silent-wuffs-cov-N206-ew9ldgdf/.coverage-corpus/input-101 ?gif: bad header
/tmp/silent-wuffs-cov-N206-ew9ldgdf/.coverage-corpus/input-102 ?gif: bad header
/tmp/silent-wuffs-cov-N206-ew9ldgdf/.coverage-corpus/input-103 ?gif: bad header
/tmp/silent-wuffs-cov-N206-ew9ldgdf/.coverage-corpus/input-104 ?gif: bad header
/tmp/silent-wuffs-cov-N206-ew9ldgdf/.coverage-corpus/input-105 ?gif: bad header
/tmp/silent-wuffs-cov-N206-ew9ldgdf/.coverage-corpus/input-106 ?gif: bad header
/tmp/silent-wuffs-cov-N206-ew9ldgdf/.coverage-corpus/input-107 ?gif: bad header
/tmp/silent-wuffs-cov-N206-ew9ldgdf/.coverage-corpus/input-108 ?gif: bad header
/tmp/silent-wuffs-cov-N206-ew9ldgdf/.coverage-corpus/input-109 ?gif: bad header
/tmp/silent-wuffs-cov-N206-ew9ldgdf/.coverage-corpus/input-110 ?gif: bad header
/tmp/silent-wuffs-cov-N206-ew9ldgdf/.coverage-corpus/input-111 ?gif: bad header
/tmp/silent-wuffs-cov-N206-ew9ldgdf/.coverage-corpus/input-112 ?gif: bad header
/tmp/silent-wuffs-cov-N206-ew9ldgdf/.coverage-corpus/input-113 ?gif: bad header
/tmp/silent-wuffs-cov-N206-ew9ldgdf/.coverage-corpus/input-114 ?gif: bad header
/tmp/silent-wuffs-cov-N206-ew9ldgdf/.coverage-corpus/input-115 ?gif: bad header
/tmp/silent-wuffs-cov-N206-ew9ldgdf/.coverage-corpus/input-116 ?gif: bad header
/tmp/silent-wuffs-cov-N206-ew9ldgdf/.coverage-corpus/input-117 ?gif: bad header
/tmp/silent-wuffs-cov-N206-ew9ldgdf/.coverage-corpus/input-118 ?gif: bad header
/tmp/silent-wuffs-cov-N206-ew9ldgdf/.coverage-corpus/input-119 ?gif: bad header
/tmp/silent-wuffs-cov-N206-ew9ldgdf/.coverage-corpus/input-120 ?gif: bad header
/tmp/silent-wuffs-cov-N206-ew9ldgdf/.coverage-corpus/input-121 ?gif: bad header
/tmp/silent-wuffs-cov-N206-ew9ldgdf/.coverage-corpus/input-122 ?gif: bad header
/tmp/silent-wuffs-cov-N206-ew9ldgdf/.coverage-corpus/input-123 ?gif: bad header
/tmp/silent-wuffs-cov-N206-ew9ldgdf/.coverage-corpus/input-124 ?gif: bad header
/tmp/silent-wuffs-cov-N206-ew9ldgdf/.coverage-corpus/input-125 ?gif: bad header
/tmp/silent-wuffs-cov-N206-ew9ldgdf/.coverage-corpus/input-126 ?gif: bad header
/tmp/silent-wuffs-cov-N206-ew9ldgdf/.coverage-corpus/input-127 ?gif: bad header
PASS: 128 files processed

GCOV coverage-probe-0-gif_fuzzer.gcda
File 'fuzz/c/std/gif_fuzzer.c'
Lines executed:72.22% of 54

File 'fuzz/c/fuzzlib/fuzzlib.c'
Lines executed:57.69% of 52

File 'release/c/wuffs-unsupported-snapshot.h'
Lines executed:22.53% of 3595

Creating 'coverage-probe-0-gif_fuzzer.gcov.json.gz'
Lines executed:23.75% of 3701
"
N206,S1_H1,"PASS
BUILD fuzz/c/std/gif_fuzzer.c exit=0

RUN fuzz/c/std/gif_fuzzer.c exit=0
f: bad header
/tmp/silent-wuffs-cov-N206-yi1md8eg/.coverage-corpus/input-091 ?gif: bad header
/tmp/silent-wuffs-cov-N206-yi1md8eg/.coverage-corpus/input-092 ?gif: bad header
/tmp/silent-wuffs-cov-N206-yi1md8eg/.coverage-corpus/input-093 ?gif: bad header
/tmp/silent-wuffs-cov-N206-yi1md8eg/.coverage-corpus/input-094 ?gif: bad header
/tmp/silent-wuffs-cov-N206-yi1md8eg/.coverage-corpus/input-095 ?gif: bad header
/tmp/silent-wuffs-cov-N206-yi1md8eg/.coverage-corpus/input-096 ?gif: bad header
/tmp/silent-wuffs-cov-N206-yi1md8eg/.coverage-corpus/input-097 ?gif: bad header
/tmp/silent-wuffs-cov-N206-yi1md8eg/.coverage-corpus/input-098 ?gif: bad header
/tmp/silent-wuffs-cov-N206-yi1md8eg/.coverage-corpus/input-099 ?gif: bad header
/tmp/silent-wuffs-cov-N206-yi1md8eg/.coverage-corpus/input-100 ?gif: bad header
/tmp/silent-wuffs-cov-N206-yi1md8eg/.coverage-corpus/input-101 ?gif: bad header
/tmp/silent-wuffs-cov-N206-yi1md8eg/.coverage-corpus/input-102 ?gif: bad header
/tmp/silent-wuffs-cov-N206-yi1md8eg/.coverage-corpus/input-103 ?gif: bad header
/tmp/silent-wuffs-cov-N206-yi1md8eg/.coverage-corpus/input-104 ?gif: bad header
/tmp/silent-wuffs-cov-N206-yi1md8eg/.coverage-corpus/input-105 ?gif: bad header
/tmp/silent-wuffs-cov-N206-yi1md8eg/.coverage-corpus/input-106 ?gif: bad header
/tmp/silent-wuffs-cov-N206-yi1md8eg/.coverage-corpus/input-107 ?gif: bad header
/tmp/silent-wuffs-cov-N206-yi1md8eg/.coverage-corpus/input-108 ?gif: bad header
/tmp/silent-wuffs-cov-N206-yi1md8eg/.coverage-corpus/input-109 ?gif: bad header
/tmp/silent-wuffs-cov-N206-yi1md8eg/.coverage-corpus/input-110 ?gif: bad header
/tmp/silent-wuffs-cov-N206-yi1md8eg/.coverage-corpus/input-111 ?gif: bad header
/tmp/silent-wuffs-cov-N206-yi1md8eg/.coverage-corpus/input-112 ?gif: bad header
/tmp/silent-wuffs-cov-N206-yi1md8eg/.coverage-corpus/input-113 ?gif: bad header
/tmp/silent-wuffs-cov-N206-yi1md8eg/.coverage-corpus/input-114 ?gif: bad header
/tmp/silent-wuffs-cov-N206-yi1md8eg/.coverage-corpus/input-115 ?gif: bad header
/tmp/silent-wuffs-cov-N206-yi1md8eg/.coverage-corpus/input-116 ?gif: bad header
/tmp/silent-wuffs-cov-N206-yi1md8eg/.coverage-corpus/input-117 ?gif: bad header
/tmp/silent-wuffs-cov-N206-yi1md8eg/.coverage-corpus/input-118 ?gif: bad header
/tmp/silent-wuffs-cov-N206-yi1md8eg/.coverage-corpus/input-119 ?gif: bad header
/tmp/silent-wuffs-cov-N206-yi1md8eg/.coverage-corpus/input-120 ?gif: bad header
/tmp/silent-wuffs-cov-N206-yi1md8eg/.coverage-corpus/input-121 ?gif: bad header
/tmp/silent-wuffs-cov-N206-yi1md8eg/.coverage-corpus/input-122 ?gif: bad header
/tmp/silent-wuffs-cov-N206-yi1md8eg/.coverage-corpus/input-123 ?gif: bad header
/tmp/silent-wuffs-cov-N206-yi1md8eg/.coverage-corpus/input-124 ?gif: bad header
/tmp/silent-wuffs-cov-N206-yi1md8eg/.coverage-corpus/input-125 ?gif: bad header
/tmp/silent-wuffs-cov-N206-yi1md8eg/.coverage-corpus/input-126 ?gif: bad header
/tmp/silent-wuffs-cov-N206-yi1md8eg/.coverage-corpus/input-127 ?gif: bad header
PASS: 128 files processed

GCOV coverage-probe-0-gif_fuzzer.gcda
File 'fuzz/c/std/gif_fuzzer.c'
Lines executed:69.39% of 49

File 'fuzz/c/fuzzlib/fuzzlib.c'
Lines executed:57.69% of 52

File 'release/c/wuffs-unsupported-snapshot.h'
Lines executed:22.63% of 3601

Creating 'coverage-probe-0-gif_fuzzer.gcov.json.gz'
Lines executed:23.74% of 3702
"
N207,S1_H0,"PASS
BUILD fuzz/c/std/gif_fuzzer.c exit=0

RUN fuzz/c/std/gif_fuzzer.c exit=0
f: bad header
/tmp/silent-wuffs-cov-N207-wpqmuuri/.coverage-corpus/input-091 ?gif: bad header
/tmp/silent-wuffs-cov-N207-wpqmuuri/.coverage-corpus/input-092 ?gif: bad header
/tmp/silent-wuffs-cov-N207-wpqmuuri/.coverage-corpus/input-093 ?gif: bad header
/tmp/silent-wuffs-cov-N207-wpqmuuri/.coverage-corpus/input-094 ?gif: bad header
/tmp/silent-wuffs-cov-N207-wpqmuuri/.coverage-corpus/input-095 ?gif: bad header
/tmp/silent-wuffs-cov-N207-wpqmuuri/.coverage-corpus/input-096 ?gif: bad header
/tmp/silent-wuffs-cov-N207-wpqmuuri/.coverage-corpus/input-097 ?gif: bad header
/tmp/silent-wuffs-cov-N207-wpqmuuri/.coverage-corpus/input-098 ?gif: bad header
/tmp/silent-wuffs-cov-N207-wpqmuuri/.coverage-corpus/input-099 ?gif: bad header
/tmp/silent-wuffs-cov-N207-wpqmuuri/.coverage-corpus/input-100 ?gif: bad header
/tmp/silent-wuffs-cov-N207-wpqmuuri/.coverage-corpus/input-101 ?gif: bad header
/tmp/silent-wuffs-cov-N207-wpqmuuri/.coverage-corpus/input-102 ?gif: bad header
/tmp/silent-wuffs-cov-N207-wpqmuuri/.coverage-corpus/input-103 ?gif: bad header
/tmp/silent-wuffs-cov-N207-wpqmuuri/.coverage-corpus/input-104 ?gif: bad header
/tmp/silent-wuffs-cov-N207-wpqmuuri/.coverage-corpus/input-105 ?gif: bad header
/tmp/silent-wuffs-cov-N207-wpqmuuri/.coverage-corpus/input-106 ?gif: bad header
/tmp/silent-wuffs-cov-N207-wpqmuuri/.coverage-corpus/input-107 ?gif: bad header
/tmp/silent-wuffs-cov-N207-wpqmuuri/.coverage-corpus/input-108 ?gif: bad header
/tmp/silent-wuffs-cov-N207-wpqmuuri/.coverage-corpus/input-109 ?gif: bad header
/tmp/silent-wuffs-cov-N207-wpqmuuri/.coverage-corpus/input-110 ?gif: bad header
/tmp/silent-wuffs-cov-N207-wpqmuuri/.coverage-corpus/input-111 ?gif: bad header
/tmp/silent-wuffs-cov-N207-wpqmuuri/.coverage-corpus/input-112 ?gif: bad header
/tmp/silent-wuffs-cov-N207-wpqmuuri/.coverage-corpus/input-113 ?gif: bad header
/tmp/silent-wuffs-cov-N207-wpqmuuri/.coverage-corpus/input-114 ?gif: bad header
/tmp/silent-wuffs-cov-N207-wpqmuuri/.coverage-corpus/input-115 ?gif: bad header
/tmp/silent-wuffs-cov-N207-wpqmuuri/.coverage-corpus/input-116 ?gif: bad header
/tmp/silent-wuffs-cov-N207-wpqmuuri/.coverage-corpus/input-117 ?gif: bad header
/tmp/silent-wuffs-cov-N207-wpqmuuri/.coverage-corpus/input-118 ?gif: bad header
/tmp/silent-wuffs-cov-N207-wpqmuuri/.coverage-corpus/input-119 ?gif: bad header
/tmp/silent-wuffs-cov-N207-wpqmuuri/.coverage-corpus/input-120 ?gif: bad header
/tmp/silent-wuffs-cov-N207-wpqmuuri/.coverage-corpus/input-121 ?gif: bad header
/tmp/silent-wuffs-cov-N207-wpqmuuri/.coverage-corpus/input-122 ?gif: bad header
/tmp/silent-wuffs-cov-N207-wpqmuuri/.coverage-corpus/input-123 ?gif: bad header
/tmp/silent-wuffs-cov-N207-wpqmuuri/.coverage-corpus/input-124 ?gif: bad header
/tmp/silent-wuffs-cov-N207-wpqmuuri/.coverage-corpus/input-125 ?gif: bad header
/tmp/silent-wuffs-cov-N207-wpqmuuri/.coverage-corpus/input-126 ?gif: bad header
/tmp/silent-wuffs-cov-N207-wpqmuuri/.coverage-corpus/input-127 ?gif: bad header
PASS: 128 files processed

GCOV coverage-probe-0-gif_fuzzer.gcda
File 'fuzz/c/std/gif_fuzzer.c'
Lines executed:69.39% of 49

File 'fuzz/c/fuzzlib/fuzzlib.c'
Lines executed:57.69% of 52

File 'release/c/wuffs-unsupported-snapshot.h'
Lines executed:24.15% of 3751

Creating 'coverage-probe-0-gif_fuzzer.gcov.json.gz'
Lines executed:25.18% of 3852
"
N207,S1_H1,"PASS
BUILD fuzz/c/std/gif_fuzzer.c exit=0

RUN fuzz/c/std/gif_fuzzer.c exit=0
f: bad header
/tmp/silent-wuffs-cov-N207-rh8x7s_1/.coverage-corpus/input-091 ?gif: bad header
/tmp/silent-wuffs-cov-N207-rh8x7s_1/.coverage-corpus/input-092 ?gif: bad header
/tmp/silent-wuffs-cov-N207-rh8x7s_1/.coverage-corpus/input-093 ?gif: bad header
/tmp/silent-wuffs-cov-N207-rh8x7s_1/.coverage-corpus/input-094 ?gif: bad header
/tmp/silent-wuffs-cov-N207-rh8x7s_1/.coverage-corpus/input-095 ?gif: bad header
/tmp/silent-wuffs-cov-N207-rh8x7s_1/.coverage-corpus/input-096 ?gif: bad header
/tmp/silent-wuffs-cov-N207-rh8x7s_1/.coverage-corpus/input-097 ?gif: bad header
/tmp/silent-wuffs-cov-N207-rh8x7s_1/.coverage-corpus/input-098 ?gif: bad header
/tmp/silent-wuffs-cov-N207-rh8x7s_1/.coverage-corpus/input-099 ?gif: bad header
/tmp/silent-wuffs-cov-N207-rh8x7s_1/.coverage-corpus/input-100 ?gif: bad header
/tmp/silent-wuffs-cov-N207-rh8x7s_1/.coverage-corpus/input-101 ?gif: bad header
/tmp/silent-wuffs-cov-N207-rh8x7s_1/.coverage-corpus/input-102 ?gif: bad header
/tmp/silent-wuffs-cov-N207-rh8x7s_1/.coverage-corpus/input-103 ?gif: bad header
/tmp/silent-wuffs-cov-N207-rh8x7s_1/.coverage-corpus/input-104 ?gif: bad header
/tmp/silent-wuffs-cov-N207-rh8x7s_1/.coverage-corpus/input-105 ?gif: bad header
/tmp/silent-wuffs-cov-N207-rh8x7s_1/.coverage-corpus/input-106 ?gif: bad header
/tmp/silent-wuffs-cov-N207-rh8x7s_1/.coverage-corpus/input-107 ?gif: bad header
/tmp/silent-wuffs-cov-N207-rh8x7s_1/.coverage-corpus/input-108 ?gif: bad header
/tmp/silent-wuffs-cov-N207-rh8x7s_1/.coverage-corpus/input-109 ?gif: bad header
/tmp/silent-wuffs-cov-N207-rh8x7s_1/.coverage-corpus/input-110 ?gif: bad header
/tmp/silent-wuffs-cov-N207-rh8x7s_1/.coverage-corpus/input-111 ?gif: bad header
/tmp/silent-wuffs-cov-N207-rh8x7s_1/.coverage-corpus/input-112 ?gif: bad header
/tmp/silent-wuffs-cov-N207-rh8x7s_1/.coverage-corpus/input-113 ?gif: bad header
/tmp/silent-wuffs-cov-N207-rh8x7s_1/.coverage-corpus/input-114 ?gif: bad header
/tmp/silent-wuffs-cov-N207-rh8x7s_1/.coverage-corpus/input-115 ?gif: bad header
/tmp/silent-wuffs-cov-N207-rh8x7s_1/.coverage-corpus/input-116 ?gif: bad header
/tmp/silent-wuffs-cov-N207-rh8x7s_1/.coverage-corpus/input-117 ?gif: bad header
/tmp/silent-wuffs-cov-N207-rh8x7s_1/.coverage-corpus/input-118 ?gif: bad header
/tmp/silent-wuffs-cov-N207-rh8x7s_1/.coverage-corpus/input-119 ?gif: bad header
/tmp/silent-wuffs-cov-N207-rh8x7s_1/.coverage-corpus/input-120 ?gif: bad header
/tmp/silent-wuffs-cov-N207-rh8x7s_1/.coverage-corpus/input-121 ?gif: bad header
/tmp/silent-wuffs-cov-N207-rh8x7s_1/.coverage-corpus/input-122 ?gif: bad header
/tmp/silent-wuffs-cov-N207-rh8x7s_1/.coverage-corpus/input-123 ?gif: bad header
/tmp/silent-wuffs-cov-N207-rh8x7s_1/.coverage-corpus/input-124 ?gif: bad header
/tmp/silent-wuffs-cov-N207-rh8x7s_1/.coverage-corpus/input-125 ?gif: bad header
/tmp/silent-wuffs-cov-N207-rh8x7s_1/.coverage-corpus/input-126 ?gif: bad header
/tmp/silent-wuffs-cov-N207-rh8x7s_1/.coverage-corpus/input-127 ?gif: bad header
PASS: 128 files processed

GCOV coverage-probe-0-gif_fuzzer.gcda
File 'fuzz/c/std/gif_fuzzer.c'
Lines executed:69.39% of 49

File 'fuzz/c/fuzzlib/fuzzlib.c'
Lines executed:57.69% of 52

File 'release/c/wuffs-unsupported-snapshot.h'
Lines executed:24.33% of 3749

Creating 'coverage-probe-0-gif_fuzzer.gcov.json.gz'
Lines executed:25.35% of 3850
"
N215,S1_H0,"PASS
BUILD fuzz/c/std/gif_fuzzer.c exit=0

RUN fuzz/c/std/gif_fuzzer.c exit=0
f: bad header
/tmp/silent-wuffs-cov-N215-zx55n1i5/.coverage-corpus/input-091 ?gif: bad header
/tmp/silent-wuffs-cov-N215-zx55n1i5/.coverage-corpus/input-092 ?gif: bad header
/tmp/silent-wuffs-cov-N215-zx55n1i5/.coverage-corpus/input-093 ?gif: bad header
/tmp/silent-wuffs-cov-N215-zx55n1i5/.coverage-corpus/input-094 ?gif: bad header
/tmp/silent-wuffs-cov-N215-zx55n1i5/.coverage-corpus/input-095 ?gif: bad header
/tmp/silent-wuffs-cov-N215-zx55n1i5/.coverage-corpus/input-096 ?gif: bad header
/tmp/silent-wuffs-cov-N215-zx55n1i5/.coverage-corpus/input-097 ?gif: bad header
/tmp/silent-wuffs-cov-N215-zx55n1i5/.coverage-corpus/input-098 ?gif: bad header
/tmp/silent-wuffs-cov-N215-zx55n1i5/.coverage-corpus/input-099 ?gif: bad header
/tmp/silent-wuffs-cov-N215-zx55n1i5/.coverage-corpus/input-100 ?gif: bad header
/tmp/silent-wuffs-cov-N215-zx55n1i5/.coverage-corpus/input-101 ?gif: bad header
/tmp/silent-wuffs-cov-N215-zx55n1i5/.coverage-corpus/input-102 ?gif: bad header
/tmp/silent-wuffs-cov-N215-zx55n1i5/.coverage-corpus/input-103 ?gif: bad header
/tmp/silent-wuffs-cov-N215-zx55n1i5/.coverage-corpus/input-104 ?gif: bad header
/tmp/silent-wuffs-cov-N215-zx55n1i5/.coverage-corpus/input-105 ?gif: bad header
/tmp/silent-wuffs-cov-N215-zx55n1i5/.coverage-corpus/input-106 ?gif: bad header
/tmp/silent-wuffs-cov-N215-zx55n1i5/.coverage-corpus/input-107 ?gif: bad header
/tmp/silent-wuffs-cov-N215-zx55n1i5/.coverage-corpus/input-108 ?gif: bad header
/tmp/silent-wuffs-cov-N215-zx55n1i5/.coverage-corpus/input-109 ?gif: bad header
/tmp/silent-wuffs-cov-N215-zx55n1i5/.coverage-corpus/input-110 ?gif: bad header
/tmp/silent-wuffs-cov-N215-zx55n1i5/.coverage-corpus/input-111 ?gif: bad header
/tmp/silent-wuffs-cov-N215-zx55n1i5/.coverage-corpus/input-112 ?gif: bad header
/tmp/silent-wuffs-cov-N215-zx55n1i5/.coverage-corpus/input-113 ?gif: bad header
/tmp/silent-wuffs-cov-N215-zx55n1i5/.coverage-corpus/input-114 ?gif: bad header
/tmp/silent-wuffs-cov-N215-zx55n1i5/.coverage-corpus/input-115 ?gif: bad header
/tmp/silent-wuffs-cov-N215-zx55n1i5/.coverage-corpus/input-116 ?gif: bad header
/tmp/silent-wuffs-cov-N215-zx55n1i5/.coverage-corpus/input-117 ?gif: bad header
/tmp/silent-wuffs-cov-N215-zx55n1i5/.coverage-corpus/input-118 ?gif: bad header
/tmp/silent-wuffs-cov-N215-zx55n1i5/.coverage-corpus/input-119 ?gif: bad header
/tmp/silent-wuffs-cov-N215-zx55n1i5/.coverage-corpus/input-120 ?gif: bad header
/tmp/silent-wuffs-cov-N215-zx55n1i5/.coverage-corpus/input-121 ?gif: bad header
/tmp/silent-wuffs-cov-N215-zx55n1i5/.coverage-corpus/input-122 ?gif: bad header
/tmp/silent-wuffs-cov-N215-zx55n1i5/.coverage-corpus/input-123 ?gif: bad header
/tmp/silent-wuffs-cov-N215-zx55n1i5/.coverage-corpus/input-124 ?gif: bad header
/tmp/silent-wuffs-cov-N215-zx55n1i5/.coverage-corpus/input-125 ?gif: bad header
/tmp/silent-wuffs-cov-N215-zx55n1i5/.coverage-corpus/input-126 ?gif: bad header
/tmp/silent-wuffs-cov-N215-zx55n1i5/.coverage-corpus/input-127 ?gif: bad header
PASS: 128 files processed

GCOV coverage-probe-0-gif_fuzzer.gcda
File 'fuzz/c/std/gif_fuzzer.c'
Lines executed:69.39% of 49

File 'fuzz/c/fuzzlib/fuzzlib.c'
Lines executed:57.14% of 56

File 'release/c/wuffs-unsupported-snapshot.c'
Lines executed:26.52% of 4058

Creating 'coverage-probe-0-gif_fuzzer.gcov.json.gz'
Lines executed:27.43% of 4163
"
N215,S1_H1,"PASS
BUILD fuzz/c/std/gif_fuzzer.c exit=0

RUN fuzz/c/std/gif_fuzzer.c exit=0
f: bad header
/tmp/silent-wuffs-cov-N215-j45ohb3s/.coverage-corpus/input-091 ?gif: bad header
/tmp/silent-wuffs-cov-N215-j45ohb3s/.coverage-corpus/input-092 ?gif: bad header
/tmp/silent-wuffs-cov-N215-j45ohb3s/.coverage-corpus/input-093 ?gif: bad header
/tmp/silent-wuffs-cov-N215-j45ohb3s/.coverage-corpus/input-094 ?gif: bad header
/tmp/silent-wuffs-cov-N215-j45ohb3s/.coverage-corpus/input-095 ?gif: bad header
/tmp/silent-wuffs-cov-N215-j45ohb3s/.coverage-corpus/input-096 ?gif: bad header
/tmp/silent-wuffs-cov-N215-j45ohb3s/.coverage-corpus/input-097 ?gif: bad header
/tmp/silent-wuffs-cov-N215-j45ohb3s/.coverage-corpus/input-098 ?gif: bad header
/tmp/silent-wuffs-cov-N215-j45ohb3s/.coverage-corpus/input-099 ?gif: bad header
/tmp/silent-wuffs-cov-N215-j45ohb3s/.coverage-corpus/input-100 ?gif: bad header
/tmp/silent-wuffs-cov-N215-j45ohb3s/.coverage-corpus/input-101 ?gif: bad header
/tmp/silent-wuffs-cov-N215-j45ohb3s/.coverage-corpus/input-102 ?gif: bad header
/tmp/silent-wuffs-cov-N215-j45ohb3s/.coverage-corpus/input-103 ?gif: bad header
/tmp/silent-wuffs-cov-N215-j45ohb3s/.coverage-corpus/input-104 ?gif: bad header
/tmp/silent-wuffs-cov-N215-j45ohb3s/.coverage-corpus/input-105 ?gif: bad header
/tmp/silent-wuffs-cov-N215-j45ohb3s/.coverage-corpus/input-106 ?gif: bad header
/tmp/silent-wuffs-cov-N215-j45ohb3s/.coverage-corpus/input-107 ?gif: bad header
/tmp/silent-wuffs-cov-N215-j45ohb3s/.coverage-corpus/input-108 ?gif: bad header
/tmp/silent-wuffs-cov-N215-j45ohb3s/.coverage-corpus/input-109 ?gif: bad header
/tmp/silent-wuffs-cov-N215-j45ohb3s/.coverage-corpus/input-110 ?gif: bad header
/tmp/silent-wuffs-cov-N215-j45ohb3s/.coverage-corpus/input-111 ?gif: bad header
/tmp/silent-wuffs-cov-N215-j45ohb3s/.coverage-corpus/input-112 ?gif: bad header
/tmp/silent-wuffs-cov-N215-j45ohb3s/.coverage-corpus/input-113 ?gif: bad header
/tmp/silent-wuffs-cov-N215-j45ohb3s/.coverage-corpus/input-114 ?gif: bad header
/tmp/silent-wuffs-cov-N215-j45ohb3s/.coverage-corpus/input-115 ?gif: bad header
/tmp/silent-wuffs-cov-N215-j45ohb3s/.coverage-corpus/input-116 ?gif: bad header
/tmp/silent-wuffs-cov-N215-j45ohb3s/.coverage-corpus/input-117 ?gif: bad header
/tmp/silent-wuffs-cov-N215-j45ohb3s/.coverage-corpus/input-118 ?gif: bad header
/tmp/silent-wuffs-cov-N215-j45ohb3s/.coverage-corpus/input-119 ?gif: bad header
/tmp/silent-wuffs-cov-N215-j45ohb3s/.coverage-corpus/input-120 ?gif: bad header
/tmp/silent-wuffs-cov-N215-j45ohb3s/.coverage-corpus/input-121 ?gif: bad header
/tmp/silent-wuffs-cov-N215-j45ohb3s/.coverage-corpus/input-122 ?gif: bad header
/tmp/silent-wuffs-cov-N215-j45ohb3s/.coverage-corpus/input-123 ?gif: bad header
/tmp/silent-wuffs-cov-N215-j45ohb3s/.coverage-corpus/input-124 ?gif: bad header
/tmp/silent-wuffs-cov-N215-j45ohb3s/.coverage-corpus/input-125 ?gif: bad header
/tmp/silent-wuffs-cov-N215-j45ohb3s/.coverage-corpus/input-126 ?gif: bad header
/tmp/silent-wuffs-cov-N215-j45ohb3s/.coverage-corpus/input-127 ?gif: bad header
PASS: 128 files processed

GCOV coverage-probe-0-gif_fuzzer.gcda
File 'fuzz/c/std/gif_fuzzer.c'
Lines executed:67.21% of 61

File 'fuzz/c/fuzzlib/fuzzlib.c'
Lines executed:57.14% of 56

File 'release/c/wuffs-unsupported-snapshot.c'
Lines executed:27.19% of 4075

Creating 'coverage-probe-0-gif_fuzzer.gcov.json.gz'
Lines executed:28.17% of 4192
"
N216,S1_H0,"PASS
BUILD fuzz/c/std/gif_fuzzer.c exit=0

RUN fuzz/c/std/gif_fuzzer.c exit=0
-091 ?gif: bad header
- /tmp/silent-wuffs-cov-N216-1ank_ouz/.coverage-corpus/input-092 ?gif: bad header
- /tmp/silent-wuffs-cov-N216-1ank_ouz/.coverage-corpus/input-093 ?gif: bad header
- /tmp/silent-wuffs-cov-N216-1ank_ouz/.coverage-corpus/input-094 ?gif: bad header
- /tmp/silent-wuffs-cov-N216-1ank_ouz/.coverage-corpus/input-095 ?gif: bad header
- /tmp/silent-wuffs-cov-N216-1ank_ouz/.coverage-corpus/input-096 ?gif: bad header
- /tmp/silent-wuffs-cov-N216-1ank_ouz/.coverage-corpus/input-097 ?gif: bad header
- /tmp/silent-wuffs-cov-N216-1ank_ouz/.coverage-corpus/input-098 ?gif: bad header
- /tmp/silent-wuffs-cov-N216-1ank_ouz/.coverage-corpus/input-099 ?gif: bad header
- /tmp/silent-wuffs-cov-N216-1ank_ouz/.coverage-corpus/input-100 ?gif: bad header
- /tmp/silent-wuffs-cov-N216-1ank_ouz/.coverage-corpus/input-101 ?gif: bad header
- /tmp/silent-wuffs-cov-N216-1ank_ouz/.coverage-corpus/input-102 ?gif: bad header
- /tmp/silent-wuffs-cov-N216-1ank_ouz/.coverage-corpus/input-103 ?gif: bad header
- /tmp/silent-wuffs-cov-N216-1ank_ouz/.coverage-corpus/input-104 ?gif: bad header
- /tmp/silent-wuffs-cov-N216-1ank_ouz/.coverage-corpus/input-105 ?gif: bad header
- /tmp/silent-wuffs-cov-N216-1ank_ouz/.coverage-corpus/input-106 ?gif: bad header
- /tmp/silent-wuffs-cov-N216-1ank_ouz/.coverage-corpus/input-107 ?gif: bad header
- /tmp/silent-wuffs-cov-N216-1ank_ouz/.coverage-corpus/input-108 ?gif: bad header
- /tmp/silent-wuffs-cov-N216-1ank_ouz/.coverage-corpus/input-109 ?gif: bad header
- /tmp/silent-wuffs-cov-N216-1ank_ouz/.coverage-corpus/input-110 ?gif: bad header
- /tmp/silent-wuffs-cov-N216-1ank_ouz/.coverage-corpus/input-111 ?gif: bad header
- /tmp/silent-wuffs-cov-N216-1ank_ouz/.coverage-corpus/input-112 ?gif: bad header
- /tmp/silent-wuffs-cov-N216-1ank_ouz/.coverage-corpus/input-113 ?gif: bad header
- /tmp/silent-wuffs-cov-N216-1ank_ouz/.coverage-corpus/input-114 ?gif: bad header
- /tmp/silent-wuffs-cov-N216-1ank_ouz/.coverage-corpus/input-115 ?gif: bad header
- /tmp/silent-wuffs-cov-N216-1ank_ouz/.coverage-corpus/input-116 ?gif: bad header
- /tmp/silent-wuffs-cov-N216-1ank_ouz/.coverage-corpus/input-117 ?gif: bad header
- /tmp/silent-wuffs-cov-N216-1ank_ouz/.coverage-corpus/input-118 ?gif: bad header
- /tmp/silent-wuffs-cov-N216-1ank_ouz/.coverage-corpus/input-119 ?gif: bad header
- /tmp/silent-wuffs-cov-N216-1ank_ouz/.coverage-corpus/input-120 ?gif: bad header
- /tmp/silent-wuffs-cov-N216-1ank_ouz/.coverage-corpus/input-121 ?gif: bad header
- /tmp/silent-wuffs-cov-N216-1ank_ouz/.coverage-corpus/input-122 ?gif: bad header
- /tmp/silent-wuffs-cov-N216-1ank_ouz/.coverage-corpus/input-123 ?gif: bad header
- /tmp/silent-wuffs-cov-N216-1ank_ouz/.coverage-corpus/input-124 ?gif: bad header
- /tmp/silent-wuffs-cov-N216-1ank_ouz/.coverage-corpus/input-125 ?gif: bad header
- /tmp/silent-wuffs-cov-N216-1ank_ouz/.coverage-corpus/input-126 ?gif: bad header
- /tmp/silent-wuffs-cov-N216-1ank_ouz/.coverage-corpus/input-127 ?gif: bad header
PASS: 128 files processed

GCOV coverage-probe-0-gif_fuzzer.gcda
File 'fuzz/c/std/gif_fuzzer.c'
Lines executed:68.25% of 63

File 'fuzz/c/fuzzlib/fuzzlib.c'
Lines executed:36.00% of 125

File 'release/c/wuffs-unsupported-snapshot.c'
Lines executed:26.99% of 4131

Creating 'coverage-probe-0-gif_fuzzer.gcov.json.gz'
Lines executed:27.85% of 4319
"
N216,S1_H1,"PASS
BUILD fuzz/c/std/gif_fuzzer.c exit=0

RUN fuzz/c/std/gif_fuzzer.c exit=0
-091 ?gif: bad header
- /tmp/silent-wuffs-cov-N216-n765d3f6/.coverage-corpus/input-092 ?gif: bad header
- /tmp/silent-wuffs-cov-N216-n765d3f6/.coverage-corpus/input-093 ?gif: bad header
- /tmp/silent-wuffs-cov-N216-n765d3f6/.coverage-corpus/input-094 ?gif: bad header
- /tmp/silent-wuffs-cov-N216-n765d3f6/.coverage-corpus/input-095 ?gif: bad header
- /tmp/silent-wuffs-cov-N216-n765d3f6/.coverage-corpus/input-096 ?gif: bad header
- /tmp/silent-wuffs-cov-N216-n765d3f6/.coverage-corpus/input-097 ?gif: bad header
- /tmp/silent-wuffs-cov-N216-n765d3f6/.coverage-corpus/input-098 ?gif: bad header
- /tmp/silent-wuffs-cov-N216-n765d3f6/.coverage-corpus/input-099 ?gif: bad header
- /tmp/silent-wuffs-cov-N216-n765d3f6/.coverage-corpus/input-100 ?gif: bad header
- /tmp/silent-wuffs-cov-N216-n765d3f6/.coverage-corpus/input-101 ?gif: bad header
- /tmp/silent-wuffs-cov-N216-n765d3f6/.coverage-corpus/input-102 ?gif: bad header
- /tmp/silent-wuffs-cov-N216-n765d3f6/.coverage-corpus/input-103 ?gif: bad header
- /tmp/silent-wuffs-cov-N216-n765d3f6/.coverage-corpus/input-104 ?gif: bad header
- /tmp/silent-wuffs-cov-N216-n765d3f6/.coverage-corpus/input-105 ?gif: bad header
- /tmp/silent-wuffs-cov-N216-n765d3f6/.coverage-corpus/input-106 ?gif: bad header
- /tmp/silent-wuffs-cov-N216-n765d3f6/.coverage-corpus/input-107 ?gif: bad header
- /tmp/silent-wuffs-cov-N216-n765d3f6/.coverage-corpus/input-108 ?gif: bad header
- /tmp/silent-wuffs-cov-N216-n765d3f6/.coverage-corpus/input-109 ?gif: bad header
- /tmp/silent-wuffs-cov-N216-n765d3f6/.coverage-corpus/input-110 ?gif: bad header
- /tmp/silent-wuffs-cov-N216-n765d3f6/.coverage-corpus/input-111 ?gif: bad header
- /tmp/silent-wuffs-cov-N216-n765d3f6/.coverage-corpus/input-112 ?gif: bad header
- /tmp/silent-wuffs-cov-N216-n765d3f6/.coverage-corpus/input-113 ?gif: bad header
- /tmp/silent-wuffs-cov-N216-n765d3f6/.coverage-corpus/input-114 ?gif: bad header
- /tmp/silent-wuffs-cov-N216-n765d3f6/.coverage-corpus/input-115 ?gif: bad header
- /tmp/silent-wuffs-cov-N216-n765d3f6/.coverage-corpus/input-116 ?gif: bad header
- /tmp/silent-wuffs-cov-N216-n765d3f6/.coverage-corpus/input-117 ?gif: bad header
- /tmp/silent-wuffs-cov-N216-n765d3f6/.coverage-corpus/input-118 ?gif: bad header
- /tmp/silent-wuffs-cov-N216-n765d3f6/.coverage-corpus/input-119 ?gif: bad header
- /tmp/silent-wuffs-cov-N216-n765d3f6/.coverage-corpus/input-120 ?gif: bad header
- /tmp/silent-wuffs-cov-N216-n765d3f6/.coverage-corpus/input-121 ?gif: bad header
- /tmp/silent-wuffs-cov-N216-n765d3f6/.coverage-corpus/input-122 ?gif: bad header
- /tmp/silent-wuffs-cov-N216-n765d3f6/.coverage-corpus/input-123 ?gif: bad header
- /tmp/silent-wuffs-cov-N216-n765d3f6/.coverage-corpus/input-124 ?gif: bad header
- /tmp/silent-wuffs-cov-N216-n765d3f6/.coverage-corpus/input-125 ?gif: bad header
- /tmp/silent-wuffs-cov-N216-n765d3f6/.coverage-corpus/input-126 ?gif: bad header
- /tmp/silent-wuffs-cov-N216-n765d3f6/.coverage-corpus/input-127 ?gif: bad header
PASS: 128 files processed

GCOV coverage-probe-0-gif_fuzzer.gcda
File 'fuzz/c/std/gif_fuzzer.c'
Lines executed:66.67% of 66

File 'fuzz/c/fuzzlib/fuzzlib.c'
Lines executed:36.00% of 125

File 'release/c/wuffs-unsupported-snapshot.c'
Lines executed:26.99% of 4131

Creating 'coverage-probe-0-gif_fuzzer.gcov.json.gz'
Lines executed:27.86% of 4322
"
N223,S1_H0,"NOT_APPLICABLE
"
N223,S1_H1,"PASS
BUILD fuzz/c/std/json_fuzzer.c exit=0

RUN fuzz/c/std/json_fuzzer.c exit=0
-N223-6z2bx4ca/.coverage-corpus/input-091 json: bad input
- /tmp/silent-wuffs-cov-N223-6z2bx4ca/.coverage-corpus/input-092 json: bad input
- /tmp/silent-wuffs-cov-N223-6z2bx4ca/.coverage-corpus/input-093 json: bad input
- /tmp/silent-wuffs-cov-N223-6z2bx4ca/.coverage-corpus/input-094 json: bad input
- /tmp/silent-wuffs-cov-N223-6z2bx4ca/.coverage-corpus/input-095 json: bad input
- /tmp/silent-wuffs-cov-N223-6z2bx4ca/.coverage-corpus/input-096 json: bad input
- /tmp/silent-wuffs-cov-N223-6z2bx4ca/.coverage-corpus/input-097 json: bad input
- /tmp/silent-wuffs-cov-N223-6z2bx4ca/.coverage-corpus/input-098 json: bad input
- /tmp/silent-wuffs-cov-N223-6z2bx4ca/.coverage-corpus/input-099 json: bad input
- /tmp/silent-wuffs-cov-N223-6z2bx4ca/.coverage-corpus/input-100 json: bad input
- /tmp/silent-wuffs-cov-N223-6z2bx4ca/.coverage-corpus/input-101 json: bad input
- /tmp/silent-wuffs-cov-N223-6z2bx4ca/.coverage-corpus/input-102 json: bad input
- /tmp/silent-wuffs-cov-N223-6z2bx4ca/.coverage-corpus/input-103 json: bad input
- /tmp/silent-wuffs-cov-N223-6z2bx4ca/.coverage-corpus/input-104 json: bad input
- /tmp/silent-wuffs-cov-N223-6z2bx4ca/.coverage-corpus/input-105 json: bad input
- /tmp/silent-wuffs-cov-N223-6z2bx4ca/.coverage-corpus/input-106 json: bad input
- /tmp/silent-wuffs-cov-N223-6z2bx4ca/.coverage-corpus/input-107 json: bad input
- /tmp/silent-wuffs-cov-N223-6z2bx4ca/.coverage-corpus/input-108 json: bad input
- /tmp/silent-wuffs-cov-N223-6z2bx4ca/.coverage-corpus/input-109 json: bad input
- /tmp/silent-wuffs-cov-N223-6z2bx4ca/.coverage-corpus/input-110 json: bad input
- /tmp/silent-wuffs-cov-N223-6z2bx4ca/.coverage-corpus/input-111 json: bad input
- /tmp/silent-wuffs-cov-N223-6z2bx4ca/.coverage-corpus/input-112 json: bad input
- /tmp/silent-wuffs-cov-N223-6z2bx4ca/.coverage-corpus/input-113 json: bad input
- /tmp/silent-wuffs-cov-N223-6z2bx4ca/.coverage-corpus/input-114 json: bad input
- /tmp/silent-wuffs-cov-N223-6z2bx4ca/.coverage-corpus/input-115 json: bad input
- /tmp/silent-wuffs-cov-N223-6z2bx4ca/.coverage-corpus/input-116 json: bad input
- /tmp/silent-wuffs-cov-N223-6z2bx4ca/.coverage-corpus/input-117 json: bad input
- /tmp/silent-wuffs-cov-N223-6z2bx4ca/.coverage-corpus/input-118 json: bad input
- /tmp/silent-wuffs-cov-N223-6z2bx4ca/.coverage-corpus/input-119 json: bad input
- /tmp/silent-wuffs-cov-N223-6z2bx4ca/.coverage-corpus/input-120 json: bad input
- /tmp/silent-wuffs-cov-N223-6z2bx4ca/.coverage-corpus/input-121 json: bad input
- /tmp/silent-wuffs-cov-N223-6z2bx4ca/.coverage-corpus/input-122 json: bad input
- /tmp/silent-wuffs-cov-N223-6z2bx4ca/.coverage-corpus/input-123 json: bad input
- /tmp/silent-wuffs-cov-N223-6z2bx4ca/.coverage-corpus/input-124 json: bad input
- /tmp/silent-wuffs-cov-N223-6z2bx4ca/.coverage-corpus/input-125 json: bad input
- /tmp/silent-wuffs-cov-N223-6z2bx4ca/.coverage-corpus/input-126 json: bad input
- /tmp/silent-wuffs-cov-N223-6z2bx4ca/.coverage-corpus/input-127 json: bad input
PASS: 128 files processed

GCOV coverage-probe-0-json_fuzzer.gcda
File 'fuzz/c/std/json_fuzzer.c'
Lines executed:66.67% of 144

File 'fuzz/c/fuzzlib/fuzzlib.c'
Lines executed:42.96% of 142

File 'release/c/wuffs-unsupported-snapshot.c'
Lines executed:3.50% of 8469

Creating 'coverage-probe-0-json_fuzzer.gcov.json.gz'
Lines executed:5.17% of 8755
"
N228,S1_H0,"PASS
BUILD fuzz/c/std/json_fuzzer.c exit=0

RUN fuzz/c/std/json_fuzzer.c exit=0
-N228-xedtgxe3/.coverage-corpus/input-091 json: bad input
- /tmp/silent-wuffs-cov-N228-xedtgxe3/.coverage-corpus/input-092 json: bad input
- /tmp/silent-wuffs-cov-N228-xedtgxe3/.coverage-corpus/input-093 json: bad input
- /tmp/silent-wuffs-cov-N228-xedtgxe3/.coverage-corpus/input-094 json: bad input
- /tmp/silent-wuffs-cov-N228-xedtgxe3/.coverage-corpus/input-095 json: bad input
- /tmp/silent-wuffs-cov-N228-xedtgxe3/.coverage-corpus/input-096 json: bad input
- /tmp/silent-wuffs-cov-N228-xedtgxe3/.coverage-corpus/input-097 json: bad input
- /tmp/silent-wuffs-cov-N228-xedtgxe3/.coverage-corpus/input-098 json: bad input
- /tmp/silent-wuffs-cov-N228-xedtgxe3/.coverage-corpus/input-099 json: bad input
- /tmp/silent-wuffs-cov-N228-xedtgxe3/.coverage-corpus/input-100 json: bad input
- /tmp/silent-wuffs-cov-N228-xedtgxe3/.coverage-corpus/input-101 json: bad input
- /tmp/silent-wuffs-cov-N228-xedtgxe3/.coverage-corpus/input-102 json: bad input
- /tmp/silent-wuffs-cov-N228-xedtgxe3/.coverage-corpus/input-103 json: bad input
- /tmp/silent-wuffs-cov-N228-xedtgxe3/.coverage-corpus/input-104 json: bad input
- /tmp/silent-wuffs-cov-N228-xedtgxe3/.coverage-corpus/input-105 json: bad input
- /tmp/silent-wuffs-cov-N228-xedtgxe3/.coverage-corpus/input-106 json: bad input
- /tmp/silent-wuffs-cov-N228-xedtgxe3/.coverage-corpus/input-107 json: bad input
- /tmp/silent-wuffs-cov-N228-xedtgxe3/.coverage-corpus/input-108 json: bad input
- /tmp/silent-wuffs-cov-N228-xedtgxe3/.coverage-corpus/input-109 json: bad input
- /tmp/silent-wuffs-cov-N228-xedtgxe3/.coverage-corpus/input-110 json: bad input
- /tmp/silent-wuffs-cov-N228-xedtgxe3/.coverage-corpus/input-111 json: bad input
- /tmp/silent-wuffs-cov-N228-xedtgxe3/.coverage-corpus/input-112 json: bad input
- /tmp/silent-wuffs-cov-N228-xedtgxe3/.coverage-corpus/input-113 json: bad input
- /tmp/silent-wuffs-cov-N228-xedtgxe3/.coverage-corpus/input-114 json: bad input
- /tmp/silent-wuffs-cov-N228-xedtgxe3/.coverage-corpus/input-115 json: bad input
- /tmp/silent-wuffs-cov-N228-xedtgxe3/.coverage-corpus/input-116 json: bad input
- /tmp/silent-wuffs-cov-N228-xedtgxe3/.coverage-corpus/input-117 json: bad input
- /tmp/silent-wuffs-cov-N228-xedtgxe3/.coverage-corpus/input-118 json: bad input
- /tmp/silent-wuffs-cov-N228-xedtgxe3/.coverage-corpus/input-119 json: bad input
- /tmp/silent-wuffs-cov-N228-xedtgxe3/.coverage-corpus/input-120 json: bad input
- /tmp/silent-wuffs-cov-N228-xedtgxe3/.coverage-corpus/input-121 json: bad input
- /tmp/silent-wuffs-cov-N228-xedtgxe3/.coverage-corpus/input-122 json: bad input
- /tmp/silent-wuffs-cov-N228-xedtgxe3/.coverage-corpus/input-123 json: bad input
- /tmp/silent-wuffs-cov-N228-xedtgxe3/.coverage-corpus/input-124 json: bad input
- /tmp/silent-wuffs-cov-N228-xedtgxe3/.coverage-corpus/input-125 json: bad input
- /tmp/silent-wuffs-cov-N228-xedtgxe3/.coverage-corpus/input-126 json: bad input
- /tmp/silent-wuffs-cov-N228-xedtgxe3/.coverage-corpus/input-127 json: bad input
PASS: 128 files processed

GCOV coverage-probe-0-json_fuzzer.gcda
File 'fuzz/c/std/json_fuzzer.c'
Lines executed:63.01% of 173

File 'fuzz/c/fuzzlib/fuzzlib.c'
Lines executed:44.51% of 173

File 'release/c/wuffs-unsupported-snapshot.c'
Lines executed:17.82% of 3002

Creating 'coverage-probe-0-json_fuzzer.gcov.json.gz'
Lines executed:21.54% of 3348
"
N228,S1_H1,"PASS
BUILD fuzz/c/std/json_fuzzer.c exit=0

RUN fuzz/c/std/json_fuzzer.c exit=0
-N228-t29633_0/.coverage-corpus/input-091 json: bad input
- /tmp/silent-wuffs-cov-N228-t29633_0/.coverage-corpus/input-092 json: bad input
- /tmp/silent-wuffs-cov-N228-t29633_0/.coverage-corpus/input-093 json: bad input
- /tmp/silent-wuffs-cov-N228-t29633_0/.coverage-corpus/input-094 json: bad input
- /tmp/silent-wuffs-cov-N228-t29633_0/.coverage-corpus/input-095 json: bad input
- /tmp/silent-wuffs-cov-N228-t29633_0/.coverage-corpus/input-096 json: bad input
- /tmp/silent-wuffs-cov-N228-t29633_0/.coverage-corpus/input-097 json: bad input
- /tmp/silent-wuffs-cov-N228-t29633_0/.coverage-corpus/input-098 json: bad input
- /tmp/silent-wuffs-cov-N228-t29633_0/.coverage-corpus/input-099 json: bad input
- /tmp/silent-wuffs-cov-N228-t29633_0/.coverage-corpus/input-100 json: bad input
- /tmp/silent-wuffs-cov-N228-t29633_0/.coverage-corpus/input-101 json: bad input
- /tmp/silent-wuffs-cov-N228-t29633_0/.coverage-corpus/input-102 json: bad input
- /tmp/silent-wuffs-cov-N228-t29633_0/.coverage-corpus/input-103 json: bad input
- /tmp/silent-wuffs-cov-N228-t29633_0/.coverage-corpus/input-104 json: bad input
- /tmp/silent-wuffs-cov-N228-t29633_0/.coverage-corpus/input-105 json: bad input
- /tmp/silent-wuffs-cov-N228-t29633_0/.coverage-corpus/input-106 json: bad input
- /tmp/silent-wuffs-cov-N228-t29633_0/.coverage-corpus/input-107 json: bad input
- /tmp/silent-wuffs-cov-N228-t29633_0/.coverage-corpus/input-108 json: bad input
- /tmp/silent-wuffs-cov-N228-t29633_0/.coverage-corpus/input-109 json: bad input
- /tmp/silent-wuffs-cov-N228-t29633_0/.coverage-corpus/input-110 json: bad input
- /tmp/silent-wuffs-cov-N228-t29633_0/.coverage-corpus/input-111 json: bad input
- /tmp/silent-wuffs-cov-N228-t29633_0/.coverage-corpus/input-112 json: bad input
- /tmp/silent-wuffs-cov-N228-t29633_0/.coverage-corpus/input-113 json: bad input
- /tmp/silent-wuffs-cov-N228-t29633_0/.coverage-corpus/input-114 json: bad input
- /tmp/silent-wuffs-cov-N228-t29633_0/.coverage-corpus/input-115 json: bad input
- /tmp/silent-wuffs-cov-N228-t29633_0/.coverage-corpus/input-116 json: bad input
- /tmp/silent-wuffs-cov-N228-t29633_0/.coverage-corpus/input-117 json: bad input
- /tmp/silent-wuffs-cov-N228-t29633_0/.coverage-corpus/input-118 json: bad input
- /tmp/silent-wuffs-cov-N228-t29633_0/.coverage-corpus/input-119 json: bad input
- /tmp/silent-wuffs-cov-N228-t29633_0/.coverage-corpus/input-120 json: bad input
- /tmp/silent-wuffs-cov-N228-t29633_0/.coverage-corpus/input-121 json: bad input
- /tmp/silent-wuffs-cov-N228-t29633_0/.coverage-corpus/input-122 json: bad input
- /tmp/silent-wuffs-cov-N228-t29633_0/.coverage-corpus/input-123 json: bad input
- /tmp/silent-wuffs-cov-N228-t29633_0/.coverage-corpus/input-124 json: bad input
- /tmp/silent-wuffs-cov-N228-t29633_0/.coverage-corpus/input-125 json: bad input
- /tmp/silent-wuffs-cov-N228-t29633_0/.coverage-corpus/input-126 json: bad input
- /tmp/silent-wuffs-cov-N228-t29633_0/.coverage-corpus/input-127 json: bad input
PASS: 128 files processed

GCOV coverage-probe-0-json_fuzzer.gcda
File 'fuzz/c/std/json_fuzzer.c'
Lines executed:63.01% of 173

File 'fuzz/c/fuzzlib/fuzzlib.c'
Lines executed:44.51% of 173

File 'release/c/wuffs-unsupported-snapshot.c'
Lines executed:17.82% of 3002

Creating 'coverage-probe-0-json_fuzzer.gcov.json.gz'
Lines executed:21.54% of 3348
"
N231,S1_H0,"PASS
BUILD fuzz/c/std/json_fuzzer.c exit=0

RUN fuzz/c/std/json_fuzzer.c exit=0
rpus/input-092 json: bad input
- /tmp/silent-wuffs-cov-N231-s32eqmfj/.coverage-corpus/input-093 json: bad input
- /tmp/silent-wuffs-cov-N231-s32eqmfj/.coverage-corpus/input-094 json: bad input
- /tmp/silent-wuffs-cov-N231-s32eqmfj/.coverage-corpus/input-095 json: bad quirk combination
- /tmp/silent-wuffs-cov-N231-s32eqmfj/.coverage-corpus/input-096 json: bad input
- /tmp/silent-wuffs-cov-N231-s32eqmfj/.coverage-corpus/input-097 json: bad input
- /tmp/silent-wuffs-cov-N231-s32eqmfj/.coverage-corpus/input-098 json: bad input
- /tmp/silent-wuffs-cov-N231-s32eqmfj/.coverage-corpus/input-099 json: bad quirk combination
- /tmp/silent-wuffs-cov-N231-s32eqmfj/.coverage-corpus/input-100 json: bad input
- /tmp/silent-wuffs-cov-N231-s32eqmfj/.coverage-corpus/input-101 json: bad input
- /tmp/silent-wuffs-cov-N231-s32eqmfj/.coverage-corpus/input-102 json: bad input
- /tmp/silent-wuffs-cov-N231-s32eqmfj/.coverage-corpus/input-103 json: bad quirk combination
- /tmp/silent-wuffs-cov-N231-s32eqmfj/.coverage-corpus/input-104 json: bad input
- /tmp/silent-wuffs-cov-N231-s32eqmfj/.coverage-corpus/input-105 json: bad input
- /tmp/silent-wuffs-cov-N231-s32eqmfj/.coverage-corpus/input-106 json: bad input
- /tmp/silent-wuffs-cov-N231-s32eqmfj/.coverage-corpus/input-107 json: bad quirk combination
- /tmp/silent-wuffs-cov-N231-s32eqmfj/.coverage-corpus/input-108 json: bad input
- /tmp/silent-wuffs-cov-N231-s32eqmfj/.coverage-corpus/input-109 json: bad input
- /tmp/silent-wuffs-cov-N231-s32eqmfj/.coverage-corpus/input-110 json: bad input
- /tmp/silent-wuffs-cov-N231-s32eqmfj/.coverage-corpus/input-111 json: bad input
- /tmp/silent-wuffs-cov-N231-s32eqmfj/.coverage-corpus/input-112 json: bad input
- /tmp/silent-wuffs-cov-N231-s32eqmfj/.coverage-corpus/input-113 json: bad quirk combination
- /tmp/silent-wuffs-cov-N231-s32eqmfj/.coverage-corpus/input-114 json: bad quirk combination
- /tmp/silent-wuffs-cov-N231-s32eqmfj/.coverage-corpus/input-115 json: bad quirk combination
- /tmp/silent-wuffs-cov-N231-s32eqmfj/.coverage-corpus/input-116 json: bad quirk combination
- /tmp/silent-wuffs-cov-N231-s32eqmfj/.coverage-corpus/input-117 json: bad input
- /tmp/silent-wuffs-cov-N231-s32eqmfj/.coverage-corpus/input-118 json: bad input
- /tmp/silent-wuffs-cov-N231-s32eqmfj/.coverage-corpus/input-119 json: bad input
- /tmp/silent-wuffs-cov-N231-s32eqmfj/.coverage-corpus/input-120 json: bad input
- /tmp/silent-wuffs-cov-N231-s32eqmfj/.coverage-corpus/input-121 json: bad input
- /tmp/silent-wuffs-cov-N231-s32eqmfj/.coverage-corpus/input-122 json: bad input
- /tmp/silent-wuffs-cov-N231-s32eqmfj/.coverage-corpus/input-123 json: bad input
- /tmp/silent-wuffs-cov-N231-s32eqmfj/.coverage-corpus/input-124 json: bad input
- /tmp/silent-wuffs-cov-N231-s32eqmfj/.coverage-corpus/input-125 json: bad quirk combination
- /tmp/silent-wuffs-cov-N231-s32eqmfj/.coverage-corpus/input-126 json: bad input
- /tmp/silent-wuffs-cov-N231-s32eqmfj/.coverage-corpus/input-127 json: bad input
PASS: 128 files processed

GCOV coverage-probe-0-json_fuzzer.gcda
File 'fuzz/c/std/json_fuzzer.c'
Lines executed:62.94% of 170

File 'fuzz/c/fuzzlib/fuzzlib.c'
Lines executed:44.51% of 173

File 'release/c/wuffs-unsupported-snapshot.c'
Lines executed:12.57% of 3977

Creating 'coverage-probe-0-json_fuzzer.gcov.json.gz'
Lines executed:15.83% of 4320
"
N231,S1_H1,"PASS
BUILD fuzz/c/std/cbor_fuzzer.c exit=0

RUN fuzz/c/std/cbor_fuzzer.c exit=0
ut-088 ok
- /tmp/silent-wuffs-cov-N231-v27p66c5/.coverage-corpus/input-089 cbor: bad input
- /tmp/silent-wuffs-cov-N231-v27p66c5/.coverage-corpus/input-090 cbor: bad input
- /tmp/silent-wuffs-cov-N231-v27p66c5/.coverage-corpus/input-091 ok
- /tmp/silent-wuffs-cov-N231-v27p66c5/.coverage-corpus/input-092 ok
- /tmp/silent-wuffs-cov-N231-v27p66c5/.coverage-corpus/input-093 cbor: bad input
- /tmp/silent-wuffs-cov-N231-v27p66c5/.coverage-corpus/input-094 cbor: bad input
- /tmp/silent-wuffs-cov-N231-v27p66c5/.coverage-corpus/input-095 ok
- /tmp/silent-wuffs-cov-N231-v27p66c5/.coverage-corpus/input-096 ok
- /tmp/silent-wuffs-cov-N231-v27p66c5/.coverage-corpus/input-097 cbor: bad input
- /tmp/silent-wuffs-cov-N231-v27p66c5/.coverage-corpus/input-098 ok
- /tmp/silent-wuffs-cov-N231-v27p66c5/.coverage-corpus/input-099 cbor: bad input
- /tmp/silent-wuffs-cov-N231-v27p66c5/.coverage-corpus/input-100 ok
- /tmp/silent-wuffs-cov-N231-v27p66c5/.coverage-corpus/input-101 cbor: bad input
- /tmp/silent-wuffs-cov-N231-v27p66c5/.coverage-corpus/input-102 cbor: bad input
- /tmp/silent-wuffs-cov-N231-v27p66c5/.coverage-corpus/input-103 ok
- /tmp/silent-wuffs-cov-N231-v27p66c5/.coverage-corpus/input-104 cbor: bad input
- /tmp/silent-wuffs-cov-N231-v27p66c5/.coverage-corpus/input-105 ok
- /tmp/silent-wuffs-cov-N231-v27p66c5/.coverage-corpus/input-106 ok
- /tmp/silent-wuffs-cov-N231-v27p66c5/.coverage-corpus/input-107 cbor: bad input
- /tmp/silent-wuffs-cov-N231-v27p66c5/.coverage-corpus/input-108 cbor: bad input
- /tmp/silent-wuffs-cov-N231-v27p66c5/.coverage-corpus/input-109 cbor: bad input
- /tmp/silent-wuffs-cov-N231-v27p66c5/.coverage-corpus/input-110 cbor: bad input
- /tmp/silent-wuffs-cov-N231-v27p66c5/.coverage-corpus/input-111 cbor: bad input
- /tmp/silent-wuffs-cov-N231-v27p66c5/.coverage-corpus/input-112 cbor: bad input
- /tmp/silent-wuffs-cov-N231-v27p66c5/.coverage-corpus/input-113 cbor: bad input
- /tmp/silent-wuffs-cov-N231-v27p66c5/.coverage-corpus/input-114 ok
- /tmp/silent-wuffs-cov-N231-v27p66c5/.coverage-corpus/input-115 cbor: bad input
- /tmp/silent-wuffs-cov-N231-v27p66c5/.coverage-corpus/input-116 ok
- /tmp/silent-wuffs-cov-N231-v27p66c5/.coverage-corpus/input-117 ok
- /tmp/silent-wuffs-cov-N231-v27p66c5/.coverage-corpus/input-118 cbor: bad input
- /tmp/silent-wuffs-cov-N231-v27p66c5/.coverage-corpus/input-119 ok
- /tmp/silent-wuffs-cov-N231-v27p66c5/.coverage-corpus/input-120 ok
- /tmp/silent-wuffs-cov-N231-v27p66c5/.coverage-corpus/input-121 cbor: bad input
- /tmp/silent-wuffs-cov-N231-v27p66c5/.coverage-corpus/input-122 cbor: bad input
- /tmp/silent-wuffs-cov-N231-v27p66c5/.coverage-corpus/input-123 cbor: bad input
- /tmp/silent-wuffs-cov-N231-v27p66c5/.coverage-corpus/input-124 cbor: bad input
- /tmp/silent-wuffs-cov-N231-v27p66c5/.coverage-corpus/input-125 cbor: bad input
- /tmp/silent-wuffs-cov-N231-v27p66c5/.coverage-corpus/input-126 ok
- /tmp/silent-wuffs-cov-N231-v27p66c5/.coverage-corpus/input-127 cbor: bad input
PASS: 128 files processed

GCOV coverage-probe-0-cbor_fuzzer.gcda
File 'fuzz/c/std/cbor_fuzzer.c'
Lines executed:71.26% of 167

File 'fuzz/c/fuzzlib/fuzzlib.c'
Lines executed:44.51% of 173

File 'release/c/wuffs-unsupported-snapshot.c'
Lines executed:15.10% of 3067

Creating 'coverage-probe-0-cbor_fuzzer.gcov.json.gz'
Lines executed:19.34% of 3407

BUILD fuzz/c/std/json_fuzzer.c exit=0

RUN fuzz/c/std/json_fuzzer.c exit=0
rpus/input-092 json: bad input
- /tmp/silent-wuffs-cov-N231-v27p66c5/.coverage-corpus/input-093 json: bad input
- /tmp/silent-wuffs-cov-N231-v27p66c5/.coverage-corpus/input-094 json: bad input
- /tmp/silent-wuffs-cov-N231-v27p66c5/.coverage-corpus/input-095 json: bad quirk combination
- /tmp/silent-wuffs-cov-N231-v27p66c5/.coverage-corpus/input-096 json: bad input
- /tmp/silent-wuffs-cov-N231-v27p66c5/.coverage-corpus/input-097 json: bad input
- /tmp/silent-wuffs-cov-N231-v27p66c5/.coverage-corpus/input-098 json: bad input
- /tmp/silent-wuffs-cov-N231-v27p66c5/.coverage-corpus/input-099 json: bad quirk combination
- /tmp/silent-wuffs-cov-N231-v27p66c5/.coverage-corpus/input-100 json: bad input
- /tmp/silent-wuffs-cov-N231-v27p66c5/.coverage-corpus/input-101 json: bad input
- /tmp/silent-wuffs-cov-N231-v27p66c5/.coverage-corpus/input-102 json: bad input
- /tmp/silent-wuffs-cov-N231-v27p66c5/.coverage-corpus/input-103 json: bad quirk combination
- /tmp/silent-wuffs-cov-N231-v27p66c5/.coverage-corpus/input-104 json: bad input
- /tmp/silent-wuffs-cov-N231-v27p66c5/.coverage-corpus/input-105 json: bad input
- /tmp/silent-wuffs-cov-N231-v27p66c5/.coverage-corpus/input-106 json: bad input
- /tmp/silent-wuffs-cov-N231-v27p66c5/.coverage-corpus/input-107 json: bad quirk combination
- /tmp/silent-wuffs-cov-N231-v27p66c5/.coverage-corpus/input-108 json: bad input
- /tmp/silent-wuffs-cov-N231-v27p66c5/.coverage-corpus/input-109 json: bad input
- /tmp/silent-wuffs-cov-N231-v27p66c5/.coverage-corpus/input-110 json: bad input
- /tmp/silent-wuffs-cov-N231-v27p66c5/.coverage-corpus/input-111 json: bad input
- /tmp/silent-wuffs-cov-N231-v27p66c5/.coverage-corpus/input-112 json: bad input
- /tmp/silent-wuffs-cov-N231-v27p66c5/.coverage-corpus/input-113 json: bad quirk combination
- /tmp/silent-wuffs-cov-N231-v27p66c5/.coverage-corpus/input-114 json: bad quirk combination
- /tmp/silent-wuffs-cov-N231-v27p66c5/.coverage-corpus/input-115 json: bad quirk combination
- /tmp/silent-wuffs-cov-N231-v27p66c5/.coverage-corpus/input-116 json: bad quirk combination
- /tmp/silent-wuffs-cov-N231-v27p66c5/.coverage-corpus/input-117 json: bad input
- /tmp/silent-wuffs-cov-N231-v27p66c5/.coverage-corpus/input-118 json: bad input
- /tmp/silent-wuffs-cov-N231-v27p66c5/.coverage-corpus/input-119 json: bad input
- /tmp/silent-wuffs-cov-N231-v27p66c5/.coverage-corpus/input-120 json: bad input
- /tmp/silent-wuffs-cov-N231-v27p66c5/.coverage-corpus/input-121 json: bad input
- /tmp/silent-wuffs-cov-N231-v27p66c5/.coverage-corpus/input-122 json: bad input
- /tmp/silent-wuffs-cov-N231-v27p66c5/.coverage-corpus/input-123 json: bad input
- /tmp/silent-wuffs-cov-N231-v27p66c5/.coverage-corpus/input-124 json: bad input
- /tmp/silent-wuffs-cov-N231-v27p66c5/.coverage-corpus/input-125 json: bad quirk combination
- /tmp/silent-wuffs-cov-N231-v27p66c5/.coverage-corpus/input-126 json: bad input
- /tmp/silent-wuffs-cov-N231-v27p66c5/.coverage-corpus/input-127 json: bad input
PASS: 128 files processed

GCOV coverage-probe-1-json_fuzzer.gcda
File 'fuzz/c/std/json_fuzzer.c'
Lines executed:62.57% of 171

File 'fuzz/c/fuzzlib/fuzzlib.c'
Lines executed:44.51% of 173

File 'release/c/wuffs-unsupported-snapshot.c'
Lines executed:12.62% of 3979

Creating 'coverage-probe-1-json_fuzzer.gcov.json.gz'
Lines executed:15.87% of 4323
"
N233,S1_H0,"PASS
BUILD fuzz/c/std/json_fuzzer.c exit=0

RUN fuzz/c/std/json_fuzzer.c exit=0
-N233-n_fdbd9o/.coverage-corpus/input-091 json: bad input
- /tmp/silent-wuffs-cov-N233-n_fdbd9o/.coverage-corpus/input-092 json: bad input
- /tmp/silent-wuffs-cov-N233-n_fdbd9o/.coverage-corpus/input-093 json: bad input
- /tmp/silent-wuffs-cov-N233-n_fdbd9o/.coverage-corpus/input-094 json: bad input
- /tmp/silent-wuffs-cov-N233-n_fdbd9o/.coverage-corpus/input-095 json: bad input
- /tmp/silent-wuffs-cov-N233-n_fdbd9o/.coverage-corpus/input-096 json: bad input
- /tmp/silent-wuffs-cov-N233-n_fdbd9o/.coverage-corpus/input-097 json: bad input
- /tmp/silent-wuffs-cov-N233-n_fdbd9o/.coverage-corpus/input-098 json: bad input
- /tmp/silent-wuffs-cov-N233-n_fdbd9o/.coverage-corpus/input-099 json: bad input
- /tmp/silent-wuffs-cov-N233-n_fdbd9o/.coverage-corpus/input-100 json: bad input
- /tmp/silent-wuffs-cov-N233-n_fdbd9o/.coverage-corpus/input-101 json: bad input
- /tmp/silent-wuffs-cov-N233-n_fdbd9o/.coverage-corpus/input-102 json: bad input
- /tmp/silent-wuffs-cov-N233-n_fdbd9o/.coverage-corpus/input-103 json: bad input
- /tmp/silent-wuffs-cov-N233-n_fdbd9o/.coverage-corpus/input-104 json: bad input
- /tmp/silent-wuffs-cov-N233-n_fdbd9o/.coverage-corpus/input-105 json: bad input
- /tmp/silent-wuffs-cov-N233-n_fdbd9o/.coverage-corpus/input-106 json: bad input
- /tmp/silent-wuffs-cov-N233-n_fdbd9o/.coverage-corpus/input-107 json: bad input
- /tmp/silent-wuffs-cov-N233-n_fdbd9o/.coverage-corpus/input-108 json: bad input
- /tmp/silent-wuffs-cov-N233-n_fdbd9o/.coverage-corpus/input-109 json: bad input
- /tmp/silent-wuffs-cov-N233-n_fdbd9o/.coverage-corpus/input-110 json: bad input
- /tmp/silent-wuffs-cov-N233-n_fdbd9o/.coverage-corpus/input-111 json: bad input
- /tmp/silent-wuffs-cov-N233-n_fdbd9o/.coverage-corpus/input-112 json: bad input
- /tmp/silent-wuffs-cov-N233-n_fdbd9o/.coverage-corpus/input-113 json: bad input
- /tmp/silent-wuffs-cov-N233-n_fdbd9o/.coverage-corpus/input-114 json: bad input
- /tmp/silent-wuffs-cov-N233-n_fdbd9o/.coverage-corpus/input-115 json: bad input
- /tmp/silent-wuffs-cov-N233-n_fdbd9o/.coverage-corpus/input-116 json: bad input
- /tmp/silent-wuffs-cov-N233-n_fdbd9o/.coverage-corpus/input-117 json: bad input
- /tmp/silent-wuffs-cov-N233-n_fdbd9o/.coverage-corpus/input-118 json: bad input
- /tmp/silent-wuffs-cov-N233-n_fdbd9o/.coverage-corpus/input-119 json: bad input
- /tmp/silent-wuffs-cov-N233-n_fdbd9o/.coverage-corpus/input-120 json: bad input
- /tmp/silent-wuffs-cov-N233-n_fdbd9o/.coverage-corpus/input-121 json: bad input
- /tmp/silent-wuffs-cov-N233-n_fdbd9o/.coverage-corpus/input-122 json: bad input
- /tmp/silent-wuffs-cov-N233-n_fdbd9o/.coverage-corpus/input-123 json: bad input
- /tmp/silent-wuffs-cov-N233-n_fdbd9o/.coverage-corpus/input-124 json: bad input
- /tmp/silent-wuffs-cov-N233-n_fdbd9o/.coverage-corpus/input-125 json: bad input
- /tmp/silent-wuffs-cov-N233-n_fdbd9o/.coverage-corpus/input-126 json: bad input
- /tmp/silent-wuffs-cov-N233-n_fdbd9o/.coverage-corpus/input-127 json: bad input
PASS: 128 files processed

GCOV coverage-probe-0-json_fuzzer.gcda
File 'fuzz/c/std/json_fuzzer.c'
Lines executed:70.18% of 171

File 'fuzz/c/fuzzlib/fuzzlib.c'
Lines executed:46.37% of 179

File 'release/c/wuffs-unsupported-snapshot.c'
Lines executed:13.14% of 3943

Creating 'coverage-probe-0-json_fuzzer.gcov.json.gz'
Lines executed:16.79% of 4293
"
N233,S1_H1,"PASS
BUILD fuzz/c/std/json_fuzzer.c exit=0

RUN fuzz/c/std/json_fuzzer.c exit=0
-N233-6xa0b915/.coverage-corpus/input-091 json: bad input
- /tmp/silent-wuffs-cov-N233-6xa0b915/.coverage-corpus/input-092 json: bad input
- /tmp/silent-wuffs-cov-N233-6xa0b915/.coverage-corpus/input-093 json: bad input
- /tmp/silent-wuffs-cov-N233-6xa0b915/.coverage-corpus/input-094 json: bad input
- /tmp/silent-wuffs-cov-N233-6xa0b915/.coverage-corpus/input-095 json: bad input
- /tmp/silent-wuffs-cov-N233-6xa0b915/.coverage-corpus/input-096 json: bad input
- /tmp/silent-wuffs-cov-N233-6xa0b915/.coverage-corpus/input-097 json: bad input
- /tmp/silent-wuffs-cov-N233-6xa0b915/.coverage-corpus/input-098 json: bad input
- /tmp/silent-wuffs-cov-N233-6xa0b915/.coverage-corpus/input-099 json: bad input
- /tmp/silent-wuffs-cov-N233-6xa0b915/.coverage-corpus/input-100 json: bad input
- /tmp/silent-wuffs-cov-N233-6xa0b915/.coverage-corpus/input-101 json: bad input
- /tmp/silent-wuffs-cov-N233-6xa0b915/.coverage-corpus/input-102 json: bad input
- /tmp/silent-wuffs-cov-N233-6xa0b915/.coverage-corpus/input-103 json: bad input
- /tmp/silent-wuffs-cov-N233-6xa0b915/.coverage-corpus/input-104 json: bad input
- /tmp/silent-wuffs-cov-N233-6xa0b915/.coverage-corpus/input-105 json: bad input
- /tmp/silent-wuffs-cov-N233-6xa0b915/.coverage-corpus/input-106 json: bad input
- /tmp/silent-wuffs-cov-N233-6xa0b915/.coverage-corpus/input-107 json: bad input
- /tmp/silent-wuffs-cov-N233-6xa0b915/.coverage-corpus/input-108 json: bad input
- /tmp/silent-wuffs-cov-N233-6xa0b915/.coverage-corpus/input-109 json: bad input
- /tmp/silent-wuffs-cov-N233-6xa0b915/.coverage-corpus/input-110 json: bad input
- /tmp/silent-wuffs-cov-N233-6xa0b915/.coverage-corpus/input-111 json: bad input
- /tmp/silent-wuffs-cov-N233-6xa0b915/.coverage-corpus/input-112 json: bad input
- /tmp/silent-wuffs-cov-N233-6xa0b915/.coverage-corpus/input-113 json: bad input
- /tmp/silent-wuffs-cov-N233-6xa0b915/.coverage-corpus/input-114 json: bad input
- /tmp/silent-wuffs-cov-N233-6xa0b915/.coverage-corpus/input-115 json: bad input
- /tmp/silent-wuffs-cov-N233-6xa0b915/.coverage-corpus/input-116 json: bad input
- /tmp/silent-wuffs-cov-N233-6xa0b915/.coverage-corpus/input-117 json: bad input
- /tmp/silent-wuffs-cov-N233-6xa0b915/.coverage-corpus/input-118 json: bad input
- /tmp/silent-wuffs-cov-N233-6xa0b915/.coverage-corpus/input-119 json: bad input
- /tmp/silent-wuffs-cov-N233-6xa0b915/.coverage-corpus/input-120 json: bad input
- /tmp/silent-wuffs-cov-N233-6xa0b915/.coverage-corpus/input-121 json: bad input
- /tmp/silent-wuffs-cov-N233-6xa0b915/.coverage-corpus/input-122 json: bad input
- /tmp/silent-wuffs-cov-N233-6xa0b915/.coverage-corpus/input-123 json: bad input
- /tmp/silent-wuffs-cov-N233-6xa0b915/.coverage-corpus/input-124 json: bad input
- /tmp/silent-wuffs-cov-N233-6xa0b915/.coverage-corpus/input-125 json: bad input
- /tmp/silent-wuffs-cov-N233-6xa0b915/.coverage-corpus/input-126 json: bad input
- /tmp/silent-wuffs-cov-N233-6xa0b915/.coverage-corpus/input-127 json: bad input
PASS: 128 files processed

GCOV coverage-probe-0-json_fuzzer.gcda
File 'fuzz/c/std/json_fuzzer.c'
Lines executed:70.18% of 171

File 'fuzz/c/fuzzlib/fuzzlib.c'
Lines executed:46.37% of 179

File 'release/c/wuffs-unsupported-snapshot.c'
Lines executed:14.63% of 3943

Creating 'coverage-probe-0-json_fuzzer.gcov.json.gz'
Lines executed:18.17% of 4293
"
N234,S1_H0,"PASS
BUILD fuzz/c/std/json_fuzzer.c exit=0

RUN fuzz/c/std/json_fuzzer.c exit=0
irk combination
- /tmp/silent-wuffs-cov-N234-r8pbxvyv/.coverage-corpus/input-094 json: bad quirk combination
- /tmp/silent-wuffs-cov-N234-r8pbxvyv/.coverage-corpus/input-095 json: bad quirk combination
- /tmp/silent-wuffs-cov-N234-r8pbxvyv/.coverage-corpus/input-096 json: bad input
- /tmp/silent-wuffs-cov-N234-r8pbxvyv/.coverage-corpus/input-097 json: bad input
- /tmp/silent-wuffs-cov-N234-r8pbxvyv/.coverage-corpus/input-098 json: bad input
- /tmp/silent-wuffs-cov-N234-r8pbxvyv/.coverage-corpus/input-099 json: bad quirk combination
- /tmp/silent-wuffs-cov-N234-r8pbxvyv/.coverage-corpus/input-100 json: bad quirk combination
- /tmp/silent-wuffs-cov-N234-r8pbxvyv/.coverage-corpus/input-101 json: bad input
- /tmp/silent-wuffs-cov-N234-r8pbxvyv/.coverage-corpus/input-102 json: bad quirk combination
- /tmp/silent-wuffs-cov-N234-r8pbxvyv/.coverage-corpus/input-103 json: bad input
- /tmp/silent-wuffs-cov-N234-r8pbxvyv/.coverage-corpus/input-104 json: bad input
- /tmp/silent-wuffs-cov-N234-r8pbxvyv/.coverage-corpus/input-105 json: bad input
- /tmp/silent-wuffs-cov-N234-r8pbxvyv/.coverage-corpus/input-106 json: bad input
- /tmp/silent-wuffs-cov-N234-r8pbxvyv/.coverage-corpus/input-107 json: bad input
- /tmp/silent-wuffs-cov-N234-r8pbxvyv/.coverage-corpus/input-108 json: bad quirk combination
- /tmp/silent-wuffs-cov-N234-r8pbxvyv/.coverage-corpus/input-109 json: bad input
- /tmp/silent-wuffs-cov-N234-r8pbxvyv/.coverage-corpus/input-110 json: bad input
- /tmp/silent-wuffs-cov-N234-r8pbxvyv/.coverage-corpus/input-111 json: bad quirk combination
- /tmp/silent-wuffs-cov-N234-r8pbxvyv/.coverage-corpus/input-112 json: bad input
- /tmp/silent-wuffs-cov-N234-r8pbxvyv/.coverage-corpus/input-113 json: bad quirk combination
- /tmp/silent-wuffs-cov-N234-r8pbxvyv/.coverage-corpus/input-114 json: bad quirk combination
- /tmp/silent-wuffs-cov-N234-r8pbxvyv/.coverage-corpus/input-115 json: bad quirk combination
- /tmp/silent-wuffs-cov-N234-r8pbxvyv/.coverage-corpus/input-116 json: bad input
- /tmp/silent-wuffs-cov-N234-r8pbxvyv/.coverage-corpus/input-117 json: bad quirk combination
- /tmp/silent-wuffs-cov-N234-r8pbxvyv/.coverage-corpus/input-118 json: bad input
- /tmp/silent-wuffs-cov-N234-r8pbxvyv/.coverage-corpus/input-119 json: bad quirk combination
- /tmp/silent-wuffs-cov-N234-r8pbxvyv/.coverage-corpus/input-120 json: bad input
- /tmp/silent-wuffs-cov-N234-r8pbxvyv/.coverage-corpus/input-121 json: bad quirk combination
- /tmp/silent-wuffs-cov-N234-r8pbxvyv/.coverage-corpus/input-122 json: bad input
- /tmp/silent-wuffs-cov-N234-r8pbxvyv/.coverage-corpus/input-123 json: bad input
- /tmp/silent-wuffs-cov-N234-r8pbxvyv/.coverage-corpus/input-124 json: bad quirk combination
- /tmp/silent-wuffs-cov-N234-r8pbxvyv/.coverage-corpus/input-125 json: bad quirk combination
- /tmp/silent-wuffs-cov-N234-r8pbxvyv/.coverage-corpus/input-126 json: bad quirk combination
- /tmp/silent-wuffs-cov-N234-r8pbxvyv/.coverage-corpus/input-127 json: bad quirk combination
PASS: 128 files processed

GCOV coverage-probe-0-json_fuzzer.gcda
File 'fuzz/c/std/json_fuzzer.c'
Lines executed:69.59% of 171

File 'fuzz/c/fuzzlib/fuzzlib.c'
Lines executed:46.37% of 179

File 'release/c/wuffs-unsupported-snapshot.c'
Lines executed:14.51% of 3949

Creating 'coverage-probe-0-json_fuzzer.gcov.json.gz'
Lines executed:18.03% of 4299
"
N234,S1_H1,"PASS
BUILD fuzz/c/std/json_fuzzer.c exit=0

RUN fuzz/c/std/json_fuzzer.c exit=0
-N234-mqpb7f4a/.coverage-corpus/input-091 json: bad input
- /tmp/silent-wuffs-cov-N234-mqpb7f4a/.coverage-corpus/input-092 json: bad input
- /tmp/silent-wuffs-cov-N234-mqpb7f4a/.coverage-corpus/input-093 json: bad input
- /tmp/silent-wuffs-cov-N234-mqpb7f4a/.coverage-corpus/input-094 json: bad input
- /tmp/silent-wuffs-cov-N234-mqpb7f4a/.coverage-corpus/input-095 json: bad input
- /tmp/silent-wuffs-cov-N234-mqpb7f4a/.coverage-corpus/input-096 json: bad input
- /tmp/silent-wuffs-cov-N234-mqpb7f4a/.coverage-corpus/input-097 json: bad input
- /tmp/silent-wuffs-cov-N234-mqpb7f4a/.coverage-corpus/input-098 json: bad input
- /tmp/silent-wuffs-cov-N234-mqpb7f4a/.coverage-corpus/input-099 json: bad input
- /tmp/silent-wuffs-cov-N234-mqpb7f4a/.coverage-corpus/input-100 json: bad input
- /tmp/silent-wuffs-cov-N234-mqpb7f4a/.coverage-corpus/input-101 json: bad input
- /tmp/silent-wuffs-cov-N234-mqpb7f4a/.coverage-corpus/input-102 json: bad input
- /tmp/silent-wuffs-cov-N234-mqpb7f4a/.coverage-corpus/input-103 json: bad input
- /tmp/silent-wuffs-cov-N234-mqpb7f4a/.coverage-corpus/input-104 json: bad input
- /tmp/silent-wuffs-cov-N234-mqpb7f4a/.coverage-corpus/input-105 json: bad input
- /tmp/silent-wuffs-cov-N234-mqpb7f4a/.coverage-corpus/input-106 json: bad input
- /tmp/silent-wuffs-cov-N234-mqpb7f4a/.coverage-corpus/input-107 json: bad input
- /tmp/silent-wuffs-cov-N234-mqpb7f4a/.coverage-corpus/input-108 json: bad input
- /tmp/silent-wuffs-cov-N234-mqpb7f4a/.coverage-corpus/input-109 json: bad input
- /tmp/silent-wuffs-cov-N234-mqpb7f4a/.coverage-corpus/input-110 json: bad input
- /tmp/silent-wuffs-cov-N234-mqpb7f4a/.coverage-corpus/input-111 json: bad input
- /tmp/silent-wuffs-cov-N234-mqpb7f4a/.coverage-corpus/input-112 json: bad input
- /tmp/silent-wuffs-cov-N234-mqpb7f4a/.coverage-corpus/input-113 json: bad input
- /tmp/silent-wuffs-cov-N234-mqpb7f4a/.coverage-corpus/input-114 json: bad input
- /tmp/silent-wuffs-cov-N234-mqpb7f4a/.coverage-corpus/input-115 json: bad input
- /tmp/silent-wuffs-cov-N234-mqpb7f4a/.coverage-corpus/input-116 json: bad input
- /tmp/silent-wuffs-cov-N234-mqpb7f4a/.coverage-corpus/input-117 json: bad input
- /tmp/silent-wuffs-cov-N234-mqpb7f4a/.coverage-corpus/input-118 json: bad input
- /tmp/silent-wuffs-cov-N234-mqpb7f4a/.coverage-corpus/input-119 json: bad input
- /tmp/silent-wuffs-cov-N234-mqpb7f4a/.coverage-corpus/input-120 json: bad input
- /tmp/silent-wuffs-cov-N234-mqpb7f4a/.coverage-corpus/input-121 json: bad input
- /tmp/silent-wuffs-cov-N234-mqpb7f4a/.coverage-corpus/input-122 json: bad input
- /tmp/silent-wuffs-cov-N234-mqpb7f4a/.coverage-corpus/input-123 json: bad input
- /tmp/silent-wuffs-cov-N234-mqpb7f4a/.coverage-corpus/input-124 json: bad input
- /tmp/silent-wuffs-cov-N234-mqpb7f4a/.coverage-corpus/input-125 json: bad input
- /tmp/silent-wuffs-cov-N234-mqpb7f4a/.coverage-corpus/input-126 json: bad input
- /tmp/silent-wuffs-cov-N234-mqpb7f4a/.coverage-corpus/input-127 json: bad input
PASS: 128 files processed

GCOV coverage-probe-0-json_fuzzer.gcda
File 'fuzz/c/std/json_fuzzer.c'
Lines executed:70.18% of 171

File 'fuzz/c/fuzzlib/fuzzlib.c'
Lines executed:46.37% of 179

File 'release/c/wuffs-unsupported-snapshot.c'
Lines executed:14.71% of 3949

Creating 'coverage-probe-0-json_fuzzer.gcov.json.gz'
Lines executed:18.24% of 4299
"
N237,S1_H0,"PASS
BUILD fuzz/c/std/bmp_fuzzer.c exit=0

RUN fuzz/c/std/bmp_fuzzer.c exit=0
-N237-i80b1g7l/.coverage-corpus/input-091 bmp: bad header
- /tmp/silent-wuffs-cov-N237-i80b1g7l/.coverage-corpus/input-092 bmp: bad header
- /tmp/silent-wuffs-cov-N237-i80b1g7l/.coverage-corpus/input-093 bmp: bad header
- /tmp/silent-wuffs-cov-N237-i80b1g7l/.coverage-corpus/input-094 bmp: bad header
- /tmp/silent-wuffs-cov-N237-i80b1g7l/.coverage-corpus/input-095 bmp: bad header
- /tmp/silent-wuffs-cov-N237-i80b1g7l/.coverage-corpus/input-096 bmp: bad header
- /tmp/silent-wuffs-cov-N237-i80b1g7l/.coverage-corpus/input-097 bmp: bad header
- /tmp/silent-wuffs-cov-N237-i80b1g7l/.coverage-corpus/input-098 bmp: bad header
- /tmp/silent-wuffs-cov-N237-i80b1g7l/.coverage-corpus/input-099 bmp: bad header
- /tmp/silent-wuffs-cov-N237-i80b1g7l/.coverage-corpus/input-100 bmp: bad header
- /tmp/silent-wuffs-cov-N237-i80b1g7l/.coverage-corpus/input-101 bmp: bad header
- /tmp/silent-wuffs-cov-N237-i80b1g7l/.coverage-corpus/input-102 bmp: bad header
- /tmp/silent-wuffs-cov-N237-i80b1g7l/.coverage-corpus/input-103 bmp: bad header
- /tmp/silent-wuffs-cov-N237-i80b1g7l/.coverage-corpus/input-104 bmp: bad header
- /tmp/silent-wuffs-cov-N237-i80b1g7l/.coverage-corpus/input-105 bmp: bad header
- /tmp/silent-wuffs-cov-N237-i80b1g7l/.coverage-corpus/input-106 bmp: bad header
- /tmp/silent-wuffs-cov-N237-i80b1g7l/.coverage-corpus/input-107 bmp: bad header
- /tmp/silent-wuffs-cov-N237-i80b1g7l/.coverage-corpus/input-108 bmp: bad header
- /tmp/silent-wuffs-cov-N237-i80b1g7l/.coverage-corpus/input-109 bmp: bad header
- /tmp/silent-wuffs-cov-N237-i80b1g7l/.coverage-corpus/input-110 bmp: bad header
- /tmp/silent-wuffs-cov-N237-i80b1g7l/.coverage-corpus/input-111 bmp: bad header
- /tmp/silent-wuffs-cov-N237-i80b1g7l/.coverage-corpus/input-112 bmp: bad header
- /tmp/silent-wuffs-cov-N237-i80b1g7l/.coverage-corpus/input-113 bmp: bad header
- /tmp/silent-wuffs-cov-N237-i80b1g7l/.coverage-corpus/input-114 bmp: bad header
- /tmp/silent-wuffs-cov-N237-i80b1g7l/.coverage-corpus/input-115 bmp: bad header
- /tmp/silent-wuffs-cov-N237-i80b1g7l/.coverage-corpus/input-116 bmp: bad header
- /tmp/silent-wuffs-cov-N237-i80b1g7l/.coverage-corpus/input-117 bmp: bad header
- /tmp/silent-wuffs-cov-N237-i80b1g7l/.coverage-corpus/input-118 bmp: bad header
- /tmp/silent-wuffs-cov-N237-i80b1g7l/.coverage-corpus/input-119 bmp: bad header
- /tmp/silent-wuffs-cov-N237-i80b1g7l/.coverage-corpus/input-120 bmp: bad header
- /tmp/silent-wuffs-cov-N237-i80b1g7l/.coverage-corpus/input-121 bmp: bad header
- /tmp/silent-wuffs-cov-N237-i80b1g7l/.coverage-corpus/input-122 bmp: bad header
- /tmp/silent-wuffs-cov-N237-i80b1g7l/.coverage-corpus/input-123 bmp: bad header
- /tmp/silent-wuffs-cov-N237-i80b1g7l/.coverage-corpus/input-124 bmp: bad header
- /tmp/silent-wuffs-cov-N237-i80b1g7l/.coverage-corpus/input-125 bmp: bad header
- /tmp/silent-wuffs-cov-N237-i80b1g7l/.coverage-corpus/input-126 bmp: bad header
- /tmp/silent-wuffs-cov-N237-i80b1g7l/.coverage-corpus/input-127 bmp: bad header
PASS: 128 files processed

GCOV coverage-probe-0-bmp_fuzzer.gcda
File 'fuzz/c/std/bmp_fuzzer.c'
Lines executed:85.71% of 7

File 'fuzz/c/fuzzlib/fuzzlib_image_decoder.c'
Lines executed:20.31% of 64

File 'fuzz/c/fuzzlib/fuzzlib.c'
Lines executed:37.99% of 179

File 'release/c/wuffs-unsupported-snapshot.c'
Lines executed:1.50% of 6553

File '/usr/lib/gcc/x86_64-linux-gnu/13/include/emmintrin.h'
Lines executed:0.00% of 6

File '/usr/lib/gcc/x86_64-linux-gnu/13/include/tmmintrin.h'
Lines executed:0.00% of 1

File '/usr/lib/gcc/x86_64-linux-gnu/13/include/pmmintrin.h'
Lines executed:0.00% of 1

File '/usr/lib/gcc/x86_64-linux-gnu/13/include/cpuid.h'
Lines executed:0.00% of 12

Creating 'coverage-probe-0-bmp_fuzzer.gcov.json.gz'
Lines executed:2.71% of 6823

BUILD fuzz/c/std/cbor_fuzzer.c exit=0

RUN fuzz/c/std/cbor_fuzzer.c exit=0
ut-088 ok
- /tmp/silent-wuffs-cov-N237-i80b1g7l/.coverage-corpus/input-089 cbor: bad input
- /tmp/silent-wuffs-cov-N237-i80b1g7l/.coverage-corpus/input-090 cbor: bad input
- /tmp/silent-wuffs-cov-N237-i80b1g7l/.coverage-corpus/input-091 ok
- /tmp/silent-wuffs-cov-N237-i80b1g7l/.coverage-corpus/input-092 ok
- /tmp/silent-wuffs-cov-N237-i80b1g7l/.coverage-corpus/input-093 cbor: bad input
- /tmp/silent-wuffs-cov-N237-i80b1g7l/.coverage-corpus/input-094 cbor: bad input
- /tmp/silent-wuffs-cov-N237-i80b1g7l/.coverage-corpus/input-095 ok
- /tmp/silent-wuffs-cov-N237-i80b1g7l/.coverage-corpus/input-096 ok
- /tmp/silent-wuffs-cov-N237-i80b1g7l/.coverage-corpus/input-097 cbor: bad input
- /tmp/silent-wuffs-cov-N237-i80b1g7l/.coverage-corpus/input-098 ok
- /tmp/silent-wuffs-cov-N237-i80b1g7l/.coverage-corpus/input-099 cbor: bad input
- /tmp/silent-wuffs-cov-N237-i80b1g7l/.coverage-corpus/input-100 ok
- /tmp/silent-wuffs-cov-N237-i80b1g7l/.coverage-corpus/input-101 cbor: bad input
- /tmp/silent-wuffs-cov-N237-i80b1g7l/.coverage-corpus/input-102 cbor: bad input
- /tmp/silent-wuffs-cov-N237-i80b1g7l/.coverage-corpus/input-103 ok
- /tmp/silent-wuffs-cov-N237-i80b1g7l/.coverage-corpus/input-104 cbor: bad input
- /tmp/silent-wuffs-cov-N237-i80b1g7l/.coverage-corpus/input-105 ok
- /tmp/silent-wuffs-cov-N237-i80b1g7l/.coverage-corpus/input-106 ok
- /tmp/silent-wuffs-cov-N237-i80b1g7l/.coverage-corpus/input-107 cbor: bad input
- /tmp/silent-wuffs-cov-N237-i80b1g7l/.coverage-corpus/input-108 cbor: bad input
- /tmp/silent-wuffs-cov-N237-i80b1g7l/.coverage-corpus/input-109 cbor: bad input
- /tmp/silent-wuffs-cov-N237-i80b1g7l/.coverage-corpus/input-110 cbor: bad input
- /tmp/silent-wuffs-cov-N237-i80b1g7l/.coverage-corpus/input-111 cbor: bad input
- /tmp/silent-wuffs-cov-N237-i80b1g7l/.coverage-corpus/input-112 cbor: bad input
- /tmp/silent-wuffs-cov-N237-i80b1g7l/.coverage-corpus/input-113 cbor: bad input
- /tmp/silent-wuffs-cov-N237-i80b1g7l/.coverage-corpus/input-114 ok
- /tmp/silent-wuffs-cov-N237-i80b1g7l/.coverage-corpus/input-115 cbor: bad input
- /tmp/silent-wuffs-cov-N237-i80b1g7l/.coverage-corpus/input-116 ok
- /tmp/silent-wuffs-cov-N237-i80b1g7l/.coverage-corpus/input-117 ok
- /tmp/silent-wuffs-cov-N237-i80b1g7l/.coverage-corpus/input-118 cbor: bad input
- /tmp/silent-wuffs-cov-N237-i80b1g7l/.coverage-corpus/input-119 ok
- /tmp/silent-wuffs-cov-N237-i80b1g7l/.coverage-corpus/input-120 ok
- /tmp/silent-wuffs-cov-N237-i80b1g7l/.coverage-corpus/input-121 cbor: bad input
- /tmp/silent-wuffs-cov-N237-i80b1g7l/.coverage-corpus/input-122 cbor: bad input
- /tmp/silent-wuffs-cov-N237-i80b1g7l/.coverage-corpus/input-123 cbor: bad input
- /tmp/silent-wuffs-cov-N237-i80b1g7l/.coverage-corpus/input-124 cbor: bad input
- /tmp/silent-wuffs-cov-N237-i80b1g7l/.coverage-corpus/input-125 cbor: bad input
- /tmp/silent-wuffs-cov-N237-i80b1g7l/.coverage-corpus/input-126 ok
- /tmp/silent-wuffs-cov-N237-i80b1g7l/.coverage-corpus/input-127 cbor: bad input
PASS: 128 files processed

GCOV coverage-probe-1-cbor_fuzzer.gcda
File 'fuzz/c/std/cbor_fuzzer.c'
Lines executed:76.92% of 169

File 'fuzz/c/fuzzlib/fuzzlib.c'
Lines executed:46.37% of 179

File 'release/c/wuffs-unsupported-snapshot.c'
Lines executed:8.67% of 5262

File '/usr/lib/gcc/x86_64-linux-gnu/13/include/emmintrin.h'
Lines executed:0.00% of 6

File '/usr/lib/gcc/x86_64-linux-gnu/13/include/tmmintrin.h'
Lines executed:0.00% of 1

File '/usr/lib/gcc/x86_64-linux-gnu/13/include/pmmintrin.h'
Lines executed:0.00% of 1

File '/usr/lib/gcc/x86_64-linux-gnu/13/include/cpuid.h'
Lines executed:0.00% of 12

Creating 'coverage-probe-1-cbor_fuzzer.gcov.json.gz'
Lines executed:11.88% of 5630

BUILD fuzz/c/std/gif_fuzzer.c exit=0

RUN fuzz/c/std/gif_fuzzer.c exit=0
-N237-i80b1g7l/.coverage-corpus/input-091 gif: bad header
- /tmp/silent-wuffs-cov-N237-i80b1g7l/.coverage-corpus/input-092 gif: bad header
- /tmp/silent-wuffs-cov-N237-i80b1g7l/.coverage-corpus/input-093 gif: bad header
- /tmp/silent-wuffs-cov-N237-i80b1g7l/.coverage-corpus/input-094 gif: bad header
- /tmp/silent-wuffs-cov-N237-i80b1g7l/.coverage-corpus/input-095 gif: bad header
- /tmp/silent-wuffs-cov-N237-i80b1g7l/.coverage-corpus/input-096 gif: bad header
- /tmp/silent-wuffs-cov-N237-i80b1g7l/.coverage-corpus/input-097 gif: bad header
- /tmp/silent-wuffs-cov-N237-i80b1g7l/.coverage-corpus/input-098 gif: bad header
- /tmp/silent-wuffs-cov-N237-i80b1g7l/.coverage-corpus/input-099 gif: bad header
- /tmp/silent-wuffs-cov-N237-i80b1g7l/.coverage-corpus/input-100 gif: bad header
- /tmp/silent-wuffs-cov-N237-i80b1g7l/.coverage-corpus/input-101 gif: bad header
- /tmp/silent-wuffs-cov-N237-i80b1g7l/.coverage-corpus/input-102 gif: bad header
- /tmp/silent-wuffs-cov-N237-i80b1g7l/.coverage-corpus/input-103 gif: bad header
- /tmp/silent-wuffs-cov-N237-i80b1g7l/.coverage-corpus/input-104 gif: bad header
- /tmp/silent-wuffs-cov-N237-i80b1g7l/.coverage-corpus/input-105 gif: bad header
- /tmp/silent-wuffs-cov-N237-i80b1g7l/.coverage-corpus/input-106 gif: bad header
- /tmp/silent-wuffs-cov-N237-i80b1g7l/.coverage-corpus/input-107 gif: bad header
- /tmp/silent-wuffs-cov-N237-i80b1g7l/.coverage-corpus/input-108 gif: bad header
- /tmp/silent-wuffs-cov-N237-i80b1g7l/.coverage-corpus/input-109 gif: bad header
- /tmp/silent-wuffs-cov-N237-i80b1g7l/.coverage-corpus/input-110 gif: bad header
- /tmp/silent-wuffs-cov-N237-i80b1g7l/.coverage-corpus/input-111 gif: bad header
- /tmp/silent-wuffs-cov-N237-i80b1g7l/.coverage-corpus/input-112 gif: bad header
- /tmp/silent-wuffs-cov-N237-i80b1g7l/.coverage-corpus/input-113 gif: bad header
- /tmp/silent-wuffs-cov-N237-i80b1g7l/.coverage-corpus/input-114 gif: bad header
- /tmp/silent-wuffs-cov-N237-i80b1g7l/.coverage-corpus/input-115 gif: bad header
- /tmp/silent-wuffs-cov-N237-i80b1g7l/.coverage-corpus/input-116 gif: bad header
- /tmp/silent-wuffs-cov-N237-i80b1g7l/.coverage-corpus/input-117 gif: bad header
- /tmp/silent-wuffs-cov-N237-i80b1g7l/.coverage-corpus/input-118 gif: bad header
- /tmp/silent-wuffs-cov-N237-i80b1g7l/.coverage-corpus/input-119 gif: bad header
- /tmp/silent-wuffs-cov-N237-i80b1g7l/.coverage-corpus/input-120 gif: bad header
- /tmp/silent-wuffs-cov-N237-i80b1g7l/.coverage-corpus/input-121 gif: bad header
- /tmp/silent-wuffs-cov-N237-i80b1g7l/.coverage-corpus/input-122 gif: bad header
- /tmp/silent-wuffs-cov-N237-i80b1g7l/.coverage-corpus/input-123 gif: bad header
- /tmp/silent-wuffs-cov-N237-i80b1g7l/.coverage-corpus/input-124 gif: bad header
- /tmp/silent-wuffs-cov-N237-i80b1g7l/.coverage-corpus/input-125 gif: bad header
- /tmp/silent-wuffs-cov-N237-i80b1g7l/.coverage-corpus/input-126 gif: bad header
- /tmp/silent-wuffs-cov-N237-i80b1g7l/.coverage-corpus/input-127 gif: bad header
PASS: 128 files processed

GCOV coverage-probe-2-gif_fuzzer.gcda
File 'fuzz/c/std/gif_fuzzer.c'
Lines executed:94.12% of 17

File 'fuzz/c/fuzzlib/fuzzlib_image_decoder.c'
Lines executed:65.62% of 64

File 'fuzz/c/fuzzlib/fuzzlib.c'
Lines executed:39.11% of 179

File 'release/c/wuffs-unsupported-snapshot.c'
Lines executed:17.74% of 6870

File '/usr/lib/gcc/x86_64-linux-gnu/13/include/emmintrin.h'
Lines executed:0.00% of 6

File '/usr/lib/gcc/x86_64-linux-gnu/13/include/tmmintrin.h'
Lines executed:0.00% of 1

File '/usr/lib/gcc/x86_64-linux-gnu/13/include/pmmintrin.h'
Lines executed:0.00% of 1

File '/usr/lib/gcc/x86_64-linux-gnu/13/include/cpuid.h'
Lines executed:0.00% of 12

Creating 'coverage-probe-2-gif_fuzzer.gcov.json.gz'
Lines executed:18.84% of 7150

BUILD fuzz/c/std/json_fuzzer.c exit=0

RUN fuzz/c/std/json_fuzzer.c exit=0
-N237-i80b1g7l/.coverage-corpus/input-091 json: bad input
- /tmp/silent-wuffs-cov-N237-i80b1g7l/.coverage-corpus/input-092 json: bad input
- /tmp/silent-wuffs-cov-N237-i80b1g7l/.coverage-corpus/input-093 json: bad input
- /tmp/silent-wuffs-cov-N237-i80b1g7l/.coverage-corpus/input-094 json: bad input
- /tmp/silent-wuffs-cov-N237-i80b1g7l/.coverage-corpus/input-095 json: bad input
- /tmp/silent-wuffs-cov-N237-i80b1g7l/.coverage-corpus/input-096 json: bad input
- /tmp/silent-wuffs-cov-N237-i80b1g7l/.coverage-corpus/input-097 json: bad input
- /tmp/silent-wuffs-cov-N237-i80b1g7l/.coverage-corpus/input-098 json: bad input
- /tmp/silent-wuffs-cov-N237-i80b1g7l/.coverage-corpus/input-099 json: bad input
- /tmp/silent-wuffs-cov-N237-i80b1g7l/.coverage-corpus/input-100 json: bad input
- /tmp/silent-wuffs-cov-N237-i80b1g7l/.coverage-corpus/input-101 json: bad input
- /tmp/silent-wuffs-cov-N237-i80b1g7l/.coverage-corpus/input-102 json: bad input
- /tmp/silent-wuffs-cov-N237-i80b1g7l/.coverage-corpus/input-103 json: bad input
- /tmp/silent-wuffs-cov-N237-i80b1g7l/.coverage-corpus/input-104 json: bad input
- /tmp/silent-wuffs-cov-N237-i80b1g7l/.coverage-corpus/input-105 json: bad input
- /tmp/silent-wuffs-cov-N237-i80b1g7l/.coverage-corpus/input-106 json: bad input
- /tmp/silent-wuffs-cov-N237-i80b1g7l/.coverage-corpus/input-107 json: bad input
- /tmp/silent-wuffs-cov-N237-i80b1g7l/.coverage-corpus/input-108 json: bad input
- /tmp/silent-wuffs-cov-N237-i80b1g7l/.coverage-corpus/input-109 json: bad input
- /tmp/silent-wuffs-cov-N237-i80b1g7l/.coverage-corpus/input-110 json: bad input
- /tmp/silent-wuffs-cov-N237-i80b1g7l/.coverage-corpus/input-111 json: bad input
- /tmp/silent-wuffs-cov-N237-i80b1g7l/.coverage-corpus/input-112 json: bad input
- /tmp/silent-wuffs-cov-N237-i80b1g7l/.coverage-corpus/input-113 json: bad input
- /tmp/silent-wuffs-cov-N237-i80b1g7l/.coverage-corpus/input-114 json: bad input
- /tmp/silent-wuffs-cov-N237-i80b1g7l/.coverage-corpus/input-115 json: bad input
- /tmp/silent-wuffs-cov-N237-i80b1g7l/.coverage-corpus/input-116 json: bad input
- /tmp/silent-wuffs-cov-N237-i80b1g7l/.coverage-corpus/input-117 json: bad input
- /tmp/silent-wuffs-cov-N237-i80b1g7l/.coverage-corpus/input-118 json: bad input
- /tmp/silent-wuffs-cov-N237-i80b1g7l/.coverage-corpus/input-119 json: bad input
- /tmp/silent-wuffs-cov-N237-i80b1g7l/.coverage-corpus/input-120 json: bad input
- /tmp/silent-wuffs-cov-N237-i80b1g7l/.coverage-corpus/input-121 json: bad input
- /tmp/silent-wuffs-cov-N237-i80b1g7l/.coverage-corpus/input-122 json: bad input
- /tmp/silent-wuffs-cov-N237-i80b1g7l/.coverage-corpus/input-123 json: bad input
- /tmp/silent-wuffs-cov-N237-i80b1g7l/.coverage-corpus/input-124 json: bad input
- /tmp/silent-wuffs-cov-N237-i80b1g7l/.coverage-corpus/input-125 json: bad input
- /tmp/silent-wuffs-cov-N237-i80b1g7l/.coverage-corpus/input-126 json: bad input
- /tmp/silent-wuffs-cov-N237-i80b1g7l/.coverage-corpus/input-127 json: bad input
PASS: 128 files processed

GCOV coverage-probe-3-json_fuzzer.gcda
File 'fuzz/c/std/json_fuzzer.c'
Lines executed:70.18% of 171

File 'fuzz/c/fuzzlib/fuzzlib.c'
Lines executed:46.37% of 179

File 'release/c/wuffs-unsupported-snapshot.c'
Lines executed:9.44% of 6124

File '/usr/lib/gcc/x86_64-linux-gnu/13/include/emmintrin.h'
Lines executed:0.00% of 6

File '/usr/lib/gcc/x86_64-linux-gnu/13/include/tmmintrin.h'
Lines executed:0.00% of 1

File '/usr/lib/gcc/x86_64-linux-gnu/13/include/pmmintrin.h'
Lines executed:0.00% of 1

File '/usr/lib/gcc/x86_64-linux-gnu/13/include/cpuid.h'
Lines executed:0.00% of 12

Creating 'coverage-probe-3-json_fuzzer.gcov.json.gz'
Lines executed:12.03% of 6494

BUILD fuzz/c/std/png_fuzzer.c exit=0

RUN fuzz/c/std/png_fuzzer.c exit=0
-N237-i80b1g7l/.coverage-corpus/input-091 png: bad header
- /tmp/silent-wuffs-cov-N237-i80b1g7l/.coverage-corpus/input-092 png: bad header
- /tmp/silent-wuffs-cov-N237-i80b1g7l/.coverage-corpus/input-093 png: bad header
- /tmp/silent-wuffs-cov-N237-i80b1g7l/.coverage-corpus/input-094 png: bad header
- /tmp/silent-wuffs-cov-N237-i80b1g7l/.coverage-corpus/input-095 png: bad header
- /tmp/silent-wuffs-cov-N237-i80b1g7l/.coverage-corpus/input-096 png: bad header
- /tmp/silent-wuffs-cov-N237-i80b1g7l/.coverage-corpus/input-097 png: bad header
- /tmp/silent-wuffs-cov-N237-i80b1g7l/.coverage-corpus/input-098 png: bad header
- /tmp/silent-wuffs-cov-N237-i80b1g7l/.coverage-corpus/input-099 png: bad header
- /tmp/silent-wuffs-cov-N237-i80b1g7l/.coverage-corpus/input-100 png: bad header
- /tmp/silent-wuffs-cov-N237-i80b1g7l/.coverage-corpus/input-101 png: bad header
- /tmp/silent-wuffs-cov-N237-i80b1g7l/.coverage-corpus/input-102 png: bad header
- /tmp/silent-wuffs-cov-N237-i80b1g7l/.coverage-corpus/input-103 png: bad header
- /tmp/silent-wuffs-cov-N237-i80b1g7l/.coverage-corpus/input-104 png: bad header
- /tmp/silent-wuffs-cov-N237-i80b1g7l/.coverage-corpus/input-105 png: bad header
- /tmp/silent-wuffs-cov-N237-i80b1g7l/.coverage-corpus/input-106 png: bad header
- /tmp/silent-wuffs-cov-N237-i80b1g7l/.coverage-corpus/input-107 png: bad header
- /tmp/silent-wuffs-cov-N237-i80b1g7l/.coverage-corpus/input-108 png: bad header
- /tmp/silent-wuffs-cov-N237-i80b1g7l/.coverage-corpus/input-109 png: bad header
- /tmp/silent-wuffs-cov-N237-i80b1g7l/.coverage-corpus/input-110 png: bad header
- /tmp/silent-wuffs-cov-N237-i80b1g7l/.coverage-corpus/input-111 png: bad header
- /tmp/silent-wuffs-cov-N237-i80b1g7l/.coverage-corpus/input-112 png: bad header
- /tmp/silent-wuffs-cov-N237-i80b1g7l/.coverage-corpus/input-113 png: bad header
- /tmp/silent-wuffs-cov-N237-i80b1g7l/.coverage-corpus/input-114 png: bad header
- /tmp/silent-wuffs-cov-N237-i80b1g7l/.coverage-corpus/input-115 png: bad header
- /tmp/silent-wuffs-cov-N237-i80b1g7l/.coverage-corpus/input-116 png: bad header
- /tmp/silent-wuffs-cov-N237-i80b1g7l/.coverage-corpus/input-117 png: bad header
- /tmp/silent-wuffs-cov-N237-i80b1g7l/.coverage-corpus/input-118 png: bad header
- /tmp/silent-wuffs-cov-N237-i80b1g7l/.coverage-corpus/input-119 png: bad header
- /tmp/silent-wuffs-cov-N237-i80b1g7l/.coverage-corpus/input-120 png: bad header
- /tmp/silent-wuffs-cov-N237-i80b1g7l/.coverage-corpus/input-121 png: bad header
- /tmp/silent-wuffs-cov-N237-i80b1g7l/.coverage-corpus/input-122 png: bad header
- /tmp/silent-wuffs-cov-N237-i80b1g7l/.coverage-corpus/input-123 png: bad header
- /tmp/silent-wuffs-cov-N237-i80b1g7l/.coverage-corpus/input-124 png: bad header
- /tmp/silent-wuffs-cov-N237-i80b1g7l/.coverage-corpus/input-125 png: bad header
- /tmp/silent-wuffs-cov-N237-i80b1g7l/.coverage-corpus/input-126 png: bad header
- /tmp/silent-wuffs-cov-N237-i80b1g7l/.coverage-corpus/input-127 png: bad header
PASS: 128 files processed

GCOV coverage-probe-4-png_fuzzer.gcda
File 'fuzz/c/std/png_fuzzer.c'
Lines executed:85.71% of 7

File 'fuzz/c/fuzzlib/fuzzlib_image_decoder.c'
Lines executed:20.31% of 64

File 'fuzz/c/fuzzlib/fuzzlib.c'
Lines executed:37.99% of 179

File 'release/c/wuffs-unsupported-snapshot.c'
Lines executed:1.80% of 9432

File '/usr/lib/gcc/x86_64-linux-gnu/13/include/emmintrin.h'
Lines executed:0.00% of 26

File '/usr/lib/gcc/x86_64-linux-gnu/13/include/tmmintrin.h'
Lines executed:0.00% of 3

File '/usr/lib/gcc/x86_64-linux-gnu/13/include/smmintrin.h'
Lines executed:0.00% of 1

File '/usr/lib/gcc/x86_64-linux-gnu/13/include/pmmintrin.h'
Lines executed:0.00% of 1

File '/usr/lib/gcc/x86_64-linux-gnu/13/include/cpuid.h'
Lines executed:0.00% of 19

Creating 'coverage-probe-4-png_fuzzer.gcov.json.gz'
Lines executed:2.64% of 9732
"
N237,S1_H1,"PASS
BUILD fuzz/c/std/bmp_fuzzer.c exit=0

RUN fuzz/c/std/bmp_fuzzer.c exit=0
-N237-hs53axvw/.coverage-corpus/input-091 bmp: bad header
- /tmp/silent-wuffs-cov-N237-hs53axvw/.coverage-corpus/input-092 bmp: bad header
- /tmp/silent-wuffs-cov-N237-hs53axvw/.coverage-corpus/input-093 bmp: bad header
- /tmp/silent-wuffs-cov-N237-hs53axvw/.coverage-corpus/input-094 bmp: bad header
- /tmp/silent-wuffs-cov-N237-hs53axvw/.coverage-corpus/input-095 bmp: bad header
- /tmp/silent-wuffs-cov-N237-hs53axvw/.coverage-corpus/input-096 bmp: bad header
- /tmp/silent-wuffs-cov-N237-hs53axvw/.coverage-corpus/input-097 bmp: bad header
- /tmp/silent-wuffs-cov-N237-hs53axvw/.coverage-corpus/input-098 bmp: bad header
- /tmp/silent-wuffs-cov-N237-hs53axvw/.coverage-corpus/input-099 bmp: bad header
- /tmp/silent-wuffs-cov-N237-hs53axvw/.coverage-corpus/input-100 bmp: bad header
- /tmp/silent-wuffs-cov-N237-hs53axvw/.coverage-corpus/input-101 bmp: bad header
- /tmp/silent-wuffs-cov-N237-hs53axvw/.coverage-corpus/input-102 bmp: bad header
- /tmp/silent-wuffs-cov-N237-hs53axvw/.coverage-corpus/input-103 bmp: bad header
- /tmp/silent-wuffs-cov-N237-hs53axvw/.coverage-corpus/input-104 bmp: bad header
- /tmp/silent-wuffs-cov-N237-hs53axvw/.coverage-corpus/input-105 bmp: bad header
- /tmp/silent-wuffs-cov-N237-hs53axvw/.coverage-corpus/input-106 bmp: bad header
- /tmp/silent-wuffs-cov-N237-hs53axvw/.coverage-corpus/input-107 bmp: bad header
- /tmp/silent-wuffs-cov-N237-hs53axvw/.coverage-corpus/input-108 bmp: bad header
- /tmp/silent-wuffs-cov-N237-hs53axvw/.coverage-corpus/input-109 bmp: bad header
- /tmp/silent-wuffs-cov-N237-hs53axvw/.coverage-corpus/input-110 bmp: bad header
- /tmp/silent-wuffs-cov-N237-hs53axvw/.coverage-corpus/input-111 bmp: bad header
- /tmp/silent-wuffs-cov-N237-hs53axvw/.coverage-corpus/input-112 bmp: bad header
- /tmp/silent-wuffs-cov-N237-hs53axvw/.coverage-corpus/input-113 bmp: bad header
- /tmp/silent-wuffs-cov-N237-hs53axvw/.coverage-corpus/input-114 bmp: bad header
- /tmp/silent-wuffs-cov-N237-hs53axvw/.coverage-corpus/input-115 bmp: bad header
- /tmp/silent-wuffs-cov-N237-hs53axvw/.coverage-corpus/input-116 bmp: bad header
- /tmp/silent-wuffs-cov-N237-hs53axvw/.coverage-corpus/input-117 bmp: bad header
- /tmp/silent-wuffs-cov-N237-hs53axvw/.coverage-corpus/input-118 bmp: bad header
- /tmp/silent-wuffs-cov-N237-hs53axvw/.coverage-corpus/input-119 bmp: bad header
- /tmp/silent-wuffs-cov-N237-hs53axvw/.coverage-corpus/input-120 bmp: bad header
- /tmp/silent-wuffs-cov-N237-hs53axvw/.coverage-corpus/input-121 bmp: bad header
- /tmp/silent-wuffs-cov-N237-hs53axvw/.coverage-corpus/input-122 bmp: bad header
- /tmp/silent-wuffs-cov-N237-hs53axvw/.coverage-corpus/input-123 bmp: bad header
- /tmp/silent-wuffs-cov-N237-hs53axvw/.coverage-corpus/input-124 bmp: bad header
- /tmp/silent-wuffs-cov-N237-hs53axvw/.coverage-corpus/input-125 bmp: bad header
- /tmp/silent-wuffs-cov-N237-hs53axvw/.coverage-corpus/input-126 bmp: bad header
- /tmp/silent-wuffs-cov-N237-hs53axvw/.coverage-corpus/input-127 bmp: bad header
PASS: 128 files processed

GCOV coverage-probe-0-bmp_fuzzer.gcda
File 'fuzz/c/std/bmp_fuzzer.c'
Lines executed:85.71% of 7

File 'fuzz/c/fuzzlib/fuzzlib_image_decoder.c'
Lines executed:20.31% of 64

File 'fuzz/c/fuzzlib/fuzzlib.c'
Lines executed:37.99% of 179

File 'release/c/wuffs-unsupported-snapshot.c'
Lines executed:1.54% of 6556

File '/usr/lib/gcc/x86_64-linux-gnu/13/include/emmintrin.h'
Lines executed:0.00% of 6

File '/usr/lib/gcc/x86_64-linux-gnu/13/include/tmmintrin.h'
Lines executed:0.00% of 1

File '/usr/lib/gcc/x86_64-linux-gnu/13/include/pmmintrin.h'
Lines executed:0.00% of 1

File '/usr/lib/gcc/x86_64-linux-gnu/13/include/cpuid.h'
Lines executed:0.00% of 12

Creating 'coverage-probe-0-bmp_fuzzer.gcov.json.gz'
Lines executed:2.75% of 6826

BUILD fuzz/c/std/cbor_fuzzer.c exit=0

RUN fuzz/c/std/cbor_fuzzer.c exit=0
ut-088 ok
- /tmp/silent-wuffs-cov-N237-hs53axvw/.coverage-corpus/input-089 cbor: bad input
- /tmp/silent-wuffs-cov-N237-hs53axvw/.coverage-corpus/input-090 cbor: bad input
- /tmp/silent-wuffs-cov-N237-hs53axvw/.coverage-corpus/input-091 ok
- /tmp/silent-wuffs-cov-N237-hs53axvw/.coverage-corpus/input-092 ok
- /tmp/silent-wuffs-cov-N237-hs53axvw/.coverage-corpus/input-093 cbor: bad input
- /tmp/silent-wuffs-cov-N237-hs53axvw/.coverage-corpus/input-094 cbor: bad input
- /tmp/silent-wuffs-cov-N237-hs53axvw/.coverage-corpus/input-095 ok
- /tmp/silent-wuffs-cov-N237-hs53axvw/.coverage-corpus/input-096 ok
- /tmp/silent-wuffs-cov-N237-hs53axvw/.coverage-corpus/input-097 cbor: bad input
- /tmp/silent-wuffs-cov-N237-hs53axvw/.coverage-corpus/input-098 ok
- /tmp/silent-wuffs-cov-N237-hs53axvw/.coverage-corpus/input-099 cbor: bad input
- /tmp/silent-wuffs-cov-N237-hs53axvw/.coverage-corpus/input-100 ok
- /tmp/silent-wuffs-cov-N237-hs53axvw/.coverage-corpus/input-101 cbor: bad input
- /tmp/silent-wuffs-cov-N237-hs53axvw/.coverage-corpus/input-102 cbor: bad input
- /tmp/silent-wuffs-cov-N237-hs53axvw/.coverage-corpus/input-103 ok
- /tmp/silent-wuffs-cov-N237-hs53axvw/.coverage-corpus/input-104 cbor: bad input
- /tmp/silent-wuffs-cov-N237-hs53axvw/.coverage-corpus/input-105 ok
- /tmp/silent-wuffs-cov-N237-hs53axvw/.coverage-corpus/input-106 ok
- /tmp/silent-wuffs-cov-N237-hs53axvw/.coverage-corpus/input-107 cbor: bad input
- /tmp/silent-wuffs-cov-N237-hs53axvw/.coverage-corpus/input-108 cbor: bad input
- /tmp/silent-wuffs-cov-N237-hs53axvw/.coverage-corpus/input-109 cbor: bad input
- /tmp/silent-wuffs-cov-N237-hs53axvw/.coverage-corpus/input-110 cbor: bad input
- /tmp/silent-wuffs-cov-N237-hs53axvw/.coverage-corpus/input-111 cbor: bad input
- /tmp/silent-wuffs-cov-N237-hs53axvw/.coverage-corpus/input-112 cbor: bad input
- /tmp/silent-wuffs-cov-N237-hs53axvw/.coverage-corpus/input-113 cbor: bad input
- /tmp/silent-wuffs-cov-N237-hs53axvw/.coverage-corpus/input-114 ok
- /tmp/silent-wuffs-cov-N237-hs53axvw/.coverage-corpus/input-115 cbor: bad input
- /tmp/silent-wuffs-cov-N237-hs53axvw/.coverage-corpus/input-116 ok
- /tmp/silent-wuffs-cov-N237-hs53axvw/.coverage-corpus/input-117 ok
- /tmp/silent-wuffs-cov-N237-hs53axvw/.coverage-corpus/input-118 cbor: bad input
- /tmp/silent-wuffs-cov-N237-hs53axvw/.coverage-corpus/input-119 ok
- /tmp/silent-wuffs-cov-N237-hs53axvw/.coverage-corpus/input-120 ok
- /tmp/silent-wuffs-cov-N237-hs53axvw/.coverage-corpus/input-121 cbor: bad input
- /tmp/silent-wuffs-cov-N237-hs53axvw/.coverage-corpus/input-122 cbor: bad input
- /tmp/silent-wuffs-cov-N237-hs53axvw/.coverage-corpus/input-123 cbor: bad input
- /tmp/silent-wuffs-cov-N237-hs53axvw/.coverage-corpus/input-124 cbor: bad input
- /tmp/silent-wuffs-cov-N237-hs53axvw/.coverage-corpus/input-125 cbor: bad input
- /tmp/silent-wuffs-cov-N237-hs53axvw/.coverage-corpus/input-126 ok
- /tmp/silent-wuffs-cov-N237-hs53axvw/.coverage-corpus/input-127 cbor: bad input
PASS: 128 files processed

GCOV coverage-probe-1-cbor_fuzzer.gcda
File 'fuzz/c/std/cbor_fuzzer.c'
Lines executed:77.19% of 171

File 'fuzz/c/fuzzlib/fuzzlib.c'
Lines executed:46.37% of 179

File 'release/c/wuffs-unsupported-snapshot.c'
Lines executed:8.72% of 5265

File '/usr/lib/gcc/x86_64-linux-gnu/13/include/emmintrin.h'
Lines executed:0.00% of 6

File '/usr/lib/gcc/x86_64-linux-gnu/13/include/tmmintrin.h'
Lines executed:0.00% of 1

File '/usr/lib/gcc/x86_64-linux-gnu/13/include/pmmintrin.h'
Lines executed:0.00% of 1

File '/usr/lib/gcc/x86_64-linux-gnu/13/include/cpuid.h'
Lines executed:0.00% of 12

Creating 'coverage-probe-1-cbor_fuzzer.gcov.json.gz'
Lines executed:11.96% of 5635

BUILD fuzz/c/std/gif_fuzzer.c exit=0

RUN fuzz/c/std/gif_fuzzer.c exit=0
-N237-hs53axvw/.coverage-corpus/input-091 gif: bad header
- /tmp/silent-wuffs-cov-N237-hs53axvw/.coverage-corpus/input-092 gif: bad header
- /tmp/silent-wuffs-cov-N237-hs53axvw/.coverage-corpus/input-093 gif: bad header
- /tmp/silent-wuffs-cov-N237-hs53axvw/.coverage-corpus/input-094 gif: bad header
- /tmp/silent-wuffs-cov-N237-hs53axvw/.coverage-corpus/input-095 gif: bad header
- /tmp/silent-wuffs-cov-N237-hs53axvw/.coverage-corpus/input-096 gif: bad header
- /tmp/silent-wuffs-cov-N237-hs53axvw/.coverage-corpus/input-097 gif: bad header
- /tmp/silent-wuffs-cov-N237-hs53axvw/.coverage-corpus/input-098 gif: bad header
- /tmp/silent-wuffs-cov-N237-hs53axvw/.coverage-corpus/input-099 gif: bad header
- /tmp/silent-wuffs-cov-N237-hs53axvw/.coverage-corpus/input-100 gif: bad header
- /tmp/silent-wuffs-cov-N237-hs53axvw/.coverage-corpus/input-101 gif: bad header
- /tmp/silent-wuffs-cov-N237-hs53axvw/.coverage-corpus/input-102 gif: bad header
- /tmp/silent-wuffs-cov-N237-hs53axvw/.coverage-corpus/input-103 gif: bad header
- /tmp/silent-wuffs-cov-N237-hs53axvw/.coverage-corpus/input-104 gif: bad header
- /tmp/silent-wuffs-cov-N237-hs53axvw/.coverage-corpus/input-105 gif: bad header
- /tmp/silent-wuffs-cov-N237-hs53axvw/.coverage-corpus/input-106 gif: bad header
- /tmp/silent-wuffs-cov-N237-hs53axvw/.coverage-corpus/input-107 gif: bad header
- /tmp/silent-wuffs-cov-N237-hs53axvw/.coverage-corpus/input-108 gif: bad header
- /tmp/silent-wuffs-cov-N237-hs53axvw/.coverage-corpus/input-109 gif: bad header
- /tmp/silent-wuffs-cov-N237-hs53axvw/.coverage-corpus/input-110 gif: bad header
- /tmp/silent-wuffs-cov-N237-hs53axvw/.coverage-corpus/input-111 gif: bad header
- /tmp/silent-wuffs-cov-N237-hs53axvw/.coverage-corpus/input-112 gif: bad header
- /tmp/silent-wuffs-cov-N237-hs53axvw/.coverage-corpus/input-113 gif: bad header
- /tmp/silent-wuffs-cov-N237-hs53axvw/.coverage-corpus/input-114 gif: bad header
- /tmp/silent-wuffs-cov-N237-hs53axvw/.coverage-corpus/input-115 gif: bad header
- /tmp/silent-wuffs-cov-N237-hs53axvw/.coverage-corpus/input-116 gif: bad header
- /tmp/silent-wuffs-cov-N237-hs53axvw/.coverage-corpus/input-117 gif: bad header
- /tmp/silent-wuffs-cov-N237-hs53axvw/.coverage-corpus/input-118 gif: bad header
- /tmp/silent-wuffs-cov-N237-hs53axvw/.coverage-corpus/input-119 gif: bad header
- /tmp/silent-wuffs-cov-N237-hs53axvw/.coverage-corpus/input-120 gif: bad header
- /tmp/silent-wuffs-cov-N237-hs53axvw/.coverage-corpus/input-121 gif: bad header
- /tmp/silent-wuffs-cov-N237-hs53axvw/.coverage-corpus/input-122 gif: bad header
- /tmp/silent-wuffs-cov-N237-hs53axvw/.coverage-corpus/input-123 gif: bad header
- /tmp/silent-wuffs-cov-N237-hs53axvw/.coverage-corpus/input-124 gif: bad header
- /tmp/silent-wuffs-cov-N237-hs53axvw/.coverage-corpus/input-125 gif: bad header
- /tmp/silent-wuffs-cov-N237-hs53axvw/.coverage-corpus/input-126 gif: bad header
- /tmp/silent-wuffs-cov-N237-hs53axvw/.coverage-corpus/input-127 gif: bad header
PASS: 128 files processed

GCOV coverage-probe-2-gif_fuzzer.gcda
File 'fuzz/c/std/gif_fuzzer.c'
Lines executed:94.12% of 17

File 'fuzz/c/fuzzlib/fuzzlib_image_decoder.c'
Lines executed:65.62% of 64

File 'fuzz/c/fuzzlib/fuzzlib.c'
Lines executed:39.11% of 179

File 'release/c/wuffs-unsupported-snapshot.c'
Lines executed:17.78% of 6873

File '/usr/lib/gcc/x86_64-linux-gnu/13/include/emmintrin.h'
Lines executed:0.00% of 6

File '/usr/lib/gcc/x86_64-linux-gnu/13/include/tmmintrin.h'
Lines executed:0.00% of 1

File '/usr/lib/gcc/x86_64-linux-gnu/13/include/pmmintrin.h'
Lines executed:0.00% of 1

File '/usr/lib/gcc/x86_64-linux-gnu/13/include/cpuid.h'
Lines executed:0.00% of 12

Creating 'coverage-probe-2-gif_fuzzer.gcov.json.gz'
Lines executed:18.87% of 7153

BUILD fuzz/c/std/json_fuzzer.c exit=0

RUN fuzz/c/std/json_fuzzer.c exit=0
-N237-hs53axvw/.coverage-corpus/input-091 json: bad input
- /tmp/silent-wuffs-cov-N237-hs53axvw/.coverage-corpus/input-092 json: bad input
- /tmp/silent-wuffs-cov-N237-hs53axvw/.coverage-corpus/input-093 json: bad input
- /tmp/silent-wuffs-cov-N237-hs53axvw/.coverage-corpus/input-094 json: bad input
- /tmp/silent-wuffs-cov-N237-hs53axvw/.coverage-corpus/input-095 json: bad input
- /tmp/silent-wuffs-cov-N237-hs53axvw/.coverage-corpus/input-096 json: bad input
- /tmp/silent-wuffs-cov-N237-hs53axvw/.coverage-corpus/input-097 json: bad input
- /tmp/silent-wuffs-cov-N237-hs53axvw/.coverage-corpus/input-098 json: bad input
- /tmp/silent-wuffs-cov-N237-hs53axvw/.coverage-corpus/input-099 json: bad input
- /tmp/silent-wuffs-cov-N237-hs53axvw/.coverage-corpus/input-100 json: bad input
- /tmp/silent-wuffs-cov-N237-hs53axvw/.coverage-corpus/input-101 json: bad input
- /tmp/silent-wuffs-cov-N237-hs53axvw/.coverage-corpus/input-102 json: bad input
- /tmp/silent-wuffs-cov-N237-hs53axvw/.coverage-corpus/input-103 json: bad input
- /tmp/silent-wuffs-cov-N237-hs53axvw/.coverage-corpus/input-104 json: bad input
- /tmp/silent-wuffs-cov-N237-hs53axvw/.coverage-corpus/input-105 json: bad input
- /tmp/silent-wuffs-cov-N237-hs53axvw/.coverage-corpus/input-106 json: bad input
- /tmp/silent-wuffs-cov-N237-hs53axvw/.coverage-corpus/input-107 json: bad input
- /tmp/silent-wuffs-cov-N237-hs53axvw/.coverage-corpus/input-108 json: bad input
- /tmp/silent-wuffs-cov-N237-hs53axvw/.coverage-corpus/input-109 json: bad input
- /tmp/silent-wuffs-cov-N237-hs53axvw/.coverage-corpus/input-110 json: bad input
- /tmp/silent-wuffs-cov-N237-hs53axvw/.coverage-corpus/input-111 json: bad input
- /tmp/silent-wuffs-cov-N237-hs53axvw/.coverage-corpus/input-112 json: bad input
- /tmp/silent-wuffs-cov-N237-hs53axvw/.coverage-corpus/input-113 json: bad input
- /tmp/silent-wuffs-cov-N237-hs53axvw/.coverage-corpus/input-114 json: bad input
- /tmp/silent-wuffs-cov-N237-hs53axvw/.coverage-corpus/input-115 json: bad input
- /tmp/silent-wuffs-cov-N237-hs53axvw/.coverage-corpus/input-116 json: bad input
- /tmp/silent-wuffs-cov-N237-hs53axvw/.coverage-corpus/input-117 json: bad input
- /tmp/silent-wuffs-cov-N237-hs53axvw/.coverage-corpus/input-118 json: bad input
- /tmp/silent-wuffs-cov-N237-hs53axvw/.coverage-corpus/input-119 json: bad input
- /tmp/silent-wuffs-cov-N237-hs53axvw/.coverage-corpus/input-120 json: bad input
- /tmp/silent-wuffs-cov-N237-hs53axvw/.coverage-corpus/input-121 json: bad input
- /tmp/silent-wuffs-cov-N237-hs53axvw/.coverage-corpus/input-122 json: bad input
- /tmp/silent-wuffs-cov-N237-hs53axvw/.coverage-corpus/input-123 json: bad input
- /tmp/silent-wuffs-cov-N237-hs53axvw/.coverage-corpus/input-124 json: bad input
- /tmp/silent-wuffs-cov-N237-hs53axvw/.coverage-corpus/input-125 json: bad input
- /tmp/silent-wuffs-cov-N237-hs53axvw/.coverage-corpus/input-126 json: bad input
- /tmp/silent-wuffs-cov-N237-hs53axvw/.coverage-corpus/input-127 json: bad input
PASS: 128 files processed

GCOV coverage-probe-3-json_fuzzer.gcda
File 'fuzz/c/std/json_fuzzer.c'
Lines executed:70.35% of 172

File 'fuzz/c/fuzzlib/fuzzlib.c'
Lines executed:46.37% of 179

File 'release/c/wuffs-unsupported-snapshot.c'
Lines executed:9.48% of 6127

File '/usr/lib/gcc/x86_64-linux-gnu/13/include/emmintrin.h'
Lines executed:0.00% of 6

File '/usr/lib/gcc/x86_64-linux-gnu/13/include/tmmintrin.h'
Lines executed:0.00% of 1

File '/usr/lib/gcc/x86_64-linux-gnu/13/include/pmmintrin.h'
Lines executed:0.00% of 1

File '/usr/lib/gcc/x86_64-linux-gnu/13/include/cpuid.h'
Lines executed:0.00% of 12

Creating 'coverage-probe-3-json_fuzzer.gcov.json.gz'
Lines executed:12.08% of 6498

BUILD fuzz/c/std/png_fuzzer.c exit=0

RUN fuzz/c/std/png_fuzzer.c exit=0
-N237-hs53axvw/.coverage-corpus/input-091 png: bad header
- /tmp/silent-wuffs-cov-N237-hs53axvw/.coverage-corpus/input-092 png: bad header
- /tmp/silent-wuffs-cov-N237-hs53axvw/.coverage-corpus/input-093 png: bad header
- /tmp/silent-wuffs-cov-N237-hs53axvw/.coverage-corpus/input-094 png: bad header
- /tmp/silent-wuffs-cov-N237-hs53axvw/.coverage-corpus/input-095 png: bad header
- /tmp/silent-wuffs-cov-N237-hs53axvw/.coverage-corpus/input-096 png: bad header
- /tmp/silent-wuffs-cov-N237-hs53axvw/.coverage-corpus/input-097 png: bad header
- /tmp/silent-wuffs-cov-N237-hs53axvw/.coverage-corpus/input-098 png: bad header
- /tmp/silent-wuffs-cov-N237-hs53axvw/.coverage-corpus/input-099 png: bad header
- /tmp/silent-wuffs-cov-N237-hs53axvw/.coverage-corpus/input-100 png: bad header
- /tmp/silent-wuffs-cov-N237-hs53axvw/.coverage-corpus/input-101 png: bad header
- /tmp/silent-wuffs-cov-N237-hs53axvw/.coverage-corpus/input-102 png: bad header
- /tmp/silent-wuffs-cov-N237-hs53axvw/.coverage-corpus/input-103 png: bad header
- /tmp/silent-wuffs-cov-N237-hs53axvw/.coverage-corpus/input-104 png: bad header
- /tmp/silent-wuffs-cov-N237-hs53axvw/.coverage-corpus/input-105 png: bad header
- /tmp/silent-wuffs-cov-N237-hs53axvw/.coverage-corpus/input-106 png: bad header
- /tmp/silent-wuffs-cov-N237-hs53axvw/.coverage-corpus/input-107 png: bad header
- /tmp/silent-wuffs-cov-N237-hs53axvw/.coverage-corpus/input-108 png: bad header
- /tmp/silent-wuffs-cov-N237-hs53axvw/.coverage-corpus/input-109 png: bad header
- /tmp/silent-wuffs-cov-N237-hs53axvw/.coverage-corpus/input-110 png: bad header
- /tmp/silent-wuffs-cov-N237-hs53axvw/.coverage-corpus/input-111 png: bad header
- /tmp/silent-wuffs-cov-N237-hs53axvw/.coverage-corpus/input-112 png: bad header
- /tmp/silent-wuffs-cov-N237-hs53axvw/.coverage-corpus/input-113 png: bad header
- /tmp/silent-wuffs-cov-N237-hs53axvw/.coverage-corpus/input-114 png: bad header
- /tmp/silent-wuffs-cov-N237-hs53axvw/.coverage-corpus/input-115 png: bad header
- /tmp/silent-wuffs-cov-N237-hs53axvw/.coverage-corpus/input-116 png: bad header
- /tmp/silent-wuffs-cov-N237-hs53axvw/.coverage-corpus/input-117 png: bad header
- /tmp/silent-wuffs-cov-N237-hs53axvw/.coverage-corpus/input-118 png: bad header
- /tmp/silent-wuffs-cov-N237-hs53axvw/.coverage-corpus/input-119 png: bad header
- /tmp/silent-wuffs-cov-N237-hs53axvw/.coverage-corpus/input-120 png: bad header
- /tmp/silent-wuffs-cov-N237-hs53axvw/.coverage-corpus/input-121 png: bad header
- /tmp/silent-wuffs-cov-N237-hs53axvw/.coverage-corpus/input-122 png: bad header
- /tmp/silent-wuffs-cov-N237-hs53axvw/.coverage-corpus/input-123 png: bad header
- /tmp/silent-wuffs-cov-N237-hs53axvw/.coverage-corpus/input-124 png: bad header
- /tmp/silent-wuffs-cov-N237-hs53axvw/.coverage-corpus/input-125 png: bad header
- /tmp/silent-wuffs-cov-N237-hs53axvw/.coverage-corpus/input-126 png: bad header
- /tmp/silent-wuffs-cov-N237-hs53axvw/.coverage-corpus/input-127 png: bad header
PASS: 128 files processed

GCOV coverage-probe-4-png_fuzzer.gcda
File 'fuzz/c/std/png_fuzzer.c'
Lines executed:85.71% of 7

File 'fuzz/c/fuzzlib/fuzzlib_image_decoder.c'
Lines executed:20.31% of 64

File 'fuzz/c/fuzzlib/fuzzlib.c'
Lines executed:37.99% of 179

File 'release/c/wuffs-unsupported-snapshot.c'
Lines executed:1.83% of 9435

File '/usr/lib/gcc/x86_64-linux-gnu/13/include/emmintrin.h'
Lines executed:0.00% of 26

File '/usr/lib/gcc/x86_64-linux-gnu/13/include/tmmintrin.h'
Lines executed:0.00% of 3

File '/usr/lib/gcc/x86_64-linux-gnu/13/include/smmintrin.h'
Lines executed:0.00% of 1

File '/usr/lib/gcc/x86_64-linux-gnu/13/include/pmmintrin.h'
Lines executed:0.00% of 1

File '/usr/lib/gcc/x86_64-linux-gnu/13/include/cpuid.h'
Lines executed:0.00% of 19

Creating 'coverage-probe-4-png_fuzzer.gcov.json.gz'
Lines executed:2.67% of 9735
"
N244,S1_H0,"PASS
BUILD fuzz/c/std/pixel_swizzler_fuzzer.c exit=0

RUN fuzz/c/std/pixel_swizzler_fuzzer.c exit=0
not enough data
- /tmp/silent-wuffs-cov-N244-h6ckb0gr/.coverage-corpus/input-094 fuzz: not enough data
- /tmp/silent-wuffs-cov-N244-h6ckb0gr/.coverage-corpus/input-095 fuzz: not enough data
- /tmp/silent-wuffs-cov-N244-h6ckb0gr/.coverage-corpus/input-096 fuzz: not enough data
- /tmp/silent-wuffs-cov-N244-h6ckb0gr/.coverage-corpus/input-097 fuzz: not enough data
- /tmp/silent-wuffs-cov-N244-h6ckb0gr/.coverage-corpus/input-098 fuzz: not enough data
- /tmp/silent-wuffs-cov-N244-h6ckb0gr/.coverage-corpus/input-099 fuzz: not enough data
- /tmp/silent-wuffs-cov-N244-h6ckb0gr/.coverage-corpus/input-100 fuzz: not enough data
- /tmp/silent-wuffs-cov-N244-h6ckb0gr/.coverage-corpus/input-101 fuzz: not enough data
- /tmp/silent-wuffs-cov-N244-h6ckb0gr/.coverage-corpus/input-102 fuzz: not enough data
- /tmp/silent-wuffs-cov-N244-h6ckb0gr/.coverage-corpus/input-103 fuzz: not enough data
- /tmp/silent-wuffs-cov-N244-h6ckb0gr/.coverage-corpus/input-104 fuzz: not enough data
- /tmp/silent-wuffs-cov-N244-h6ckb0gr/.coverage-corpus/input-105 fuzz: not enough data
- /tmp/silent-wuffs-cov-N244-h6ckb0gr/.coverage-corpus/input-106 fuzz: not enough data
- /tmp/silent-wuffs-cov-N244-h6ckb0gr/.coverage-corpus/input-107 fuzz: not enough data
- /tmp/silent-wuffs-cov-N244-h6ckb0gr/.coverage-corpus/input-108 fuzz: not enough data
- /tmp/silent-wuffs-cov-N244-h6ckb0gr/.coverage-corpus/input-109 fuzz: not enough data
- /tmp/silent-wuffs-cov-N244-h6ckb0gr/.coverage-corpus/input-110 fuzz: not enough data
- /tmp/silent-wuffs-cov-N244-h6ckb0gr/.coverage-corpus/input-111 fuzz: not enough data
- /tmp/silent-wuffs-cov-N244-h6ckb0gr/.coverage-corpus/input-112 fuzz: not enough data
- /tmp/silent-wuffs-cov-N244-h6ckb0gr/.coverage-corpus/input-113 fuzz: not enough data
- /tmp/silent-wuffs-cov-N244-h6ckb0gr/.coverage-corpus/input-114 fuzz: not enough data
- /tmp/silent-wuffs-cov-N244-h6ckb0gr/.coverage-corpus/input-115 fuzz: not enough data
- /tmp/silent-wuffs-cov-N244-h6ckb0gr/.coverage-corpus/input-116 fuzz: not enough data
- /tmp/silent-wuffs-cov-N244-h6ckb0gr/.coverage-corpus/input-117 fuzz: not enough data
- /tmp/silent-wuffs-cov-N244-h6ckb0gr/.coverage-corpus/input-118 fuzz: not enough data
- /tmp/silent-wuffs-cov-N244-h6ckb0gr/.coverage-corpus/input-119 fuzz: not enough data
- /tmp/silent-wuffs-cov-N244-h6ckb0gr/.coverage-corpus/input-120 fuzz: not enough data
- /tmp/silent-wuffs-cov-N244-h6ckb0gr/.coverage-corpus/input-121 fuzz: not enough data
- /tmp/silent-wuffs-cov-N244-h6ckb0gr/.coverage-corpus/input-122 fuzz: not enough data
- /tmp/silent-wuffs-cov-N244-h6ckb0gr/.coverage-corpus/input-123 fuzz: not enough data
- /tmp/silent-wuffs-cov-N244-h6ckb0gr/.coverage-corpus/input-124 fuzz: not enough data
- /tmp/silent-wuffs-cov-N244-h6ckb0gr/.coverage-corpus/input-125 fuzz: not enough data
- /tmp/silent-wuffs-cov-N244-h6ckb0gr/.coverage-corpus/input-126 fuzz: not enough data
- /tmp/silent-wuffs-cov-N244-h6ckb0gr/.coverage-corpus/input-127 fuzz: not enough data
PASS: 128 files processed

GCOV coverage-probe-0-pixel_swizzler_fuzzer.gcda
File 'fuzz/c/std/pixel_swizzler_fuzzer.c'
Lines executed:70.18% of 171

File 'fuzz/c/fuzzlib/fuzzlib.c'
Lines executed:37.82% of 193

File 'release/c/wuffs-unsupported-snapshot.c'
Lines executed:12.31% of 6289

File '/usr/lib/gcc/x86_64-linux-gnu/13/include/avxintrin.h'
Lines executed:100.00% of 5

File '/usr/lib/gcc/x86_64-linux-gnu/13/include/avx2intrin.h'
Lines executed:100.00% of 16

File '/usr/lib/gcc/x86_64-linux-gnu/13/include/emmintrin.h'
Lines executed:0.00% of 6

File '/usr/lib/gcc/x86_64-linux-gnu/13/include/tmmintrin.h'
Lines executed:0.00% of 1

File '/usr/lib/gcc/x86_64-linux-gnu/13/include/pmmintrin.h'
Lines executed:0.00% of 1

File '/usr/lib/gcc/x86_64-linux-gnu/13/include/cpuid.h'
Lines executed:84.21% of 19

Creating 'coverage-probe-0-pixel_swizzler_fuzzer.gcov.json.gz'
Lines executed:14.98% of 6701
"
N244,S1_H1,"PASS
BUILD fuzz/c/std/pixel_swizzler_fuzzer.c exit=0

RUN fuzz/c/std/pixel_swizzler_fuzzer.c exit=0
not enough data
- /tmp/silent-wuffs-cov-N244-j4thfme_/.coverage-corpus/input-094 fuzz: not enough data
- /tmp/silent-wuffs-cov-N244-j4thfme_/.coverage-corpus/input-095 fuzz: not enough data
- /tmp/silent-wuffs-cov-N244-j4thfme_/.coverage-corpus/input-096 fuzz: not enough data
- /tmp/silent-wuffs-cov-N244-j4thfme_/.coverage-corpus/input-097 fuzz: not enough data
- /tmp/silent-wuffs-cov-N244-j4thfme_/.coverage-corpus/input-098 fuzz: not enough data
- /tmp/silent-wuffs-cov-N244-j4thfme_/.coverage-corpus/input-099 fuzz: not enough data
- /tmp/silent-wuffs-cov-N244-j4thfme_/.coverage-corpus/input-100 fuzz: not enough data
- /tmp/silent-wuffs-cov-N244-j4thfme_/.coverage-corpus/input-101 fuzz: not enough data
- /tmp/silent-wuffs-cov-N244-j4thfme_/.coverage-corpus/input-102 fuzz: not enough data
- /tmp/silent-wuffs-cov-N244-j4thfme_/.coverage-corpus/input-103 fuzz: not enough data
- /tmp/silent-wuffs-cov-N244-j4thfme_/.coverage-corpus/input-104 fuzz: not enough data
- /tmp/silent-wuffs-cov-N244-j4thfme_/.coverage-corpus/input-105 fuzz: not enough data
- /tmp/silent-wuffs-cov-N244-j4thfme_/.coverage-corpus/input-106 fuzz: not enough data
- /tmp/silent-wuffs-cov-N244-j4thfme_/.coverage-corpus/input-107 fuzz: not enough data
- /tmp/silent-wuffs-cov-N244-j4thfme_/.coverage-corpus/input-108 fuzz: not enough data
- /tmp/silent-wuffs-cov-N244-j4thfme_/.coverage-corpus/input-109 fuzz: not enough data
- /tmp/silent-wuffs-cov-N244-j4thfme_/.coverage-corpus/input-110 fuzz: not enough data
- /tmp/silent-wuffs-cov-N244-j4thfme_/.coverage-corpus/input-111 fuzz: not enough data
- /tmp/silent-wuffs-cov-N244-j4thfme_/.coverage-corpus/input-112 fuzz: not enough data
- /tmp/silent-wuffs-cov-N244-j4thfme_/.coverage-corpus/input-113 fuzz: not enough data
- /tmp/silent-wuffs-cov-N244-j4thfme_/.coverage-corpus/input-114 fuzz: not enough data
- /tmp/silent-wuffs-cov-N244-j4thfme_/.coverage-corpus/input-115 fuzz: not enough data
- /tmp/silent-wuffs-cov-N244-j4thfme_/.coverage-corpus/input-116 fuzz: not enough data
- /tmp/silent-wuffs-cov-N244-j4thfme_/.coverage-corpus/input-117 fuzz: not enough data
- /tmp/silent-wuffs-cov-N244-j4thfme_/.coverage-corpus/input-118 fuzz: not enough data
- /tmp/silent-wuffs-cov-N244-j4thfme_/.coverage-corpus/input-119 fuzz: not enough data
- /tmp/silent-wuffs-cov-N244-j4thfme_/.coverage-corpus/input-120 fuzz: not enough data
- /tmp/silent-wuffs-cov-N244-j4thfme_/.coverage-corpus/input-121 fuzz: not enough data
- /tmp/silent-wuffs-cov-N244-j4thfme_/.coverage-corpus/input-122 fuzz: not enough data
- /tmp/silent-wuffs-cov-N244-j4thfme_/.coverage-corpus/input-123 fuzz: not enough data
- /tmp/silent-wuffs-cov-N244-j4thfme_/.coverage-corpus/input-124 fuzz: not enough data
- /tmp/silent-wuffs-cov-N244-j4thfme_/.coverage-corpus/input-125 fuzz: not enough data
- /tmp/silent-wuffs-cov-N244-j4thfme_/.coverage-corpus/input-126 fuzz: not enough data
- /tmp/silent-wuffs-cov-N244-j4thfme_/.coverage-corpus/input-127 fuzz: not enough data
PASS: 128 files processed

GCOV coverage-probe-0-pixel_swizzler_fuzzer.gcda
File 'fuzz/c/std/pixel_swizzler_fuzzer.c'
Lines executed:70.18% of 171

File 'fuzz/c/fuzzlib/fuzzlib.c'
Lines executed:37.82% of 193

File 'release/c/wuffs-unsupported-snapshot.c'
Lines executed:12.61% of 6289

File '/usr/lib/gcc/x86_64-linux-gnu/13/include/avxintrin.h'
Lines executed:100.00% of 5

File '/usr/lib/gcc/x86_64-linux-gnu/13/include/avx2intrin.h'
Lines executed:100.00% of 16

File '/usr/lib/gcc/x86_64-linux-gnu/13/include/emmintrin.h'
Lines executed:0.00% of 6

File '/usr/lib/gcc/x86_64-linux-gnu/13/include/tmmintrin.h'
Lines executed:0.00% of 1

File '/usr/lib/gcc/x86_64-linux-gnu/13/include/pmmintrin.h'
Lines executed:0.00% of 1

File '/usr/lib/gcc/x86_64-linux-gnu/13/include/cpuid.h'
Lines executed:84.21% of 19

Creating 'coverage-probe-0-pixel_swizzler_fuzzer.gcov.json.gz'
Lines executed:15.27% of 6701
"
N248,S1_H0,"PASS
BUILD fuzz/c/std/pixel_swizzler_fuzzer.c exit=0

RUN fuzz/c/std/pixel_swizzler_fuzzer.c exit=0
nt-wuffs-cov-N248-im9cyiin/.coverage-corpus/input-093 ok
- /tmp/silent-wuffs-cov-N248-im9cyiin/.coverage-corpus/input-094 base: unsupported pixel swizzler option
- /tmp/silent-wuffs-cov-N248-im9cyiin/.coverage-corpus/input-095 base: bad argument
- /tmp/silent-wuffs-cov-N248-im9cyiin/.coverage-corpus/input-096 base: bad argument
- /tmp/silent-wuffs-cov-N248-im9cyiin/.coverage-corpus/input-097 base: unsupported pixel swizzler option
- /tmp/silent-wuffs-cov-N248-im9cyiin/.coverage-corpus/input-098 base: bad argument
- /tmp/silent-wuffs-cov-N248-im9cyiin/.coverage-corpus/input-099 base: bad argument
- /tmp/silent-wuffs-cov-N248-im9cyiin/.coverage-corpus/input-100 base: bad argument
- /tmp/silent-wuffs-cov-N248-im9cyiin/.coverage-corpus/input-101 base: bad argument
- /tmp/silent-wuffs-cov-N248-im9cyiin/.coverage-corpus/input-102 base: bad argument
- /tmp/silent-wuffs-cov-N248-im9cyiin/.coverage-corpus/input-103 base: bad argument
- /tmp/silent-wuffs-cov-N248-im9cyiin/.coverage-corpus/input-104 ok
- /tmp/silent-wuffs-cov-N248-im9cyiin/.coverage-corpus/input-105 base: bad argument
- /tmp/silent-wuffs-cov-N248-im9cyiin/.coverage-corpus/input-106 base: unsupported pixel swizzler option
- /tmp/silent-wuffs-cov-N248-im9cyiin/.coverage-corpus/input-107 ok
- /tmp/silent-wuffs-cov-N248-im9cyiin/.coverage-corpus/input-108 base: unsupported pixel swizzler option
- /tmp/silent-wuffs-cov-N248-im9cyiin/.coverage-corpus/input-109 base: bad argument
- /tmp/silent-wuffs-cov-N248-im9cyiin/.coverage-corpus/input-110 ok
- /tmp/silent-wuffs-cov-N248-im9cyiin/.coverage-corpus/input-111 ok
- /tmp/silent-wuffs-cov-N248-im9cyiin/.coverage-corpus/input-112 base: bad argument
- /tmp/silent-wuffs-cov-N248-im9cyiin/.coverage-corpus/input-113 base: bad argument
- /tmp/silent-wuffs-cov-N248-im9cyiin/.coverage-corpus/input-114 ok
- /tmp/silent-wuffs-cov-N248-im9cyiin/.coverage-corpus/input-115 base: unsupported pixel swizzler option
- /tmp/silent-wuffs-cov-N248-im9cyiin/.coverage-corpus/input-116 ok
- /tmp/silent-wuffs-cov-N248-im9cyiin/.coverage-corpus/input-117 base: bad argument
- /tmp/silent-wuffs-cov-N248-im9cyiin/.coverage-corpus/input-118 base: bad argument
- /tmp/silent-wuffs-cov-N248-im9cyiin/.coverage-corpus/input-119 base: bad argument
- /tmp/silent-wuffs-cov-N248-im9cyiin/.coverage-corpus/input-120 base: unsupported pixel swizzler option
- /tmp/silent-wuffs-cov-N248-im9cyiin/.coverage-corpus/input-121 base: unsupported pixel swizzler option
- /tmp/silent-wuffs-cov-N248-im9cyiin/.coverage-corpus/input-122 base: bad argument
- /tmp/silent-wuffs-cov-N248-im9cyiin/.coverage-corpus/input-123 base: bad argument
- /tmp/silent-wuffs-cov-N248-im9cyiin/.coverage-corpus/input-124 base: unsupported pixel swizzler option
- /tmp/silent-wuffs-cov-N248-im9cyiin/.coverage-corpus/input-125 ok
- /tmp/silent-wuffs-cov-N248-im9cyiin/.coverage-corpus/input-126 ok
- /tmp/silent-wuffs-cov-N248-im9cyiin/.coverage-corpus/input-127 base: unsupported pixel swizzler option
PASS: 128 files processed

GCOV coverage-probe-0-pixel_swizzler_fuzzer.gcda
File 'fuzz/c/std/pixel_swizzler_fuzzer.c'
Lines executed:90.05% of 191

File 'fuzz/c/fuzzlib/fuzzlib.c'
Lines executed:38.86% of 193

File 'release/c/wuffs-unsupported-snapshot.c'
Lines executed:33.57% of 6958

File '/usr/lib/gcc/x86_64-linux-gnu/13/include/avxintrin.h'
Lines executed:100.00% of 5

File '/usr/lib/gcc/x86_64-linux-gnu/13/include/avx2intrin.h'
Lines executed:100.00% of 16

File '/usr/lib/gcc/x86_64-linux-gnu/13/include/emmintrin.h'
Lines executed:100.00% of 6

File '/usr/lib/gcc/x86_64-linux-gnu/13/include/tmmintrin.h'
Lines executed:100.00% of 1

File '/usr/lib/gcc/x86_64-linux-gnu/13/include/pmmintrin.h'
Lines executed:100.00% of 1

File '/usr/lib/gcc/x86_64-linux-gnu/13/include/cpuid.h'
Lines executed:84.21% of 19

Creating 'coverage-probe-0-pixel_swizzler_fuzzer.gcov.json.gz'
Lines executed:35.56% of 7390
"
N248,S1_H1,"PASS
BUILD fuzz/c/std/pixel_swizzler_fuzzer.c exit=0

RUN fuzz/c/std/pixel_swizzler_fuzzer.c exit=0
/silent-wuffs-cov-N248-w0_yvw4j/.coverage-corpus/input-094 base: bad argument
- /tmp/silent-wuffs-cov-N248-w0_yvw4j/.coverage-corpus/input-095 base: unsupported pixel swizzler option
- /tmp/silent-wuffs-cov-N248-w0_yvw4j/.coverage-corpus/input-096 base: unsupported pixel swizzler option
- /tmp/silent-wuffs-cov-N248-w0_yvw4j/.coverage-corpus/input-097 base: bad argument
- /tmp/silent-wuffs-cov-N248-w0_yvw4j/.coverage-corpus/input-098 base: unsupported pixel swizzler option
- /tmp/silent-wuffs-cov-N248-w0_yvw4j/.coverage-corpus/input-099 base: bad argument
- /tmp/silent-wuffs-cov-N248-w0_yvw4j/.coverage-corpus/input-100 base: unsupported pixel swizzler option
- /tmp/silent-wuffs-cov-N248-w0_yvw4j/.coverage-corpus/input-101 base: bad argument
- /tmp/silent-wuffs-cov-N248-w0_yvw4j/.coverage-corpus/input-102 base: unsupported pixel swizzler option
- /tmp/silent-wuffs-cov-N248-w0_yvw4j/.coverage-corpus/input-103 base: unsupported pixel swizzler option
- /tmp/silent-wuffs-cov-N248-w0_yvw4j/.coverage-corpus/input-104 ok
- /tmp/silent-wuffs-cov-N248-w0_yvw4j/.coverage-corpus/input-105 base: bad argument
- /tmp/silent-wuffs-cov-N248-w0_yvw4j/.coverage-corpus/input-106 base: bad argument
- /tmp/silent-wuffs-cov-N248-w0_yvw4j/.coverage-corpus/input-107 ok
- /tmp/silent-wuffs-cov-N248-w0_yvw4j/.coverage-corpus/input-108 ok
- /tmp/silent-wuffs-cov-N248-w0_yvw4j/.coverage-corpus/input-109 base: unsupported pixel swizzler option
- /tmp/silent-wuffs-cov-N248-w0_yvw4j/.coverage-corpus/input-110 ok
- /tmp/silent-wuffs-cov-N248-w0_yvw4j/.coverage-corpus/input-111 ok
- /tmp/silent-wuffs-cov-N248-w0_yvw4j/.coverage-corpus/input-112 base: bad argument
- /tmp/silent-wuffs-cov-N248-w0_yvw4j/.coverage-corpus/input-113 base: bad argument
- /tmp/silent-wuffs-cov-N248-w0_yvw4j/.coverage-corpus/input-114 ok
- /tmp/silent-wuffs-cov-N248-w0_yvw4j/.coverage-corpus/input-115 base: unsupported pixel swizzler option
- /tmp/silent-wuffs-cov-N248-w0_yvw4j/.coverage-corpus/input-116 base: unsupported pixel swizzler option
- /tmp/silent-wuffs-cov-N248-w0_yvw4j/.coverage-corpus/input-117 base: bad argument
- /tmp/silent-wuffs-cov-N248-w0_yvw4j/.coverage-corpus/input-118 base: bad argument
- /tmp/silent-wuffs-cov-N248-w0_yvw4j/.coverage-corpus/input-119 base: unsupported pixel swizzler option
- /tmp/silent-wuffs-cov-N248-w0_yvw4j/.coverage-corpus/input-120 base: unsupported pixel swizzler option
- /tmp/silent-wuffs-cov-N248-w0_yvw4j/.coverage-corpus/input-121 ok
- /tmp/silent-wuffs-cov-N248-w0_yvw4j/.coverage-corpus/input-122 base: bad argument
- /tmp/silent-wuffs-cov-N248-w0_yvw4j/.coverage-corpus/input-123 base: bad argument
- /tmp/silent-wuffs-cov-N248-w0_yvw4j/.coverage-corpus/input-124 base: bad argument
- /tmp/silent-wuffs-cov-N248-w0_yvw4j/.coverage-corpus/input-125 base: unsupported pixel swizzler option
- /tmp/silent-wuffs-cov-N248-w0_yvw4j/.coverage-corpus/input-126 ok
- /tmp/silent-wuffs-cov-N248-w0_yvw4j/.coverage-corpus/input-127 base: bad argument
PASS: 128 files processed

GCOV coverage-probe-0-pixel_swizzler_fuzzer.gcda
File 'fuzz/c/std/pixel_swizzler_fuzzer.c'
Lines executed:90.05% of 191

File 'fuzz/c/fuzzlib/fuzzlib.c'
Lines executed:38.86% of 193

File 'release/c/wuffs-unsupported-snapshot.c'
Lines executed:33.76% of 6958

File '/usr/lib/gcc/x86_64-linux-gnu/13/include/avxintrin.h'
Lines executed:100.00% of 5

File '/usr/lib/gcc/x86_64-linux-gnu/13/include/avx2intrin.h'
Lines executed:100.00% of 16

File '/usr/lib/gcc/x86_64-linux-gnu/13/include/emmintrin.h'
Lines executed:100.00% of 6

File '/usr/lib/gcc/x86_64-linux-gnu/13/include/tmmintrin.h'
Lines executed:100.00% of 1

File '/usr/lib/gcc/x86_64-linux-gnu/13/include/pmmintrin.h'
Lines executed:100.00% of 1

File '/usr/lib/gcc/x86_64-linux-gnu/13/include/cpuid.h'
Lines executed:84.21% of 19

Creating 'coverage-probe-0-pixel_swizzler_fuzzer.gcov.json.gz'
Lines executed:35.74% of 7390
"
N249,S1_H0,"PASS
BUILD fuzz/c/std/pixel_swizzler_fuzzer.c exit=0

RUN fuzz/c/std/pixel_swizzler_fuzzer.c exit=0
/silent-wuffs-cov-N249-cl9t034h/.coverage-corpus/input-094 base: bad argument
- /tmp/silent-wuffs-cov-N249-cl9t034h/.coverage-corpus/input-095 base: unsupported pixel swizzler option
- /tmp/silent-wuffs-cov-N249-cl9t034h/.coverage-corpus/input-096 base: unsupported pixel swizzler option
- /tmp/silent-wuffs-cov-N249-cl9t034h/.coverage-corpus/input-097 base: bad argument
- /tmp/silent-wuffs-cov-N249-cl9t034h/.coverage-corpus/input-098 base: unsupported pixel swizzler option
- /tmp/silent-wuffs-cov-N249-cl9t034h/.coverage-corpus/input-099 base: bad argument
- /tmp/silent-wuffs-cov-N249-cl9t034h/.coverage-corpus/input-100 base: unsupported pixel swizzler option
- /tmp/silent-wuffs-cov-N249-cl9t034h/.coverage-corpus/input-101 base: bad argument
- /tmp/silent-wuffs-cov-N249-cl9t034h/.coverage-corpus/input-102 base: unsupported pixel swizzler option
- /tmp/silent-wuffs-cov-N249-cl9t034h/.coverage-corpus/input-103 base: unsupported pixel swizzler option
- /tmp/silent-wuffs-cov-N249-cl9t034h/.coverage-corpus/input-104 ok
- /tmp/silent-wuffs-cov-N249-cl9t034h/.coverage-corpus/input-105 base: bad argument
- /tmp/silent-wuffs-cov-N249-cl9t034h/.coverage-corpus/input-106 base: bad argument
- /tmp/silent-wuffs-cov-N249-cl9t034h/.coverage-corpus/input-107 ok
- /tmp/silent-wuffs-cov-N249-cl9t034h/.coverage-corpus/input-108 ok
- /tmp/silent-wuffs-cov-N249-cl9t034h/.coverage-corpus/input-109 base: unsupported pixel swizzler option
- /tmp/silent-wuffs-cov-N249-cl9t034h/.coverage-corpus/input-110 ok
- /tmp/silent-wuffs-cov-N249-cl9t034h/.coverage-corpus/input-111 ok
- /tmp/silent-wuffs-cov-N249-cl9t034h/.coverage-corpus/input-112 base: bad argument
- /tmp/silent-wuffs-cov-N249-cl9t034h/.coverage-corpus/input-113 base: bad argument
- /tmp/silent-wuffs-cov-N249-cl9t034h/.coverage-corpus/input-114 ok
- /tmp/silent-wuffs-cov-N249-cl9t034h/.coverage-corpus/input-115 base: unsupported pixel swizzler option
- /tmp/silent-wuffs-cov-N249-cl9t034h/.coverage-corpus/input-116 base: unsupported pixel swizzler option
- /tmp/silent-wuffs-cov-N249-cl9t034h/.coverage-corpus/input-117 base: bad argument
- /tmp/silent-wuffs-cov-N249-cl9t034h/.coverage-corpus/input-118 base: bad argument
- /tmp/silent-wuffs-cov-N249-cl9t034h/.coverage-corpus/input-119 base: unsupported pixel swizzler option
- /tmp/silent-wuffs-cov-N249-cl9t034h/.coverage-corpus/input-120 base: unsupported pixel swizzler option
- /tmp/silent-wuffs-cov-N249-cl9t034h/.coverage-corpus/input-121 ok
- /tmp/silent-wuffs-cov-N249-cl9t034h/.coverage-corpus/input-122 base: bad argument
- /tmp/silent-wuffs-cov-N249-cl9t034h/.coverage-corpus/input-123 base: bad argument
- /tmp/silent-wuffs-cov-N249-cl9t034h/.coverage-corpus/input-124 base: bad argument
- /tmp/silent-wuffs-cov-N249-cl9t034h/.coverage-corpus/input-125 base: unsupported pixel swizzler option
- /tmp/silent-wuffs-cov-N249-cl9t034h/.coverage-corpus/input-126 ok
- /tmp/silent-wuffs-cov-N249-cl9t034h/.coverage-corpus/input-127 base: bad argument
PASS: 128 files processed

GCOV coverage-probe-0-pixel_swizzler_fuzzer.gcda
File 'fuzz/c/std/pixel_swizzler_fuzzer.c'
Lines executed:90.05% of 191

File 'fuzz/c/fuzzlib/fuzzlib.c'
Lines executed:38.86% of 193

File 'release/c/wuffs-unsupported-snapshot.c'
Lines executed:31.64% of 7425

File '/usr/lib/gcc/x86_64-linux-gnu/13/include/avxintrin.h'
Lines executed:100.00% of 5

File '/usr/lib/gcc/x86_64-linux-gnu/13/include/avx2intrin.h'
Lines executed:100.00% of 16

File '/usr/lib/gcc/x86_64-linux-gnu/13/include/emmintrin.h'
Lines executed:100.00% of 6

File '/usr/lib/gcc/x86_64-linux-gnu/13/include/tmmintrin.h'
Lines executed:100.00% of 1

File '/usr/lib/gcc/x86_64-linux-gnu/13/include/pmmintrin.h'
Lines executed:100.00% of 1

File '/usr/lib/gcc/x86_64-linux-gnu/13/include/cpuid.h'
Lines executed:84.21% of 19

Creating 'coverage-probe-0-pixel_swizzler_fuzzer.gcov.json.gz'
Lines executed:33.61% of 7857
"
N249,S1_H1,"PASS
BUILD fuzz/c/std/pixel_swizzler_fuzzer.c exit=0

RUN fuzz/c/std/pixel_swizzler_fuzzer.c exit=0
6_s08/.coverage-corpus/input-093 ok
- /tmp/silent-wuffs-cov-N249-yjw6_s08/.coverage-corpus/input-094 base: bad argument
- /tmp/silent-wuffs-cov-N249-yjw6_s08/.coverage-corpus/input-095 base: bad argument
- /tmp/silent-wuffs-cov-N249-yjw6_s08/.coverage-corpus/input-096 base: bad argument
- /tmp/silent-wuffs-cov-N249-yjw6_s08/.coverage-corpus/input-097 base: bad argument
- /tmp/silent-wuffs-cov-N249-yjw6_s08/.coverage-corpus/input-098 base: bad argument
- /tmp/silent-wuffs-cov-N249-yjw6_s08/.coverage-corpus/input-099 base: bad argument
- /tmp/silent-wuffs-cov-N249-yjw6_s08/.coverage-corpus/input-100 base: unsupported pixel swizzler option
- /tmp/silent-wuffs-cov-N249-yjw6_s08/.coverage-corpus/input-101 base: unsupported pixel swizzler option
- /tmp/silent-wuffs-cov-N249-yjw6_s08/.coverage-corpus/input-102 base: bad argument
- /tmp/silent-wuffs-cov-N249-yjw6_s08/.coverage-corpus/input-103 base: bad argument
- /tmp/silent-wuffs-cov-N249-yjw6_s08/.coverage-corpus/input-104 ok
- /tmp/silent-wuffs-cov-N249-yjw6_s08/.coverage-corpus/input-105 base: bad argument
- /tmp/silent-wuffs-cov-N249-yjw6_s08/.coverage-corpus/input-106 base: bad argument
- /tmp/silent-wuffs-cov-N249-yjw6_s08/.coverage-corpus/input-107 ok
- /tmp/silent-wuffs-cov-N249-yjw6_s08/.coverage-corpus/input-108 ok
- /tmp/silent-wuffs-cov-N249-yjw6_s08/.coverage-corpus/input-109 base: bad argument
- /tmp/silent-wuffs-cov-N249-yjw6_s08/.coverage-corpus/input-110 base: unsupported pixel swizzler option
- /tmp/silent-wuffs-cov-N249-yjw6_s08/.coverage-corpus/input-111 ok
- /tmp/silent-wuffs-cov-N249-yjw6_s08/.coverage-corpus/input-112 base: bad argument
- /tmp/silent-wuffs-cov-N249-yjw6_s08/.coverage-corpus/input-113 base: bad argument
- /tmp/silent-wuffs-cov-N249-yjw6_s08/.coverage-corpus/input-114 base: unsupported pixel swizzler option
- /tmp/silent-wuffs-cov-N249-yjw6_s08/.coverage-corpus/input-115 base: bad argument
- /tmp/silent-wuffs-cov-N249-yjw6_s08/.coverage-corpus/input-116 ok
- /tmp/silent-wuffs-cov-N249-yjw6_s08/.coverage-corpus/input-117 base: unsupported pixel swizzler option
- /tmp/silent-wuffs-cov-N249-yjw6_s08/.coverage-corpus/input-118 base: bad argument
- /tmp/silent-wuffs-cov-N249-yjw6_s08/.coverage-corpus/input-119 base: unsupported pixel swizzler option
- /tmp/silent-wuffs-cov-N249-yjw6_s08/.coverage-corpus/input-120 base: unsupported pixel swizzler option
- /tmp/silent-wuffs-cov-N249-yjw6_s08/.coverage-corpus/input-121 ok
- /tmp/silent-wuffs-cov-N249-yjw6_s08/.coverage-corpus/input-122 base: unsupported pixel swizzler option
- /tmp/silent-wuffs-cov-N249-yjw6_s08/.coverage-corpus/input-123 base: unsupported pixel swizzler option
- /tmp/silent-wuffs-cov-N249-yjw6_s08/.coverage-corpus/input-124 base: unsupported pixel swizzler option
- /tmp/silent-wuffs-cov-N249-yjw6_s08/.coverage-corpus/input-125 ok
- /tmp/silent-wuffs-cov-N249-yjw6_s08/.coverage-corpus/input-126 ok
- /tmp/silent-wuffs-cov-N249-yjw6_s08/.coverage-corpus/input-127 base: bad argument
PASS: 128 files processed

GCOV coverage-probe-0-pixel_swizzler_fuzzer.gcda
File 'fuzz/c/std/pixel_swizzler_fuzzer.c'
Lines executed:90.05% of 191

File 'fuzz/c/fuzzlib/fuzzlib.c'
Lines executed:38.86% of 193

File 'release/c/wuffs-unsupported-snapshot.c'
Lines executed:29.79% of 7425

File '/usr/lib/gcc/x86_64-linux-gnu/13/include/avxintrin.h'
Lines executed:100.00% of 5

File '/usr/lib/gcc/x86_64-linux-gnu/13/include/avx2intrin.h'
Lines executed:100.00% of 16

File '/usr/lib/gcc/x86_64-linux-gnu/13/include/emmintrin.h'
Lines executed:100.00% of 6

File '/usr/lib/gcc/x86_64-linux-gnu/13/include/tmmintrin.h'
Lines executed:100.00% of 1

File '/usr/lib/gcc/x86_64-linux-gnu/13/include/pmmintrin.h'
Lines executed:100.00% of 1

File '/usr/lib/gcc/x86_64-linux-gnu/13/include/cpuid.h'
Lines executed:84.21% of 19

Creating 'coverage-probe-0-pixel_swizzler_fuzzer.gcov.json.gz'
Lines executed:31.87% of 7857
"
N250,S1_H0,"PASS
BUILD fuzz/c/std/pixel_swizzler_fuzzer.c exit=0

RUN fuzz/c/std/pixel_swizzler_fuzzer.c exit=0
4av44/.coverage-corpus/input-093 ok
- /tmp/silent-wuffs-cov-N250-ets4av44/.coverage-corpus/input-094 base: bad argument
- /tmp/silent-wuffs-cov-N250-ets4av44/.coverage-corpus/input-095 base: bad argument
- /tmp/silent-wuffs-cov-N250-ets4av44/.coverage-corpus/input-096 base: bad argument
- /tmp/silent-wuffs-cov-N250-ets4av44/.coverage-corpus/input-097 base: bad argument
- /tmp/silent-wuffs-cov-N250-ets4av44/.coverage-corpus/input-098 base: bad argument
- /tmp/silent-wuffs-cov-N250-ets4av44/.coverage-corpus/input-099 base: bad argument
- /tmp/silent-wuffs-cov-N250-ets4av44/.coverage-corpus/input-100 base: unsupported pixel swizzler option
- /tmp/silent-wuffs-cov-N250-ets4av44/.coverage-corpus/input-101 base: unsupported pixel swizzler option
- /tmp/silent-wuffs-cov-N250-ets4av44/.coverage-corpus/input-102 base: bad argument
- /tmp/silent-wuffs-cov-N250-ets4av44/.coverage-corpus/input-103 base: bad argument
- /tmp/silent-wuffs-cov-N250-ets4av44/.coverage-corpus/input-104 ok
- /tmp/silent-wuffs-cov-N250-ets4av44/.coverage-corpus/input-105 base: bad argument
- /tmp/silent-wuffs-cov-N250-ets4av44/.coverage-corpus/input-106 base: bad argument
- /tmp/silent-wuffs-cov-N250-ets4av44/.coverage-corpus/input-107 ok
- /tmp/silent-wuffs-cov-N250-ets4av44/.coverage-corpus/input-108 ok
- /tmp/silent-wuffs-cov-N250-ets4av44/.coverage-corpus/input-109 base: bad argument
- /tmp/silent-wuffs-cov-N250-ets4av44/.coverage-corpus/input-110 base: unsupported pixel swizzler option
- /tmp/silent-wuffs-cov-N250-ets4av44/.coverage-corpus/input-111 ok
- /tmp/silent-wuffs-cov-N250-ets4av44/.coverage-corpus/input-112 base: bad argument
- /tmp/silent-wuffs-cov-N250-ets4av44/.coverage-corpus/input-113 base: bad argument
- /tmp/silent-wuffs-cov-N250-ets4av44/.coverage-corpus/input-114 base: unsupported pixel swizzler option
- /tmp/silent-wuffs-cov-N250-ets4av44/.coverage-corpus/input-115 base: bad argument
- /tmp/silent-wuffs-cov-N250-ets4av44/.coverage-corpus/input-116 ok
- /tmp/silent-wuffs-cov-N250-ets4av44/.coverage-corpus/input-117 base: unsupported pixel swizzler option
- /tmp/silent-wuffs-cov-N250-ets4av44/.coverage-corpus/input-118 base: bad argument
- /tmp/silent-wuffs-cov-N250-ets4av44/.coverage-corpus/input-119 base: unsupported pixel swizzler option
- /tmp/silent-wuffs-cov-N250-ets4av44/.coverage-corpus/input-120 base: unsupported pixel swizzler option
- /tmp/silent-wuffs-cov-N250-ets4av44/.coverage-corpus/input-121 ok
- /tmp/silent-wuffs-cov-N250-ets4av44/.coverage-corpus/input-122 base: unsupported pixel swizzler option
- /tmp/silent-wuffs-cov-N250-ets4av44/.coverage-corpus/input-123 base: unsupported pixel swizzler option
- /tmp/silent-wuffs-cov-N250-ets4av44/.coverage-corpus/input-124 base: unsupported pixel swizzler option
- /tmp/silent-wuffs-cov-N250-ets4av44/.coverage-corpus/input-125 ok
- /tmp/silent-wuffs-cov-N250-ets4av44/.coverage-corpus/input-126 ok
- /tmp/silent-wuffs-cov-N250-ets4av44/.coverage-corpus/input-127 base: bad argument
PASS: 128 files processed

GCOV coverage-probe-0-pixel_swizzler_fuzzer.gcda
File 'fuzz/c/std/pixel_swizzler_fuzzer.c'
Lines executed:90.05% of 191

File 'fuzz/c/fuzzlib/fuzzlib.c'
Lines executed:38.86% of 193

File 'release/c/wuffs-unsupported-snapshot.c'
Lines executed:30.36% of 7496

File '/usr/lib/gcc/x86_64-linux-gnu/13/include/avxintrin.h'
Lines executed:100.00% of 5

File '/usr/lib/gcc/x86_64-linux-gnu/13/include/avx2intrin.h'
Lines executed:100.00% of 16

File '/usr/lib/gcc/x86_64-linux-gnu/13/include/emmintrin.h'
Lines executed:100.00% of 6

File '/usr/lib/gcc/x86_64-linux-gnu/13/include/tmmintrin.h'
Lines executed:100.00% of 1

File '/usr/lib/gcc/x86_64-linux-gnu/13/include/pmmintrin.h'
Lines executed:100.00% of 1

File '/usr/lib/gcc/x86_64-linux-gnu/13/include/cpuid.h'
Lines executed:84.21% of 19

Creating 'coverage-probe-0-pixel_swizzler_fuzzer.gcov.json.gz'
Lines executed:32.39% of 7928
"
N250,S1_H1,"PASS
BUILD fuzz/c/std/pixel_swizzler_fuzzer.c exit=0

RUN fuzz/c/std/pixel_swizzler_fuzzer.c exit=0
jqxf9/.coverage-corpus/input-093 ok
- /tmp/silent-wuffs-cov-N250-uq5jqxf9/.coverage-corpus/input-094 base: bad argument
- /tmp/silent-wuffs-cov-N250-uq5jqxf9/.coverage-corpus/input-095 base: bad argument
- /tmp/silent-wuffs-cov-N250-uq5jqxf9/.coverage-corpus/input-096 base: bad argument
- /tmp/silent-wuffs-cov-N250-uq5jqxf9/.coverage-corpus/input-097 base: bad argument
- /tmp/silent-wuffs-cov-N250-uq5jqxf9/.coverage-corpus/input-098 base: bad argument
- /tmp/silent-wuffs-cov-N250-uq5jqxf9/.coverage-corpus/input-099 base: bad argument
- /tmp/silent-wuffs-cov-N250-uq5jqxf9/.coverage-corpus/input-100 base: unsupported pixel swizzler option
- /tmp/silent-wuffs-cov-N250-uq5jqxf9/.coverage-corpus/input-101 base: unsupported pixel swizzler option
- /tmp/silent-wuffs-cov-N250-uq5jqxf9/.coverage-corpus/input-102 base: bad argument
- /tmp/silent-wuffs-cov-N250-uq5jqxf9/.coverage-corpus/input-103 base: bad argument
- /tmp/silent-wuffs-cov-N250-uq5jqxf9/.coverage-corpus/input-104 ok
- /tmp/silent-wuffs-cov-N250-uq5jqxf9/.coverage-corpus/input-105 base: bad argument
- /tmp/silent-wuffs-cov-N250-uq5jqxf9/.coverage-corpus/input-106 base: bad argument
- /tmp/silent-wuffs-cov-N250-uq5jqxf9/.coverage-corpus/input-107 ok
- /tmp/silent-wuffs-cov-N250-uq5jqxf9/.coverage-corpus/input-108 ok
- /tmp/silent-wuffs-cov-N250-uq5jqxf9/.coverage-corpus/input-109 base: bad argument
- /tmp/silent-wuffs-cov-N250-uq5jqxf9/.coverage-corpus/input-110 base: unsupported pixel swizzler option
- /tmp/silent-wuffs-cov-N250-uq5jqxf9/.coverage-corpus/input-111 ok
- /tmp/silent-wuffs-cov-N250-uq5jqxf9/.coverage-corpus/input-112 base: bad argument
- /tmp/silent-wuffs-cov-N250-uq5jqxf9/.coverage-corpus/input-113 base: bad argument
- /tmp/silent-wuffs-cov-N250-uq5jqxf9/.coverage-corpus/input-114 base: unsupported pixel swizzler option
- /tmp/silent-wuffs-cov-N250-uq5jqxf9/.coverage-corpus/input-115 base: bad argument
- /tmp/silent-wuffs-cov-N250-uq5jqxf9/.coverage-corpus/input-116 ok
- /tmp/silent-wuffs-cov-N250-uq5jqxf9/.coverage-corpus/input-117 base: unsupported pixel swizzler option
- /tmp/silent-wuffs-cov-N250-uq5jqxf9/.coverage-corpus/input-118 base: bad argument
- /tmp/silent-wuffs-cov-N250-uq5jqxf9/.coverage-corpus/input-119 base: unsupported pixel swizzler option
- /tmp/silent-wuffs-cov-N250-uq5jqxf9/.coverage-corpus/input-120 base: unsupported pixel swizzler option
- /tmp/silent-wuffs-cov-N250-uq5jqxf9/.coverage-corpus/input-121 ok
- /tmp/silent-wuffs-cov-N250-uq5jqxf9/.coverage-corpus/input-122 base: unsupported pixel swizzler option
- /tmp/silent-wuffs-cov-N250-uq5jqxf9/.coverage-corpus/input-123 base: unsupported pixel swizzler option
- /tmp/silent-wuffs-cov-N250-uq5jqxf9/.coverage-corpus/input-124 base: unsupported pixel swizzler option
- /tmp/silent-wuffs-cov-N250-uq5jqxf9/.coverage-corpus/input-125 ok
- /tmp/silent-wuffs-cov-N250-uq5jqxf9/.coverage-corpus/input-126 ok
- /tmp/silent-wuffs-cov-N250-uq5jqxf9/.coverage-corpus/input-127 base: bad argument
PASS: 128 files processed

GCOV coverage-probe-0-pixel_swizzler_fuzzer.gcda
File 'fuzz/c/std/pixel_swizzler_fuzzer.c'
Lines executed:90.05% of 191

File 'fuzz/c/fuzzlib/fuzzlib.c'
Lines executed:38.86% of 193

File 'release/c/wuffs-unsupported-snapshot.c'
Lines executed:29.91% of 7496

File '/usr/lib/gcc/x86_64-linux-gnu/13/include/avxintrin.h'
Lines executed:100.00% of 5

File '/usr/lib/gcc/x86_64-linux-gnu/13/include/avx2intrin.h'
Lines executed:100.00% of 16

File '/usr/lib/gcc/x86_64-linux-gnu/13/include/emmintrin.h'
Lines executed:100.00% of 6

File '/usr/lib/gcc/x86_64-linux-gnu/13/include/tmmintrin.h'
Lines executed:100.00% of 1

File '/usr/lib/gcc/x86_64-linux-gnu/13/include/pmmintrin.h'
Lines executed:100.00% of 1

File '/usr/lib/gcc/x86_64-linux-gnu/13/include/cpuid.h'
Lines executed:84.21% of 19

Creating 'coverage-probe-0-pixel_swizzler_fuzzer.gcov.json.gz'
Lines executed:31.96% of 7928
"
