case_id,internal_id,project,commit,parent,timestamp,harness_id,label,positive_type,negative_type,build_h0,runtime_h0,changed_coverage_h0,changed_coverage_h1,reachability_h0,reachability_h1,evidence_type,evidence_summary,audit_status,actual_maintenance_needed,negative_stratum,build_only_prediction,build_only_outcome,gap_only_prediction,gap_only_outcome,evolution_aware_prediction,evolution_aware_outcome,gap_only_reason,gap_only_evidence,evolution_gap_exists,evolution_commit_induced,evolution_confidence,evolution_reason,evolution_evidence
C001,N242,wuffs,74a6ea2fcde0eaa9476d4b6bf8004bef966611d2,80b1988237b95e2ac8c8a86953f3b427ec076669,2023-10-05T23:30:42+11:00,fuzz/c/fuzzlib/fuzzlib.c,VERIFIED_NEGATIVE,,N1,PASS,PASS,NOT_MEASURED,NOT_MEASURED,NOT_MEASURED,NOT_MEASURED,three_way_build_runtime_and_code_audit,License-text-only change; no executable source or harness semantics change.,FROZEN_VALID,NO,COEVOLUTION_HARD,NO,TN,NO,TN,NO,TN,"The supplied S0-to-S1 production diff changes only license-header comments. It introduces or modifies no executable entry point, API protocol, state, configuration, input semantics, or attack surface for H0 to exercise.","[""Every shown production hunk replaces the Apache-2.0 comment block with an Apache-2.0-or-MIT comment block."", ""The executable identifiers visible beside the changes—including wuffs_base__parse_number_xxx, wuffs_base__pixel_swizzler, decoder.decode_huffman_fast, and decoder.filter_and_swizzle—occur only in unchanged context; no function body or declaration is changed."", ""The generated release file release/c/wuffs-unsupported-snapshot.c likewise changes only its copyright/license comment, leaving includes, configuration guards, and code unchanged.""]",False,NO,100,"The S0-to-S1 diff changes only license-header comments, replacing Apache-2.0 boilerplate with Apache-2.0-or-MIT text. It changes no executable code, entry point, API protocol, state, configuration, input semantics, or attack surface, so S1 + H0 has no material harness gap attributable to this commit.","[""Every shown production hunk modifies only leading comment lines beginning with `// Licensed under`; no function body or declaration changes are present."", ""Executable identifiers exercised by H0, including `LLVMFuzzerTestOneInput`, `fuzz_image_decoder`, `wuffs_bzip2__decoder__transform_io`, `wuffs_cbor__decoder__decode_tokens`, `wuffs_json__decoder__decode_tokens`, and `wuffs_base__pixel_swizzler__swizzle_ycck`, are unchanged by the diff."", ""The generated source `release/c/wuffs-unsupported-snapshot.c` likewise changes only its copyright/license comment block.""]"
C002,N216,wuffs,d7f434c6e454531c4a029c54f2067701270fe77b,6974c4d62984f76eb67e6c047df2ac4a8c71e6d5,2019-02-23T14:29:16+11:00,fuzz/c/std/gif_fuzzer.c,VERIFIED_SILENT_POSITIVE,VP5,,PASS,PASS,0.142857,0.142857,NOT_OBSERVED,OBSERVED,dynamic_coverage_and_code,historical oracle placement and three-way run,FROZEN_VALID,YES,,NO,FN,NO,FN,NO,FN,"H0 already exercises the changed malformed-input semantics through the ordinary GIF frame-decoding path. Arbitrary input can describe a non-empty frame whose LZW data ends before filling `frame_rect`; `fuzz` repeatedly calls `wuffs_gif__decoder__decode_frame`, which reaches `wuffs_gif__decoder__decode_id_part2` and observes the new `wuffs_base__error__not_enough_data` status. The change introduces no separate entry point, configuration, or caller protocol that H0 must add.","[""S1 adds the check `self->private_impl.f_dst_y < self->private_impl.f_frame_rect_y1` with non-empty `f_frame_rect` dimensions at the end of `wuffs_gif__decoder__decode_id_part2`."", ""On that condition, S1 returns `wuffs_base__error__not_enough_data`, so the behavior is driven by GIF pixel-data contents and frame dimensions already supplied by the fuzz input."", ""H0 obtains each `wuffs_base__frame_config` and then calls `wuffs_gif__decoder__decode_frame(&dec, &pb, src_reader, workbuf, NULL)` in a loop."", ""H0 propagates every non-null `decode_frame` status other than its explicit end-of-data handling, so the new error path is not suppressed.""]",False,NO,99,"The commit adds an end-of-image-data validation in decoder.decode_id_part2 / wuffs_gif__decoder__decode_id_part2 that returns wuffs_base__error__not_enough_data when a non-empty frame has insufficient decoded pixel rows. H0 already initializes wuffs_gif__decoder, accepts arbitrary input through src_reader, and repeatedly calls wuffs_gif__decoder__decode_frame, so malformed GIF image data can reach and control the new condition. This is validation/error handling within the existing decode protocol and needs no new entry point, state, configuration, or input semantics.","[""H0 calls wuffs_gif__decoder__initialize and wuffs_gif__decoder__decode_image_config before repeatedly invoking wuffs_gif__decoder__decode_frame with the fuzz-controlled src_reader."", ""The changed wuffs_gif__decoder__decode_id_part2 adds only a conditional check on f_dst_y, f_frame_rect_y1, f_frame_rect_x0, and f_frame_rect_x1, followed by wuffs_base__error__not_enough_data."", ""The corresponding decoder.decode_id_part2 change replaces the TODO for checking \""not enough pixel data\"" with the validation and return of base.\""?not enough data\""."", ""H0 propagates any decode_frame status other than an accepted end-of-data warning through ret, so the newly added error is observable.""]"
C003,N215,wuffs,0842bc71157ce7a2cc875dea5dcb167b4177cfa8,f8daf3d219f42303eae7bb65a4225acd3b5a9519,2019-02-09T13:56:24+11:00,fuzz/c/std/gif_fuzzer.c,VERIFIED_SILENT_POSITIVE,VP5,,PASS,PASS,0.333333,1.000000,NOT_OBSERVED,OBSERVED,dynamic_coverage_and_code,dynamic changed-line coverage 2/6 -> 6/6 plus oracle diff,FROZEN_VALID,YES,,NO,FN,YES,TP,YES,TP,"H0 calls decode_image_config and then repeatedly calls decode_frame, but never exercises decode_frame_config or observes frame_dirty_rect. S1 moves f_dirty_y initialization from decode_image_config to decode_frame_config and clamps frame_dirty_rect's X bounds to f_width. Therefore H0 misses the per-frame configuration/state transition and cannot validate dirty-rectangle behavior across frames, including the invariant that its X coordinates do not exceed the image width.","[""H0 invokes wuffs_gif__decoder__decode_image_config once and wuffs_gif__decoder__decode_frame in a loop."", ""H0 contains no call to wuffs_gif__decoder__decode_frame_config."", ""H0 contains no call to wuffs_gif__decoder__frame_dirty_rect."", ""S1 removes the memset of self->private_impl.f_dirty_y from wuffs_gif__decoder__decode_image_config."", ""S1 adds that memset at the start of wuffs_gif__decoder__decode_frame_config."", ""S1 changes wuffs_gif__decoder__frame_dirty_rect to apply wuffs_base__u32__min with self->private_impl.f_width to f_frame_rect_x0 and f_frame_rect_x1.""]",True,YES,91,"H0 calls wuffs_gif__decoder__decode_image_config and wuffs_gif__decoder__decode_frame, but never calls wuffs_gif__decoder__decode_frame_config or wuffs_gif__decoder__frame_dirty_rect. S1 moves the f_dirty_y reset from decode_image_config, which H0 directly reaches, to decode_frame_config, which H0 omits, and adds width clamping in frame_dirty_rect, whose result H0 never observes. Thus H0 lacks control and observation of the newly changed per-frame dirty-rectangle state protocol. This gap is commit-induced because S0 performed the reset in H0's existing decode_image_config path, while S1 relocates it outside that explicit path.","[""H0 explicitly invokes wuffs_gif__decoder__decode_image_config(&dec, &ic, src_reader)."", ""H0's frame loop invokes only wuffs_gif__decoder__decode_frame(&dec, &pb, src_reader, workbuf, NULL)."", ""S0 decode_image_config resets self->private_impl.f_dirty_y; S1 removes that reset."", ""S1 decode_frame_config adds a reset of self->private_impl.f_dirty_y at function entry."", ""H0 contains no invocation of wuffs_gif__decoder__decode_frame_config."", ""S1 frame_dirty_rect clamps f_frame_rect_x0 and f_frame_rect_x1 with f_width, but H0 never invokes frame_dirty_rect or inspects its returned rectangle.""]"
C004,S022,wuffs,99b8c1cb9e69459addae9d5567899126c14a83e2,623290ef87f657935f3b1b411a64dfb96baba1d4,2022-05-23T16:21:51+10:00,fuzz/c/std/bzip2_fuzzer.c,VERIFIED_NEGATIVE,,N1,PASS,PASS,NOT_MEASURED,NOT_MEASURED,NOT_MEASURED,NOT_MEASURED,three_way_build_runtime_and_code_audit,The Bzip2 quirk edit adds a comment only; decoder behavior and configuration are unchanged.,FROZEN_VALID,NO,SOURCE_ONLY,NO,TN,NO,TN,NO,TN,"No material fuzz-harness gap is visible. S1 only clarifies that base.QUIRK_IGNORE_CHECKSUM is unsupported; decoder.set_quirk_enabled! remains a no-op. H0 already calls the corresponding setter and fuzzes decoding through wuffs_bzip2__decoder__transform_io. Because S1 exposes no checksum-bypass behavior to exercise, the harness's misleading expectation about usually ignoring checksums does not constitute a missed reachable state or attack surface.","[""S1's complete decoder.set_quirk_enabled! body contains no executable statement and says, \""We do not support base.QUIRK_IGNORE_CHECKSUM.\"""", ""H0 invokes wuffs_bzip2__decoder__set_quirk_enabled(&dec, WUFFS_BASE__QUIRK_IGNORE_CHECKSUM, hash & 0xFFFE)."", ""H0 supplies fuzz input to wuffs_bzip2__decoder__transform_io and handles repeated wuffs_base__suspension__short_write results."", ""The diff changes only comments inside decoder.set_quirk_enabled! and introduces no new entry point, configuration, state transition, or input semantics.""]",False,NO,99,"The S0-to-S1 diff changes only the comment inside decoder.set_quirk_enabled!; its executable body remains empty. H0 already calls wuffs_bzip2__decoder__set_quirk_enabled and continues to exercise decoding through wuffs_bzip2__decoder__transform_io with fuzz-controlled source data, hash-controlled initialization flags, and checksum-quirk arguments. Therefore the commit neither changes the API protocol or configuration behavior nor removes harness reachability or input control.","[""In S0, decoder.set_quirk_enabled! contains only a TODO comment and no executable statement."", ""In S1, decoder.set_quirk_enabled! still contains only comments and no executable statement."", ""H0 invokes wuffs_bzip2__decoder__set_quirk_enabled(&dec, WUFFS_BASE__QUIRK_IGNORE_CHECKSUM, hash & 0xFFFE)."", ""H0 invokes wuffs_bzip2__decoder__transform_io(&dec, &dst, src, ...) in a loop and handles wuffs_base__suspension__short_write."", ""No entry point, signature, state transition, configuration implementation, input interpretation, or decoding attack surface changes in the supplied production diff.""]"
C005,N240,wuffs,94df43c530c8b81e8bd761c40742f6cb75f7f2df,56fae16567de5f5966ee77f6acaf8517cd23e262,2023-05-19T22:32:15+10:00,fuzz/c/std/pixel_swizzler_fuzzer.c,VERIFIED_EXPLICIT_POSITIVE,VP1,,FAIL,NOT_RUN,NOT_MEASURED,NOT_MEASURED,NOT_MEASURED,NOT_MEASURED,three_way_build_runtime,S1+H0 fails to build while S0+H0 and S1+H1 pass.,FROZEN_VALID,YES,,YES,TP,YES,TP,YES,TP,"H0 does not conform to S1's changed swizzle_ycck API and does not exercise the newly reachable triangle-filter branch. Its call ends with triangle_filter_for_2to1=false and supplies no scratch_buffer_2k argument, while S1 requires a scratch slice of at least 2048 bytes and enters the new upsampling implementation only when triangle_filter_for_2to1 is true with a qualifying inverse sampling ratio. Thus H0 both fails the new call protocol and misses fuzzing scratch-buffer boundaries and the memory-sensitive chunked upsampling path.","[""S1 adds wuffs_base__slice_u8 scratch_buffer_2k to wuffs_base__pixel_swizzler__swizzle_ycck, but fuzz_swizzle_ycck calls it with false as the final argument and no scratch slice."", ""S1 rejects calls when scratch_buffer_2k.len < 2048u, introducing a caller-controlled buffer contract absent from H0."", ""H0 fixes triangle_filter_for_2to1 to false; S1 dispatches to wuffs_base__pixel_swizzler__swizzle_ycc__general__triangle_filter only when that flag is true and has_triangle_upsampler accepts an inv_h/inv_v combination."", ""The new triangle path partitions scratch_buffer_2k.ptr into offsets 0 * 672, 1 * 672, and 2 * 672 and performs repeated writes in the h2, h3, and h4 upsamplers, making buffer size, placement, and chunk-boundary cases fuzz-worthy."", ""H0 limits width and height to 1..63, so it cannot exercise the triangle path's 672-pixel chunk boundary or multiple iterations of while (x < width)."", ""H0 fills each source plane using memset with one byte per plane, which substantially suppresses input variation through the new upsampling and color-conversion loops.""]",True,YES,99,"S1 changes wuffs_base__pixel_swizzler__swizzle_ycck by adding the required scratch_buffer_2k argument and rejecting slices shorter than 2048 bytes, while H0's fuzz_swizzle_ycck still uses the S0 call shape and supplies no scratch slice. S1 also makes triangle_filter_for_2to1 operational, but H0 always passes false despite its TODO to spend a hash bit, so the newly added triangle-filter path and its upsampling helpers are unreachable. S0 accepted H0's call and rejected every true triangle_filter_for_2to1 value as unsupported; therefore both gaps are introduced by this commit rather than historical.","[""S0 declares wuffs_base__pixel_swizzler__swizzle_ycck with triangle_filter_for_2to1 as its final parameter, matching H0's final false argument."", ""S1 appends wuffs_base__slice_u8 scratch_buffer_2k and checks scratch_buffer_2k.len < 2048u, but H0's call has no corresponding argument."", ""S1 dispatches to wuffs_base__pixel_swizzler__swizzle_ycc__general__triangle_filter only when triangle_filter_for_2to1 is true and wuffs_base__pixel_swizzler__has_triangle_upsampler matches."", ""H0 contains TODO: spend a hash bit for triangle_filter_for_2to1 and unconditionally passes false, preventing input control over the new behavior."", ""In S0, triangle_filter_for_2to1 was included in the unsupported-option check, so H0's fixed false did not omit a supported execution path before the commit.""]"
C006,S025,wuffs,bfc7fc2f458f70b4dadaa7877f05d63db4a249df,51bc60ef9298cb2efc1b29a9681191f66d49820d,2023-07-23T22:04:02+10:00,fuzz/c/std/jpeg_fuzzer.c,VERIFIED_NEGATIVE,,N1,PASS,PASS,NOT_MEASURED,NOT_MEASURED,NOT_MEASURED,NOT_MEASURED,three_way_build_runtime_and_code_audit,The JPEG AVX2 change adds a GCC explanatory comment only.,FROZEN_VALID,NO,SOURCE_ONLY,NO,TN,NO,TN,NO,TN,"The S0-to-S1 change only adds comments about GCC/Clang AVX2 benchmark history inside wuffs_base__pixel_swizzler__swizzle_ycck. It does not alter executable logic, an entry point, API protocol, state, configuration, input semantics, or attack surface, so it does not expose a material fuzz-harness gap in H0.","[""Both changed files add only the same three comment lines beginning with \""See commits\""."", ""The surrounding selection of wuffs_base__pixel_swizzler__swizzle_ycc__general__triangle_filter and wuffs_base__pixel_swizzler__swizzle_ycc__upsample_inv_h2v2_triangle_x86_avx2 is unchanged."", ""H0 already targets wuffs_jpeg__decoder through fuzz_image_decoder; the supplied diff introduces no new callable behavior or fuzz-controlled condition.""]",False,NO,100,"The commit changes only comments inside the GCC-specific preprocessor branch of wuffs_base__pixel_swizzler__swizzle_ycck. It does not change any entry point, API protocol, state, configuration, input semantics, attack surface, or executable behavior, so S1 + H0 has no material harness gap attributable to this commit.","[""H0 initializes wuffs_jpeg__decoder in fuzz and passes its wuffs_base__image_decoder upcast to fuzz_image_decoder."", ""In both internal/cgen/base/pixconv-submodule-ycck.c and release/c/wuffs-unsupported-snapshot.c, the only added lines are comments beginning with \""See commits\"" in wuffs_base__pixel_swizzler__swizzle_ycck."", ""The function signature, validation, pixel-format dispatch, triangle-filter selection, AVX2 selection, function invocation, and return status are identical between S0 and S1.""]"
C007,N244,wuffs,bdfbdf407e265a9c1b95b9b84d9de5f2ee8044de,0c9b700df0067263a5c025011f628f938a86a496,2024-03-27T19:03:11+11:00,fuzz/c/std/pixel_swizzler_fuzzer.c,VERIFIED_SILENT_POSITIVE,VP4,,PASS,PASS,0.000000,0.068000,NOT_REACHED,REACHED,dynamic_coverage_and_code,dynamic changed-line coverage 0/250 -> 17/250,FROZEN_VALID,YES,,NO,FN,YES,TP,YES,TP,"S1 adds extensive WUFFS_BASE__PIXEL_FORMAT__YA_NONPREMUL handling, but H0 never selects that format because it is absent from pixfmts. Consequently, neither YA_NONPREMUL source/destination swizzle configurations nor the newly accepted YA_NONPREMUL destination for swizzle_ycck are exercised. H0 also never directly invokes the changed pixel-buffer color getter/setter APIs.","[""H0's pixfmts array contains Y, Y_16BE, indexed, BGR, BGRA, RGB, and RGBA formats but not WUFFS_BASE__PIXEL_FORMAT__YA_NONPREMUL."", ""fuzz_swizzle_interleaved_from_slice derives both dst_pixfmt and src_pixfmt exclusively from pixfmts, so wuffs_private_impl__pixel_swizzler__prepare__ya_nonpremul and its YA-specific SRC/SRC_OVER conversion functions cannot be selected."", ""fuzz_swizzle_ycck also derives dst_pixfmt exclusively from pixfmts, while S1 specifically adds WUFFS_BASE__PIXEL_FORMAT__YA_NONPREMUL to wuffs_base__pixel_swizzler__swizzle_ycck's accepted destination-format switch."", ""S1 adds YA_NONPREMUL cases to wuffs_base__pixel_buffer__color_u32_at and wuffs_base__pixel_buffer__set_color_u32_at, including the new wuffs_base__color_u32_argb_premul__as__color_u16_alpha_gray_nonpremul conversion; H0 contains no direct calls to either pixel-buffer API.""]",True,YES,99,"S1 adds WUFFS_BASE__PIXEL_FORMAT__YA_NONPREMUL as a newly supported source and destination format, but H0's pixfmts array omits that identifier. Consequently fuzz_swizzle_interleaved_from_slice can never select YA_NONPREMUL for src_pixfmt or dst_pixfmt, so prepare__ya_nonpremul and all new YA swizzle implementations are unreachable. fuzz_swizzle_ycck likewise cannot select YA_NONPREMUL as dst_pixfmt, leaving the new YA destination branch untested. This gap did not exist in S0 because those YA support paths were introduced by S1.","[""H0 derives both dst_pixfmt and src_pixfmt exclusively from the pixfmts array in fuzz_swizzle_interleaved_from_slice."", ""H0's pixfmts contains Y, Y_16BE, indexed, BGR, BGRA, RGB, and RGBA formats, but not WUFFS_BASE__PIXEL_FORMAT__YA_NONPREMUL."", ""S1 adds a WUFFS_BASE__PIXEL_FORMAT__YA_NONPREMUL case to wuffs_base__pixel_swizzler__prepare, dispatching to the new wuffs_private_impl__pixel_swizzler__prepare__ya_nonpremul."", ""S1 adds multiple YA_NONPREMUL conversion implementations for both WUFFS_BASE__PIXEL_BLEND__SRC and WUFFS_BASE__PIXEL_BLEND__SRC_OVER."", ""H0's fuzz_swizzle_ycck also derives dst_pixfmt from the same pixfmts array, while S1 newly admits YA_NONPREMUL in wuffs_base__pixel_swizzler__swizzle_ycck."", ""S1 adds YA_NONPREMUL cases to wuffs_base__pixel_buffer__color_u32_at and wuffs_base__pixel_buffer__set_color_u32_at, but H0 constructs no YA_NONPREMUL pixel buffer.""]"
C008,N025,mbedtls,72da8b35210342c547a484c8e76a8d33daa1ca6f,abf0be392ab3ee13d51b3130907fdeec9930cbbf,2024-02-22T12:07:29+01:00,programs/fuzz/fuzz_client.c,VERIFIED_NEGATIVE,,N1,PASS,PASS,NOT_MEASURED,NOT_MEASURED,NOT_MEASURED,NOT_MEASURED,three_way_build_runtime_and_code_audit,Removal of an unused private-field-access define changes no fuzz target behavior.,FROZEN_VALID,NO,COEVOLUTION_HARD,NO,TN,NO,TN,NO,TN,"The only S0-to-S1 change removes the file-scope definition of MBEDTLS_ALLOW_PRIVATE_ACCESS from programs/ssl/ssl_test_lib.c. No function body, entry point, API protocol, state transition, configuration path, input semantics, or attack surface changes are shown, so the supplied change does not expose a material fuzz-harness gap in H0.","[""The complete diff contains only the deletion of `#define MBEDTLS_ALLOW_PRIVATE_ACCESS`."", ""No changed function is present in the supplied `--function-context` diff."", ""H0 already defines `MBEDTLS_ALLOW_PRIVATE_ACCESS` independently in each listed fuzz source, including `fuzz_client.c`, `fuzz_dtlsclient.c`, `fuzz_server.c`, `fuzz_x509crl.c`, `fuzz_x509crt.c`, and `fuzz_x509csr.c`.""]",False,NO,99,"S1 only removes the file-local `MBEDTLS_ALLOW_PRIVATE_ACCESS` definition from `programs/ssl/ssl_test_lib.c`; it changes no function, entry point, API protocol, state, configuration, input semantics, or attack surface exercised by H0. Every supplied harness independently defines `MBEDTLS_ALLOW_PRIVATE_ACCESS` before including Mbed TLS headers, so its access and input control are unchanged from S0 + H0 to S1 + H0.","[""The complete S0-to-S1 diff contains one deletion: `#define MBEDTLS_ALLOW_PRIVATE_ACCESS` in `programs/ssl/ssl_test_lib.c`."", ""No changed-function body or production function identifier appears in the diff."", ""Each H0 source shown begins with its own `#define MBEDTLS_ALLOW_PRIVATE_ACCESS`, including `fuzz_client.c`, `fuzz_dtlsclient.c`, `fuzz_server.c`, `fuzz_x509crl.c`, `fuzz_x509crt.c`, and `fuzz_x509csr.c`."", ""H0 continues to drive its existing entry points such as `mbedtls_ssl_handshake`, `mbedtls_ssl_read`, and the `mbedtls_x509_*_parse` functions with the same state, configuration, and fuzz-input mappings.""]"
C009,N211,wuffs,670b45be53be4c6ddd4d5183b307092ea041915e,fc66207b5913bfafe45bde6d597e9902163ca147,2019-02-02T08:10:08+11:00,fuzz/c/std/gif_fuzzer.c,VERIFIED_NEGATIVE,,N1,PASS,PASS,NOT_MEASURED,NOT_MEASURED,NOT_MEASURED,NOT_MEASURED,three_way_build_runtime_and_code_audit,Comment separators only; no executable behavior or harness requirement changes.,FROZEN_VALID,NO,COEVOLUTION_HARD,NO,TN,NO,TN,NO,TN,"The S0-to-S1 diff contains only comment formatting changes in three script files and does not modify any production function, API protocol, state, configuration, input semantics, or attack surface. Therefore it does not expose a material fuzz-harness gap in H0.","[""script/adler32-standalone.c only adds a \""// ----------------\"" comment separator."", ""script/bench-c-deflate-fragmentation.c only adds a \""// ----------------\"" comment separator."", ""script/wuffs-deflate-decoder-decode-huffman.c only changes comment separators and blank comment lines; its documented wuffs_deflate__decoder__decode_huffman_fast substitution remains explicitly non-production benchmark guidance."", ""No executable statement or function body is changed, while H0 continues to exercise wuffs_gif__decoder__decode_image_config, wuffs_gif__decoder__decode_frame, and wuffs_zlib__decoder__decode_io_writer.""]",False,NO,100,"The S0-to-S1 diff changes only comments in three script files and does not change any entry point, API protocol, state, configuration, input semantics, attack surface, or executable function body. H0 therefore retains the same coverage relationship to S1 as it had to S0.","[""script/adler32-standalone.c only adds the comment separator \""// ----------------\""."", ""script/bench-c-deflate-fragmentation.c only adds the comment separator \""// ----------------\""."", ""script/wuffs-deflate-decoder-decode-huffman.c only changes comment formatting and separator lines."", ""The harness entry points fuzz in fuzz/c/std/gif_fuzzer.c and fuzz/c/std/zlib_fuzzer.c are unaffected by every shown change.""]"
C010,S018,wuffs,d40b7fbd7e6a93f9a83c8a95ec3d4eb6554c941d,016436410678ffe0651992203deb355b80aa8c24,2023-12-15T10:25:39+11:00,fuzz/c/std/png_fuzzer.c,VERIFIED_NEGATIVE,,N1,PASS,PASS,NOT_MEASURED,NOT_MEASURED,NOT_MEASURED,NOT_MEASURED,three_way_build_runtime_and_code_audit,An unused internal PNG status constant is removed; no decoder behavior or requirement changes.,FROZEN_VALID,NO,SOURCE_ONLY,NO,TN,NO,TN,NO,TN,"S1 only removes the private status `wuffs_png__error__internal_error_inconsistent_frame_bounds` and its source declaration `pri status ""#internal error: inconsistent frame bounds""`. No decoder function, entry point, API protocol, state transition, configuration, input interpretation, or attack surface changes. H0 already initializes `wuffs_png__decoder` and exercises it through `fuzz_image_decoder`, so the supplied change exposes no fuzz-worthy gap.","[""`release/c/wuffs-unsupported-snapshot.c` removes only `wuffs_png__error__internal_error_inconsistent_frame_bounds`."", ""`std/png/common_consts.wuffs` removes only `pri status \""#internal error: inconsistent frame bounds\""`."", ""The diff contains no changed function body or newly introduced callable interface."", ""H0 invokes `wuffs_png__decoder__initialize` and passes the decoder to `fuzz_image_decoder` through `wuffs_png__decoder__upcast_as__wuffs_base__image_decoder`.""]",False,NO,99,"S1 only removes the unused internal status identifier ""#internal error: inconsistent frame bounds"" and its generated C constant wuffs_png__error__internal_error_inconsistent_frame_bounds. No entry point, API protocol, state, configuration, input semantics, attack surface, or changed function body is present. H0 still initializes wuffs_png__decoder through wuffs_png__decoder__initialize and exercises it through fuzz_image_decoder with hash-controlled initialization flags and decoder behavior.","[""release/c/wuffs-unsupported-snapshot.c removes only the constant wuffs_png__error__internal_error_inconsistent_frame_bounds."", ""std/png/common_consts.wuffs removes only pri status \""#internal error: inconsistent frame bounds\""."", ""The diff contains no changed functions or behavioral logic."", ""H0 invokes wuffs_png__decoder__initialize and passes the decoder's wuffs_base__image_decoder upcast to fuzz_image_decoder.""]"
C011,N128,solidity,638072e8870fdcdb08f4623d21f95d56875cb51f,156871c22b10eedd5c315495c1cd2dcd4289da85,2023-11-23T06:13:25+01:00,test/tools/ossfuzz/strictasm_diff_ossfuzz.cpp,VERIFIED_SILENT_POSITIVE,VP3,,PASS,PASS,0.000000,1.000000,NOT_REACHED,REACHED,dynamic_coverage_and_code,real OptimiserSettings.h probe and coverage 0/8 -> 8/8,FROZEN_VALID,YES,,NO,FN,YES,TP,YES,TP,"H0 does not fuzz optimizer-sequence text directly. It derives `optSequence` only from `_size` through `randomYulOptimiserSequence`, whose source alphabet is `DefaultYulOptimiserSteps`. Consequently, it cannot exercise arbitrary invalid characters handled by the new `removeInvalidCharacters` API or unknown abbreviations handled in `runSequence`, and it provides very limited coverage of bracket/colon normalization in `createValidSequence`.","[""H0 calls `randomYulOptimiserSequence(_size)` and passes its result to `OptimiserSettings::fuzz`; no input bytes are used as `yulOptimiserSteps`."", ""H0 rejects `_size > 600`, so optimizer configuration is selected from at most 601 deterministic size seeds rather than arbitrary fuzzer-controlled sequence strings."", ""`generateRandomPermutation` begins with `DefaultYulOptimiserSteps`, so generated characters already belong to the optimizer sequence alphabet and cannot contain arbitrary characters targeted by `removeInvalidCharacters`."", ""S1 adds `OptimiserSettings::removeInvalidCharacters(const std::string& _input)` with explicit filtering through `validCharacters`."", ""S1 changes `OptimiserSuite::runSequence` to catch `std::out_of_range` from `stepAbbreviationToNameMap().at(abbreviation)`, a path requiring an unknown abbreviation that H0's generated alphabet does not supply."", ""`createValidSequence` contains distinct unmatched-bracket and colon-handling logic, but H0 reaches it only through shuffled substrings of the fixed default sequence.""]",True,YES,86,"S1 adds the public string-processing entry point OptimiserSettings::removeInvalidCharacters, but H0 never invokes it or supplies independently controlled optimizer-sequence text. H0 derives settings solely through randomYulOptimiserSequence(_size), limiting optimizer configuration to permutations of DefaultYulOptimiserSteps selected by the 0–600 input size. Consequently it cannot exercise removeInvalidCharacters on arbitrary bytes or deliberately target the changed unknown-abbreviation path in OptimiserSuite::runSequence. This uncovered API and its input semantics did not exist in S0, so the material gap is commit-induced.","[""S1 newly defines OptimiserSettings::removeInvalidCharacters(const std::string& _input), which filters caller-controlled text using validCharacters."", ""H0 constructs optSequence only with OptimiserSettings::randomYulOptimiserSequence(_size) and passes it to OptimiserSettings::fuzz(optSequence); it never calls removeInvalidCharacters."", ""H0 rejects _size values above 600, so optimizer-sequence selection through _size has at most 601 seed values and is not byte-for-byte controlled by the fuzz input."", ""OptimiserSuite::runSequence changes abbreviationsToSteps to catch std::out_of_range for an abbreviation, while H0's sequence characters originate from DefaultYulOptimiserSteps rather than independently supplied sequence text."", ""The AsmAnalyzer::analyzeStrictAssertCorrect change only prints AsmPrinter output and does not itself require additional harness state or input control.""]"
C012,S005,wuffs,0ce35fefdeb17ad340132a816f51cc59dfbe613a,327a714118291a80f40d22e6307d295f20fc5a9a,2026-06-13T09:14:48+10:00,fuzz/c/std/webp_fuzzer.c,VERIFIED_NEGATIVE,,N3,PASS,PASS,NOT_MEASURED,NOT_MEASURED,NOT_MEASURED,NOT_MEASURED,three_way_build_runtime_and_code_audit,A cast avoids a sign-conversion warning; input semantics and VP8 decoder state are unchanged.,FROZEN_VALID,NO,SOURCE_ONLY,NO,TN,NO,TN,NO,TN,"H0 already fuzzes the implicated VP8 decoding path through wuffs_webp__decoder and fuzz_image_decoder. The changed operation computes the same wrapping unsigned addition for q when f_seg_enabled is true and f_seg_absolute is false; the source comment identifies the rewrite as avoiding a compiler sign-conversion diagnostic, not introducing a new entry point, protocol, state, configuration, or input semantic.","[""H0 compiles WUFFS_CONFIG__MODULE__VP8 and WUFFS_CONFIG__MODULE__WEBP."", ""fuzz initializes wuffs_webp__decoder and passes its wuffs_base__image_decoder upcast to fuzz_image_decoder with the fuzzed src buffer."", ""The changed wuffs_vp8__decoder__calculate_dequants branch depends on stream-derived segmentation and quantization fields including f_seg_enabled, f_seg_absolute, f_quant_yac_qi, and f_seg_quants."", ""Both S0 and S1 perform modulo addition of q and sign_extend_convert_u8_u32(f_seg_quants[v_seg]); S1 merely spells the assignment and uint32_t conversion explicitly.""]",False,NO,99,"S1 only rewrites the internal modular addition in calculate_dequants into an explicitly cast but equivalent form. H0 still initializes wuffs_webp__decoder and passes its image-decoder upcast plus the fuzzed src to fuzz_image_decoder, so WebP/VP8 input continues to exercise the calculation with adequate input-driven state. No entry point, API protocol, configuration, state setup, input semantics, or attack surface changed.","[""In decoder.calculate_dequants, `q ~mod+= sign_extend_convert_u8_u32(...)` becomes `q = (q as base.u32) ~mod+ sign_extend_convert_u8_u32(...)`; the supplied comment identifies the cast as redundant."", ""The generated wuffs_vp8__decoder__calculate_dequants change likewise replaces `v_q += ...` with an explicit uint32_t addition and assignment while preserving the same operands and downstream dequant calculations."", ""H0 enables WUFFS_CONFIG__MODULE__VP8 and WUFFS_CONFIG__MODULE__WEBP, initializes wuffs_webp__decoder, and invokes fuzz_image_decoder with its wuffs_base__image_decoder upcast."", ""The changed function remains internal to VP8 decoding and introduces no new callable entry point, mode, option, required state, or distinct input channel.""]"
C013,S002,wuffs,3fce6225c9b48790db86e5c3f7b9724c47c61662,46ac36bd7b6002ffc9eff18c44dd40abc8f63493,2026-07-09T17:08:58+10:00,fuzz/c/std/webp_fuzzer.c,VERIFIED_NEGATIVE,,N1,PASS,PASS,NOT_MEASURED,NOT_MEASURED,NOT_MEASURED,NOT_MEASURED,three_way_build_runtime_and_code_audit,VP8 reconstruction changes are comments only; generated executable decoder statements are unchanged.,FROZEN_VALID,NO,SOURCE_ONLY,NO,TN,NO,TN,NO,TN,"The supplied change does not introduce or alter a fuzz-worthy entry point, protocol, state, configuration, input semantics, or attack surface. Its executable change is a private helper rename from decode_block_coefficients to decode_subblock_coefficients with matching call-site updates; the expanded bodies are otherwise unchanged. H0 initializes wuffs_webp__decoder with both WUFFS_CONFIG__MODULE__WEBP and WUFFS_CONFIG__MODULE__VP8 enabled and passes it to fuzz_image_decoder, so VP8 coefficient decoding reachable through WebP remains within the harnessed decoding path.","[""H0 defines WUFFS_CONFIG__MODULE__VP8 and WUFFS_CONFIG__MODULE__WEBP."", ""H0 calls wuffs_webp__decoder__initialize and fuzz_image_decoder using wuffs_webp__decoder__upcast_as__wuffs_base__image_decoder."", ""Every call in wuffs_vp8__decoder__decode_coefficients changes only from wuffs_vp8__decoder__decode_block_coefficients to wuffs_vp8__decoder__decode_subblock_coefficients."", ""The complete helper body changes only its identifier; parameters and coefficient-decoding operations remain identical."", ""Other supplied changes add explanatory comments concerning RFC 6386, yuv_cache, mb_coeffs, filtering, and reconstruction without changing executable behavior.""]",False,NO,99,"S1 introduces no material harness gap. H0 initializes wuffs_webp__decoder and passes its wuffs_base__image_decoder upcast plus attacker-controlled src and hash to fuzz_image_decoder, so it continues to exercise VP8 decoding through the existing WebP entry point. The production changes rename the private coefficient helper from decode_block_coefficients to decode_subblock_coefficients at its declaration, definition, and all callers; the shown function body and call arguments are unchanged. All other shown Wuffs changes add or revise comments only. No entry point, API protocol, required state, configuration, input semantics, or attack surface changed between S0 and S1.","[""H0 defines WUFFS_CONFIG__MODULE__VP8 and WUFFS_CONFIG__MODULE__WEBP, then includes wuffs-unsupported-snapshot.c."", ""fuzz initializes wuffs_webp__decoder with wuffs_webp__decoder__initialize and invokes fuzz_image_decoder using wuffs_webp__decoder__upcast_as__wuffs_base__image_decoder."", ""The release C diff consistently replaces wuffs_vp8__decoder__decode_block_coefficients with wuffs_vp8__decoder__decode_subblock_coefficients in the prototype, definition, and every call in wuffs_vp8__decoder__decode_coefficients."", ""The corresponding std/vp8/decode_coefficients.wuffs diff consistently renames decoder.decode_block_coefficients to decoder.decode_subblock_coefficients without changing its parameters or implementation."", ""Changes in decode_bitstream.wuffs, decode_idct_default.wuffs, decode_macroblocks.wuffs, decode_predict_default.wuffs, decode_reconstruct.wuffs, and decode_vp8.wuffs are comments and documentation, not executable behavior.""]"
C014,S019,wuffs,988af1c03c6a23f3a90bd5f2c8529fd3cfa8daeb,57f01ec3f68db807888ec4a72c805e0f9b2d37c3,2023-12-13T13:00:35+11:00,fuzz/c/std/json_fuzzer.cc,VERIFIED_NEGATIVE,,N3,PASS,PASS,NOT_MEASURED,NOT_MEASURED,NOT_MEASURED,NOT_MEASURED,three_way_build_runtime_and_code_audit,Float-conversion signedness cleanup preserves the callable conversion behavior.,FROZEN_VALID,NO,SOURCE_ONLY,NO,TN,YES,FP,NO,TN,"H0 only reaches floating-point conversion through JSON decoding, principally wuffs_aux::DecodeJson and its AppendF64 callback, and never directly fuzzes wuffs_base__parse_number_f64. The changed function explicitly distinguishes the full Wuffs numeric API from JSON-oriented common cases, naming underscores and a leading '+' sign as supported cases. Those input semantics are not enabled by any entry in g_quirks and therefore are not exercised as numeric inputs through wuffs_json__decoder__decode_tokens or wuffs_aux::DecodeJson.","[""The production change is inside wuffs_private_impl__high_prec_dec__to_f64, the high-precision decimal-to-f64 conversion path."", ""Its source comment identifies wuffs_base__parse_number_f64 and states that the full Wuffs API allows cases including underscores and a leading '+' sign."", ""H0 calls wuffs_json__decoder__decode_tokens and wuffs_aux::DecodeJson, but contains no call to wuffs_base__parse_number_f64."", ""g_quirks contains JSON extensions such as WUFFS_JSON__QUIRK_ALLOW_INF_NAN_NUMBERS, but no quirk permitting underscore-separated numbers or leading '+' numbers."", ""Callbacks::AppendF64 discards val, so H0 also performs no value-level check on the converted floating-point result.""]",False,NO,99,"The commit only changes the integer literal in `(powers[n] + 1)` to the explicitly unsigned `(powers[n] + 1u)` in two copies of `wuffs_private_impl__high_prec_dec__to_f64`. It does not add or alter an entry point, API protocol, state requirement, configuration, input semantics, or attack surface. H0 continues to drive JSON number parsing through `wuffs_json__decoder__decode_tokens` in `fuzz_complex` and `fuzz_simple`, and through `wuffs_aux::DecodeJson` in `fuzz_cpp`, with arbitrary input bytes and varied quirks. No new harness control is needed to reach the affected float-conversion path.","[""Both production changes are the same literal-suffix edit: `? (powers[n] + 1)` becomes `? (powers[n] + 1u)`."", ""The surrounding control flow, `shift` type (`uint32_t`), calls to `wuffs_private_impl__high_prec_dec__small_lshift`, and all function interfaces remain unchanged."", ""H0 includes `release/c/wuffs-unsupported-snapshot.c`, one of the two files containing the changed implementation."", ""`fuzz_complex` and `fuzz_simple` pass fuzz-controlled JSON bytes to `wuffs_json__decoder__decode_tokens`; `fuzz_cpp` independently passes them to `wuffs_aux::DecodeJson`."", ""The diff introduces no new option, quirk, mode, call sequence, persistent state, input channel, or callable API that H0 fails to exercise.""]"
C015,N223,wuffs,21682f403fb60fc2fcf7e2e90b9ad235e7efa3dc,6b29f32564f6f60be12091d9bfdf25e81788b60b,2020-02-29T23:11:33+11:00,fuzz/c/std/json_fuzzer.c,VERIFIED_SILENT_POSITIVE,VP3,,PASS,PASS,NOT_MEASURED,NOT_MEASURED,NOT_REACHABLE_FROM_H0_PORTFOLIO,REACHABLE,dynamic_coverage_and_code,portfolio S0/H0 and S1/H0 PASS; JSON S1/H1 PASS,FROZEN_VALID,YES,,NO,FN,YES,TP,NO,FN,"H0 contains only the generic fuzzlib wrapper and declares an external `fuzz(wuffs_base__io_buffer* src, uint32_t hash)`; `fuzz/c/std/json_fuzzer.c` does not exist, and nothing in H0 constructs or invokes a `wuffs_json__decoder`. Consequently, the JSON decoder surface is not exercised, including nested array/object depth up to `decoder_depth_max_incl`, number-length handling in `decoder.decode_digits!`, and the decoder buffer contract represented by `decoder_dst_token_buffer_length_min_incl` and `decoder_src_io_buffer_length_min_incl`. The latter is especially protocol-sensitive because fuzzlib constructs `src.data.len = size`, while S1 specifies that decoder source backing capacity must be at least 100 even when the JSON input itself is shorter.","[""`fuzz/c/std/json_fuzzer.c`: \""This path does not exist in H0.\"""", ""H0 only declares `const char* fuzz(wuffs_base__io_buffer* src, uint32_t hash);` and contains no JSON decoder call."", ""H0 initializes the input buffer with `.data.len = size`."", ""S1 defines `WUFFS_JSON__DECODER_SRC_IO_BUFFER_LENGTH_MIN_INCL 100` and explains that this constrains backing-array capacity, not JSON text length."", ""S1 defines `WUFFS_JSON__DECODER_DST_TOKEN_BUFFER_LENGTH_MIN_INCL 1`."", ""S1 defines `WUFFS_JSON__DECODER_DEPTH_MAX_INCL 1024`, tied to nested `[]` and `{}` state."", ""`decoder.decode_digits!` caps supported number length at 99 and explicitly associates that behavior with the 100-byte source-buffer minimum.""]",True,NO,98,"S1 + H0 has a material JSON entry-point gap because fuzz/c/std/json_fuzzer.c does not exist and fuzzlib.c only declares fuzz(wuffs_base__io_buffer*, uint32_t) without supplying a JSON-specific definition. However, the same gap exists in S0 + H0. The commit only publishes constants describing existing limits and changes comments in decoder.decode_digits!; it introduces no decoder behavior, state, protocol, input-semantics, configuration, or attack-surface change that aggravates H0's coverage.","[""H0's LLVMFuzzerTestOneInput constructs a wuffs_base__io_buffer and calls fuzz(&src, hash), but the supplied H0 contains only a declaration of fuzz."", ""The case explicitly states that fuzz/c/std/json_fuzzer.c does not exist in H0, so H0 supplies no JSON-specific fuzz entry point."", ""S1 adds WUFFS_JSON__DECODER_DEPTH_MAX_INCL, WUFFS_JSON__DECODER_DST_TOKEN_BUFFER_LENGTH_MIN_INCL, and WUFFS_JSON__DECODER_SRC_IO_BUFFER_LENGTH_MIN_INCL as public constants."", ""The changed body of decoder.decode_digits! differs only in commentary naming decoder_src_io_buffer_length_min_incl; its executable statements and the existing n >= 99 limit are unchanged."", ""The decoder stack remains array[1024 / 32] base.u32; the diff only associates its existing 1024 limit with decoder_depth_max_incl.""]"
C016,S015,wuffs,da40cdf29ff7ebd9b59a406b59c07d88fefca576,b4cd9b8d3cf255a92f1328f7790826f17af0a2d9,2024-03-27T21:16:32+11:00,fuzz/c/std/pixel_swizzler_fuzzer.c,VERIFIED_NEGATIVE,,N1,PASS,PASS,NOT_MEASURED,NOT_MEASURED,NOT_MEASURED,NOT_MEASURED,three_way_build_runtime_and_code_audit,Pixel-format constants are reformatted with identical numeric values.,FROZEN_VALID,NO,SOURCE_ONLY,NO,TN,YES,FP,NO,TN,"H0 restricts both source and destination formats to the hard-coded pixfmts array, while S1 exposes additional concrete pixel-format configurations relevant to pixel swizzling. Those omitted representations can never be selected by the harness, leaving their validation and conversion paths unfuzzed.","[""pixfmts contains WUFFS_BASE__PIXEL_FORMAT__Y_16BE but omits the S1-defined WUFFS_BASE__PIXEL_FORMAT__Y_16LE."", ""pixfmts omits S1-defined formats including WUFFS_BASE__PIXEL_FORMAT__A, WUFFS_BASE__PIXEL_FORMAT__YA_PREMUL, WUFFS_BASE__PIXEL_FORMAT__INDEXED__BGRA_PREMUL, WUFFS_BASE__PIXEL_FORMAT__BGRA_PREMUL_4X16LE, WUFFS_BASE__PIXEL_FORMAT__BGRA_BINARY, WUFFS_BASE__PIXEL_FORMAT__RGBA_NONPREMUL_4X16LE, WUFFS_BASE__PIXEL_FORMAT__RGBA_PREMUL_4X16LE, WUFFS_BASE__PIXEL_FORMAT__RGBA_BINARY, and WUFFS_BASE__PIXEL_FORMAT__RGBX."", ""fuzz_swizzle_interleaved_from_slice derives both dst_pixfmt and src_pixfmt exclusively from pixfmts; fuzz_swizzle_ycck derives dst_pixfmt exclusively from the same array."", ""S1 explicitly states that the named pixel-format list is not exhaustive, but H0 neither exercises all named representations nor supplies arbitrary repr values to wuffs_base__make_pixel_format.""]",False,NO,100,"S1 only reformats the WUFFS_BASE__PIXEL_FORMAT__* macro declarations and adds clang-format control comments; every macro name and numeric value is unchanged. No entry point, API protocol, state, configuration, input semantics, or attack surface changed, so H0 requires no maintenance for this commit.","[""Both internal/cgen/base/image-public.h and release/c/wuffs-unsupported-snapshot.c retain identical WUFFS_BASE__PIXEL_FORMAT__* identifiers and values from S0 to S1."", ""The only additions are // clang-format off, // clang-format on, whitespace alignment, and blank lines."", ""H0 continues to call wuffs_base__pixel_swizzler__prepare, wuffs_base__pixel_swizzler__swizzle_interleaved_from_slice, and wuffs_base__pixel_swizzler__swizzle_ycck using unchanged pixel-format constants.""]"
C017,N231,wuffs,28ef6a786261e02410bb63e95251003c25bb1fb9,2397d029971f1a9bf8f154f3c1f9b762e156c64d,2020-08-10T22:29:08+10:00,fuzz/c/std/cbor_fuzzer.c,VERIFIED_SILENT_POSITIVE,VP3,,PASS,PASS,NOT_MEASURED,NOT_MEASURED,NOT_REACHABLE_FROM_H0_PORTFOLIO,REACHABLE,dynamic_coverage_and_code,three-way portfolio/target build and run,FROZEN_VALID,YES,,NO,FN,YES,TP,NO,FN,"H0 fuzzes only the JSON decoder, while S1 exposes CBOR decoder limits and requirements without any CBOR harness. The CBOR decode_tokens entry point, CBOR input semantics, nested array/map recursion, and minimum source/token-buffer behavior are therefore fuzz-worthy surfaces not exercised by H0.","[""H0 contains fuzz/c/std/json_fuzzer.c and calls wuffs_json__decoder__initialize and wuffs_json__decoder__decode_tokens exclusively."", ""The case explicitly states that fuzz/c/std/cbor_fuzzer.c does not exist in H0."", ""S1 defines WUFFS_CBOR__DECODER_DEPTH_MAX_INCL as 1024, identifying deeply nested CBOR arrays and maps as a bounded decoder state."", ""S1 defines WUFFS_CBOR__DECODER_DST_TOKEN_BUFFER_LENGTH_MIN_INCL as 2 and WUFFS_CBOR__DECODER_SRC_IO_BUFFER_LENGTH_MIN_INCL as 9, identifying token-destination and streaming-source boundary conditions."", ""S1 includes CBOR decoder statuses wuffs_cbor__error__bad_input and wuffs_cbor__error__unsupported_recursion_depth, which are not reachable through the JSON-only harness.""]",True,NO,98,"H0 exercises only wuffs_json__decoder__decode_tokens through fuzz_complex and fuzz_simple; it has no cbor_fuzzer.c and therefore does not exercise the CBOR decoder. That is a material pre-existing CBOR coverage gap, but S1 only adds public CBOR constants describing existing decoder limits and requirements. It adds no CBOR entry point, decoding behavior, state, configuration mode, input semantics, or attack surface, so the commit neither introduced nor materially aggravated the gap.","[""H0 defines WUFFS_CONFIG__MODULE__JSON and calls wuffs_json__decoder__decode_tokens, but does not define WUFFS_CONFIG__MODULE__CBOR or call a CBOR decoder."", ""fuzz/c/std/cbor_fuzzer.c does not exist in H0."", ""S1 adds WUFFS_CBOR__DECODER_DEPTH_MAX_INCL, WUFFS_CBOR__DECODER_DST_TOKEN_BUFFER_LENGTH_MIN_INCL, and WUFFS_CBOR__DECODER_SRC_IO_BUFFER_LENGTH_MIN_INCL."", ""The only other S1 changes are comments and separator comments around constants in std/cbor/decode_cbor.wuffs and std/json/common_consts.wuffs; no function body or decoder behavior changes.""]"
C018,S003,wuffs,214b63c275ad533f922ea9dde566056d8f9346ac,7b69762670c65ee28d0c864d814c273ffb84e7c3,2026-06-18T21:19:58+10:00,fuzz/c/std/webp_fuzzer.c,VERIFIED_NEGATIVE,,N1,PASS,PASS,NOT_MEASURED,NOT_MEASURED,NOT_MEASURED,NOT_MEASURED,three_way_build_runtime_and_code_audit,Private VP8 helper/file rename preserves the decoder entry path and call graph.,FROZEN_VALID,NO,SOURCE_ONLY,NO,TN,NO,TN,NO,TN,"No material fuzz-harness gap is visible. H0 enables both WUFFS_CONFIG__MODULE__WEBP and WUFFS_CONFIG__MODULE__VP8, initializes wuffs_webp__decoder, and passes its image-decoder interface to fuzz_image_decoder. The S1 execution path still reaches the changed VP8 header-partition logic through wuffs_vp8__decoder__do_decode_frame. The generated-C change renames wuffs_vp8__decoder__decode_first_partition to wuffs_vp8__decoder__decode_header_partition without changing its shown body or introducing a new public entry point, protocol, configuration, or independently selectable input mode.","[""H0 defines WUFFS_CONFIG__MODULE__VP8 and WUFFS_CONFIG__MODULE__WEBP."", ""H0 calls fuzz_image_decoder with wuffs_webp__decoder__upcast_as__wuffs_base__image_decoder(&dec), exercising decoding through the existing image-decoder API."", ""In S1, wuffs_vp8__decoder__do_decode_frame calls wuffs_vp8__decoder__decode_header_partition after copy_partitions_to_workbuf and before decode_other_partition_lengths and decode_macroblocks."", ""The displayed generated-C body of wuffs_vp8__decoder__decode_header_partition is unchanged from the renamed wuffs_vp8__decoder__decode_first_partition body."", ""The new std/vp8/decode_header_partition.wuffs contains private decoder functions, including decoder.decode_header_partition, rather than a new public fuzz-worthy API.""]",False,NO,99,"The commit renames and relocates the private VP8 header-partition implementation without changing its input semantics, state requirements, public entry point, or call protocol. H0 still reaches the affected logic through wuffs_webp__decoder and fuzz_image_decoder, so there is no material harness gap and no commit-induced maintenance need.","[""H0 initializes wuffs_webp__decoder and passes its wuffs_base__image_decoder upcast to fuzz_image_decoder, preserving the existing WebP-to-VP8 decoding path."", ""wuffs_vp8__decoder__do_decode_frame changes only its callee name from wuffs_vp8__decoder__decode_first_partition to wuffs_vp8__decoder__decode_header_partition."", ""The generated C body of wuffs_vp8__decoder__decode_header_partition is otherwise identical to the renamed wuffs_vp8__decoder__decode_first_partition body shown in the diff."", ""decoder.do_decode_frame likewise changes only this.decode_first_partition! to this.decode_header_partition!; its source, workbuf, decoder state, and surrounding call sequence are unchanged."", ""decoder.do_decode_image_config changes only a comment naming decode_header_partition; its behavior is unchanged."", ""decode_header_partition remains a private function reached through the existing decode-frame path, so H0 does not need a new entry point, configuration, state setup, or input control.""]"
C019,S009,wuffs,ce1f59e9ce97d6006ee1feb7deb259e5eeed99ce,42b070e48793626362085ace630b1b327bbee4eb,2024-07-27T09:11:53+10:00,fuzz/c/std/json_fuzzer.cc,VERIFIED_NEGATIVE,,N1,PASS,PASS,NOT_MEASURED,NOT_MEASURED,NOT_MEASURED,NOT_MEASURED,three_way_build_runtime_and_code_audit,Token constants are mechanically reformatted without value changes.,FROZEN_VALID,NO,SOURCE_ONLY,NO,TN,NO,TN,NO,TN,"The S0-to-S1 change is formatting-only: it adds clang-format control comments and aligns existing token constants without changing their names or values. It therefore implicates no new fuzz-worthy behavior, protocol, state, configuration, input semantics, or attack surface missing from H0.","[""Both internal/cgen/base/token-public.h and release/c/wuffs-unsupported-snapshot.c only add `// clang-format off`, `// clang-format on`, separator comments, and whitespace alignment."", ""Constants used by H0, including `WUFFS_BASE__TOKEN__VBC__STRUCTURE`, `WUFFS_BASE__TOKEN__VBC__STRING`, `WUFFS_BASE__TOKEN__VBC__UNICODE_CODE_POINT`, and `WUFFS_BASE__TOKEN__VBD__STRING__CONVERT_1_DST_1_SRC_COPY`, retain identical values."", ""`WUFFS_BASE__TOKEN__VBD__NUMBER__FORMAT_IGNORE_FIRST_BYTE` remains `0x01000`; its relocation relative to a separator comment does not alter semantics."", ""H0 includes `release/c/wuffs-unsupported-snapshot.c` and exercises token production and interpretation through `wuffs_json__decoder__decode_tokens` and `fuzz_one_token`.""]",False,NO,99,"S1 only reformats existing WUFFS_BASE__TOKEN constants and adds clang-format control comments; all macro names and numeric values are unchanged. H0 continues to exercise JSON decoding through fuzz_complex, fuzz_simple, and fuzz_cpp, while fuzz_one_token inspects token length, continuation, base category, and base detail. The commit introduces no new entry point, protocol, state, configuration, input semantics, or attack surface.","[""Both internal/cgen/base/token-public.h and release/c/wuffs-unsupported-snapshot.c retain the same values for WUFFS_BASE__TOKEN__LENGTH__MAX_INCL, the VALUE/CONTINUED/LENGTH shifts, all WUFFS_BASE__TOKEN__VBC__* constants, and all WUFFS_BASE__TOKEN__VBD__* constants."", ""The substantive additions are only // clang-format off, // clang-format on, separator comments, and whitespace alignment."", ""H0 includes release/c/wuffs-unsupported-snapshot.c and invokes wuffs_json__decoder__decode_tokens from both fuzz_complex and fuzz_simple."", ""fuzz_one_token consumes the unchanged token API via wuffs_base__token__length, wuffs_base__token__value_extension, wuffs_base__token__continued, wuffs_base__token__value_base_category, and wuffs_base__token__value_base_detail."", ""wuffs_base__make_token retains the identical body assigning repr to ret.repr and returning ret.""]"
C020,N201,wuffs,9c04249bfec848b890e61b302efbb5925e8338a8,54e5ea7f1546eae032b0090552462ae6203d2210,2018-08-26T23:22:45+10:00,fuzz/c/std/gif_fuzzer.c,VERIFIED_EXPLICIT_POSITIVE,VP1,,FAIL,NOT_RUN,NOT_MEASURED,NOT_MEASURED,NOT_MEASURED,NOT_MEASURED,three_way_build_runtime,S1+H0 fails to build while S0+H0 and S1+H1 pass.,FROZEN_VALID,YES,,YES,TP,YES,TP,YES,TP,"H0 never calls the changed wuffs_gif__decoder__decode_frame_config entry point, so it does not exercise S1's end-of-data transition from a repeatable suspension to the terminal warning wuffs_base__warning__end_of_data. It also has no warning-aware status handling. Moreover, fuzz still references the removed identifier wuffs_base__suspension__end_of_data, making H0 incompatible with the supplied S1 header.","[""S1 changes wuffs_gif__decoder__decode_frame_config so f_end_of_data returns wuffs_base__warning__end_of_data and exits instead of repeatedly yielding wuffs_base__suspension__end_of_data."", ""S1 adds wuffs_base__status__is_warning and narrows wuffs_base__status__is_error to statuses beginning with '?'."", ""H0 calls wuffs_gif__decoder__decode_image_config followed directly by wuffs_gif__decoder__decode_frame; it never invokes wuffs_gif__decoder__decode_frame_config."", ""H0 checks z != wuffs_base__suspension__end_of_data, while S1 removes that declaration and defines wuffs_base__warning__end_of_data instead.""]",True,YES,99,"S1 renames the GIF end-of-data status from the suspension symbol `wuffs_base__suspension__end_of_data` to the warning symbol `wuffs_base__warning__end_of_data` and changes its status category. H0 still references the removed suspension identifier, so S1 + H0 cannot compile and cannot exercise GIF decoding. This incompatibility did not exist in S0 + H0 and is therefore commit-induced.","[""H0 compares `z != wuffs_base__suspension__end_of_data` inside `fuzz`."", ""S0 declares and defines `wuffs_base__suspension__end_of_data` as `\""$base: end of data\""`."", ""S1 removes that identifier and instead declares and defines `wuffs_base__warning__end_of_data` as `\""!base: end of data\""`."", ""S1 changes `wuffs_gif__decoder__decode_frame_config` from repeatedly yielding `wuffs_base__suspension__end_of_data` to returning `wuffs_base__warning__end_of_data`."", ""S1 adds `wuffs_base__status__is_warning` and narrows `wuffs_base__status__is_error`, confirming a material status-protocol change.""]"
C021,N132,solidity,85396f448f32e8d649e84b84740b52f7f2a605ed,43deb957e14da0c6cb81b936454593fd5eb5862f,2024-05-27T15:54:16-03:00,test/tools/fuzzer_common.cpp,VERIFIED_SILENT_POSITIVE,VP4,,PASS,PASS,NOT_MEASURED,NOT_MEASURED,NOT_SELECTABLE,SELECTABLE,dynamic_component_and_code,real EVMVersion.h probe: target 0 -> 1,FROZEN_VALID,YES,,NO,FN,YES,TP,YES,TP,"S1 introduces the selectable Prague EVM-version state, including the ""prague"" string accepted by EVMVersion::fromString and advertised by CommandLineParser::options, but H0 has no structured path selecting it. Consequently, Prague-specific version parsing, configuration propagation, and compilation are materially under-fuzzed.","[""EVMVersion.h adds EVMVersion::prague(), includes prague() in EVMVersion::fromString(), and maps Version::Prague to the input/output string \""prague\"" in EVMVersion::name()."", ""CommandLineParser::options expands the documented --evm-version values to include \""prague\""."", ""FuzzerUtil::testCompiler selects only from s_evmVersions, whose newest entry is EVMVersion::paris(); Prague cannot be selected there."", ""FuzzerUtil::testCompilerJsonInterface fixes settings.evmVersion to \""berlin\"", so its generated Standard JSON inputs never exercise \""prague\""."", ""ProtoConverter::evmVersionMapping has cases only through Program::CANCUN and contains no Prague program version or EVMVersion::prague() mapping."", ""H0 invokes CompilerStack and solidity_compile but contains no CommandLineParser entry point exercising the --evm-version prague CLI protocol.""]",True,YES,99,"S1 adds the selectable Prague EVM configuration through EVMVersion::prague(), EVMVersion::fromString(), and EVMVersion::name(), but H0 cannot select it. FuzzerUtil::testCompilerJsonInterface fixes settings.evmVersion to ""berlin""; FuzzerUtil::testCompiler draws only from s_evmVersions ending at EVMVersion::paris(); and ProtoConverter::evmVersionMapping handles Program versions only through CANCUN. Thus H0 lacks input/configuration control for the newly introduced Prague-specific compilation surface. Although omissions of Shanghai and Cancun in s_evmVersions predate this commit, the unreachable Prague mode is newly caused by S1.","[""S1 adds static EVMVersion prague() returning Version::Prague."", ""S1 adds prague() to EVMVersion::fromString(), making \""prague\"" a recognized external configuration value."", ""S1 adds Version::Prague and maps it to \""prague\"" in EVMVersion::name()."", ""H0 FuzzerUtil::testCompilerJsonInterface assigns config[\""settings\""][\""evmVersion\""] = \""berlin\""."", ""H0 s_evmVersions ends with EVMVersion::paris(), so FuzzerUtil::testCompiler cannot choose EVMVersion::prague()."", ""H0 ProtoConverter::evmVersionMapping has cases through Program::CANCUN and no Prague case.""]"
C022,N184,wuffs,035b138cb13cba44fc9d496365710def0270e057,977f1fe64dfe65e2d28f01ba0907cc0863326c60,2018-04-27T17:20:10+10:00,fuzz/c/std/zlib_fuzzer.cc,VERIFIED_EXPLICIT_POSITIVE,VP1,,FAIL,NOT_RUN,NOT_MEASURED,NOT_MEASURED,NOT_MEASURED,NOT_MEASURED,three_way_build_runtime,S1+H0 fails to build while S0+H0 and S1+H1 pass.,FROZEN_VALID,YES,,YES,TP,YES,TP,YES,TP,"S1 introduces the standalone public wuffs_adler32__hasher API, but H0 only exercises Adler-32 indirectly through wuffs_zlib__decoder__decode. That path restricts update input to successfully produced deflate output, usually disables checksumming via wuffs_zlib__decoder__set_ignore_checksum(&dec, hash & 0xFFFF), and does not fuzz caller-controlled sequences of repeated update calls or arbitrary slice boundaries around the 5552-byte processing threshold.","[""gen/c/std/adler32.c and gen/h/std/adler32.h newly expose wuffs_adler32__hasher, wuffs_adler32__hasher__initialize, and wuffs_adler32__hasher__update as public API."", ""wuffs_adler32__hasher__update accepts an arbitrary wuffs_base__slice_u8 and preserves checksum state in private_impl.f_state across calls."", ""wuffs_adler32__hasher__update has distinct length-sensitive paths at 5552 bytes and in its 8-byte unrolled loop."", ""H0 includes only gen/c/std/deflate.c and gen/c/std/zlib.c and invokes wuffs_zlib__decoder__initialize, wuffs_zlib__decoder__set_ignore_checksum, and wuffs_zlib__decoder__decode; it never directly invokes the public wuffs_adler32__hasher API."", ""H0 sets ignore_checksum from hash & 0xFFFF, so direct Adler-32 processing is skipped for almost all inputs, as its own comment states.""]",True,YES,96,"S1 creates the independently public, stateful wuffs_adler32__hasher API, but H0 only invokes wuffs_adler32__hasher__update indirectly through wuffs_zlib__decoder__decode. That route supplies only bytes produced by wuffs_deflate__decoder__decode and cannot directly control arbitrary slice contents, lengths, or update-call partitioning. This is a material gap for the newly exposed Adler-32 entry point and was introduced by moving the former private wuffs_zlib__adler32 implementation into public std/adler32 APIs.","[""S0 defines wuffs_zlib__adler32 and wuffs_zlib__adler32__update as private zlib implementation details; S1 removes them."", ""S1 adds public wuffs_adler32__hasher, wuffs_adler32__hasher__initialize, and wuffs_adler32__hasher__update in gen/c/std/adler32.c and std/adler32/common_adler32.wuffs."", ""H0 initializes only wuffs_zlib__decoder and calls only wuffs_zlib__decoder__set_ignore_checksum and wuffs_zlib__decoder__decode."", ""Within wuffs_zlib__decoder__decode, wuffs_adler32__hasher__update receives a slice from a_dst.private_impl.mark to b_wptr_dst, so its input and call boundaries are mediated by zlib/deflate decoding rather than directly fuzz-controlled."", ""wuffs_adler32__hasher__update preserves f_state across calls, making arbitrary segmentation and repeated-update sequences part of the newly public stateful API surface.""]"
C023,S001,wuffs,0fe5509f1b7e9f62bb7edc8d541445865ab2a002,7b71d6840a11c823041948a008dafb6ca6cb7db8,2026-08-06T12:09:47+10:00,fuzz/c/std/json_fuzzer.cc,VERIFIED_NEGATIVE,,N3,PASS,PASS,NOT_MEASURED,NOT_MEASURED,NOT_MEASURED,NOT_MEASURED,three_way_build_runtime_and_code_audit,NULL-plus-zero avoidance changes slice implementation safety; the public slice/decoder input protocol is unchanged.,FROZEN_VALID,NO,SOURCE_ONLY,NO,TN,YES,FP,NO,TN,"H0 fuzzes JSON decoding but never directly fuzzes the changed base slice constructors or subslice APIs with the null-pointer and zero-index combinations implicated by S1. The source comments specifically identify pre-C29 C undefined behavior and UBSan for `NULL + 0`, while H0 is `json_fuzzer.cc` and its explicit auxiliary path is guarded by `__cplusplus`, leaving the relevant C compilation configuration uncovered.","[""S1 changes all four `wuffs_base__make_slice_*_ij` pointer expressions from `ptr ? (ptr + i) : NULL` to `i ? (ptr + i) : ptr`."", ""S1 changes `wuffs_base__slice_u8__subslice_i` and `wuffs_base__slice_u8__subslice_ij` to avoid evaluating `s.ptr + i` when `i == 0`."", ""The changed-function comments explicitly state that `NULL + 0` is undefined behavior in C prior to C29 and triggers UBSan, but not in C++."", ""H0's entry points exercise `wuffs_json__decoder__decode_tokens` and `wuffs_aux::DecodeJson`; none directly invoke any of the six changed slice helpers or construct targeted `{ptr == NULL, i == 0}` arguments."", ""H0 is supplied as `fuzz/c/std/json_fuzzer.cc`, so its normal source-language surface does not directly cover the C-only behavior identified in the changed comments.""]",False,NO,99,"S1 only changes internal pointer construction to avoid evaluating pointer addition when the offset i is zero. It adds no entry point, API protocol, state, configuration, input semantics, or attack surface. H0 still drives wuffs_json__decoder__decode_tokens and wuffs_aux::DecodeJson with fuzz-controlled input, quirks, buffer limits, and JSON pointers, so the changed behavior requires no new harness control.","[""In wuffs_base__make_slice_u8_ij, wuffs_base__make_slice_u16_ij, wuffs_base__make_slice_u32_ij, and wuffs_base__make_slice_u64_ij, only ret.ptr changes from ptr ? (ptr + i) : NULL to i ? (ptr + i) : ptr; ret.len is unchanged."", ""In wuffs_base__slice_u8__subslice_i and wuffs_base__slice_u8__subslice_ij, s.ptr + i changes to i ? (s.ptr + i) : s.ptr while bounds checks and returned lengths remain unchanged."", ""H0 includes release/c/wuffs-unsupported-snapshot.c and invokes wuffs_json__decoder__decode_tokens from fuzz_complex and fuzz_simple, plus wuffs_aux::DecodeJson from fuzz_cpp."", ""H0 already varies decoder input, g_quirks, tok_limit, src_limit, and json_pointer; S1 introduces no additional selectable mode or required state.""]"
C024,S033,wuffs,48fa7182f41328294149b75b6bd01fc17640a285,36323abf87d800f45e23c1fab8108315c0e853f2,2023-06-19T13:19:24+10:00,fuzz/c/std/jpeg_fuzzer.c,VERIFIED_NEGATIVE,,N1,PASS,PASS,NOT_MEASURED,NOT_MEASURED,NOT_MEASURED,NOT_MEASURED,three_way_build_runtime_and_code_audit,The JPEG UNZIG edits are comments only.,FROZEN_VALID,NO,SOURCE_ONLY,NO,TN,NO,TN,NO,TN,"S1 only changes the internal UNZIG lookup table from zero-based to one-based indexing for JPEG AC-component decoding semantics. H0 already feeds arbitrary input through the generic image-decoder path backed by wuffs_jpeg__decoder, so malformed and valid JPEG coefficient streams—including values exercising the 15 overflow entries—remain fuzzable. The change exposes no distinct entry point, API protocol, state, configuration, or attack surface requiring another harness.","[""H0 constructs a wuffs_jpeg__decoder with wuffs_jpeg__decoder__initialize and passes its wuffs_base__image_decoder upcast to fuzz_image_decoder."", ""H0's src is the fuzz-controlled wuffs_base__io_buffer consumed by the JPEG decoder path."", ""S1 changes only pri const UNZIG and explicitly ties its one-based indices to while.ac_components loops in decode_mcu_*.wuffs."", ""UNZIG retains 15 extra elements for invalid JPEGs whose AC position exceeds 64, an input condition reachable through fuzzed JPEG data."", ""H0 already varies WUFFS_INITIALIZE__LEAVE_INTERNAL_BUFFERS_UNINITIALIZED using hash; S1 adds no new configuration control.""]",False,NO,99,"S1 only changes the internal JPEG UNZIG table from zero-based to one-based indexing semantics and updates related comments. It adds no entry point, API protocol, state requirement, configuration, input interpretation, or attack surface that H0 cannot exercise. H0 still initializes wuffs_jpeg__decoder and passes arbitrary JPEG input through fuzz_image_decoder, so the changed decoder behavior remains reachable with adequate input and hash-controlled initialization.","[""H0's fuzz calls wuffs_jpeg__decoder__initialize and supplies the resulting decoder to fuzz_image_decoder."", ""H0 passes the fuzz-controlled src buffer into fuzz_image_decoder, retaining control over JPEG data that drives coefficient decoding and UNZIG lookups."", ""The S0-to-S1 diff only changes pri const UNZIG and its documentation; no public function, initialization protocol, decoder state, or build configuration is added or changed."", ""The existing hash bit continues to select WUFFS_INITIALIZE__LEAVE_INTERNAL_BUFFERS_UNINITIALIZED, preserving the harness's existing initialization-state variation.""]"
C025,N243,wuffs,f563f32f8245aad3a5ea56ae3f74ab1643690b78,6381a325eb1b4d521115bc8933c784e13c679fcb,2023-10-06T20:52:36+02:00,fuzz/c/fuzzlib/fuzzlib.c,VERIFIED_NEGATIVE,,N1,PASS,PASS,NOT_MEASURED,NOT_MEASURED,NOT_MEASURED,NOT_MEASURED,three_way_build_runtime_and_code_audit,SPDX-header-only change; no executable source or harness semantics change.,FROZEN_VALID,NO,COEVOLUTION_HARD,NO,TN,NO,TN,NO,TN,"The S0-to-S1 diff only adds the comment `SPDX-License-Identifier: Apache-2.0 OR MIT`; it does not change executable code, declarations, APIs, protocols, state, configuration, input semantics, or attack surfaces. Therefore no fuzz-worthy gap is implicated.","[""Every shown added line is either `//` or `// SPDX-License-Identifier: Apache-2.0 OR MIT`."", ""No changed function body, status definition, struct, quirk, module macro, decoder operation, or input-processing path appears in the supplied diff."", ""H0 already exercises identified runtime APIs such as `wuffs_base__image_decoder__decode_image_config`, `wuffs_base__image_decoder__decode_frame`, `wuffs_cbor__decoder__decode_tokens`, `wuffs_json__decoder__decode_tokens`, and decoder `transform_io`; S1 makes no semantic change to those APIs.""]",False,NO,100,"S1 changes only file-header comments by adding the SPDX-License-Identifier: Apache-2.0 OR MIT line. It does not change any executable behavior, entry point, API protocol, state, configuration, input semantics, or attack surface, so H0 has no material gap attributable to this commit.","[""Every shown S0 -> S1 hunk adds only the comment lines \""//\"" and \""// SPDX-License-Identifier: Apache-2.0 OR MIT\""."", ""No function body, declaration, macro behavior, decoder operation, or harness-relevant interface is changed in the complete production diff."", ""H0 continues to invoke the same visible decoder APIs, including wuffs_base__image_decoder__decode_image_config, wuffs_base__image_decoder__decode_frame, wuffs_bzip2__decoder__transform_io, wuffs_cbor__decoder__decode_tokens, wuffs_json__decoder__decode_tokens, and wuffs_zlib__decoder__transform_io.""]"
C026,S011,wuffs,d8c3deb02824d666b378c36666c3afc8fad31ac8,00a01abc4ee2fb8f186ee4df9cb9a81102ebfb02,2024-04-05T15:54:33+11:00,fuzz/c/std/json_fuzzer.cc,VERIFIED_NEGATIVE,,N1,PASS,PASS,NOT_MEASURED,NOT_MEASURED,NOT_MEASURED,NOT_MEASURED,three_way_build_runtime_and_code_audit,Unused auxiliary DynIOBuffer allocation bookkeeping is removed outside the C fuzz entry path.,FROZEN_VALID,NO,SOURCE_ONLY,NO,TN,YES,FP,NO,TN,"H0 fuzzes JSON decoding through wuffs_json__decoder__decode_tokens and wuffs_aux::DecodeJson, but it never directly constructs or operates on wuffs_aux::sync_io::DynIOBuffer. The changed allocation lifecycle—realloc(m_buf.data.ptr, n), unconditional free in drop and the destructor, and reuse after drop—is therefore not explicitly exercised across stateful call sequences or boundary-sized min_incl/max_incl values.","[""DynIOBuffer::grow changed from a malloc-versus-realloc branch guarded by allocated() to unconditional realloc(m_buf.data.ptr, static_cast<size_t>(n))."", ""DynIOBuffer::drop and DynIOBuffer::~DynIOBuffer changed to unconditional free(m_buf.data.ptr), and allocated() was removed."", ""The DynIOBuffer contract explicitly says that drop resets m_buf and that the object can be used after drop, creating a stateful grow/drop/grow/destruct protocol."", ""H0 directly invokes wuffs_json__decoder__initialize, wuffs_json__decoder__decode_tokens, and wuffs_aux::DecodeJson with wuffs_aux::sync_io::MemoryInput; no H0 identifier constructs DynIOBuffer or calls its grow or drop methods.""]",False,NO,97,"The commit only simplifies DynIOBuffer's internal allocation handling by replacing allocated()-guarded free/malloc-or-realloc operations with direct free/realloc calls and removing allocated(). It introduces no new entry point, protocol, state mode, configuration, input semantics, or attack surface. H0 already invokes wuffs_aux::DecodeJson through fuzz_cpp with arbitrary input bytes, lengths, quirks, and JSON pointers, so no material harness capability is shown to be missing for this internal change.","[""fuzz_cpp constructs wuffs_aux::sync_io::MemoryInput from in_ptr and in_len and calls wuffs_aux::DecodeJson."", ""fuzz invokes fuzz_cpp for every C++ build before selecting fuzz_complex or fuzz_simple."", ""DynIOBuffer::grow retains the same parameters, GrowResult values, size bounds, and externally visible success/failure paths; only malloc versus realloc selection changed."", ""DynIOBuffer::~DynIOBuffer and DynIOBuffer::drop retain their existing roles; their allocated() guards were replaced by direct free calls."", ""The removed DynIOBuffer::allocated method was private and did not create or remove a harness-selectable API or configuration.""]"
C027,S006,wuffs,2560db99aa19c524880b56b0119cd8e979597490,072595ae7df55544874caf5096cd9ef4ecf1bdbb,2026-02-09T16:13:33+11:00,fuzz/c/std/json_fuzzer.cc,VERIFIED_NEGATIVE,,N3,PASS,PASS,NOT_MEASURED,NOT_MEASURED,NOT_MEASURED,NOT_MEASURED,three_way_build_runtime_and_code_audit,C++ warning cleanup in the STB compatibility layer does not change the Wuffs decoder protocol.,FROZEN_VALID,NO,SOURCE_ONLY,NO,TN,YES,FP,NO,TN,"H0 exclusively exercises JSON decoding through wuffs_json__decoder__decode_tokens and wuffs_aux::DecodeJson, while S1 changes the stb-compatible image-loading path. It therefore does not fuzz arbitrary image bytes through the changed memory entry points, their image decoder/configuration protocol, pixel-buffer allocation and setup, or desired-channel conversions.","[""H0 enables WUFFS_CONFIG__MODULE__JSON and invokes wuffs_json__decoder__decode_tokens and wuffs_aux::DecodeJson; it contains no call to any stbi_* or wuffs_drop_in__stb__* function."", ""S1 changes the public memory-input entry points stbi_info_from_memory and stbi_load_from_memory, including construction of srcbuf with wuffs_base__strip_const_from_u8_ptr."", ""S1 changes wuffs_drop_in__stb__load0, which selects WUFFS_BASE__PIXEL_FORMAT__Y, RGB, or RGBA_NONPREMUL from desired_channels and initializes ic with wuffs_base__null_image_config()."", ""S1 changes wuffs_drop_in__stb__load1, which drives decode_image_config and decode_frame, initializes pc and pb with wuffs_base__null_pixel_config() and wuffs_base__null_pixel_buffer(), and passes allocated storage to wuffs_base__pixel_buffer__set_from_slice.""]",True,NO,99,"H0 exclusively exercises JSON decoding through wuffs_json__decoder__decode_tokens and wuffs_aux::DecodeJson, so it does not reach the STB image-loading entry points changed in S1. However, that separation already existed in S0, and the commit only adds explicit pointer/return casts, replaces zero-valued compound literals with wuffs_base__null_pixel_config, wuffs_base__null_pixel_buffer, and wuffs_base__null_image_config, and narrows internal return types from void* to stbi_uc*. It introduces no new entry point, protocol, state, configuration, input semantics, or attack surface, so the historical reachability gap is not commit-induced.","[""H0 defines WUFFS_CONFIG__MODULE__JSON and calls wuffs_json__decoder__decode_tokens in fuzz_complex and fuzz_simple."", ""H0's C++ path calls wuffs_aux::DecodeJson; it contains no call to wuffs_drop_in__stb__load0, wuffs_drop_in__stb__load1, stbi_info_from_memory, or stbi_load_from_memory."", ""wuffs_drop_in__stb__load1 retains the same decode_image_config and decode_frame control flow; S1 changes its return type to stbi_uc*, adds uint8_t* casts, and uses wuffs_base__null_pixel_config and wuffs_base__null_pixel_buffer."", ""wuffs_drop_in__stb__load0 retains the same decoder creation, desired_channels switch, and load call; S1 changes its return type and initializes ic with wuffs_base__null_image_config."", ""stbi_info_from_memory and stbi_load_from_memory retain their signatures and input handling, replacing a C-style const-removing cast with wuffs_base__strip_const_from_u8_ptr.""]"
C028,N203,wuffs,555a72d7a9e0fa3a2ecc810b2af820252f9c4fdf,8b1e023e6aaba1235bfdd8603d26e768dc87db5b,2018-09-02T15:08:00+10:00,fuzz/c/std/gif_fuzzer.c,VERIFIED_EXPLICIT_POSITIVE,VP1,,FAIL,NOT_RUN,NOT_MEASURED,NOT_MEASURED,NOT_MEASURED,NOT_MEASURED,three_way_build_runtime,S1+H0 fails to build while S0+H0 and S1+H1 pass.,FROZEN_VALID,YES,,YES,TP,YES,TP,YES,TP,"H0 invokes the changed frame-decoding API with the obsolete pixel-origin arguments and provides no decode-frame-options argument. Against S1, this call is incompatible, so the harness cannot exercise the GIF frame-decoding entry point.","[""H0 calls wuffs_gif__decoder__decode_frame(&dec, &pb, 0, 0, src_reader, work_buffer)."", ""S1 removes a_pixbuf_origin_x and a_pixbuf_origin_y from wuffs_gif__decoder__decode_frame and adds wuffs_base__decode_frame_options* a_opts after a_work_buffer."", ""S1 introduces the new public type wuffs_base__decode_frame_options."", ""The changed decoder.decode_frame body marks args.opts as TODO and does not yet dereference it, but the new argument remains part of the required API protocol.""]",True,YES,100,"S1 changes the public C signature of wuffs_gif__decoder__decode_frame, but H0 still invokes the S0 signature. H0 therefore cannot call the decoder entry point under S1 without maintenance.","[""H0 calls wuffs_gif__decoder__decode_frame(&dec, &pb, 0, 0, src_reader, work_buffer), passing six arguments including a_pixbuf_origin_x and a_pixbuf_origin_y."", ""S1 removes a_pixbuf_origin_x and a_pixbuf_origin_y and changes the signature to wuffs_gif__decoder__decode_frame(self, a_dst, a_src, a_work_buffer, a_opts)."", ""S1 introduces wuffs_base__decode_frame_options and requires an a_opts argument at the decode_frame call site."", ""S0 + H0 signatures match, while S1 + H0 signatures do not, so the gap is introduced by this commit.""]"
C029,N212,wuffs,5f7c807729c2b3058b512e485c8fc1b1fe3056f2,4af1b88ef8a5a93bb0b7d77fcc41d3a91d171614,2019-02-02T16:17:10+11:00,fuzz/c/std/zlib_fuzzer.c,VERIFIED_NEGATIVE,,N1,PASS,PASS,NOT_MEASURED,NOT_MEASURED,NOT_MEASURED,NOT_MEASURED,three_way_build_runtime_and_code_audit,Generated constant macros alias the same values and H0 remains valid.,FROZEN_VALID,NO,COEVOLUTION_HARD,NO,TN,NO,TN,NO,TN,"S1 only exposes compile-time maximum-inclusive work-buffer-length macros. For the zlib path exercised by H0, WUFFS_ZLIB__MAX_INCL_WORKBUF_LEN is 33280, exactly matching H0's WORK_BUFFER_SIZE of (32768 + 512). The decoder entry point, checksum configuration, input reader, repeated short-write protocol, and required work-buffer capacity remain covered; no new fuzz-worthy behavior or attack surface is visible.","[""S1 adds WUFFS_ZLIB__MAX_INCL_WORKBUF_LEN with value 33280 while retaining wuffs_zlib__max_incl_workbuf_len with the same value."", ""H0 defines WORK_BUFFER_SIZE as (32768 + 512), which equals 33280, and passes that buffer to wuffs_zlib__decoder__decode_io_writer."", ""The other added macros—WUFFS_DEFLATE__MAX_INCL_WORKBUF_LEN, WUFFS_LZW__MAX_INCL_WORKBUF_LEN, WUFFS_GIF__MAX_INCL_WORKBUF_LEN, and WUFFS_GZIP__MAX_INCL_WORKBUF_LEN—likewise only publish constants; the supplied change shows no changed decoding function, state transition, protocol, or input semantics.""]",False,NO,99,"S1 only adds public compile-time macros for existing maximum inclusive work-buffer lengths. The zlib value, WUFFS_ZLIB__MAX_INCL_WORKBUF_LEN, is 33280, exactly matching H0's WORK_BUFFER_SIZE expression (32768 + 512). No entry point, API protocol, state, configuration, input semantics, or attack surface changes, and H0 continues to exercise wuffs_zlib__decoder__decode_io_writer with an adequately sized work buffer and checksum configuration.","[""S1 adds #define WUFFS_ZLIB__MAX_INCL_WORKBUF_LEN 33280 while retaining wuffs_zlib__max_incl_workbuf_len = 33280."", ""H0 defines WORK_BUFFER_SIZE as (32768 + 512), which equals 33280."", ""H0 passes work_buffer with .len = WORK_BUFFER_SIZE to wuffs_zlib__decoder__decode_io_writer."", ""The diff changes no function body or callable API behavior; it only exposes constant macros for deflate, lzw, gif, gzip, and zlib."", ""H0's zlib entry point and controls remain wuffs_zlib__decoder__decode_io_writer and wuffs_zlib__decoder__set_ignore_checksum.""]"
C030,N206,wuffs,180ce5e4813514c96def18d0b1a528b6b56326f1,399a7af6ef40f67976fc217407f1f210c90ecf29,2018-09-09T21:31:37+10:00,fuzz/c/std/gif_fuzzer.c,VERIFIED_SILENT_POSITIVE,VP3,,PASS,PASS,0.000000,0.833333,NOT_REACHED,REACHED,dynamic_coverage_and_code,dynamic changed-line coverage 0/6 -> 5/6,FROZEN_VALID,YES,,NO,FN,YES,TP,YES,TP,"S1 adds four public memory-allocation helpers that accept attacker-variable-like uint64_t element counts, multiply them by element sizes, invoke a caller-supplied malloc-like callback, and construct typed slices. H0 only drives wuffs_gif__decoder__decode_image_config and wuffs_gif__decoder__decode_frame and performs its own direct malloc calls, so it does not exercise these new standalone APIs or their overflow, callback, and returned-slice invariants.","[""The source explicitly says the wuffs_base__malloc_slice_uxx functions \""aren't used by Wuffs per se\"", so GIF decoding does not inherently cover them."", ""H0 calls malloc(workbuf_len) and malloc(pixbuf_len) directly and never calls any wuffs_base__malloc_slice_u8, wuffs_base__malloc_slice_u16, wuffs_base__malloc_slice_u32, or wuffs_base__malloc_slice_u64 function."", ""Each helper has distinct boundary logic using num_uxx <= (SIZE_MAX / sizeof(uintxx_t)) followed by num_uxx * sizeof(uintxx_t)."", ""Each helper accepts a nullable malloc_func and returns an empty wuffs_base__slice_uxx when the callback is NULL, the size is unrepresentable, or allocation fails."", ""Successful paths set .ptr to the callback result and .len to the original element count, whose semantics differ from the callback's byte-count argument.""]",True,YES,98,"S1 adds four public allocation-helper entry points whose callback, element-count, overflow, allocation-failure, and returned-slice semantics are not exercised by H0. H0 only drives wuffs_gif__decoder__decode_image_config and wuffs_gif__decoder__decode_frame, and the source explicitly states that the new helpers are not used by Wuffs itself, so the GIF decoding path cannot reach them. These APIs did not exist in S0, making the gap commit-induced.","[""S1 newly defines wuffs_base__malloc_slice_u8, wuffs_base__malloc_slice_u16, wuffs_base__malloc_slice_u32, and wuffs_base__malloc_slice_u64."", ""Each helper accepts a caller-controlled malloc_func and uint64_t element count, rejects NULL callbacks or counts exceeding SIZE_MAX / sizeof(element), and otherwise returns either an allocated slice or an empty slice."", ""The added comment says the allocation functions \""aren't used by Wuffs per se,\"" so including the snapshot does not make them reachable through decoder behavior."", ""H0 calls wuffs_gif__decoder__check_wuffs_version, wuffs_gif__decoder__decode_image_config, wuffs_base__pixel_buffer__set_from_slice, and wuffs_gif__decoder__decode_frame, but never calls any wuffs_base__malloc_slice_uxx helper."", ""No corresponding allocation-helper entry points are present in S0.""]"
C031,S010,wuffs,7a57e2b600f2fea561534c5d5e862c891c215b44,4111785304595c2dc9f054cb09c6bfdd3195fe8d,2024-07-09T09:33:34+10:00,fuzz/c/std/json_fuzzer.cc,VERIFIED_NEGATIVE,,N1,PASS,PASS,NOT_MEASURED,NOT_MEASURED,NOT_MEASURED,NOT_MEASURED,three_way_build_runtime_and_code_audit,A redundant internal CPU-family macro is removed; public feature dispatch remains unchanged.,FROZEN_VALID,NO,SOURCE_ONLY,NO,TN,NO,TN,NO,TN,"The S1 change only narrows compile-time x86 SIMD enablement from 32/64-bit x86 to 64-bit x86. It changes preprocessor guards and removes WUFFS_PRIVATE_IMPL__CPU_ARCH__X86_FAMILY; it does not introduce or alter a fuzzable runtime entry point, API protocol, decoder state, input semantics, or data-dependent attack surface. H0 already exercises wuffs_json__decoder__decode_tokens and wuffs_aux::DecodeJson, but input fuzzing cannot validate whether platform-specific intrinsics compile under __i386__ or _M_IX86.","[""The GNU-family guard changes from defined(__i386__) || defined(__x86_64__) to defined(__x86_64__)."", ""The MSVC guard changes from defined(_M_IX86) || defined(_M_X64) to defined(_M_X64)."", ""WUFFS_PRIVATE_IMPL__CPU_ARCH__X86_FAMILY is removed from the private-macro check and both architecture-detection branches."", ""No function body, JSON decoder behavior, or input-processing logic changes in the supplied S0-to-S1 diff.""]",False,NO,97,"The diff only narrows compile-time x86 SIMD configuration from 32/64-bit x86 to 64-bit x86 by replacing __i386__/__x86_64__ and _M_IX86/_M_X64 checks with __x86_64__ and _M_X64, and by removing WUFFS_PRIVATE_IMPL__CPU_ARCH__X86_FAMILY. It adds no entry point, API protocol, runtime state, input semantics, or attack surface. H0 still invokes wuffs_json__decoder__decode_tokens through fuzz_complex and fuzz_simple, so on an affected 32-bit build it exercises the decoder's newly selected non-SIMD path with the same input and quirk control. No harness adaptation is materially required.","[""H0 directly includes ../../../release/c/wuffs-unsupported-snapshot.c, one of the two files changed by S0 -> S1."", ""The changed GNU/Clang guard is narrowed from defined(__i386__) || defined(__x86_64__) to defined(__x86_64__)."", ""The changed MSVC guard is narrowed from defined(_M_IX86) || defined(_M_X64) to defined(_M_X64)."", ""WUFFS_PRIVATE_IMPL__CPU_ARCH__X86_FAMILY and its re-definition check are removed; no new callable API or runtime option is introduced."", ""fuzz_complex and fuzz_simple both continue to call wuffs_json__decoder__decode_tokens with fuzz-controlled JSON bytes; fuzz_complex also varies quirks via set_quirks.""]"
C032,S014,wuffs,f1a9d34494172b753dbcbe5f21a8bd2973471a7b,da40cdf29ff7ebd9b59a406b59c07d88fefca576,2024-03-27T21:42:40+11:00,fuzz/c/std/pixel_swizzler_fuzzer.c,VERIFIED_NEGATIVE,,N3,PASS,PASS,NOT_MEASURED,NOT_MEASURED,NOT_MEASURED,NOT_MEASURED,three_way_build_runtime_and_code_audit,Explicit conversion cleanup preserves pixel-swizzler inputs and dispatch.,FROZEN_VALID,NO,SOURCE_ONLY,NO,TN,YES,FP,NO,TN,"H0 can select WUFFS_BASE__PIXEL_FORMAT__YA_NONPREMUL for both source and destination with WUFFS_BASE__PIXEL_BLEND__SRC_OVER, so it can reach the changed production function with fuzz-derived source and destination bytes. However, it only checks that wuffs_base__pixel_swizzler__swizzle_interleaved_from_slice does not crash. It ignores the returned pixel count and never validates the resulting YA bytes. Therefore, errors in the changed composite-and-narrow operation, including the value written from (uint16_t)(c0 >> 16), can survive without detection.","[""pixfmts includes WUFFS_BASE__PIXEL_FORMAT__YA_NONPREMUL for independently selected dst_pixfmt and src_pixfmt."", ""blends includes WUFFS_BASE__PIXEL_BLEND__SRC_OVER."", ""fuzz_swizzle_interleaved_from_slice fills dst_slice and src_slice from fuzz input before invoking wuffs_base__pixel_swizzler__swizzle_interleaved_from_slice."", ""The harness comment states its objective is that the call \""will not crash\"" and the call's return value is discarded."", ""The changed function computes c0 with wuffs_private_impl__composite_nonpremul_nonpremul_u32_axxx and writes (uint16_t)(c0 >> 16), but H0 performs no reference comparison or output invariant check for those bytes.""]",False,NO,99,"H0 already reaches the changed private swizzler through wuffs_base__pixel_swizzler__prepare and wuffs_base__pixel_swizzler__swizzle_interleaved_from_slice, with independently selected source and destination pixel formats, blend mode, buffer lengths, palettes, and bytes. The S1 change only stores the existing composite result in c0 and explicitly casts c0 >> 16 to uint16_t before the same poke operation; it adds no entry point, protocol, state, configuration, input semantics, or attack surface.","[""pixfmts includes WUFFS_BASE__PIXEL_FORMAT__YA_NONPREMUL for both dst_pixfmt and src_pixfmt selection."", ""blends includes WUFFS_BASE__PIXEL_BLEND__SRC_OVER, which selects the changed YA_NONPREMUL-to-YA_NONPREMUL source-over path when combined with those formats."", ""fuzz_swizzle_interleaved_from_slice derives dst_pixfmt, src_pixfmt, blend, dst_len, and src_len from hash and fills guarded destination and source slices from fuzz input."", ""S0 directly passed wuffs_private_impl__composite_nonpremul_nonpremul_u32_axxx(d0, s0) >> 16 to wuffs_base__poke_u16le__no_bounds_check; S1 assigns that result to uint32_t c0 and passes (uint16_t)(c0 >> 16) to the same function.""]"
C033,S007,wuffs,56ee4b5e7f4758c27c66001553fa38eb99549dfd,abdfa0d9469b6f687125dfaaeedc482064c232d3,2024-09-23T17:02:09+09:30,fuzz/c/std/pixel_swizzler_fuzzer.c,VERIFIED_NEGATIVE,,N1,PASS,PASS,NOT_MEASURED,NOT_MEASURED,NOT_MEASURED,NOT_MEASURED,three_way_build_runtime_and_code_audit,The image dimension limit change is documentation-only.,FROZEN_VALID,NO,SOURCE_ONLY,NO,TN,YES,FP,NO,TN,"S1 explicitly defines 0xFFFFFF as the maximum supported image width or height and documents arithmetic-safety properties at that boundary, but H0 exercises pixel configurations only with x_max_excl and y_max_excl at most 64. It therefore misses the dimension-limit protocol, including values at 0xFFFFFF and immediately outside the supported range, plus the associated size calculations.","[""S1 defines WUFFS_BASE__IMAGE__DIMENSION_MAX_INCL as 0xFFFFFF and identifies it as the largest supported width or height."", ""S1 specifically documents 32 * N and 32 * N * N overflow properties, making boundary-sensitive memory-requirement calculations relevant."", ""fuzz_swizzle_ycck derives x_min_incl, x_max_excl, y_min_incl, and y_max_excl from 6-bit hash fields and constrains the resulting maxima to at most 64 before calling wuffs_base__pixel_config__set."", ""H0 calls wuffs_base__pixel_config__pixbuf_len only for those small configurations and never supplies dimensions near, equal to, or greater than WUFFS_BASE__IMAGE__DIMENSION_MAX_INCL.""]",False,NO,99,"The S0-to-S1 diff changes only comments documenting the existing WUFFS_BASE__IMAGE__DIMENSION_MAX_INCL macro; its identifier and value, 0xFFFFFF, are unchanged. No production entry point, API protocol, state, configuration, input semantics, attack surface, or executable behavior changes, so H0 has no material gap caused or aggravated by this commit.","[""In internal/cgen/base/image-public.h, the only additions are explanatory comments immediately before WUFFS_BASE__IMAGE__DIMENSION_MAX_INCL."", ""In release/c/wuffs-unsupported-snapshot.c, the same explanatory comments are added and the macro remains #define WUFFS_BASE__IMAGE__DIMENSION_MAX_INCL 0xFFFFFF."", ""No changed function body or callable API appears in the complete production diff."", ""H0 continues to invoke wuffs_base__pixel_swizzler__prepare, wuffs_base__pixel_swizzler__swizzle_interleaved_from_slice, and wuffs_base__pixel_swizzler__swizzle_ycck exactly as before; none is modified by S1.""]"
C034,S008,wuffs,721e5743988a5692079ec773cbc9d065a26a5981,c89b3bc6d819bde0b569102905a67f90c3441150,2024-08-12T22:29:40+10:00,fuzz/c/std/pixel_swizzler_fuzzer.c,VERIFIED_NEGATIVE,,N3,PASS,PASS,NOT_MEASURED,NOT_MEASURED,NOT_MEASURED,NOT_MEASURED,three_way_build_runtime_and_code_audit,Equivalent preprocessor spelling avoids a compiler warning; pixel configuration semantics are unchanged.,FROZEN_VALID,NO,SOURCE_ONLY,NO,TN,YES,FP,NO,TN,"H0 calls wuffs_base__pixel_config__set only with x_max_excl and y_max_excl constrained to at most 64, so width*height is at most 4096. It therefore does not exercise the changed SIZE_MAX-dependent validation or the transition that clears private_impl fields when a nonzero pixfmt_repr is paired with dimensions whose product exceeds SIZE_MAX on a narrower-size_t build.","[""The changed function replaces '#if SIZE_MAX < UINT64_MAX' with '#if SIZE_MAX < 0xFFFFFFFFFFFFFFFFull'."", ""Inside that conditional, wuffs_base__pixel_config__set computes uint64_t wh = width * height and rejects wh > SIZE_MAX."", ""H0 derives x_min_incl, x_max_excl, y_min_incl, and y_max_excl from 6-bit values and clamps the final maxima; the resulting dimensions passed to wuffs_base__pixel_config__set are no greater than 64."", ""H0 provides no build configuration with SIZE_MAX below 0xFFFFFFFFFFFFFFFFull and no near- or over-SIZE_MAX width/height products."", ""On rejection, wuffs_base__pixel_config__set sets pixfmt.repr, pixsub.repr, width, and height to zero, a state outcome H0's small dimensions cannot trigger.""]",False,NO,99,"The commit only replaces the preprocessor operand UINT64_MAX with the equivalent explicit maximum-uint64 literal 0xFFFFFFFFFFFFFFFFull. It does not add an entry point, protocol, state, configuration mode, input interpretation, or attack surface. H0 already invokes wuffs_base__pixel_config__set through fuzz_swizzle_ycck and controls its pixfmt_repr, width, and height arguments. Therefore S1 + H0 has no material harness gap attributable to this change.","[""Both changed files contain the same sole edit inside wuffs_base__pixel_config__set: '#if SIZE_MAX < UINT64_MAX' becomes '#if SIZE_MAX < 0xFFFFFFFFFFFFFFFFull'."", ""The guarded runtime behavior remains the same: compute uint64_t wh from width and height and clear the configuration when wh exceeds SIZE_MAX."", ""fuzz_swizzle_ycck directly calls wuffs_base__pixel_config__set(&dst_pixcfg, dst_pixfmt.repr, 0, x_max_excl, y_max_excl)."", ""No function signature, call sequence, runtime option, state requirement, or accepted input representation changes in S1.""]"
C035,S017,wuffs,992fd9622a3242bd7a4cca3b51e578ab7b19faac,9f42d1fbb8d9d7c3e7d7576078a2281ccba50c05,2023-12-27T17:05:54+11:00,fuzz/c/std/json_fuzzer.cc,VERIFIED_NEGATIVE,,N5,PASS,PASS,NOT_MEASURED,NOT_MEASURED,NOT_MEASURED,NOT_MEASURED,three_way_build_runtime_and_code_audit,A private XZ bit-vector getter is renamed consistently; it does not alter the JSON harness target or its protocol.,FROZEN_VALID,NO,SOURCE_ONLY,NO,TN,YES,FP,NO,TN,"H0 exclusively exercises JSON decoding through wuffs_json__decoder__decode_tokens and wuffs_aux::DecodeJson, while S1 changes the XZ decoding path that validates SHA-256 block checksums using wuffs_base__bitvec256__get_u64. Therefore H0 cannot exercise XZ stream parsing, coroutine suspension/resumption, checksum-algorithm selection, or the four 64-bit SHA-256 comparisons in wuffs_xz__decoder__do_transform_io.","[""H0 enables WUFFS_CONFIG__MODULE__JSON and calls wuffs_json__decoder__decode_tokens; it does not enable or invoke the XZ, LZMA, CRC64, or SHA256 decoder paths."", ""S1 changes wuffs_xz__decoder__do_transform_io at four comparisons of checksum256_have against checksum64_want, replacing wuffs_base__bitvec256__get with wuffs_base__bitvec256__get_u64 for indices 3u, 2u, 1u, and 0u."", ""The affected branch is selected when self->private_impl.f_checksummer == 3u, derived from the XZ stream flags identifying SHA-256."", ""wuffs_xz__decoder__do_transform_io contains multiple short-read and transform_io suspension points, but H0's fragmentation and no-progress checks apply only to wuffs_json__decoder.""]",True,NO,99,"H0 exclusively configures WUFFS_CONFIG__MODULE__JSON and drives wuffs_json__decoder__decode_tokens or wuffs_aux::DecodeJson, so it does not reach the XZ checksum path in wuffs_xz__decoder__do_transform_io or decoder.do_transform_io. That is a pre-existing scope gap, not one introduced or materially aggravated by this commit: S0 and S1 perform the same four SHA-256 bit-vector element comparisons at indices 3, 2, 1, and 0; only the accessor name changes from wuffs_base__bitvec256__get/get to wuffs_base__bitvec256__get_u64/get_u64, while its body remains return b->elements_u64[i & 3]. No entry point, protocol, state, configuration, input semantics, or attack surface changed.","[""H0 defines WUFFS_CONFIG__MODULE__JSON and calls wuffs_json__decoder__decode_tokens in fuzz_complex and fuzz_simple."", ""H0's C++ path calls wuffs_aux::DecodeJson in fuzz_cpp; no H0 function invokes wuffs_xz__decoder__do_transform_io or decoder.do_transform_io."", ""wuffs_base__bitvec256__get was renamed to wuffs_base__bitvec256__get_u64, but the implementation remains return b->elements_u64[i & 3]."", ""The four calls in wuffs_xz__decoder__do_transform_io and decoder.do_transform_io only change get to get_u64 for the same indices and comparisons against checksum64_want.""]"
C036,N198,wuffs,9514b12c7f0a36a4bbab178d0d5fcb1b87a34011,004706d430c8b1e5f647ad531897416786329111,2018-07-21T21:45:33+10:00,fuzz/c/std/gif_fuzzer.c,VERIFIED_EXPLICIT_POSITIVE,VP1,,FAIL,NOT_RUN,NOT_MEASURED,NOT_MEASURED,NOT_MEASURED,NOT_MEASURED,three_way_build_runtime,S1+H0 fails to build while S0+H0 and S1+H1 pass.,FROZEN_VALID,YES,,YES,TP,YES,TP,YES,TP,"H0 only exercises decode_image_config followed by the former combined decode_frame API. S1 splits frame metadata parsing into the new public wuffs_gif__decoder__decode_frame_config entry point and introduces call_sequence states 2 and 3, including repeated frame-config calls that invoke wuffs_gif__decoder__skip_frame. H0 neither calls decode_frame_config nor explores these newly explicit call-order paths; it also still uses the removed decode_frame signature, so it is not compatible with S1.","[""H0 calls wuffs_gif__decoder__decode_frame(&dec, &fc, &pb, src_reader, ...), passing both frame_config and pixel_buffer."", ""S1 adds public wuffs_gif__decoder__decode_frame_config(wuffs_gif__decoder*, wuffs_base__frame_config*, wuffs_base__io_reader)."", ""S1 changes wuffs_gif__decoder__decode_frame to accept only pixel_buffer, source, work buffer, pixbuf_origin_x, and pixbuf_origin_y."", ""decode_frame_config handles call_sequence values 0, 1, 2, and 3; when call_sequence == 2 it calls wuffs_gif__decoder__skip_frame."", ""The documented S1 transitions include FC with implicit IC, repeated FC with implicit F/skip_frame, and F with implicit FC, none of which H0 deliberately drives.""]",True,YES,99,"S1 materially changes the GIF frame-decoding API and protocol, but H0 still invokes the S0 interface. H0 calls wuffs_gif__decoder__decode_frame(&dec, &fc, &pb, src_reader, work_buffer), whereas S1 removes the frame_config argument and requires pixbuf_origin_x and pixbuf_origin_y. Consequently, H0 cannot exercise S1's frame decoding as written. S1 also introduces the separately callable wuffs_gif__decoder__decode_frame_config and new call_sequence transitions, including the call_sequence == 2 path through wuffs_gif__decoder__skip_frame; H0 has no operation choice capable of directly exercising that protocol. This gap did not exist in S0, whose decode_frame signature exactly matched H0.","[""H0 passes &fc and &pb to wuffs_gif__decoder__decode_frame and supplies no pixbuf_origin_x or pixbuf_origin_y arguments."", ""S0 declares wuffs_gif__decoder__decode_frame(self, frame_config*, pixel_buffer*, io_reader, slice_u8), matching H0."", ""S1 declares wuffs_gif__decoder__decode_frame(self, pixel_buffer*, io_reader, slice_u8, uint32_t a_pixbuf_origin_x, uint32_t a_pixbuf_origin_y), which is incompatible with H0."", ""S1 adds public wuffs_gif__decoder__decode_frame_config and changes f_call_sequence to distinguish frame-config-decoded state 2 from frame-decoded state 3."", ""S1's decode_frame_config invokes wuffs_gif__decoder__skip_frame when f_call_sequence == 2, a newly introduced protocol branch that H0 cannot select directly.""]"
C037,N207,wuffs,fc1002cb89df52c0f9e08421bf38d5862444e62d,4023294ba27b7a67e6b86b1d48a321c26286972e,2018-11-17T21:52:26+11:00,fuzz/c/std/gif_fuzzer.c,VERIFIED_SILENT_POSITIVE,VP2,,PASS,PASS,0.250000,1.000000,LIMITED,REACHED,dynamic_coverage_and_code,dynamic changed-line coverage 1/4 -> 4/4,FROZEN_VALID,YES,,NO,FN,YES,TP,NO,FN,"H0 always allocates and passes the exact work-buffer length reported by image_config, so it does not exercise the newly accepted oversized-workbuf path in decode_frame or directly validate the decoder workbuf_len API. Consequently, buffer-length boundaries below, at, and above f_width are not fuzzed.","[""H0 obtains n only from wuffs_base__image_config__workbuf_len(&ic).max_incl and allocates workbuf with exactly n bytes."", ""H0 passes that unchanged slice to wuffs_gif__decoder__decode_frame on every iteration."", ""S1 changes decode_frame validation from a_workbuf.len != f_width to a_workbuf.len < f_width, making lengths greater than f_width a distinct accepted input class absent from H0."", ""S1 changes wuffs_gif__decoder__workbuf_len from [0, 0] to [f_width, f_width], but H0 never calls wuffs_gif__decoder__workbuf_len."", ""decoder.decode_image_config sets workbuf_len0 and workbuf_len1 to this.width, keeping H0 on the exact-width case.""]",False,NO,98,"H0 remains aligned with the decoder protocol in S1: fuzz obtains workbuf_len(&ic).max_incl after decode_image_config, allocates that amount, and passes the resulting workbuf to decode_frame. S1 sets the advertised length to this.width and changes decode_frame from requiring equality to accepting any length at least this.width. Thus H0 supplies a valid exact-width buffer and continues exercising frame decoding from fuzz-controlled GIF input. The newly accepted oversized-buffer case is an API validation relaxation, not a material missing entry point, state, configuration, input-semantic dimension, or attack surface for this harness.","[""wuffs_gif__decoder__decode_image_config now initializes workbuf_len0 and workbuf_len1 to this.width."", ""wuffs_gif__decoder__workbuf_len now returns a fixed range whose min_incl and max_incl are self->private_impl.f_width."", ""fuzz reads wuffs_base__image_config__workbuf_len(&ic).max_incl, allocates workbuf with that length, and passes it to wuffs_gif__decoder__decode_frame."", ""wuffs_gif__decoder__decode_frame changes only the work-buffer check from a_workbuf.len != f_width to a_workbuf.len < f_width, so H0's exact-width buffer satisfies S1."", ""H0 still controls src_reader and drives decode_image_config followed by repeated decode_frame calls, preserving the relevant decoder state and input reachability.""]"
C038,N185,wuffs,8827e222b1e48c0631da7168231cfd27d2da9625,eecdaba4e86dbc654326c2608ebcf0b4a1abac2a,2018-04-27T20:54:44+10:00,fuzz/c/fuzzlib/fuzzlib.cc,VERIFIED_SILENT_POSITIVE,VP3,,PASS,PASS,0.000000,1.000000,NOT_REACHED,REACHED,dynamic_coverage_and_code,dynamic changed-line coverage 0/20 -> 20/20,FROZEN_VALID,YES,,NO,FN,NO,FN,NO,FN,"S1 adds only two trivial inline constructors that zero-initialize a wrapper and conditionally assign its `buf` pointer. H0 does not call these constructors, but its aggregate initializers create the same non-null reader/writer state used by the GIF and zlib decoders. The only unexercised behavior is the explicit null-pointer branch, which performs no parsing, allocation, pointer arithmetic, or state transition and is better suited to a deterministic unit test than fuzzing.","[""`wuffs_base__io_buffer__reader` initializes `ret` to zero and assigns `ret.buf = buf` only under `if (buf)`."", ""`wuffs_base__io_buffer__writer` has the identical two-path structure for `wuffs_base__io_writer`."", ""`LLVMFuzzerTestOneInput` constructs `wuffs_base__io_reader` with `.buf = &src`, so H0 already supplies the equivalent non-null reader state to `fuzz`."", ""`gif_fuzzer.cc` and `zlib_fuzzer.cc` construct writers with `.buf = &dst`, equivalent to `wuffs_base__io_buffer__writer(&dst)` for the state consumed by their decoders."", ""The only shown production caller change in `decode_once` replaces aggregate initialization with these constructors without changing the buffers or decode protocol.""]",False,NO,99,"S1 only adds convenience constructors for existing wuffs_base__io_reader and wuffs_base__io_writer values. H0's aggregate initialization sets the same buf field while zero-initializing private_impl, so it continues to exercise wuffs_gif__decoder__decode_config, wuffs_gif__decoder__decode_frame, and wuffs_zlib__decoder__decode with equivalent reader/writer state. The added null-pointer branches are trivial construction semantics and do not materially expand the fuzz-relevant attack surface.","[""LLVMFuzzerTestOneInput constructs wuffs_base__io_buffer src and passes an equivalent wuffs_base__io_reader with .buf = &src."", ""gif_fuzzer.cc constructs wuffs_base__io_writer dst_writer with .buf = &dst before calling wuffs_gif__decoder__decode_frame."", ""zlib_fuzzer.cc constructs wuffs_base__io_writer dst_writer with .buf = &dst before calling wuffs_zlib__decoder__decode."", ""wuffs_base__io_buffer__reader zero-initializes its return value and assigns ret.buf only when buf is non-null."", ""wuffs_base__io_buffer__writer zero-initializes its return value and assigns ret.buf only when buf is non-null."", ""decode_once changes from aggregate initialization to the new helpers without changing the buffers, decoder calls, fragmentation state, or input semantics.""]"
C039,S030,wuffs,5336b511e03b6166e6c2b8eed260e4d2b3fc1ae5,be2eb64a51063e0c11c7722ea3772703ba53ab69,2023-10-06T14:16:21+11:00,fuzz/c/std/json_fuzzer.cc,VERIFIED_NEGATIVE,,N5,PASS,PASS,NOT_MEASURED,NOT_MEASURED,NOT_MEASURED,NOT_MEASURED,three_way_build_runtime_and_code_audit,XXHash SIMD documentation changes are outside the JSON harness target and contain no executable change.,FROZEN_VALID,NO,SOURCE_ONLY,NO,TN,YES,FP,NO,TN,"H0 exclusively initializes and exercises JSON decoding through wuffs_json__decoder__decode_tokens and wuffs_aux::DecodeJson; it neither enables an XXHash module nor constructs or updates an XXHash32 hasher. Consequently, it cannot fuzz the changed std/xxhash32 hasher.update! path, especially repeated stateful updates and inputs crossing the 0x100_0000 slicing boundary introduced to keep the length passed to hasher.up! within u32 range. The std/xxhash64 change is comment-only and does not itself expose new behavior requiring coverage.","[""H0 defines WUFFS_CONFIG__MODULE__JSON and WUFFS_CONFIG__MODULE__AUX__JSON, but no XXHash32 module."", ""H0 calls wuffs_json__decoder__decode_tokens and wuffs_aux::DecodeJson only; no XXHash hasher API appears."", ""std/xxhash32 hasher.update! now partitions args.x when args.x.length() > 0x100_0000 before calling this.up!(x: args.x)."", ""hasher.update! conditionally initializes v0, v1, v2, and v3 based on length_modulo_u32 and length_overflows_u32, making update-call sequencing relevant state."", ""The std/xxhash64 diff only adds explanatory comments and leaves this.up!(x: args.x) unchanged.""]",True,NO,99,"H0 exercises JSON decoding through fuzz_complex, fuzz_simple, and fuzz_cpp, so it does not invoke either xxhash hasher.update! or control their roslice base.u8 argument. That is a pre-existing scope gap, not a commit-induced maintenance need: the S0-to-S1 diff adds only comments inside both functions and does not change executable behavior, API protocol, state, configuration, input semantics, or attack surface.","[""H0 initializes wuffs_json__decoder and calls wuffs_json__decoder__decode_tokens or wuffs_aux::DecodeJson; it contains no xxhash32 or xxhash64 hasher entry point."", ""The std/xxhash32/common_xxhash32.wuffs change adds comments before an unchanged loop that slices args.x and calls this.up!(x: args.x)."", ""The std/xxhash64/common_xxhash64.wuffs change adds comments before the unchanged call this.up!(x: args.x).""]"
C040,S012,wuffs,00a01abc4ee2fb8f186ee4df9cb9a81102ebfb02,d7f6b81d313b0e00cf0329f0d3af286c8101c5f7,2024-04-05T15:30:22+11:00,fuzz/c/std/json_fuzzer.cc,VERIFIED_NEGATIVE,,N3,PASS,PASS,NOT_MEASURED,NOT_MEASURED,NOT_MEASURED,NOT_MEASURED,three_way_build_runtime_and_code_audit,Pointer-end calculations avoid NULL plus zero while retaining slice lengths and public calls.,FROZEN_VALID,NO,SOURCE_ONLY,NO,TN,YES,FP,NO,TN,"S1 changes nine base helpers specifically to handle non-null wrapper objects whose underlying data pointer is NULL. H0 is a JSON-decoder harness driven by input bytes and does not construct null-backed slices, io buffers, or tables with varied indices, lengths, strides, or dimensions. Consequently it does not systematically exercise the changed null-pointer semantics, including cases where metadata is non-zero and prior expressions would perform arithmetic on NULL.","[""The four wuffs_base__make_slice_u*_ij functions now guard ptr before evaluating ptr + i, but H0 never calls these _ij constructors."", ""wuffs_base__io_buffer__reader_pointer and wuffs_base__io_buffer__reader_slice now require both buf and buf->data.ptr; H0 calls reader_pointer only on its supplied full_src and does not fuzz the io_buffer pointer or its data.ptr and metadata as an API-level state."", ""wuffs_base__io_buffer__writer_pointer and wuffs_base__io_buffer__writer_slice received the same null-backing guard, but neither function is invoked by H0."", ""wuffs_private_impl__table_u8__row_u32 now tests t.ptr before computing t.ptr + (t.stride * y), while H0 constructs no wuffs_base__table_u8 values and does not call this row accessor.""]",True,NO,96,"S1 adds behavior specifically for null-backed slices, tables, and I/O buffers, while H0 does not deliberately construct those structural states or expose pointer nullness as fuzz-controlled input. That is a material state/API coverage gap, but it is historical rather than commit-induced: every affected utility and its null-pointer input domain already existed in S0. The commit only adds defensive null checks and does not introduce a new entry point, protocol, configuration, or attack surface, nor materially aggravate the existing gap.","[""The four wuffs_base__make_slice_*_ij functions change only ret.ptr calculation from unconditional ptr + i to ptr ? (ptr + i) : NULL."", ""wuffs_base__io_buffer__reader_pointer, reader_slice, writer_pointer, and writer_slice add checks for buf->data.ptr while retaining their existing signatures and index semantics."", ""wuffs_private_impl__table_u8__row_u32 adds t.ptr to the existing y < t.height condition."", ""H0 fuzzes JSON bytes, decoder quirks, JSON pointers, and buffer limits, but contains no construction of a wuffs_base__table_u8 with t.ptr == NULL and no deliberate construction of a wuffs_base__io_buffer or *_slice_ij call with a null backing pointer."", ""H0 calls reader_pointer through fuzz_cpp, but the input bytes control reader contents and length, not an explicit null-versus-non-null backing-pointer state."", ""The S0 bodies already accepted the same pointer-bearing objects; S1 merely makes their null cases return NULL or an empty slice instead of performing pointer arithmetic.""]"
C041,N236,wuffs,2f78804e6236e1e0adb0d9b26546824423a38263,07b5e017e10686c12751a46f17a909fa64783ce0,2021-01-23T19:29:19+11:00,fuzz/c/std/bmp_fuzzer.c,VERIFIED_NEGATIVE,,N1,PASS,PASS,NOT_MEASURED,NOT_MEASURED,NOT_MEASURED,NOT_MEASURED,three_way_build_runtime_and_code_audit,Terminology-only edits introduce no executable testing requirement.,FROZEN_VALID,NO,COEVOLUTION_HARD,NO,TN,NO,TN,NO,TN,"S1 contains only comment wording changes and introduces no new or modified executable behavior, API protocol, state, configuration, input semantics, or attack surface. The sole changed function context, decoder.tell_me_more?, retains identical code, including the io_redirect_fourcc state transition.","[""In std/bmp/decode_bmp.wuffs, only the comment describing io_redirect_fourcc = 1 changes from \""dummy value\"" to \""placeholder value\""; the assignment and all control flow are unchanged."", ""The changes in script/manual-test-parse-number-f64.cc, script/print-json-token-debug-format.c, and script/process-json-numbers.c only replace \""whitelist\"" with \""choose\"" in comments."", ""H0 already contains bmp_fuzzer.c, which initializes wuffs_bmp__decoder and passes its wuffs_base__image_decoder upcast to fuzz_image_decoder; S1 exposes no new BMP entry point or behavior requiring separate fuzzing.""]",False,NO,100,"S1 changes only comments: three script comments replace “whitelist” with “choose”, and the comment inside BMP decoder.tell_me_more replaces “dummy” with “placeholder”. The executable statements, entry points, API protocol, state transitions, configuration macros, input semantics, and attack surface are unchanged. H0 therefore has no material S1 harness gap, and the commit introduces none.","[""In std/bmp/decode_bmp.wuffs, decoder.tell_me_more retains the same condition this.io_redirect_fourcc <= 1, args.minfo.set! call, and assignment this.io_redirect_fourcc = 1; only adjacent comment wording changes."", ""In script/manual-test-parse-number-f64.cc, script/print-json-token-debug-format.c, and script/process-json-numbers.c, only explanatory text changes from “whitelist” to “choose”; all WUFFS_CONFIG__MODULES and WUFFS_CONFIG__MODULE__* definitions remain identical."", ""H0 already contains fuzz/c/std/bmp_fuzzer.c using wuffs_bmp__decoder__initialize and fuzz_image_decoder, and no production behavior relevant to that path changes between S0 and S1.""]"
C042,S028,wuffs,04344db3748cd491c90b2f9532a9974a53b55139,7511bda9e54ea5776b3836cfd47d474184e81ac6,2023-06-11T12:28:55+10:00,fuzz/c/std/pixel_swizzler_fuzzer.c,VERIFIED_NEGATIVE,,N1,PASS,PASS,NOT_MEASURED,NOT_MEASURED,NOT_MEASURED,NOT_MEASURED,three_way_build_runtime_and_code_audit,Generator marker comments and the corresponding patch rule are removed; runtime conversion semantics are unchanged.,FROZEN_VALID,NO,SOURCE_ONLY,NO,TN,YES,FP,NO,TN,"H0 invokes the changed YCC paths, but materially under-tests their pixel traversal and write semantics. It limits width to 1–63, so the triangle filter's 672-pixel chunk transition is unreachable; it fills every source plane with a single repeated byte, masking spatial indexing, upsampling, and stride errors; and it never validates destination pixels, so incorrect results from wuffs_base__pixel_buffer__set_color_u32_at can pass silently.","[""fuzz_swizzle_ycck computes width as `(63 & (hash >> 8)) + 1`, while wuffs_base__pixel_swizzler__swizzle_ycc__general__triangle_filter advances chunks with `end = x + 672u`."", ""The three source planes are initialized with `memset(src0.ptr, s0, src0.len)`, `memset(src1.ptr, s1, src1.len)`, and `memset(src2.ptr, s2, src2.len)`, making each plane spatially uniform."", ""Both changed functions write each output through `wuffs_base__pixel_buffer__set_color_u32_at(dst, x, y, color)`."", ""After wuffs_base__pixel_swizzler__swizzle_ycck returns, fuzz_swizzle_ycck checks only `status.repr`; it does not inspect or compare `dst_pixbuf` contents.""]",False,NO,99,"S1 introduces no material harness gap. The only changes remove the comment markers `¡ BEGIN set_color_u32_at` and `¡ END set_color_u32_at`; the executable calls to `wuffs_base__pixel_buffer__set_color_u32_at` and all surrounding control flow remain unchanged. H0 already invokes `wuffs_base__pixel_swizzler__swizzle_ycc` and controls `triangle_filter_for_2to1`, dimensions, sampling factors, source values, destination format, and guarded buffers, so it continues to exercise both changed internal paths with adequate state and input control.","[""In `wuffs_base__pixel_swizzler__swizzle_ycc__general__triangle_filter`, S0 and S1 both call `wuffs_base__pixel_buffer__set_color_u32_at(dst, x, y, color)`; only adjacent comments are deleted."", ""In `wuffs_base__pixel_swizzler__swizzle_ycc__general__box_filter`, S0 and S1 both call `wuffs_base__pixel_buffer__set_color_u32_at(dst, x, y, color)`; only adjacent comments are deleted."", ""H0 function `fuzz_swizzle_ycc` directly calls `wuffs_base__pixel_swizzler__swizzle_ycc`."", ""H0 derives `triangle_filter_for_2to1` from `hash`, allowing selection of triangle-filter and box-filter behavior without a harness change."", ""H0 controls `width`, `height`, `h0` through `h2`, `v0` through `v2`, source fill bytes `s0` through `s2`, and `dst_pixfmt`, while placing buffers next to guarded pages.""]"
C043,N226,wuffs,3bfed6d81277a84a1b5c81f00c6e1136cb824e2c,59eab68360aec334214460e12bd8bad415337129,2020-03-24T17:44:47+11:00,fuzz/c/std/json_fuzzer.c,VERIFIED_EXPLICIT_POSITIVE,VP1,,FAIL,NOT_RUN,NOT_MEASURED,NOT_MEASURED,NOT_MEASURED,NOT_MEASURED,three_way_build_runtime,S1+H0 fails to build while S0+H0 and S1+H1 pass.,FROZEN_VALID,YES,,YES,TP,YES,TP,YES,TP,"H0 uses the removed identifier WUFFS_JSON__QUIRK_REPLACE_INVALID_UTF_8, while S1 exposes WUFFS_JSON__QUIRK_REPLACE_INVALID_UNICODE. Consequently, H0 does not build against S1 and cannot fuzz the renamed quirk or its invalid Unicode replacement paths.","[""H0's set_quirks array contains WUFFS_JSON__QUIRK_REPLACE_INVALID_UTF_8."", ""S1 replaces the public constant with WUFFS_JSON__QUIRK_REPLACE_INVALID_UNICODE and shows no old-name alias."", ""wuffs_json__decoder__set_quirk_enabled maps numeric quirk 1225364495 to f_quirk_enabled_replace_invalid_unicode."", ""wuffs_json__decoder__decode_tokens consults f_quirk_enabled_replace_invalid_unicode for invalid UTF-8, malformed backslash-u surrogate sequences, and invalid backslash-capital-U code points.""]",True,YES,99,"H0 still configures the decoder with WUFFS_JSON__QUIRK_REPLACE_INVALID_UTF_8, but S1 replaces that public constant with WUFFS_JSON__QUIRK_REPLACE_INVALID_UNICODE. This creates a material build/configuration gap that prevents H0 from exercising the decoder through fuzz_complex. S0 defined the identifier used by H0, so the gap is introduced by this commit.","[""H0 set_quirks includes WUFFS_JSON__QUIRK_REPLACE_INVALID_UTF_8 in its quirks array."", ""S1 changes #define WUFFS_JSON__QUIRK_REPLACE_INVALID_UTF_8 1225364495 to #define WUFFS_JSON__QUIRK_REPLACE_INVALID_UNICODE 1225364495."", ""fuzz_complex calls set_quirks(&dec, hash_12_bits), so the stale identifier affects the harness's configured decoding path."", ""The numeric quirk value 1225364495 and behavior in wuffs_json__decoder__set_quirk_enabled and wuffs_json__decoder__decode_tokens remain associated with the renamed identifier, showing an API-name change rather than loss of behavioral reachability through inputs.""]"
C044,N234,wuffs,cd4cbc9102e7c58ecd6561d8c2d2055f76de4141,3e8cb4ebf8a0b024549e1086c7ed65d5df0fe8fa,2020-09-22T22:22:15+10:00,fuzz/c/std/json_fuzzer.c,VERIFIED_SILENT_POSITIVE,VP4,,PASS,PASS,0.761905,0.642857,NOT_CONFIGURABLE,CONFIGURABLE,dynamic_coverage_and_code,configuration diff; coverage is non-monotonic and not used as recovery evidence,FROZEN_VALID,YES,,NO,FN,NO,FN,NO,FN,"H0 already exercises the changed trailer protocol and configurations through equivalent quirk IDs. Its set_quirks includes WUFFS_JSON__QUIRK_ALLOW_TRAILING_COMMENT and WUFFS_JSON__QUIRK_ALLOW_TRAILING_NEW_LINE, which S1 explicitly defines as deprecated equivalents of WUFFS_JSON__QUIRK_ALLOW_TRAILING_FILLER and WUFFS_JSON__QUIRK_EXPECT_TRAILING_NEW_LINE_OR_EOF. Random combinations also cover the new bad-quirk-combination checks, comment interactions, trailing whitespace, EOF, short reads, and short writes.","[""S1 defines WUFFS_JSON__QUIRK_ALLOW_TRAILING_COMMENT with the same value, 1225364497, as WUFFS_JSON__QUIRK_ALLOW_TRAILING_FILLER."", ""S1 defines WUFFS_JSON__QUIRK_ALLOW_TRAILING_NEW_LINE with the same value, 1225364498, as WUFFS_JSON__QUIRK_EXPECT_TRAILING_NEW_LINE_OR_EOF."", ""H0 set_quirks independently selects WUFFS_JSON__QUIRK_ALLOW_COMMENT_BLOCK, WUFFS_JSON__QUIRK_ALLOW_COMMENT_LINE, WUFFS_JSON__QUIRK_ALLOW_TRAILING_COMMENT, and WUFFS_JSON__QUIRK_ALLOW_TRAILING_NEW_LINE."", ""H0 fuzz_complex repeatedly calls wuffs_json__decoder__decode_tokens with variable src_limit and tok_limit, handling wuffs_base__suspension__short_read and wuffs_base__suspension__short_write, which exercises decode_trailer and decode_comment across streaming boundaries."", ""H0 fuzz_one_token checks token lengths and source-consumption consistency, including filler tokens emitted by the changed trailer handling.""]",False,NO,98,"H0 retains adequate entry-point, streaming-state, input, and configuration control for the changed JSON trailer behavior. fuzz_complex repeatedly calls wuffs_json__decoder__decode_tokens with varied source and token-buffer limits, while set_quirks independently controls the relevant numeric quirk values through the existing WUFFS_JSON__QUIRK_ALLOW_TRAILING_COMMENT and WUFFS_JSON__QUIRK_ALLOW_TRAILING_NEW_LINE identifiers. In S1 those identifiers are deprecated aliases with the same values as WUFFS_JSON__QUIRK_ALLOW_TRAILING_FILLER and WUFFS_JSON__QUIRK_EXPECT_TRAILING_NEW_LINE_OR_EOF, respectively. Consequently H0 can enable either new semantic mode, combine them with WUFFS_JSON__QUIRK_ALLOW_COMMENT_BLOCK or WUFFS_JSON__QUIRK_ALLOW_COMMENT_LINE, reach the new bad-quirk-combination path, and supply arbitrary trailing bytes. The renamed internal helper does not create a new public entry point or protocol requirement.","[""set_quirks includes WUFFS_JSON__QUIRK_ALLOW_TRAILING_COMMENT, WUFFS_JSON__QUIRK_ALLOW_TRAILING_NEW_LINE, WUFFS_JSON__QUIRK_ALLOW_COMMENT_BLOCK, and WUFFS_JSON__QUIRK_ALLOW_COMMENT_LINE, with each selected from hash_44_bits."", ""S1 defines WUFFS_JSON__QUIRK_ALLOW_TRAILING_FILLER and WUFFS_JSON__QUIRK_ALLOW_TRAILING_COMMENT as 1225364497."", ""S1 defines WUFFS_JSON__QUIRK_EXPECT_TRAILING_NEW_LINE_OR_EOF and WUFFS_JSON__QUIRK_ALLOW_TRAILING_NEW_LINE as 1225364498."", ""fuzz_complex calls wuffs_json__decoder__decode_tokens in a loop, varies tok_limit and src_limit through buffer_limit, handles short_read and short_write, and passes the complete fuzz input through full_src."", ""The changed wuffs_json__decoder__decode_tokens invokes wuffs_json__decoder__decode_trailer based on f_quirks[17] or f_quirks[18], both already controllable through H0's alias identifiers."", ""The new bad-quirk-combination check involving f_quirks[18] with f_quirks[11], f_quirks[12], or f_quirks[17] is reachable through H0's independently hash-selected quirk list.""]"
C045,S013,wuffs,3bad76cd2c4ff149090daf9f3cf35d9f3aa34cbf,f1a9d34494172b753dbcbe5f21a8bd2973471a7b,2024-03-28T16:38:45+11:00,fuzz/c/std/pixel_swizzler_fuzzer.c,VERIFIED_NEGATIVE,,N3,PASS,PASS,NOT_MEASURED,NOT_MEASURED,NOT_MEASURED,NOT_MEASURED,three_way_build_runtime_and_code_audit,A tautological-limit comparison is made compiler-clean; accepted pixel dimensions do not change.,FROZEN_VALID,NO,SOURCE_ONLY,NO,TN,YES,FP,NO,TN,"H0 reaches wuffs_base__pixel_config__set only with width and height constrained to 1..63, so it cannot exercise rejection when width*height exceeds SIZE_MAX. It also does not cover the compile-time SIZE_MAX < UINT64_MAX branch introduced in S1, which is the changed validation path.","[""fuzz_swizzle_ycck derives width and height as (63 & ...) + 1 before calling wuffs_base__pixel_config__set."", ""S1 conditionally computes uint64_t wh and clears the configuration when wh > SIZE_MAX only under #if SIZE_MAX < UINT64_MAX."", ""H0 supplies a nonzero dst_pixfmt.repr and dimensions whose product is at most 3969, never approaching SIZE_MAX or uint32_t extremes.""]",True,NO,98,"H0 reaches wuffs_base__pixel_config__set only with small width and height values from fuzz_swizzle_ycck, so it does not exercise the large-dimension rejection path when SIZE_MAX < UINT64_MAX. However, S0 already contained the equivalent width-times-height validation, and S1 only restructures that validation with a compile-time guard. The commit neither introduces nor materially aggravates the harness gap.","[""fuzz_swizzle_ycck derives width and height as (63 & ...) + 1 and then further clamps them with wuffs_base__u32__min before calling wuffs_base__pixel_config__set."", ""In S0, wuffs_base__pixel_config__set accepted the configuration only when wh <= SIZE_MAX and otherwise cleared the fields."", ""In S1, when SIZE_MAX < UINT64_MAX, the same product is rejected when wh > SIZE_MAX; otherwise the fields are set."", ""When SIZE_MAX is not less than UINT64_MAX, omitting the check does not expose a distinct uint32_t width/height product case that S0 rejected.""]"
C046,N225,wuffs,fdac24a42540b8d35bb1236d2657adfeb7356232,01abc847846f8c5a58662080024cd60c87a5fb53,2020-03-06T21:53:08+11:00,fuzz/c/std/json_fuzzer.c,VERIFIED_NEGATIVE,,N1,PASS,PASS,NOT_MEASURED,NOT_MEASURED,NOT_MEASURED,NOT_MEASURED,three_way_build_runtime_and_code_audit,Constant rename is applied consistently and changes no input/state requirement.,FROZEN_VALID,NO,COEVOLUTION_HARD,NO,TN,YES,FP,NO,TN,"H0 fuzzes standalone JSON token decoding and a contiguous zlib stream, but S1 contains a separate stdin-driven PNG/IDAT processing path whose chunk semantics and fragmented zlib protocol are not exercised. In particular, H0 never drives IDAT boundaries by incrementally changing source meta.wi and meta.closed after wuffs_base__suspension__short_read.","[""S1 main validates the PNG signature in src_buffer_array and passes the remaining bytes to process_png_chunks."", ""process_png_chunks parses attacker-controlled chunk_len and chunk_type, handles IHDR and IDAT, copies IDAT payloads into idat_buffer_array, and records boundaries in idat_splits."", ""decode_once(frag_dst, frag_idat) explicitly tests four fragmentation configurations; its frag_idat path exposes successive idat_splits by updating idat.meta.wi and idat.meta.closed on wuffs_base__suspension__short_read."", ""H0 zlib_fuzzer.c calls wuffs_zlib__decoder__transform_io with the supplied src as one stream and only loops on wuffs_base__suspension__short_write; it does not implement the short_read boundary protocol used by decode_once."", ""H0 json_fuzzer.c targets wuffs_json__decoder__decode_tokens and does not cover the PNG/IDAT entry path.""]",False,NO,99,"S1 only renames buffer-size macros and backing arrays in the two script programs, such as SRC_BUFFER_SIZE to SRC_BUFFER_ARRAY_SIZE, dst_buffer to dst_buffer_array, and tok_buffer to tok_buffer_array. The sizes, initialization, data flow, decoder entry points, fragmentation behavior, inputs, and configuration remain unchanged. H0 continues to exercise wuffs_json__decoder__decode_tokens and wuffs_zlib__decoder__transform_io with substantial input and state control, so the commit creates no material harness gap.","[""read_stdin still reads stdin up to 64 MiB; only src_buffer/SRC_BUFFER_SIZE become src_buffer_array/SRC_BUFFER_ARRAY_SIZE."", ""process_png_chunks preserves the same IDAT copying and idat_splits logic, changing only idat_buffer to idat_buffer_array."", ""decode_once still calls wuffs_zlib__decoder__transform_io with the same decoder state, source/destination fragmentation controls, and worst-case work-buffer length."", ""main retains the same PNG parsing, dimension checks, and four decode fragmentation combinations."", ""main1 still initializes wuffs_json__decoder and repeatedly calls wuffs_json__decoder__decode_tokens; only source and token array identifiers are renamed."", ""H0's fuzz_complex and fuzz_simple call wuffs_json__decoder__decode_tokens, while zlib_fuzzer.c calls wuffs_zlib__decoder__transform_io and varies initialization and checksum configuration.""]"
C047,S027,wuffs,724aec33dfaea6a8e633e5d74e90d5bb2aaa3881,43beae1d3da02f2509436c3a9d24b3cb5ac2287c,2023-06-13T22:37:28+10:00,fuzz/c/std/json_fuzzer.cc,VERIFIED_NEGATIVE,,N1,PASS,PASS,NOT_MEASURED,NOT_MEASURED,NOT_MEASURED,NOT_MEASURED,three_way_build_runtime_and_code_audit,Generated pointer-to-array expressions lose redundant parentheses only.,FROZEN_VALID,NO,SOURCE_ONLY,NO,TN,YES,FP,NO,TN,"H0 exclusively initializes and drives wuffs_json__decoder and explicitly compiles WUFFS_CONFIG__MODULE__JSON, while S1 changes JPEG MCU entropy-decoding functions that consume Huffman-coded bitstreams. No H0 path initializes a wuffs_jpeg__decoder or supplies JPEG input, so the implicated JPEG attack surface is absent.","[""H0 defines WUFFS_CONFIG__MODULE__JSON and WUFFS_CONFIG__MODULE__AUX__JSON but not a JPEG module."", ""H0 calls wuffs_json__decoder__decode_tokens and wuffs_aux::DecodeJson; it contains no wuffs_jpeg__decoder entry point."", ""All three changed functions read f_bitstream_bits and f_huff_tables_fast and decode AC/DC symbols from JPEG bitstream data."", ""The progressive paths use f_scan_al, f_scan_se, f_eob_run, and f_mcu_zig_index, states and input semantics not modeled by the JSON harness.""]",True,NO,99,"H0 is exclusively a JSON harness and does not reach the changed JPEG decoder functions, so S1 + H0 retains a JPEG entry-point and attack-surface coverage gap. The commit did not introduce or materially aggravate that gap: H0 already selected only WUFFS_CONFIG__MODULE__JSON and called wuffs_json__decoder__decode_tokens and wuffs_aux::DecodeJson, while every source edit merely changes the equivalent declaration spelling from `const uint16_t(* v_ac_huff_table_fast)` to `const uint16_t* v_ac_huff_table_fast` without changing API, state, configuration, input semantics, or execution logic.","[""H0 defines WUFFS_CONFIG__MODULE__JSON and WUFFS_CONFIG__MODULE__AUX__JSON but no WUFFS_CONFIG__MODULE__JPEG."", ""H0 exercises wuffs_json__decoder__decode_tokens in fuzz_complex and fuzz_simple and wuffs_aux::DecodeJson in fuzz_cpp; it contains no JPEG decoder entry point."", ""All three changed functions are internal JPEG functions: wuffs_jpeg__decoder__decode_mcu__choosy_default, wuffs_jpeg__decoder__decode_mcu_progressive_ac_high_bits, and wuffs_jpeg__decoder__decode_mcu_progressive_ac_low_bit."", ""In each affected function, the only edit is `const uint16_t(* v_ac_huff_table_fast) = NULL` to `const uint16_t* v_ac_huff_table_fast = NULL`; all assignments, indexing, control flow, and state operations remain identical.""]"
C048,N238,wuffs,d5075c7e9468ad039ca878f8db2ebf49c6dd1668,16b51dd2a4b147ca86597ec7bbdb299e2df3cad5,2021-11-02T14:07:58+11:00,fuzz/c/fuzzlib/fuzzlib.c,VERIFIED_NEGATIVE,,N1,PASS,PASS,NOT_MEASURED,NOT_MEASURED,NOT_MEASURED,NOT_MEASURED,three_way_build_runtime_and_code_audit,C loop-variable scope cleanup preserves behavior and reachability.,FROZEN_VALID,NO,COEVOLUTION_HARD,NO,TN,NO,TN,NO,TN,"The source change only moves loop-index declarations into existing for-loop initializers. It does not add or alter any entry point, API protocol, state, configuration, input semantics, or attack surface requiring new fuzz coverage.","[""script/adler32-standalone.c main changes `int i; for (i = 0; ...` to `for (int i = 0; ...` with the same loop body and bounds."", ""script/bench-c-deflate-fragmentation.c decode and main make the same declaration-scope-only change while preserving calls to `decode_once` and `decode`."", ""script/print-json-token-debug-format.c main1 changes only the scope of `i` in the loop over `quirks`; the same `wuffs_base__token_decoder__set_quirk_enabled` calls occur for the same identifiers.""]",False,NO,99,"The S0-to-S1 changes only move existing loop-variable declarations into their respective for initializers. They do not change any entry point, API protocol, persistent state, configuration, input semantics, attack surface, loop bounds, or called operations. H0 therefore needs no adaptation to exercise behavior affected by this commit.","[""In adler32-standalone.c main, `int i; for (i = 0; i < num_reps; i++)` becomes `for (int i = 0; i < num_reps; i++)`; `calculate_hash(g_buffer, BUFFER_SIZE)` and the bounds remain unchanged."", ""In bench-c-deflate-fragmentation.c decode, only the declaration scope of `i` changes; the loop still runs `i < reps` and calls `decode_once(frag_dst, frag_idat)`."", ""In bench-c-deflate-fragmentation.c main, only the declaration scope of `i` changes; the five iterations and all four `decode` calls remain unchanged."", ""In print-json-token-debug-format.c main1, only the declaration scope of `i` changes; the loop still traverses `quirks` until zero and calls `wuffs_base__token_decoder__set_quirk_enabled` identically."", ""H0 already exercises GIF and JSON decoding through `fuzz`, but the commit introduces no changed decoding behavior or new control dimension for those harnesses to cover.""]"
C049,N193,wuffs,26ce04ab643c6a9b3284616ded671fae9b987a58,bc702b4c2b579ee63baf9d15cfe582b6d6fbd810,2018-06-11T10:42:29+10:00,fuzz/c/std/gif_fuzzer.c,VERIFIED_NEGATIVE,,N6,PASS,PASS,NOT_MEASURED,NOT_MEASURED,NOT_MEASURED,NOT_MEASURED,three_way_build_runtime_and_code_audit,The new error return is already satisfied by H0's exact-sized allocation; API behavior remains exercised.,FROZEN_VALID,NO,COEVOLUTION_HARD,NO,TN,YES,FP,NO,TN,"S1 makes both image-buffer setters status-returning APIs with explicit failure behavior, but H0 exercises only wuffs_base__image_buffer__set_from_slice, ignores its returned status, supplies only a non-null receiver and an allocation sized from pixbuf_size, and never calls wuffs_base__image_buffer__set_from_pixbuf. Consequently, the new bad-receiver and too-short-buffer outcomes and their status semantics are not meaningfully fuzzed.","[""H0 calls wuffs_base__image_buffer__set_from_slice(&ib, ic, ...) without assigning or checking its return value; its adjacent TODO explicitly asks whether to check errors."", ""S1 changes wuffs_base__image_buffer__set_from_slice from void to wuffs_base__status and returns WUFFS_BASE__ERROR_BAD_RECEIVER when b is null."", ""S1 adds the wh > pixbuf_memory.len branch returning WUFFS_BASE__ERROR_BAD_ARGUMENT_LENGTH_TOO_SHORT."", ""H0 allocates pixbuf_size = wuffs_base__image_config__pixbuf_size(&ic) and passes that entire length, so it does not deliberately explore lengths around the new wh boundary."", ""S1 changes wuffs_base__image_buffer__set_from_pixbuf to return WUFFS_BASE__ERROR_BAD_RECEIVER or WUFFS_BASE__STATUS_OK, while H0 never invokes that function."", ""S1 adds WUFFS_BASE__ERROR_BAD_ARGUMENT_LENGTH_TOO_SHORT and changes the corresponding wuffs_base__status__string data to \""bad argument (length too short)\"".""]",False,NO,98,"S1 changes the image-buffer setters from void to wuffs_base__status and adds explicit validation results, but H0 still reaches the relevant successful wuffs_base__image_buffer__set_from_slice behavior with adequate state and input control. It passes non-null &ib and allocates pixbuf_size derived from the validated image_config ic, so the new BAD_RECEIVER and BAD_ARGUMENT_LENGTH_TOO_SHORT paths do not represent a material gap in this GIF decoding harness. Ignoring the returned success status is an error-handling omission, not a loss of fuzz reachability or input semantics. wuffs_base__image_buffer__set_from_pixbuf is not used by H0, and the status-string changes do not alter the decoder attack surface exercised by fuzz.","[""H0 validates ic with wuffs_base__image_config__is_valid(&ic) before constructing the image buffer."", ""H0 computes pixbuf_size using wuffs_base__image_config__pixbuf_size(&ic), allocates exactly that amount, and passes it to wuffs_base__image_buffer__set_from_slice."", ""H0 passes &ib, so the new WUFFS_BASE__ERROR_BAD_RECEIVER branch cannot be selected."", ""The S1 success path of wuffs_base__image_buffer__set_from_slice still initializes b->private_impl.config and plane 0 fields exactly as before, then returns WUFFS_BASE__STATUS_OK."", ""H0 continues into wuffs_gif__decoder__decode_frame with fuzz-controlled src_reader, preserving coverage of GIF decoding behavior."", ""No new GIF decoder entry point, configuration, state protocol, input interpretation, or attack surface is introduced by the supplied diff.""]"
C050,N222,wuffs,2914bae3b278d7b645fe14ddd1e3de46d2ad781c,51b1258b61754cfc617013ef30a8addc3ebcf4e0,2020-02-26T09:40:30+11:00,fuzz/c/fuzzlib/fuzzlib.c,VERIFIED_NEGATIVE,,N1,PASS,PASS,NOT_MEASURED,NOT_MEASURED,NOT_MEASURED,NOT_MEASURED,three_way_build_runtime_and_code_audit,Function-signature formatting only; declarations and calls are semantically unchanged.,FROZEN_VALID,NO,COEVOLUTION_HARD,NO,TN,NO,TN,NO,TN,"The supplied S0-to-S1 diff contains only declaration formatting changes: return types are split from function names with `//`, while function bodies, parameters, control flow, constants, and calls remain unchanged. It therefore implicates no new fuzz-worthy behavior, protocol, state, configuration, input semantics, or attack surface absent from H0.","[""`calculate_hash` and `main` in `script/adler32-standalone.c` have unchanged signatures and bodies apart from line breaks and `//`."", ""`load_u32be`, `read_stdin`, `process_png_chunks`, `decode_once`, `decode`, `fail`, and `main` in `script/bench-c-deflate-fragmentation.c` have only declaration-layout changes."", ""`my_memfd_create`, `make_ring_buffer`, and `main` in `script/mmap-ring-buffer.c` have only declaration-layout changes."", ""Both declarations/definitions of `wuffs_deflate__decoder__decode_huffman_fast` and the definition of `c_wuffs_deflate__decoder__decode_huffman_fast` are reformatted without behavioral changes."", ""H0 already exercises `wuffs_zlib__decoder__transform_io` with variable input and repeated `short_write` handling, and no changed decoder semantics are visible in S1.""]",False,NO,100,"The S0-to-S1 diff only reformats function declarations by inserting line breaks and `//`; it does not change any entry point, API protocol, state, configuration, input semantics, attack surface, or executable behavior. H0 continues to exercise `wuffs_gif__decoder` and `wuffs_zlib__decoder` through the same calls and controls. Therefore the commit neither creates nor materially aggravates a harness gap.","[""`calculate_hash` and `main` in `script/adler32-standalone.c` have unchanged bodies and signatures."", ""`load_u32be`, `read_stdin`, `process_png_chunks`, `decode_once`, `decode`, `fail`, and `main` in `script/bench-c-deflate-fragmentation.c` only receive declaration-layout changes."", ""`my_memfd_create`, `make_ring_buffer`, and `main` in `script/mmap-ring-buffer.c` only receive declaration-layout changes."", ""`wuffs_deflate__decoder__decode_huffman_fast` and `c_wuffs_deflate__decoder__decode_huffman_fast` only receive declaration-layout changes."", ""H0's `gif_fuzzer.c`, `zlib_fuzzer.c`, and `fuzzlib.c` interfaces require no adaptation to any changed production behavior.""]"
C051,N005,mbedtls,28126050f2937ff69e02c35ca50ee30af6a0ad14,0f82ec67409aea9516795e301492a6ab240b4de7,2021-05-13T10:34:48+02:00,programs/fuzz/fuzz_client.c,VERIFIED_NEGATIVE,,N5,PASS,PASS,NOT_MEASURED,NOT_MEASURED,NOT_MEASURED,NOT_MEASURED,three_way_build_runtime_and_code_audit,Removed CBC feature code disappears under the same configuration; no remaining H0 requirement.,FROZEN_VALID,NO,COEVOLUTION_HARD,NO,TN,YES,FP,NO,TN,"S1 changes the public application-data write path so that mbedtls_ssl_write() calls ssl_write_real() directly, but H0 never calls mbedtls_ssl_write() after a successful handshake. Consequently, H0 cannot exercise the changed outgoing-record behavior, including zero/one-byte and maximum-fragment boundary writes or the out_left retry path through mbedtls_ssl_flush_output().","[""In H0, a successful mbedtls_ssl_handshake() is followed only by repeated mbedtls_ssl_read() calls; there is no mbedtls_ssl_write() invocation."", ""In S1, mbedtls_ssl_write() unconditionally assigns ret = ssl_write_real( ssl, buf, len ), replacing the conditional ssl_write_split() path."", ""ssl_write_real() contains fuzz-relevant length semantics: len may be zero, stream writes larger than max_len are truncated, and datagram writes return MBEDTLS_ERR_SSL_BAD_INPUT_DATA."", ""ssl_write_real() also has stateful retry behavior when ssl->out_left != 0, calling mbedtls_ssl_flush_output() and requiring repeated calls with the same parameters."", ""H0's only write-related configuration, mbedtls_ssl_conf_cbc_record_splitting(), is guarded by MBEDTLS_SSL_CBC_RECORD_SPLITTING, which S1 removes from config.h along with that API.""]",False,NO,97,"S1 removes the MBEDTLS_SSL_CBC_RECORD_SPLITTING configuration, constants, state, setter, and ssl_write_split path; it does not add a new protocol mode, state requirement, input semantic, or attack surface for H0 to control. H0 still directly calls mbedtls_ssl_config_defaults and exercises the client handshake/read path. Its mbedtls_ssl_conf_cbc_record_splitting call is guarded by MBEDTLS_SSL_CBC_RECORD_SPLITTING, so removal of that macro simply excludes the obsolete branch. H0 does not call mbedtls_ssl_write, but that was already true in S0, making any application-write coverage limitation historical rather than commit-induced.","[""H0 calls mbedtls_ssl_config_defaults(&conf, MBEDTLS_SSL_IS_CLIENT, MBEDTLS_SSL_TRANSPORT_STREAM, MBEDTLS_SSL_PRESET_DEFAULT)."", ""H0 invokes mbedtls_ssl_handshake followed by mbedtls_ssl_read and never invokes mbedtls_ssl_write."", ""H0's option 0x40 calls mbedtls_ssl_conf_cbc_record_splitting only inside #if defined(MBEDTLS_SSL_CBC_RECORD_SPLITTING)."", ""S1 deletes MBEDTLS_SSL_CBC_RECORD_SPLITTING from config.h, the corresponding constants and fields from ssl.h, ssl_write_split from ssl_msg.c, and mbedtls_ssl_conf_cbc_record_splitting from ssl_tls.c."", ""S1 changes mbedtls_ssl_write to call the pre-existing ssl_write_real directly, eliminating behavior rather than introducing an uncovered alternative.""]"
C052,N199,wuffs,3c50ada2c662c257050f9e44cb1f066e3cf9b2be,af7b15bc17ea5707cb7d6f7bdea232bc2a940df0,2018-07-26T17:12:19+00:00,fuzz/c/std/gif_fuzzer.c,VERIFIED_NEGATIVE,,N1,PASS,PASS,NOT_MEASURED,NOT_MEASURED,NOT_MEASURED,NOT_MEASURED,three_way_build_runtime_and_code_audit,Spelling-only production and harness edits introduce no testing requirement.,FROZEN_VALID,NO,COEVOLUTION_HARD,NO,TN,NO,TN,NO,TN,"The only S0-to-S1 changes replace the misspelling ""accomodate"" with ""accommodate"" in comments. No executable behavior, API protocol, state, configuration, input semantics, or attack surface changes are visible. The existing GIF harness already exercises wuffs_gif__decoder__decode_image_config and repeated wuffs_gif__decoder__decode_frame calls, including malformed/truncated input paths relevant to decoder.decode_id_part1.","[""script/bench-c-deflate-fragmentation.c changes only a comment associated with relative includes."", ""std/gif/decode_gif.wuffs changes only a comment describing malformed GIF handling in decoder.decode_id_part1."", ""No statements, conditions, calls, data structures, or function signatures change in the supplied production diff."", ""fuzz/c/std/gif_fuzzer.c feeds fuzz input through wuffs_gif__decoder__decode_image_config and wuffs_gif__decoder__decode_frame until a terminal status.""]",False,NO,100,"The commit makes only comment spelling corrections, changing ""accomodate"" to ""accommodate"" in `decoder.decode_id_part1` and `script/bench-c-deflate-fragmentation.c`. It does not change any entry point, API protocol, decoder state, configuration, input semantics, attack surface, or executable behavior. H0 continues to exercise GIF decoding through `wuffs_gif__decoder__decode_image_config` and `wuffs_gif__decoder__decode_frame`; therefore S1 + H0 has no material harness gap and the commit creates no maintenance need.","[""In `std/gif/decode_gif.wuffs`, the sole change inside `decoder.decode_id_part1` is the comment text `To accomodate` to `To accommodate`."", ""In `script/bench-c-deflate-fragmentation.c`, the sole change is the comment text `doesn't easily accomodate` to `doesn't easily accommodate`."", ""No executable statement, function signature, configuration option, state transition, or input-handling operation changes from S0 to S1."", ""`fuzz/c/std/gif_fuzzer.c` initializes `wuffs_gif__decoder`, calls `wuffs_gif__decoder__decode_image_config`, and repeatedly calls `wuffs_gif__decoder__decode_frame`, so its existing GIF decoding path is unaffected.""]"
C053,S020,wuffs,190f2490312632b5e35a9eca816108648047cc36,357bfdaef3759afe23ed36281075a9c70c8e2a0b,2023-11-04T11:20:17+11:00,fuzz/c/std/jpeg_fuzzer.c,VERIFIED_NEGATIVE,,N1,PASS,PASS,NOT_MEASURED,NOT_MEASURED,NOT_MEASURED,NOT_MEASURED,three_way_build_runtime_and_code_audit,The JPEG horizontal-rule change is comment-only.,FROZEN_VALID,NO,SOURCE_ONLY,NO,TN,NO,TN,NO,TN,"The only S0-to-S1 change is a comment separator in std/jpeg/decode_load_smooth.wuffs, from ""// ----"" to ""// --------"". No executable JPEG decoding logic, API protocol, state, configuration, input semantics, or attack surface changes. H0 already fuzzes wuffs_jpeg__decoder through fuzz_image_decoder.","[""The complete diff changes only one comment line in std/jpeg/decode_load_smooth.wuffs."", ""H0 initializes wuffs_jpeg__decoder with wuffs_jpeg__decoder__initialize."", ""H0 passes wuffs_jpeg__decoder__upcast_as__wuffs_base__image_decoder(&dec) to fuzz_image_decoder.""]",False,NO,100,"S1 changes only a comment separator in std/jpeg/decode_load_smooth.wuffs from ""// ----"" to ""// --------"". No production function, entry point, API protocol, state, configuration, input semantics, or attack surface changes. H0 continues to initialize wuffs_jpeg__decoder via wuffs_jpeg__decoder__initialize and exercise it through fuzz_image_decoder with hash-controlled initialization flags.","[""The complete S0-to-S1 diff contains only the comment-line replacement \""// ----\"" with \""// --------\""."", ""No changed-function body or executable production statement appears in the supplied diff."", ""H0 invokes wuffs_jpeg__decoder__initialize and passes wuffs_jpeg__decoder__upcast_as__wuffs_base__image_decoder(&dec) to fuzz_image_decoder.""]"
C054,N248,wuffs,5ec14737f3bd2668a7aeeffd7084a75c23ebbe60,22c3b002ce1deb44d567775f6048a1c446c2e58b,2025-06-10T11:33:08+10:00,fuzz/c/std/pixel_swizzler_fuzzer.c,VERIFIED_SILENT_POSITIVE,VP4,,PASS,PASS,0.000000,0.634409,NOT_REACHED,REACHED,dynamic_coverage_and_code,dynamic changed-line coverage 0/93 -> 59/93,FROZEN_VALID,YES,,NO,FN,YES,TP,YES,TP,"H0 cannot select WUFFS_BASE__PIXEL_FORMAT__Y_16LE as either src_pixfmt or dst_pixfmt because both are chosen exclusively from pixfmts, which contains WUFFS_BASE__PIXEL_FORMAT__Y_16BE but not WUFFS_BASE__PIXEL_FORMAT__Y_16LE. Consequently, the new Y_16LE source dispatch in wuffs_base__pixel_swizzler__prepare and all conversion functions returned by wuffs_private_impl__pixel_swizzler__prepare__y_16le are unreachable from fuzz_swizzle_interleaved_from_slice. This is material because the added routines perform unchecked-width reads and writes across 1-, 2-, 3-, 4-, and 8-byte destination representations, while the harness is specifically designed to detect boundary violations with guarded pages and randomized slice lengths.","[""H0 declares pixfmts with WUFFS_BASE__PIXEL_FORMAT__Y and WUFFS_BASE__PIXEL_FORMAT__Y_16BE, but no WUFFS_BASE__PIXEL_FORMAT__Y_16LE."", ""fuzz_swizzle_interleaved_from_slice constructs both dst_pixfmt and src_pixfmt only as pixfmts[... % num_pixfmts]."", ""S1 adds case WUFFS_BASE__PIXEL_FORMAT__Y_16LE in wuffs_base__pixel_swizzler__prepare, dispatching to wuffs_private_impl__pixel_swizzler__prepare__y_16le."", ""wuffs_private_impl__pixel_swizzler__prepare__y_16le selects new conversion implementations for destinations including Y, BGR_565, BGR/RGB, 4-byte formats, and 4X16LE formats."", ""The new implementations directly use s[1], wuffs_base__peek_u16le__no_bounds_check, and no-bounds-check destination pokes, making varied short and odd-length guarded slices fuzz-worthy.""]",True,YES,99,"S1 adds supported WUFFS_BASE__PIXEL_FORMAT__Y_16LE source-format behavior, but H0 cannot select that format because pixfmts omits WUFFS_BASE__PIXEL_FORMAT__Y_16LE. Consequently fuzz_swizzle_interleaved_from_slice reaches wuffs_base__pixel_swizzler__prepare but never dispatches through its new Y_16LE case or exercises the newly added conversion functions. This gap is commit-induced because those Y_16LE dispatch paths and implementations did not exist in S0.","[""H0 derives both dst_pixfmt and src_pixfmt exclusively from pixfmts."", ""H0's pixfmts contains WUFFS_BASE__PIXEL_FORMAT__Y_16BE but not WUFFS_BASE__PIXEL_FORMAT__Y_16LE."", ""S1 adds case WUFFS_BASE__PIXEL_FORMAT__Y_16LE to wuffs_base__pixel_swizzler__prepare, dispatching to wuffs_private_impl__pixel_swizzler__prepare__y_16le."", ""S1 adds multiple Y_16LE conversion implementations selected only through that new source-format route.""]"
C055,N218,wuffs,e6db7f6a40dc5ad3517a341f230bc0c7b6891620,c50f16e58bfed7daae92280f689ad766187b97e2,2020-01-05T10:48:20+11:00,fuzz/c/std/gif_fuzzer.c,VERIFIED_EXPLICIT_POSITIVE,VP1,,FAIL,NOT_RUN,NOT_MEASURED,NOT_MEASURED,NOT_MEASURED,NOT_MEASURED,three_way_build_runtime,S1+H0 fails to build while S0+H0 and S1+H1 pass.,FROZEN_VALID,YES,,YES,TP,YES,TP,YES,TP,"S1 changes wuffs_base__status from const char* to a struct containing repr, but both H0 fuzz functions still store decoder-returned statuses in const char* and use direct pointer truth/equality tests. Because each harness includes the changed release/c/wuffs-unsupported-snapshot.c, H0 is incompatible with S1 and cannot fuzz its existing GIF or zlib paths. In addition, S1 changes the public gzip decoder status-handling path, while H0 has no harness invoking wuffs_gzip__decoder__decode_io_writer.","[""S1 declares \""typedef struct { const char* repr; ... } wuffs_base__status\"" and changes helpers such as wuffs_base__status__is_ok to accept \""const wuffs_base__status*\""."", ""gif_fuzzer.c declares \""const char* status\"" and assigns results from wuffs_gif__decoder__initialize, wuffs_gif__decoder__decode_image_config, wuffs_gif__decoder__decode_frame_config, and wuffs_gif__decoder__decode_frame, all of which return wuffs_base__status in S1."", ""zlib_fuzzer.c declares \""const char* status\"" and assigns results from wuffs_zlib__decoder__initialize and wuffs_zlib__decoder__decode_io_writer; it also directly compares status with wuffs_base__suspension__short_write."", ""H0 contains only gif_fuzzer.c and zlib_fuzzer.c, whereas the S1 diff includes changed bodies for wuffs_gzip__decoder__initialize and wuffs_gzip__decoder__decode_io_writer.""]",True,YES,99,"S1 changes wuffs_base__status from const char* to a struct containing repr, but both H0 fuzz entry points still store decoder results in const char* and use pointer-style status comparisons and returns. This makes H0 incompatible with the S1 API and prevents it from adequately reaching the changed GIF and zlib decoder behavior. S0 used typedef const char* wuffs_base__status, so the incompatibility is introduced by this commit.","[""In S0, core-public.h and wuffs-unsupported-snapshot.c define typedef const char* wuffs_base__status; S1 replaces it with typedef struct { const char* repr; ... } wuffs_base__status."", ""gif_fuzzer.c::fuzz declares const char* status and assigns wuffs_gif__decoder__initialize, wuffs_gif__decoder__decode_image_config, wuffs_gif__decoder__decode_frame_config, and wuffs_gif__decoder__decode_frame results to it."", ""zlib_fuzzer.c::fuzz declares const char* status and assigns results from wuffs_zlib__decoder__initialize and wuffs_zlib__decoder__decode_io_writer to it."", ""H0 compares status directly with wuffs_base__warning__end_of_data and wuffs_base__suspension__short_write and returns status as const char*, while S1 status values require access through repr or the pointer-taking wuffs_base__status__* helpers.""]"
C056,S023,wuffs,836a87886148fcdc69539bd70b652d07522f8e08,5afaa8911c51c0ffa39822f2300fdfff52301f28,2023-07-31T09:38:00+10:00,fuzz/c/std/pixel_swizzler_fuzzer.c,VERIFIED_NEGATIVE,,N1,PASS,PASS,NOT_MEASURED,NOT_MEASURED,NOT_MEASURED,NOT_MEASURED,three_way_build_runtime_and_code_audit,Unused pixel-conversion length locals are removed without changing conversion calls.,FROZEN_VALID,NO,SOURCE_ONLY,NO,TN,YES,FP,NO,TN,"H0 reaches the YCC/YCCK swizzle path but cannot exercise the changed box-filter function's multi-chunk horizontal processing. Its generated width is at most 64, while the production loop chunks at 672 pixels, so x never advances into a second iteration. This omits fuzz-worthy behavior involving nonzero x, repeated scratch-buffer reuse, and source offsets x / inv_h0, x / inv_h1, and x / inv_h2.","[""In fuzz_swizzle_ycck, width is initialized as (63 & (hash >> 8)) + 1, so it is limited to 1..64, and the subsequent wuffs_base__u32__min can only reduce it."", ""wuffs_base__pixel_swizzler__swizzle_ycc__general__box_filter sets end = x + 672u and repeats while (x < width). With H0's width, end becomes width on the first iteration and x = end terminates the loop."", ""The changed function computes source addresses using src0_major + (x / inv_h0), src1_major + (x / inv_h1), and src2_major + (x / inv_h2); H0 only exercises these with x == 0."", ""H0's dst_alloc_size is based on 8 * 64 * 64, reinforcing that fuzz_swizzle_ycck is configured only for small output dimensions.""]",False,NO,99,"S1 changes no entry point, API protocol, state, configuration, input semantics, or attack surface. It removes only the write-only local counters total_src_len0, total_src_len1, and total_src_len2 from wuffs_base__pixel_swizzler__swizzle_ycc__general__box_filter and fixes preprocessor whitespace from '# else' to '#else'. H0 already invokes wuffs_base__pixel_swizzler__swizzle_ycck through fuzz_swizzle_ycck and controls width, height, component h/v factors, triangle_filter_for_2to1, source values, and destination pixel format. The changed computation path remains reachable with adequate state and input control, so there is neither a material S1+H0 gap nor a commit-induced maintenance need.","[""fuzz calls fuzz_swizzle_ycck(src, hash), which calls wuffs_base__pixel_swizzler__swizzle_ycck"", ""fuzz_swizzle_ycck derives width, height, h0-h2, v0-v2, and triangle_filter_for_2to1 from hash"", ""The only functional-body deletions are declarations and increments of total_src_len0, total_src_len1, and total_src_len2; none is subsequently read"", ""The remaining src_len0, src_len1, and src_len2 calculations and upfunc0-upfunc2 and convfunc calls are unchanged"", ""The '# else' to '#else' edit does not alter the conditional or selected function""]"
C057,N249,wuffs,eec7d22ea3e43942d2ddad0c16686b53201ced93,1222a6886d411eef802df4000e2858690a71712b,2025-07-15T15:34:48+10:00,fuzz/c/std/pixel_swizzler_fuzzer.c,VERIFIED_SILENT_POSITIVE,VP4,,PASS,PASS,0.012959,0.261339,NOT_REACHED,REACHED,dynamic_coverage_and_code,dynamic changed-line coverage 6/463 -> 121/463,FROZEN_VALID,YES,,NO,FN,YES,TP,YES,TP,"H0 cannot select WUFFS_BASE__PIXEL_FORMAT__BGRA_PREMUL_4X16LE as either source or destination because that format is absent from pixfmts. Consequently, the new 8-byte-per-pixel dispatch and conversion implementations, including both WUFFS_BASE__PIXEL_BLEND__SRC and WUFFS_BASE__PIXEL_BLEND__SRC_OVER paths, are not exercised by fuzz_swizzle_interleaved_from_slice. H0 also never directly calls the newly extended pixel-buffer color getter or setter.","[""H0's pixfmts contains WUFFS_BASE__PIXEL_FORMAT__BGRA_NONPREMUL_4X16LE but not WUFFS_BASE__PIXEL_FORMAT__BGRA_PREMUL_4X16LE."", ""fuzz_swizzle_interleaved_from_slice derives both dst_pixfmt and src_pixfmt exclusively from pixfmts before calling wuffs_base__pixel_swizzler__prepare."", ""S1 adds a WUFFS_BASE__PIXEL_FORMAT__BGRA_PREMUL_4X16LE source case in wuffs_base__pixel_swizzler__prepare and a dedicated wuffs_private_impl__pixel_swizzler__prepare__bgra_premul_4x16le dispatcher with numerous 8-byte conversion and compositing routines."", ""S1 adds WUFFS_BASE__PIXEL_FORMAT__BGRA_PREMUL_4X16LE cases to wuffs_base__pixel_buffer__color_u32_at and wuffs_base__pixel_buffer__set_color_u32_at, while H0 calls neither function.""]",True,YES,99,"S1 adds material support for WUFFS_BASE__PIXEL_FORMAT__BGRA_PREMUL_4X16LE, including selection in wuffs_base__pixel_swizzler__prepare and numerous new 8-byte-per-pixel conversion and compositing implementations. H0 exercises the relevant prepare and swizzle entry points, but both dst_pixfmt and src_pixfmt are chosen exclusively from pixfmts, which omits WUFFS_BASE__PIXEL_FORMAT__BGRA_PREMUL_4X16LE. Consequently H0 cannot reach any conversion where the new format is the source or destination. This gap did not exist for these pathways in S0 because S0 did not dispatch this format from wuffs_base__pixel_swizzler__prepare.","[""H0's pixfmts contains WUFFS_BASE__PIXEL_FORMAT__BGRA_NONPREMUL_4X16LE but not WUFFS_BASE__PIXEL_FORMAT__BGRA_PREMUL_4X16LE."", ""fuzz_swizzle_interleaved_from_slice derives both dst_pixfmt and src_pixfmt solely by indexing pixfmts."", ""S1 adds a WUFFS_BASE__PIXEL_FORMAT__BGRA_PREMUL_4X16LE case to wuffs_base__pixel_swizzler__prepare, dispatching to the new wuffs_private_impl__pixel_swizzler__prepare__bgra_premul_4x16le."", ""The new prepare helper selects multiple new SRC and SRC_OVER implementations according to dst_pixfmt, while H0 already varies blend between WUFFS_BASE__PIXEL_BLEND__SRC and WUFFS_BASE__PIXEL_BLEND__SRC_OVER."", ""S1 also adds WUFFS_BASE__PIXEL_FORMAT__BGRA_PREMUL_4X16LE handling to wuffs_base__pixel_buffer__color_u32_at and wuffs_base__pixel_buffer__set_color_u32_at, but H0 cannot construct its fuzzed destination with that format because of the same pixfmts omission.""]"
C058,N228,wuffs,462f86675d89db5b6f25793c31e5e466943eb4ae,7d684f94ae1fc6444202a7bfa7fb778a293a9c89,2020-04-01T23:01:51+11:00,fuzz/c/std/json_fuzzer.c,VERIFIED_SILENT_POSITIVE,VP4,,PASS,PASS,1.000000,1.000000,PARTIAL_NONNEGATIVE_ONLY,REACHED_SIGNED_DOMAIN,dynamic_coverage_and_code,historical type/config diff plus three-way run,FROZEN_VALID,YES,,NO,FN,YES,TP,YES,TP,"H0 exercises token accessors only on tokens emitted by wuffs_json__decoder__decode_tokens and explicitly rejects every token whose repr high bit is set. S1 makes that high bit select a new extended-token representation, adds wuffs_base__token__value_extension, and changes several accessor return values to signed, sign-extended semantics. Consequently H0 cannot exercise the extended-token branch or arbitrary 64-bit token representations at the public token-accessor boundary.","[""fuzz_one_token returns \""token high bit was not zero\"" whenever (t.repr >> 63) != 0."", ""H0 obtains tested tokens from wuffs_json__decoder__decode_tokens; it does not fuzz wuffs_base__make_token with arbitrary repr values."", ""S1 documents bit 63 as extended (1) versus simple (0), with bits 62..18 holding the bitwise-not of value_extension for extended tokens."", ""S1 adds wuffs_base__token__value_extension and changes wuffs_base__token__value, wuffs_base__token__value_major, and wuffs_base__token__value_base_category from uint64_t masked extraction to int64_t arithmetic-shift behavior.""]",True,YES,96,"S1 changes bit 63 from a required zero into the discriminator for a valid extended token, but H0's fuzz_one_token still rejects every token with that bit set. This leaves the newly valid extended-token protocol unhandled and prevents H0 from exercising its new accessor semantics. In S0 the rejection matched the documented reserved-zero rule, so the incompatibility was introduced by this commit.","[""S0 documents bit 63 as \""reserved (a zero bit)\"", matching fuzz_one_token's check `(t.repr >> 63) != 0`."", ""S1 documents bit 63 as \""an extended (1) or simple (0) token\"" and adds `wuffs_base__token__value_extension`."", ""S1 makes `wuffs_base__token__value`, `wuffs_base__token__value_major`, and `wuffs_base__token__value_base_category` sign-sensitive so negative results identify extended or non-simple tokens."", ""H0 returns `fuzz: internal error: token high bit was not zero` before calling `wuffs_base__token__value_base_category`, so it cannot validate valid extended tokens under the S1 protocol.""]"
C059,N116,solidity,eb8af2caec99ffe65276b5f03976cd68800c0786,0b4b1045cf3e78065f446714872926cde72e5135,2022-11-09T12:12:18+01:00,test/tools/fuzzer_common.cpp,VERIFIED_SILENT_POSITIVE,VP4,,PASS,PASS,NOT_MEASURED,NOT_MEASURED,NOT_SELECTABLE,SELECTABLE,dynamic_component_and_code,real EVMVersion.h probe: target 0 -> 1,FROZEN_VALID,YES,,NO,FN,YES,TP,YES,TP,"S1 introduces the selectable EVM version ""paris"", but H0's structured compiler and Yul paths cannot select it. Consequently, Paris-specific version parsing and compilation behavior lack deliberate fuzz coverage.","[""EVMVersion::fromString now recognizes paris(), and EVMVersion::name returns \""paris\"" for Version::Paris."", ""FuzzerUtil::testCompilerJsonInterface hard-codes config[\""settings\""][\""evmVersion\""] = \""berlin\""."", ""FuzzerUtil::testCompiler selects from s_evmVersions, whose latest entry is EVMVersion::berlin()."", ""ProtoConverter::evmVersionMapping handles Program versions only through Program::BERLIN and has no Paris case."", ""The command-line --evm-version description now advertises \""paris\"", exposing the new configuration to users.""]",True,YES,97,"S1 adds the selectable Paris EVM configuration, but H0's structured compiler and Yul-generation paths cannot select it. This is commit-induced even though H0 already omitted London, because Paris did not exist in S0.","[""S1 adds EVMVersion::paris(), includes paris() in EVMVersion::fromString(), and returns \""paris\"" from EVMVersion::name()."", ""S1 expands the g_strEVMVersion CLI choices to include \""paris\""."", ""FuzzerUtil::testCompilerJsonInterface fixes settings.evmVersion to \""berlin\""."", ""FuzzerUtil::testCompiler selects only from s_evmVersions, whose last entry is EVMVersion::berlin()."", ""ProtoConverter::evmVersionMapping handles Program versions only through Program::BERLIN and has no Paris case.""]"
C060,N241,wuffs,8e42e01d3c4a9a95b608d9589d1b55a139e5ea63,6f79c182ea33e30344181598380a537d89925ebc,2023-10-04T18:45:18+11:00,fuzz/c/std/gif_fuzzer.c,VERIFIED_NEGATIVE,,N6,PASS,PASS,NOT_MEASURED,NOT_MEASURED,NOT_MEASURED,NOT_MEASURED,three_way_build_runtime_and_code_audit,Removing an internal LZW dependency leaves H0's GIF decoder entry and protocol sufficient.,FROZEN_VALID,NO,COEVOLUTION_HARD,NO,TN,NO,TN,NO,TN,"S1 introduces no separate public entry point or externally supplied configuration for the new GIF-local LZW implementation. H0 already feeds arbitrary GIF input through a wuffs_gif__decoder as a wuffs_base__image_decoder, which is the path that invokes decode_id_part1, decode_id_part2, lzw_init, and lzw_read_from. The new literal-width, code-stream, output-flush, malformed-code, truncation, and multi-frame state are all derived from the same GIF byte stream and decoder lifecycle exercised by H0.","[""H0 initializes wuffs_gif__decoder in fuzz and passes its wuffs_gif__decoder__upcast_as__wuffs_base__image_decoder result, together with src, to fuzz_image_decoder."", ""wuffs_gif__decoder__decode_id_part1 reads v_lw from a_src and assigns f_lzw_pending_literal_width_plus_one, so arbitrary GIF input controls the new LZW configuration."", ""wuffs_gif__decoder__decode_id_part2 unconditionally calls wuffs_gif__decoder__lzw_init and then wuffs_gif__decoder__lzw_read_from on bytes copied from GIF data sub-blocks into f_compressed."", ""The new wuffs_gif__decoder__lzw_init and wuffs_gif__decoder__lzw_read_from functions are static private implementation functions, not additional APIs that require a new harness entry point."", ""H0 varies WUFFS_INITIALIZE__LEAVE_INTERNAL_BUFFERS_UNINITIALIZED and includes WUFFS_GIF__QUIRK_IGNORE_TOO_MUCH_PIXEL_DATA in set_quirks, covering configuration paths directly relevant to the changed state and error handling.""]",False,NO,99,"S1 replaces the GIF decoder's internal use of wuffs_lzw__decoder with private inlined LZW state and helpers, but does not add a new public entry point, API protocol, configuration requirement, or independently controllable input. H0 still initializes wuffs_gif__decoder, configures its quirks, and passes arbitrary GIF source data through fuzz_image_decoder, which exercises the changed decode_id_part1 and decode_id_part2 path and thereby the new lzw_init and lzw_read_from helpers. The retained WUFFS_CONFIG__MODULE__LZW definition is unnecessary in S1 but does not prevent or materially limit coverage.","[""H0 calls wuffs_gif__decoder__initialize and passes wuffs_gif__decoder__upcast_as__wuffs_base__image_decoder(&dec) to fuzz_image_decoder."", ""H0 supplies the fuzz-controlled src buffer to fuzz_image_decoder and uses hash bits for initialization options, hash_8_bits, and set_quirks."", ""S1 invokes wuffs_gif__decoder__lzw_init(self) and wuffs_gif__decoder__lzw_read_from(self, v_r) internally from wuffs_gif__decoder__decode_id_part2; neither helper is a new external entry point."", ""S1 keeps GIF LZW decoding behind the existing wuffs_gif__decoder image-decoder interface while replacing private_data.f_lzw with f_lzw_suffixes, f_lzw_lm1s, f_lzw_output, and related private_impl fields."", ""H0 already defines WUFFS_CONFIG__MODULE__GIF and WUFFS_CONFIG__MODULE__LZW, so the changed GIF implementation remains compiled and reachable.""]"
C061,S031,wuffs,255516bc210aa1cb67c9bc5ec460b3c79c033981,d9c7740ea6c4a450401c393787838436895b87bb,2023-06-21T22:50:49+10:00,fuzz/c/std/jpeg_fuzzer.c,VERIFIED_NEGATIVE,,N1,PASS,PASS,NOT_MEASURED,NOT_MEASURED,NOT_MEASURED,NOT_MEASURED,three_way_build_runtime_and_code_audit,The JPEG Huffman-LUT edits add and clarify comments without changing statements.,FROZEN_VALID,NO,SOURCE_ONLY,NO,TN,NO,TN,NO,TN,"S1 changes internal JPEG MCU bit-buffer and Huffman-decoding behavior without adding a public entry point, protocol, configuration, or independently controllable state. H0 initializes wuffs_jpeg__decoder and passes its wuffs_base__image_decoder upcast to fuzz_image_decoder, so JPEG bytes can select ordinary or progressive scans and exercise the affected routines through the existing decoder surface.","[""H0 compiles WUFFS_CONFIG__MODULE__JPEG and initializes wuffs_jpeg__decoder via wuffs_jpeg__decoder__initialize."", ""H0 invokes fuzz_image_decoder with wuffs_jpeg__decoder__upcast_as__wuffs_base__image_decoder(&dec)."", ""All changed functions are private decoder MCU routines whose behavior is driven by JPEG scan structure, Huffman tables, entropy-coded bits, and decoder state such as bitstream_bits and bitstream_n_bits."", ""The diff introduces no new public function, quirk, initialization flag, or caller-supplied parameter requiring separate harness logic.""]",False,NO,99,"H0 already initializes wuffs_jpeg__decoder and passes its wuffs_base__image_decoder upcast to fuzz_image_decoder with attacker-controlled JPEG bytes and hash-derived initialization options. The S1 changes are internal bit-buffer and Huffman-decoding optimizations within existing baseline and progressive JPEG decode paths; they add no entry point, protocol, configuration, state requirement, input semantic, or attack surface that H0 cannot exercise. Therefore S1 + H0 has no material harness gap, and the commit did not introduce or aggravate one.","[""fuzz receives the input as wuffs_base__io_buffer* src and forwards src to fuzz_image_decoder."", ""wuffs_jpeg__decoder__initialize configures dec, including a hash-controlled WUFFS_INITIALIZE__LEAVE_INTERNAL_BUFFERS_UNINITIALIZED option."", ""wuffs_jpeg__decoder__upcast_as__wuffs_base__image_decoder(&dec) exercises the JPEG decoder through the existing image-decoder API."", ""All changed functions remain private decoder MCU routines: decoder.decode_mcu!, decoder.decode_mcu_progressive_ac_high_bits!, decoder.decode_mcu_progressive_ac_low_bit!, decoder.decode_mcu_progressive_dc_high_bits!, and decoder.decode_mcu_progressive_dc_low_bit!."", ""The substantive edits reorder ac_huff_table_fast lookup and adjust internal bits/n_bits loading invariants; no public API or required harness-controlled state is added.""]"
C062,N235,wuffs,0de64ee8b77fc14bb19c240f37ff39ab20d1783f,b2fe296a43630823c1ec80c716bed088bd29035e,2021-01-21T22:49:57+11:00,fuzz/c/std/zlib_fuzzer.c,VERIFIED_NEGATIVE,,N6,PASS,PASS,NOT_MEASURED,NOT_MEASURED,NOT_MEASURED,NOT_MEASURED,three_way_build_runtime_and_code_audit,The prior checksum quirk API remains compatible and H0 reaches the same behavior.,FROZEN_VALID,NO,COEVOLUTION_HARD,NO,TN,YES,FP,NO,TN,"H0 exercises only the zlib decoder and configures checksum behavior through wuffs_zlib__decoder__set_ignore_checksum. It never invokes the changed set_quirk_enabled API, so it misses recognized versus unrecognized quirk IDs, enabled/disabled transitions, invalid receiver handling, and PNG propagation to the embedded zlib decoder. It also does not instantiate gzip or PNG decoders, leaving their changed entry points uncovered.","[""H0 calls wuffs_zlib__decoder__set_ignore_checksum(&dec, hash & 0xFFFE) but contains no call to any set_quirk_enabled function."", ""wuffs_zlib__decoder__set_quirk_enabled now changes private_impl.f_ignore_checksum when a_quirk == 1 and adds null and magic validation."", ""wuffs_gzip__decoder__set_quirk_enabled independently adds the same checksum configuration and receiver validation, but H0 enables no GZIP module and creates no wuffs_gzip__decoder."", ""wuffs_png__decoder__set_quirk_enabled changes private_impl.f_ignore_checksum and forwards the quirk to private_data.f_zlib, but H0 enables no PNG module and creates no wuffs_png__decoder.""]",False,NO,99,"The commit adds QUIRK_IGNORE_CHECKSUM handling to three set_quirk_enabled entry points, but it does not create a material gap for H0. For the in-scope zlib decoder, the new branch only assigns private_impl.f_ignore_checksum, which H0 already controls through wuffs_zlib__decoder__set_ignore_checksum(&dec, hash & 0xFFFE) before calling wuffs_zlib__decoder__transform_io. Thus H0 reaches the same changed checksum behavior with fuzz-controlled configuration and input. H0 explicitly enables only BASE, ADLER32, DEFLATE, and ZLIB modules, so the gzip and png entry points are outside its configured target rather than newly uncovered behavior within that target.","[""In wuffs_zlib__decoder__set_quirk_enabled, a_quirk == 1 sets self->private_impl.f_ignore_checksum = a_enabled."", ""H0 calls wuffs_zlib__decoder__set_ignore_checksum(&dec, hash & 0xFFFE), providing fuzz-derived control over the same ignore-checksum state."", ""H0 then exercises that state through wuffs_zlib__decoder__transform_io(&dec, &dst, src, ...), with src carrying the fuzz input."", ""H0 defines WUFFS_CONFIG__MODULE__ZLIB but does not define WUFFS_CONFIG__MODULE__GZIP or WUFFS_CONFIG__MODULE__PNG."", ""The new null and private_impl.magic checks in the generated set_quirk_enabled functions are validation paths and do not prevent H0 from reaching the underlying changed checksum behavior through the existing initialized decoder and direct setter.""]"
C063,S021,wuffs,ad7fda33dd5fa6243cf26df20bed1fbaccfa8601,920ac3e5c56766e5f6765531086824a8d6191a76,2023-10-15T00:13:15+11:00,fuzz/c/std/json_fuzzer.cc,VERIFIED_NEGATIVE,,N3,PASS,PASS,NOT_MEASURED,NOT_MEASURED,NOT_MEASURED,NOT_MEASURED,three_way_build_runtime_and_code_audit,Auxiliary constant-comparison warning cleanup leaves parser entry and input protocol unchanged.,FROZEN_VALID,NO,SOURCE_ONLY,NO,TN,YES,FP,NO,TN,"H0 fuzzes the low-level wuffs_json__decoder and the auxiliary wuffs_aux::DecodeJson path, but it neither compiles the CBOR module nor invokes wuffs_aux::DecodeCbor. S1 changes DecodeCbor's nesting-depth boundary comparison, so arbitrary CBOR inputs and depth transitions around WUFFS_CBOR__DECODER_DEPTH_MAX_INCL remain a distinct fuzz-worthy surface missed by H0.","[""H0 defines WUFFS_CONFIG__MODULE__JSON and WUFFS_CONFIG__MODULE__AUX__JSON, but no WUFFS_CONFIG__MODULE__CBOR or CBOR auxiliary module."", ""H0's C++ path calls wuffs_aux::DecodeJson and implements only wuffs_aux::DecodeJsonCallbacks; it has no DecodeCborCallbacks or DecodeCbor call."", ""S1 changes DecodeCbor from `depth > WUFFS_CBOR__DECODER_DEPTH_MAX_INCL` to `depth > (int32_t)WUFFS_CBOR__DECODER_DEPTH_MAX_INCL` immediately after STRUCTURE PUSH and `depth++`."", ""The analogous DecodeJson change is exercised by H0's `fuzz_cpp`, which calls wuffs_aux::DecodeJson on fuzz-controlled bytes and treats an `internal error:` result as a crash; no analogous coverage exists for DecodeCbor.""]",False,NO,99,"The commit only adds explicit int32_t casts to the existing depth-limit comparisons. It does not change an entry point, protocol, state model, configuration, input semantics, or attack surface. H0 already reaches wuffs_aux::DecodeJson through fuzz_cpp and lets input-controlled JSON nesting exercise the changed depth comparison. The analogous wuffs_aux::DecodeCbor edit does not create a new CBOR behavior or materially aggravate any pre-existing absence of CBOR coverage.","[""In wuffs_aux::DecodeJson, `depth > WUFFS_JSON__DECODER_DEPTH_MAX_INCL` becomes `depth > (int32_t)WUFFS_JSON__DECODER_DEPTH_MAX_INCL`; `depth` remains `int32_t` and all surrounding control flow is unchanged."", ""H0's `fuzz_cpp` invokes `wuffs_aux::DecodeJson(callbacks, input, DecodeJsonArgQuirks(...), DecodeJsonArgJsonPointer(...))`, directly reaching the changed auxiliary JSON function."", ""H0 supplies arbitrary JSON bytes through `MemoryInput` and tracks nested structures through `Callbacks::Push` and `Callbacks::Pop`, so nesting depth remains input-controlled."", ""The same cast-only edit in `wuffs_aux::DecodeCbor` is duplicated in `release/c/wuffs-unsupported-snapshot.c`; no CBOR API, callback protocol, or decoding semantics are added or changed.""]"
C064,S016,wuffs,be1b1b564c33048382adcf968c44636c747d60b8,d2ecc2014100c89e38c5a38faf5ca4d0873153b3,2024-02-09T15:09:50+11:00,fuzz/c/std/json_fuzzer.cc,VERIFIED_NEGATIVE,,N1,PASS,PASS,NOT_MEASURED,NOT_MEASURED,NOT_MEASURED,NOT_MEASURED,three_way_build_runtime_and_code_audit,Generated local pointer declarations are whitespace-reformatted only.,FROZEN_VALID,NO,SOURCE_ONLY,NO,TN,NO,TN,NO,TN,"The S0-to-S1 diff makes only declaration-formatting changes, replacing forms such as `const uint8_t *o_0_iop_v_r` with `const uint8_t* o_0_iop_v_r` and `uint8_t *o_0_iop_v_w` with `uint8_t* o_0_iop_v_w`. It does not alter types, values, control flow, calls, state transitions, configuration, or input handling. Although H0 exercises `wuffs_json__decoder` rather than the displayed GIF, JPEG, and PNG functions, the supplied source change implicates no new or materially changed fuzz-worthy surface.","[""`wuffs_gif__decoder__decode_id_part2` changes only whitespace around `*` in the saved `o_0_*` pointer declarations."", ""`wuffs_jpeg__decoder__use_default_huffman_table`, `wuffs_jpeg__decoder__decode_mcu__choosy_default`, and the progressive MCU functions contain the same pointer-declaration formatting-only substitutions."", ""`wuffs_png__decoder__decode_pass` and `wuffs_png__decoder__do_tell_me_more` likewise change only pointer declaration spelling; their executable statements and branches are unchanged."", ""H0 defines `WUFFS_CONFIG__MODULE__JSON` and calls `wuffs_json__decoder__decode_tokens` and `wuffs_aux::DecodeJson`, but no semantic GIF, JPEG, or PNG behavior was introduced or modified by S1.""]",False,NO,99,"The S0→S1 diff only changes pointer-declarator whitespace (for example, `const uint8_t *o_0_iop_v_r` to `const uint8_t* o_0_iop_v_r`) without changing any entry point, API protocol, state transition, configuration, input semantics, or attack surface. H0 remains a JSON harness using `wuffs_json__decoder__decode_tokens` and `wuffs_aux::DecodeJson`; the commit introduces no changed behavior requiring new harness reachability or controls.","[""Every shown removal/addition pair preserves the same type, identifier, initializer, and use; only the placement of whitespace around `*` changes."", ""The formatting-only edits occur in `wuffs_gif__decoder__decode_id_part2`, `wuffs_jpeg__decoder__use_default_huffman_table`, `wuffs_jpeg__decoder__decode_mcu__choosy_default`, the four shown progressive JPEG MCU functions, `wuffs_png__decoder__decode_pass`, and `wuffs_png__decoder__do_tell_me_more`."", ""H0 explicitly configures `WUFFS_CONFIG__MODULE__AUX__JSON` and `WUFFS_CONFIG__MODULE__JSON` and drives JSON decoding through `fuzz_complex`, `fuzz_simple`, and `fuzz_cpp`; nothing in S1 alters those APIs or their input/configuration model."", ""S1 adds no callable function, quirk, state field, branch, or input-processing operation relative to S0.""]"
C065,S024,wuffs,3dbfb00c42ba0eecfbf0f87c6fb28ea2a7a72606,2687d1daafd1917e9b68a008ee5b2a759f75822e,2023-07-29T11:48:34+10:00,fuzz/c/std/jpeg_fuzzer.c,VERIFIED_NEGATIVE,,N1,PASS,PASS,NOT_MEASURED,NOT_MEASURED,NOT_MEASURED,NOT_MEASURED,three_way_build_runtime_and_code_audit,The AVX2 upsampling change adds a compiler-explorer comment only.,FROZEN_VALID,NO,SOURCE_ONLY,NO,TN,NO,TN,NO,TN,"The S0-to-S1 change only extends a compiler-performance comment inside the existing `defined(__GNUC__) && !defined(__clang__)` branch. It does not alter executable code, inputs, configuration, control flow, API protocol, state, or attack surface, so it implicates no new fuzz-worthy coverage requirement for H0.","[""Both changed files add only comment lines beginning with `// See also` and `// versus gcc 10`."", ""The selection of `wuffs_base__pixel_swizzler__swizzle_ycc__general__triangle_filter`, the AVX2 conditional, the `upfuncs[1][1]` assignment, and the final `(*func)` call are unchanged."", ""H0 already fuzzes `wuffs_jpeg__decoder` through `fuzz_image_decoder`; the supplied change provides no behavioral basis for adding another entry point or protocol.""]",False,NO,100,"The commit changes only comments inside wuffs_base__pixel_swizzler__swizzle_ycck; it does not alter any entry point, API protocol, state, configuration, input semantics, attack surface, or executable behavior. H0 continues to fuzz JPEG decoding through fuzz, fuzz_image_decoder, and wuffs_jpeg__decoder without any commit-created coverage requirement.","[""In both internal/cgen/base/pixconv-submodule-ycck.c and release/c/wuffs-unsupported-snapshot.c, the only added lines are comments beginning with \""See also https://godbolt.org/z/MbhbPGEz4\"" in the __GNUC__/__clang__ conditional."", ""The signature, validation, dispatch logic, upfuncs selection, func invocation, and return behavior of wuffs_base__pixel_swizzler__swizzle_ycck are unchanged from S0 to S1."", ""H0 initializes wuffs_jpeg__decoder in fuzz and passes its wuffs_base__image_decoder upcast to fuzz_image_decoder; the production diff introduces no new mode or input that H0 would need to control.""]"
C066,S029,wuffs,f43246e3bbd22edf8d3b3218a3ab8c3265bdf0fb,d6cc52505942430c4f67b2c0e03a87d131caff9f,2023-06-08T22:47:22+10:00,fuzz/c/std/cbor_fuzzer.c,VERIFIED_NEGATIVE,,N1,PASS,PASS,NOT_MEASURED,NOT_MEASURED,NOT_MEASURED,NOT_MEASURED,three_way_build_runtime_and_code_audit,The CBOR source change corrects a BEGIN/END comment typo only.,FROZEN_VALID,NO,SOURCE_ONLY,NO,TN,NO,TN,NO,TN,"The only S0-to-S1 change is a comment correction from ""END Major type 1"" to ""BEGIN Major type 1"" inside decoder.decode_tokens; no executable logic, API protocol, state, configuration, input semantics, or attack surface changed or is newly implicated.","[""The removed line is \""// -------- END   Major type 1: a negative integer.\"""", ""The added line is \""// -------- BEGIN Major type 1: a negative integer.\"""", ""The negative-integer decoding statements following that comment are unchanged."", ""H0 already invokes wuffs_cbor__decoder__decode_tokens through both fuzz_complex and fuzz_simple.""]",False,NO,100,"The only S0-to-S1 production change is a comment correction from “END Major type 1” to “BEGIN Major type 1” inside decoder.decode_tokens?. It does not alter executable behavior, entry points, API protocol, decoder state, configuration, input semantics, or attack surface. H0 already initializes wuffs_cbor__decoder and exercises wuffs_cbor__decoder__decode_tokens through both fuzz_complex and fuzz_simple with arbitrary CBOR input, including major type 1 values.","[""The sole changed line is `// -------- END   Major type 1: a negative integer.` replaced by `// -------- BEGIN Major type 1: a negative integer.`"", ""No statements, conditions, constants, signatures, or state transitions in `decoder.decode_tokens?` changed."", ""`fuzz_complex` calls `wuffs_cbor__decoder__decode_tokens` in a loop with controlled token-buffer and source-buffer limits."", ""`fuzz_simple` also calls `wuffs_cbor__decoder__decode_tokens` on `full_src`."", ""H0 passes the fuzz input directly as the decoder source, so CBOR major type 1 inputs remain reachable without a harness change.""]"
C067,S004,wuffs,18488a3bd0f0fef741218104e55bca451e061edd,5daeafbc6ffc923552f7be19f261fb4364ae856b,2026-06-14T20:12:21+10:00,fuzz/c/std/bzip2_fuzzer.c,VERIFIED_NEGATIVE,,N1,PASS,PASS,NOT_MEASURED,NOT_MEASURED,NOT_MEASURED,NOT_MEASURED,three_way_build_runtime_and_code_audit,Private CLAMP/CLIP table renames preserve values and the decode path.,FROZEN_VALID,NO,SOURCE_ONLY,NO,TN,YES,FP,NO,TN,"H0 exclusively configures and invokes the BZIP2 decoder, while S1 also changes the VP8 decoder path. Consequently, fuzz inputs in H0 cannot exercise the VP8 state processing in wuffs_vp8__decoder__decode_subblock_modes, including its CLAMP_NO_MORE_THAN_9-indexed top_mode and left_mode handling.","[""H0 defines WUFFS_CONFIG__MODULE__BZIP2 and does not configure a VP8 module."", ""H0's fuzz function only initializes wuffs_bzip2__decoder and calls wuffs_bzip2__decoder__transform_io."", ""S1 changes wuffs_vp8__decoder__decode_subblock_modes and the VP8 constant WUFFS_VP8__CLAMP_NO_MORE_THAN_9."", ""The changed VP8 function derives top_mode and left_mode from decoder state and uses them in wuffs_vp8__decoder__decode_one_subblock_mode, but H0 has no VP8 decoding path.""]",False,NO,99,"The commit only renames lookup-table constants without changing their values, indexing, control flow, API, state, configuration, input semantics, or attack surface. H0 still drives the bzip2 decoder through wuffs_bzip2__decoder__transform_io with arbitrary source bytes, checksum-quirk variation, initialization variation, and repeated short-write handling. The VP8 edits are likewise name-only and introduce no new behavior requiring coverage.","[""WUFFS_BZIP2__CLAMP_TO_5 is renamed to WUFFS_BZIP2__CLAMP_NO_MORE_THAN_5 while retaining the exact values {0u, 1u, 2u, 3u, 4u, 5u, 5u, 5u}."", ""All three bzip2 call sites preserve the same index expressions based on f_huffman_selectors and only substitute the renamed constant."", ""CLAMP_TO_5 is identically renamed to CLAMP_NO_MORE_THAN_5 in decode_bzip2.wuffs, decode_huffman_fast.wuffs, and decode_huffman_slow.wuffs."", ""WUFFS_VP8__CLIP_9 is renamed to WUFFS_VP8__CLAMP_NO_MORE_THAN_9 with the same 16 entries, and decode_subblock_modes preserves both index expressions."", ""H0 initializes wuffs_bzip2__decoder, varies initialization and WUFFS_BASE__QUIRK_IGNORE_CHECKSUM via hash, and passes fuzz-controlled src to wuffs_bzip2__decoder__transform_io.""]"
C068,N071,solidity,dbae0fa939cf264de93d6bef6f11a2eea7a162cf,b95eebee1c1bd82ad17f89be0d03a93cae7de8b1,2019-04-24T14:03:09+02:00,test/tools/ossfuzz/strictasm_diff_ossfuzz.cpp,VERIFIED_SILENT_POSITIVE,VP4,,PASS,PASS,NOT_MEASURED,NOT_MEASURED,NOT_REACHED_PER_ITERATION,REACHED_PER_ITERATION,dynamic_component_and_code,real YulString.h component probe,FROZEN_VALID,YES,,NO,FN,YES,TP,YES,TP,"H0 fuzzes isolated AssemblyStack parse/optimize/assemble or interpret flows, but never invokes YulStringRepository::reset or the production compilation-boundary APIs that invoke it. The change introduces a stateful reset protocol that clears the global YulString repository and registered dialect caches; faults involving repeated compilation, reset ordering, callback execution, cache recreation, or dangling YulString references are therefore not directly exercised.","[""Every H0 target constructs AssemblyStack directly; none calls StandardCompiler::compile, solidity_compile, solidity_free, YulStringRepository::reset, or WasmDialect::instance."", ""StandardCompiler::compile now calls YulStringRepository::reset before parsing each input."", ""solidity_free now calls YulStringRepository::reset and is documented as being called immediately before each compilation."", ""YulStringRepository::reset executes every function in resetCallbacks() and then replaces instance() with a new YulStringRepository."", ""EVMDialect::looseAssemblyForEVM, strictAssemblyForEVM, strictAssemblyForEVMObjects, and yulForEVM register ResetCallback instances that clear their static dialect maps."", ""WasmDialect::instance now stores a resettable static unique_ptr and registers a ResetCallback that resets it."", ""The warning in YulStringRepository::reset states that dangling YulString references must not remain, making cross-operation lifetime and reset sequencing a fuzz-worthy invariant.""]",True,YES,97,"S1 introduces a material global-state lifecycle in which YulStringRepository::reset clears interned strings and invokes callbacks that invalidate cached EVM and Wasm dialects. H0 directly constructs AssemblyStack and never calls StandardCompiler::compile, solidity_free, or YulStringRepository::reset, so it cannot exercise the new reset-and-rebuild transition or repeated compilation across that transition. This gap did not exist in S0 because the reset API, reset callbacks, and cache invalidation protocol were introduced by this commit.","[""YulStringRepository::reset is new and executes every function in resetCallbacks() before replacing instance() with a fresh YulStringRepository."", ""StandardCompiler::compile now calls YulStringRepository::reset at its entry, and solidity_free now calls yul::YulStringRepository::reset."", ""EVMDialect::looseAssemblyForEVM, strictAssemblyForEVM, strictAssemblyForEVMObjects, and yulForEVM now register ResetCallback objects that clear their static dialects maps."", ""WasmDialect::instance now stores its singleton in a unique_ptr and registers a ResetCallback that resets it."", ""Every H0 target uses AssemblyStack directly; none invokes StandardCompiler::compile, solidity_free, or YulStringRepository::reset."", ""The differential harnesses call EVMDialect::strictAssemblyForEVMObjects, but without a subsequent reset they exercise cache construction only, not the newly added invalidation and reconstruction protocol.""]"
C069,N188,wuffs,87ab36f8c42cefa18b35407277aad81bbc44c6ed,d59eec7936fb44eb753fa0759c059adda770bc2b,2018-05-29T14:20:27+10:00,fuzz/c/std/gif_fuzzer.c,VERIFIED_EXPLICIT_POSITIVE,VP1,,FAIL,NOT_RUN,NOT_MEASURED,NOT_MEASURED,NOT_MEASURED,NOT_MEASURED,three_way_build_runtime,S1+H0 fails to build while S0+H0 and S1+H1 pass.,FROZEN_VALID,YES,,YES,TP,YES,TP,YES,TP,"H0 follows the removed initializer protocol: it calls wuffs_gif__decoder__initialize and wuffs_zlib__decoder__initialize on uninitialized stack objects with arguments WUFFS_VERSION and 0. S1 instead exposes check_wuffs_version functions requiring WUFFS_VERSION and sizeof(*self), and those functions no longer memset the object. Consequently, H0 does not establish the required zeroed state or exercise the new version-and-structure-size validation protocol. This is material because decoder state includes status, coroutine suspension points, checksum state, and nested decoders.","[""gif_fuzzer.c declares wuffs_gif__decoder dec and immediately calls wuffs_gif__decoder__initialize(&dec, WUFFS_VERSION, 0), but S1 replaces that symbol with wuffs_gif__decoder__check_wuffs_version(wuffs_gif__decoder*, uint32_t, size_t)."", ""zlib_fuzzer.c declares wuffs_zlib__decoder dec and immediately calls wuffs_zlib__decoder__initialize(&dec, WUFFS_VERSION, 0), but S1 replaces it with wuffs_zlib__decoder__check_wuffs_version(wuffs_zlib__decoder*, uint32_t, size_t)."", ""S1's check_wuffs_version implementations reject either a mismatched WUFFS_VERSION or mismatched sizeof_star_self with ERROR_BAD_WUFFS_VERSION."", ""The removed initialize implementations conditionally called memset(self, 0, sizeof(*self)); the replacement check_wuffs_version implementations only set private_impl.magic after validation."", ""S1 explicitly adds wuffs_gif__lzw_decoder__reset, which performs memset before check_wuffs_version, demonstrating that reset/zeroing and version checking are now separate initialization steps.""]",True,YES,99,"S1 removes the initializer entry points called by H0 and replaces them with a protocol that requires caller-zeroed state plus a sizeof argument. Consequently, H0 cannot invoke the S1 GIF or zlib decoder initialization APIs as written, and simply renaming the calls would leave the stack-allocated dec objects uninitialized.","[""gif_fuzzer.c calls wuffs_gif__decoder__initialize(&dec, WUFFS_VERSION, 0), but S1 replaces that symbol with wuffs_gif__decoder__check_wuffs_version(..., size_t sizeof_star_self)."", ""zlib_fuzzer.c calls wuffs_zlib__decoder__initialize(&dec, WUFFS_VERSION, 0), but S1 replaces that symbol with wuffs_zlib__decoder__check_wuffs_version(..., size_t sizeof_star_self)."", ""The removed initialize implementations conditionally called memset(self, 0, sizeof(*self)); the replacement check_wuffs_version implementations no longer clear self and only set private_impl.magic after validating WUFFS_VERSION and sizeof(*self)."", ""Both harnesses declare decoder objects as uninitialized stack variables: wuffs_gif__decoder dec and wuffs_zlib__decoder dec."", ""S0 provided exactly the initialize symbols and three-argument protocol used by H0, while S1 removes them, so the gap is introduced by this commit rather than historical.""]"
C070,N186,wuffs,2301c763c36f77b1a2fa42b4fae915ddb94e3db0,33ca57b5535e34211a3b08fa413a43e2c4e12b4d,2018-05-18T09:42:24+10:00,fuzz/c/std/gif_fuzzer.c,VERIFIED_EXPLICIT_POSITIVE,VP1,,FAIL,NOT_RUN,NOT_MEASURED,NOT_MEASURED,NOT_MEASURED,NOT_MEASURED,three_way_build_runtime,S1+H0 fails to build while S0+H0 and S1+H1 pass.,FROZEN_VALID,YES,,YES,TP,YES,TP,YES,TP,"S1 changes wuffs_gif__decoder__decode_frame to require a wuffs_base__image_buffer* a_ib and rejects a null a_ib with WUFFS_GIF__ERROR_BAD_ARGUMENT, but H0 still invokes decode_frame(&dec, dst_writer, src_reader) using the old three-argument protocol. Although H0 constructs and initializes wuffs_base__image_buffer ib, it never passes &ib. Consequently H0 does not validly exercise the changed decode_frame entry point or the new a_ib propagation into wuffs_gif__decoder__decode_id.","[""S1 declares wuffs_gif__decoder__decode_frame(wuffs_gif__decoder* self, wuffs_base__image_buffer* a_ib, wuffs_base__io_writer a_dst, wuffs_base__io_reader a_src)."", ""H0 calls wuffs_gif__decoder__decode_frame(&dec, dst_writer, src_reader), omitting the required a_ib argument."", ""H0 creates wuffs_base__image_buffer ib and calls wuffs_base__image_buffer__set_from_slice(&ib, ic, ...), so &ib is the concrete unpassed object."", ""S1 adds if (!a_ib) returning WUFFS_GIF__ERROR_BAD_ARGUMENT and forwards a_ib through wuffs_gif__decoder__decode_id(self, a_ib, a_dst, a_src).""]",True,YES,99,"S1 changes the public wuffs_gif__decoder__decode_frame call protocol by adding the required wuffs_base__image_buffer* a_ib argument, while H0's fuzz function still calls it with only &dec, dst_writer, and src_reader. Consequently, H0 cannot invoke the S1 entry point as declared and cannot reach frame decoding until the call is updated. This gap did not exist in S0, whose three-argument signature matched H0, so it is introduced by this commit.","[""In H0, fuzz calls wuffs_gif__decoder__decode_frame(&dec, dst_writer, src_reader)."", ""In S0, wuffs_gif__decoder__decode_frame accepted self, a_dst, and a_src, matching H0's three arguments."", ""In S1, wuffs_gif__decoder__decode_frame accepts self, wuffs_base__image_buffer* a_ib, a_dst, and a_src."", ""S1 explicitly rejects a null a_ib with WUFFS_GIF__ERROR_BAD_ARGUMENT and passes a_ib to wuffs_gif__decoder__decode_id."", ""H0 already constructs wuffs_base__image_buffer ib and initializes it with wuffs_base__image_buffer__set_from_slice, but does not pass &ib to decode_frame.""]"
C071,N237,wuffs,d8796aa6d92adf76e4bbea3ac2d5d7a599491285,a12771373e00ba66805abe28504350d5e22d7728,2021-06-25T23:46:12+10:00,fuzz/c/std/pixel_swizzler_fuzzer.c,VERIFIED_SILENT_POSITIVE,VP3,,PASS,PASS,0.000000,1.000000,NOT_REACHED,REACHED,dynamic_coverage_and_code,dynamic changed-line coverage 0/3 -> 3/3,FROZEN_VALID,YES,,NO,FN,YES,TP,YES,TP,"S1 adds eight public integer-rotation APIs, but H0 only drives BMP, CBOR, GIF, JSON, and PNG decoders and never directly invokes or validates these functions. Their masked shift counts have fuzz-worthy boundary semantics, especially n values that become zero after `n &= 7`, `n &= 15`, `n &= 31`, or `n &= 63`; the complementary expressions then use shifts by 8, 16, 32, or 64. The u16 expressions also undergo integer promotion before shifting. These arithmetic API surfaces and boundary cases are not covered by any explicit H0 entry point or oracle.","[""S1 introduces `wuffs_base__u8__rotate_left` through `wuffs_base__u64__rotate_right` in both `internal/cgen/base/fundamental-public.h` and `release/c/wuffs-unsupported-snapshot.c`."", ""Every new function masks `n` and computes both `(x << n)` and a complementary shift such as `(x >> (32 - n))`; masked-zero counts therefore exercise width-sized complementary shifts."", ""H0's `bmp_fuzzer.c`, `gif_fuzzer.c`, and `png_fuzzer.c` call `fuzz_image_decoder`; `cbor_fuzzer.c` and `json_fuzzer.c` call decoder `decode_tokens` APIs. No H0 code calls any `wuffs_base__u8__rotate_*`, `wuffs_base__u16__rotate_*`, `wuffs_base__u32__rotate_*`, or `wuffs_base__u64__rotate_*` identifier."", ""Merely including `wuffs-unsupported-snapshot.c` does not provide a harness-controlled call path or correctness oracle for the new static inline APIs.""]",True,YES,98,"S1 adds eight public rotate helper entry points whose independently controlled x and n inputs are not exercised by H0. The existing bmp_fuzzer.c, cbor_fuzzer.c, gif_fuzzer.c, json_fuzzer.c, and png_fuzzer.c invoke decoder APIs and never call these helpers; merely including wuffs-unsupported-snapshot.c does not reach static inline functions. This is new API/input attack surface absent from S0, so the gap is commit-induced.","[""The S0-to-S1 diff newly defines wuffs_base__u8__rotate_left/right, wuffs_base__u16__rotate_left/right, wuffs_base__u32__rotate_left/right, and wuffs_base__u64__rotate_left/right."", ""Each new function accepts independently variable x and n and normalizes n with n &= 7, 15, 31, or 63 before performing shifts."", ""H0 calls wuffs_bmp__decoder, wuffs_cbor__decoder, wuffs_gif__decoder, wuffs_json__decoder, and wuffs_png__decoder entry points, but contains no call to any wuffs_base__u*_rotate_left or wuffs_base__u*_rotate_right identifier."", ""The new functions are static inline, so inclusion through release/c/wuffs-unsupported-snapshot.c alone does not execute them.""]"
C072,N202,wuffs,8b1e023e6aaba1235bfdd8603d26e768dc87db5b,a3269e160e1a4de2dc632ea6c621a7162a9497ed,2018-09-02T14:56:53+10:00,fuzz/c/std/gif_fuzzer.c,VERIFIED_SILENT_POSITIVE,VP4,,PASS,PASS,0.800000,0.800000,NOT_REACHED,REACHED,dynamic_coverage_and_code,historical API-use diff plus three-way run,FROZEN_VALID,YES,,NO,FN,YES,TP,YES,TP,"H0 always calls wuffs_gif__decoder__decode_frame with an empty wuffs_base__slice_u8, but S1 requires a_work_buffer.len to equal self->private_impl.f_width. For nonzero-width inputs, the harness now exits with wuffs_base__error__bad_work_buffer_length before decode_frame_config and decode_id_part1, leaving frame decoding materially unfuzzed.","[""H0 passes ((wuffs_base__slice_u8){}) as the a_work_buffer argument to wuffs_gif__decoder__decode_frame."", ""S1 adds an initial length check in wuffs_gif__decoder__decode_frame requiring a_work_buffer.len == self->private_impl.f_width."", ""On mismatch, S1 returns wuffs_base__error__bad_work_buffer_length before wuffs_gif__decoder__decode_frame_config and wuffs_gif__decoder__decode_id_part1."", ""S1 makes wuffs_gif__decoder__decode_image_config publish an exact work-buffer range whose min_incl and max_incl both equal f_width through wuffs_base__image_config__work_buffer_size, but H0 does not query or honor it.""]",True,YES,99,"S1 makes a correctly sized work buffer mandatory for wuffs_gif__decoder__decode_frame, but H0 always passes an empty wuffs_base__slice_u8. For images whose decoded width is nonzero, H0 now exits with wuffs_base__error__bad_work_buffer_length before reaching wuffs_gif__decoder__decode_id_part1. S0 had no work-buffer-length check, so the same H0 call reached frame decoding; the material loss of reachability is commit-induced.","[""H0 calls wuffs_gif__decoder__decode_frame with ((wuffs_base__slice_u8){}), whose length is zero."", ""S1 adds a check in wuffs_gif__decoder__decode_frame requiring a_work_buffer.len to equal self->private_impl.f_width and returns wuffs_base__error__bad_work_buffer_length otherwise."", ""S1 changes wuffs_gif__decoder__decode_image_config to publish a work-buffer range whose min_incl and max_incl both equal self->private_impl.f_width."", ""The new length check occurs before wuffs_gif__decoder__decode_frame_config and wuffs_gif__decoder__decode_id_part1, blocking H0 from exercising frame decoding."", ""S0's displayed complete wuffs_gif__decoder__decode_frame body contained no corresponding work-buffer validation.""]"
C073,S032,wuffs,1acd74482a5c1c1963c50abc40dfc4b1d59aa5ae,38205517d450a73b317fb744350a8ae317735b51,2023-06-20T17:33:08+10:00,fuzz/c/std/jpeg_fuzzer.c,VERIFIED_NEGATIVE,,N1,PASS,PASS,NOT_MEASURED,NOT_MEASURED,NOT_MEASURED,NOT_MEASURED,three_way_build_runtime_and_code_audit,The JPEG EXTEND edits are comments only.,FROZEN_VALID,NO,SOURCE_ONLY,NO,TN,NO,TN,NO,TN,"The S0-to-S1 diff does not change executable JPEG behavior or expose a new fuzz-worthy surface. It only expands documentation for EXTEND, changes the commented Go generator's line-wrapping condition from `(t & 3) == 3` to `(t & 7) == 7`, and reformats the unchanged 16 EXTEND values. H0 already initializes `wuffs_jpeg__decoder` and exercises it through `fuzz_image_decoder` with fuzzed JPEG input and hash-selected initialization behavior.","[""The EXTEND initializer contains the same ordered values in S0 and S1, from `0x0000` through `0x8001`; only line grouping changes."", ""The `(t & 3) == 3` to `(t & 7) == 7` edit occurs inside the commented Go code used to describe generation of EXTEND and therefore only changes formatting described by that comment."", ""H0 passes the fuzzed `src` to `fuzz_image_decoder` using `wuffs_jpeg__decoder__upcast_as__wuffs_base__image_decoder(&dec)`."", ""H0 varies `wuffs_jpeg__decoder__initialize` flags between zero and `WUFFS_INITIALIZE__LEAVE_INTERNAL_BUFFERS_UNINITIALIZED` using `hash & 1`.""]",False,NO,99,"The S0-to-S1 change only expands documentation and reformats the unchanged EXTEND constant table in std/jpeg/common_consts.wuffs. It introduces no entry point, API protocol, state, configuration, input-semantic, or attack-surface change. H0 still initializes wuffs_jpeg__decoder through wuffs_jpeg__decoder__initialize and exercises JPEG input through fuzz_image_decoder with hash-controlled initialization and decoder behavior.","[""Every value in pri const EXTEND remains identical and in the same index order from 0x0000 through 0x8001; only line grouping changes."", ""The added text explains EXTEND[ssss] and changes the illustrative generator's print-layout condition from (t & 3) == 3 to (t & 7) == 7, matching the table's new eight-values-per-line formatting."", ""H0 compiles WUFFS_CONFIG__MODULE__JPEG, initializes wuffs_jpeg__decoder, and passes its wuffs_base__image_decoder upcast plus the fuzzed src to fuzz_image_decoder."", ""No production function body, callable interface, decoder state transition, configuration option, accepted input form, or processing path is added or altered.""]"
C074,S026,wuffs,2687d1daafd1917e9b68a008ee5b2a759f75822e,bfc7fc2f458f70b4dadaa7877f05d63db4a249df,2023-07-23T22:11:19+10:00,fuzz/c/std/jpeg_fuzzer.c,VERIFIED_NEGATIVE,,N3,PASS,PASS,NOT_MEASURED,NOT_MEASURED,NOT_MEASURED,NOT_MEASURED,three_way_build_runtime_and_code_audit,Integer constants are rewritten to avoid pedantic overflow diagnostics; the same upsampling route remains exposed.,FROZEN_VALID,NO,SOURCE_ONLY,NO,TN,YES,FP,NO,TN,"H0 fuzzes only the JPEG decoder through fuzz_image_decoder and does not directly exercise the broad wuffs_base__pixel_swizzler__swizzle_ycck API. Consequently, it lacks explicit fuzz control over independent plane contents and lengths, dimensions, strides, sampling factors, filter selection, destination pixel format, and AVX2 conversion boundaries implicated by S1.","[""H0's sole production entry path is wuffs_jpeg__decoder__initialize followed by fuzz_image_decoder; it never calls wuffs_base__pixel_swizzler__swizzle_ycck directly."", ""wuffs_base__pixel_swizzler__swizzle_ycck accepts independently variable src0/src1/src2 slices, width0..width3, height0..height3, stride0..stride3, h0..h3, v0..v3, triangle_filter_for_2to1, destination configuration, and scratch_buffer_2k."", ""wuffs_base__pixel_swizzler__swizzle_ycck selects BGRX/RGBX, box/triangle, and x86 AVX2 implementations based on dst->pixcfg.private_impl.pixfmt.repr, sampling ratios, triangle_filter_for_2to1, and wuffs_base__cpu_arch__have_x86_avx2()."", ""The changed AVX2 converters have a scalar fallback at spans below 32 pixels and SIMD looping for larger spans, including 32-pixel stores and end-dependent n calculation; H0 exposes no explicit boundary protocol for these conditions.""]",False,NO,99,"The commit only changes internal C type/constant spellings: AVX2 16-bit constants are rewritten to signed equivalents such as 0xFF80 to -0x0080 and 0xFFFF to -0x0001, while const is removed from internal upfuncs pointer declarations. It adds no entry point, protocol, state, configuration, input semantics, or attack surface. H0 still initializes wuffs_jpeg__decoder and passes it to fuzz_image_decoder with fuzz-controlled src and hash, so no material harness gap is created or aggravated.","[""H0's fuzz calls wuffs_jpeg__decoder__initialize and then fuzz_image_decoder(src, hash, wuffs_jpeg__decoder__upcast_as__wuffs_base__image_decoder(&dec))."", ""The bodies of wuffs_base__pixel_swizzler__swizzle_ycc__convert_bgrx_x86_avx2 and wuffs_base__pixel_swizzler__swizzle_ycc__convert_rgbx_x86_avx2 retain the same control flow, loads, arithmetic, stores, and parameters; only literal representations change."", ""The upfuncs edits in wuffs_base__pixel_swizzler__swizzle_ycc__general__triangle_filter, wuffs_base__pixel_swizzler__swizzle_ycc__general__box_filter, specialized helpers, and wuffs_base__pixel_swizzler__swizzle_ycck remove a const qualifier without changing calls, dispatch choices, or fuzz-input requirements."", ""wuffs_base__pixel_swizzler__swizzle_ycck retains its existing pixel-format dispatch, AVX2 selection through wuffs_base__cpu_arch__have_x86_avx2(), and invocation of (*func).""]"
C075,N023,mbedtls,186731b22acea22c0af32e2577c7ce1cb6e2491e,a12baf8c5fd7968859f1c4c9c0bb319d8cf08285,2023-07-26T15:47:45+01:00,programs/fuzz/common.c,VERIFIED_NEGATIVE,,N1,PASS,PASS,NOT_MEASURED,NOT_MEASURED,NOT_MEASURED,NOT_MEASURED,three_way_build_runtime_and_code_audit,Clang warning/prototype formatting changes no runtime harness behavior.,FROZEN_VALID,NO,COEVOLUTION_HARD,NO,TN,NO,TN,NO,TN,"The source change only replaces old-style empty parameter lists with explicit `(void)` parameter lists. It does not alter behavior, accepted inputs, state, configuration, API protocol, parsing, memory handling, or attack surface, so no material fuzz-harness gap is implicated.","[""`mbedtls_ecp_get_variant()` becomes `mbedtls_ecp_get_variant(void)` while retaining the same body and return value."", ""`print_version()`, `print_usage()`, and `error_exit()` become explicit no-argument functions with unchanged bodies."", ""No changed function consumes fuzzer-controlled data or introduces a new callable operation, state transition, or configuration path.""]",False,NO,99,"The S0-to-S1 changes only replace unspecified empty parameter lists with explicit `(void)` parameter lists. They do not change any entry point, API protocol, state, configuration, input semantics, attack surface, or runtime behavior relevant to H0. H0 therefore has no material harness gap caused or aggravated by this commit.","[""`mbedtls_ecp_get_variant()` becomes `mbedtls_ecp_get_variant(void)` while retaining the same body and return value `MBEDTLS_ECP_VARIANT_WITH_MPI_STRUCT`."", ""`print_version()`, `print_usage()`, and `error_exit()` become explicit no-argument functions using `(void)`; their bodies are unchanged."", ""No production input handling, state transition, configuration branch, or callable behavior is added or altered in the complete S0-to-S1 diff."", ""H0 contains no calls to the four changed functions, but the commit adds no behavior that would require new harness reachability or input control.""]"
C076,N026,mbedtls,7f72a06e02290ee3d81f972fb88d46db20658ea2,f6eb0b8ab0adecd02ad49d7e3d037d18335cd791,2024-02-22T18:41:25+01:00,programs/fuzz/fuzz_client.c,VERIFIED_NEGATIVE,,N1,PASS,PASS,NOT_MEASURED,NOT_MEASURED,NOT_MEASURED,NOT_MEASURED,three_way_build_runtime_and_code_audit,Blank/comment cruft removal changes no executable harness behavior.,FROZEN_VALID,NO,COEVOLUTION_HARD,NO,TN,NO,TN,NO,TN,"The only S0-to-S1 change removes the commented-out line `//#define MBEDTLS_ALLOW_PRIVATE_ACCESS` from `programs/ssl/ssl_context_info.c`. Because the line was already a comment, the supplied change introduces no executable behavior, entry point, API protocol, state, configuration, input semantics, or attack surface that H0 needs to exercise.","[""The diff contains one deletion: `//#define MBEDTLS_ALLOW_PRIVATE_ACCESS`."", ""No changed function body or executable statement appears in the supplied production diff."", ""H0 already contains TLS/DTLS client and server harnesses plus X.509 CRL, certificate, and CSR parser harnesses, but the supplied non-executable change does not implicate any additional fuzz target.""]",True,NO,96,"H0 has no harness for the SSL-context deserialization surface identified by programs/ssl/ssl_context_info.c, so S1 retains a material historical coverage gap. However, the only S0-to-S1 change removes the already-commented line `//#define MBEDTLS_ALLOW_PRIVATE_ACCESS`; it changes no compiled code, entry point, protocol, state, configuration, or input semantics and therefore neither introduced nor aggravated the gap.","[""The production file identifies itself as an `SSL context deserializer from base64 code`, while H0 only drives TLS/DTLS handshakes and X.509 CRL/CRT/CSR parsers."", ""The complete diff changes only `//#define MBEDTLS_ALLOW_PRIVATE_ACCESS`, which was a comment in S0 and is absent in S1."", ""No changed function body or executable statement appears in the S0-to-S1 diff.""]"
C077,N182,wuffs,82a48796c8f6223a1d75a17324970351a66ca4b8,e700bcd4f897b5d6512c6c59880770a5903a8541,2018-04-05T17:09:33+10:00,fuzz/c/std/gif_fuzzer.cc,VERIFIED_EXPLICIT_POSITIVE,VP1,,FAIL,NOT_RUN,NOT_MEASURED,NOT_MEASURED,NOT_MEASURED,NOT_MEASURED,three_way_build_runtime,S1+H0 fails to build while S0+H0 and S1+H1 pass.,FROZEN_VALID,YES,,YES,TP,YES,TP,YES,TP,"H0 is materially incompatible with S1 and also omits newly exposed GIF animation state. The harness calls the removed wuffs_base__image_config__valid API, so it cannot exercise S1 as written. Moreover, wuffs_gif__decoder__decode_config now propagates input-derived f_num_loops into wuffs_base__image_config, but H0 only uses pixbuf_size and never observes num_loops or exercises the stateful wuffs_base__image_buffer__loop behavior.","[""H0 calls wuffs_base__image_config__valid(&ic), while S1 replaces that identifier with wuffs_base__image_config__is_valid."", ""S1 changes wuffs_gif__decoder__decode_config to call wuffs_base__image_config__initialize with self->private_impl.f_num_loops."", ""S1 adds wuffs_base__image_config__num_loops and the stateful wuffs_base__image_buffer__loop, whose behavior differs for num_loops == 0, remaining finite loops, and exhausted loops."", ""H0 proceeds directly from decode_config to pixbuf_size and repeated wuffs_gif__decoder__decode_frame calls; it never constructs a wuffs_base__image_buffer or calls wuffs_base__image_config__num_loops or wuffs_base__image_buffer__loop.""]",True,YES,99,"S1 removes/renames wuffs_base__image_config__valid to wuffs_base__image_config__is_valid, while H0's fuzz function still calls the removed identifier. Consequently H0 cannot exercise the otherwise unchanged GIF decode sequence against S1 without an API-adaptation change. This gap did not exist with S0, where the called identifier was defined.","[""H0 calls wuffs_base__image_config__valid(&ic) immediately after wuffs_gif__decoder__decode_config."", ""The S0-to-S1 diff replaces static inline bool wuffs_base__image_config__valid(...) with wuffs_base__image_config__is_valid(...)."", ""No compatibility definition for wuffs_base__image_config__valid is present in S1."", ""H0 includes ../../../gen/c/std/gif.c directly, and that generated S1 source contains the renamed API.""]"
C078,N233,wuffs,fa50f4de67da25a320584164ed12869603898a16,2912ea8e286a694a980c4d2701a533608e65fb2c,2020-09-21T11:07:36+10:00,fuzz/c/std/json_fuzzer.c,VERIFIED_SILENT_POSITIVE,VP4,,PASS,PASS,0.083333,0.625000,LIMITED,IMPROVED,dynamic_coverage_and_code,dynamic changed-line coverage 2/24 -> 15/24,FROZEN_VALID,YES,,NO,FN,YES,TP,YES,TP,"H0 never enables the newly exposed WUFFS_JSON__QUIRK_ALLOW_TRAILING_COMMENT, so it cannot exercise S1's acceptance and state handling for comments after a completed top-level JSON value. This behavior requires interaction with WUFFS_JSON__QUIRK_ALLOW_TRAILING_NEW_LINE and either WUFFS_JSON__QUIRK_ALLOW_COMMENT_BLOCK or WUFFS_JSON__QUIRK_ALLOW_COMMENT_LINE, including distinct block-versus-line transitions recorded in f_comment_type.","[""S1 adds the public constant WUFFS_JSON__QUIRK_ALLOW_TRAILING_COMMENT."", ""H0's set_quirks array includes WUFFS_JSON__QUIRK_ALLOW_COMMENT_BLOCK, WUFFS_JSON__QUIRK_ALLOW_COMMENT_LINE, and WUFFS_JSON__QUIRK_ALLOW_TRAILING_NEW_LINE, but omits WUFFS_JSON__QUIRK_ALLOW_TRAILING_COMMENT."", ""wuffs_json__decoder__decode_trailing_new_line initializes f_allow_trailing_comment from f_quirks[17] and calls wuffs_json__decoder__decode_comment only when that flag is true."", ""wuffs_json__decoder__decode_comment now sets f_comment_type to 1 for a completed block comment and 2 for a completed line comment; decode_trailing_new_line uses those values to choose whether to continue consuming whitespace or stop."", ""fuzz_complex varies source and token buffer limits, but those suspension paths cannot cover the new trailing-comment branch while the controlling quirk is never enabled.""]",True,YES,99,"S1 adds a new configurable parsing behavior, WUFFS_JSON__QUIRK_ALLOW_TRAILING_COMMENT, but H0's set_quirks array does not include that identifier. Consequently H0 cannot enable the new quirk and cannot exercise the newly accepted trailing-comment semantics in decode_trailing_new_line, even though it can independently enable WUFFS_JSON__QUIRK_ALLOW_COMMENT_BLOCK, WUFFS_JSON__QUIRK_ALLOW_COMMENT_LINE, and WUFFS_JSON__QUIRK_ALLOW_TRAILING_NEW_LINE. This configuration and input-semantics gap did not exist in S0 because the trailing-comment quirk and its associated path were introduced by S1.","[""S1 introduces WUFFS_JSON__QUIRK_ALLOW_TRAILING_COMMENT with value 1225364497."", ""S1's wuffs_json__decoder__decode_trailing_new_line assigns f_allow_trailing_comment from f_quirks[17] and conditionally calls wuffs_json__decoder__decode_comment only when that flag is enabled."", ""The source-level decoder.decode_trailing_new_line? similarly reads QUIRK_ALLOW_TRAILING_COMMENT and uses comment_type to distinguish block and line comments."", ""H0's set_quirks explicitly enumerates supported quirks but omits WUFFS_JSON__QUIRK_ALLOW_TRAILING_COMMENT."", ""H0 calls set_quirks(&dec, hash_44_bits) in fuzz_complex, so its hash-controlled configuration cannot select an identifier absent from the quirks array."", ""S0 had neither QUIRK_ALLOW_TRAILING_COMMENT nor the conditional trailing-comment decoding path, making the gap commit-induced.""]"
C079,N209,wuffs,dd94ad3821f1e7b6d9c9018069285638e99212fe,ce96837b4014e62357081fdb8a168c8479eb80c5,2018-12-28T16:14:03+11:00,fuzz/c/std/gif_fuzzer.c,VERIFIED_NEGATIVE,,N1,PASS,PASS,NOT_MEASURED,NOT_MEASURED,NOT_MEASURED,NOT_MEASURED,three_way_build_runtime_and_code_audit,A local variable rename preserves source behavior and harness scope.,FROZEN_VALID,NO,COEVOLUTION_HARD,NO,TN,NO,TN,NO,TN,"The supplied change only renames the local status variable from `z` to `status` within `c_wuffs_deflate__decoder__decode_huffman_fast`; every assignment, error value, control-flow target, state update, and returned value remains equivalent. It introduces no new entry point, protocol, state, configuration, input semantics, or attack surface requiring additional fuzz coverage.","[""`wuffs_base__status z = NULL` becomes `wuffs_base__status status = NULL`."", ""All three assignments to `z` are changed directly to assignments to `status` with the same error identifiers: `wuffs_deflate__error__internal_error_inconsistent_huffman_decoder_state` and `wuffs_base__error__bad_argument`."", ""The final `return z` becomes `return status`; surrounding Huffman decoding, buffer-boundary checks, back-copy logic, and saved decoder state are unchanged."", ""H0 already drives compressed input through `wuffs_zlib__decoder__decode` and exercises repeated decoding after `wuffs_base__suspension__short_write`; the source diff exposes no additional behavior for a distinct harness path.""]",False,NO,99,"The commit only renames the local status variable from `z` to `status` in `c_wuffs_deflate__decoder__decode_huffman_fast`; it does not change the entry point, API protocol, decoder state, configuration, input semantics, attack surface, or any control/data flow. H0's `zlib_fuzzer.c` continues to drive `wuffs_zlib__decoder__decode` with fuzz-controlled compressed input and checksum configuration, so no material harness gap is created or aggravated.","[""Every removed assignment to `z` has an equivalent added assignment to `status` with the same value, including `wuffs_deflate__error__internal_error_inconsistent_huffman_decoder_state` and `wuffs_base__error__bad_argument`."", ""The final `return z` is replaced by `return status`, matching the renamed initialization from `wuffs_base__status z = NULL` to `wuffs_base__status status = NULL`."", ""No signature, branch condition, buffer operation, state save, or decoder call changes in `c_wuffs_deflate__decoder__decode_huffman_fast`."", ""H0 invokes `wuffs_zlib__decoder__decode(&dec, dst_writer, src_reader)` repeatedly and supplies the fuzz-derived `src_reader`; it also varies `wuffs_zlib__decoder__set_ignore_checksum` using `hash & 0xFFFF`."", ""The production diff introduces no new callable entry point, mode, option, or input dimension for H0 to exercise.""]"
C080,N250,wuffs,85a0283cfcb446102106a92447f0e98303476acd,e3b5a7d506e0881e33c7804a10bec2611c4f9d0b,2026-07-02T22:32:20+10:00,fuzz/c/std/pixel_swizzler_fuzzer.c,VERIFIED_SILENT_POSITIVE,VP4,,PASS,PASS,0.769231,0.769231,NOT_REACHED,REACHED,dynamic_coverage_and_code,historical argument mapping diff plus three-way run,FROZEN_VALID,YES,,NO,FN,YES,TP,YES,TP,"H0 still derives triangle_filter_for_2to1 as a bool and passes it positionally to S1's uint8_t ycc_upsampling parameter, so it supplies only 0 or 1. S1 assigns distinct behavior to nonzero values: 1 selects the libjpeg h2v2 triangle implementation with odd-column rounding 7, while every other nonzero value selects the libwebp implementation with rounding 8. Consequently H0 cannot exercise the new libwebp branch. Its crash-only check also cannot validate the intentionally different rounded pixel output.","[""In fuzz_swizzle_ycck, triangle_filter_for_2to1 is declared bool and set from one hash bit: `bool triangle_filter_for_2to1 = 1 & (hash >> 38)`."", ""That bool is passed as the penultimate semantic argument to wuffs_base__pixel_swizzler__swizzle_ycck, whose S1 signature replaces `bool triangle_filter_for_2to1` with `uint8_t ycc_upsampling`."", ""S1 selects `wuffs_private_impl__swizzle_ycc__upsample_inv_h2v2_triangle_libjpeg` only when `ycc_upsampling == 1`; otherwise any nonzero value selects `wuffs_private_impl__swizzle_ycc__upsample_inv_h2v2_triangle_libwebp`. The same split exists for the `_x86_avx2` functions."", ""The libjpeg and libwebp wrappers pass different `odd_column_rounding` values, 7 and 8 respectively, into the changed h2v2 triangle implementations."", ""H0 only calls swizzle_ycck and accepts any non-internal-error status; it makes no assertion about destination pixels or agreement between the libjpeg/libwebp, scalar, and AVX2 paths.""]",True,YES,99,"S1 changes the swizzle_ycck selector from boolean triangle_filter_for_2to1 to uint8_t ycc_upsampling and introduces distinct behavior for values other than 0 and 1. H0 still passes only the boolean-derived triangle_filter_for_2to1, so it reaches BASIC (0) and the libjpeg-style path (1) but cannot reach the new libwebp-style odd-column rounding path selected when ycc_upsampling is nonzero and not 1. This is a material, commit-introduced loss of input control over a new API mode.","[""In H0, triangle_filter_for_2to1 is assigned as `1 & (hash >> 38)`, restricting the argument passed to `wuffs_base__pixel_swizzler__swizzle_ycck` to 0 or 1."", ""S1 replaces the parameter `bool triangle_filter_for_2to1` with `uint8_t ycc_upsampling`."", ""S1 selects `wuffs_private_impl__swizzle_ycc__upsample_inv_h2v2_triangle_libjpeg` only when `ycc_upsampling == 1`; every other nonzero value selects `wuffs_private_impl__swizzle_ycc__upsample_inv_h2v2_triangle_libwebp`."", ""The new libwebp wrappers pass `odd_column_rounding` value 8, while the libjpeg wrappers pass 7, and both scalar and AVX2 implementations use that value in odd-column output calculations."", ""S0 had only the boolean triangle-filter choice and fixed odd-column rounding of 7, so H0's 0/1 control covered the pre-commit selector semantics.""]"
