project,date,url,status,bytes,sha256
brotli,2021-07-06,https://storage.googleapis.com/oss-fuzz-coverage/brotli/reports/20210706/linux/report.html,downloaded,4408,7440a0326b83bb869109f433792edaaac11f63a0e6203fa206a121f8ad7ac07e
brotli,2021-07-07,https://storage.googleapis.com/oss-fuzz-coverage/brotli/reports/20210707/linux/report.html,downloaded,4408,7440a0326b83bb869109f433792edaaac11f63a0e6203fa206a121f8ad7ac07e
brotli,2021-07-08,https://storage.googleapis.com/oss-fuzz-coverage/brotli/reports/20210708/linux/report.html,downloaded,4408,7440a0326b83bb869109f433792edaaac11f63a0e6203fa206a121f8ad7ac07e
brotli,2021-07-09,https://storage.googleapis.com/oss-fuzz-coverage/brotli/reports/20210709/linux/report.html,downloaded,4408,7440a0326b83bb869109f433792edaaac11f63a0e6203fa206a121f8ad7ac07e
brotli,2021-07-10,https://storage.googleapis.com/oss-fuzz-coverage/brotli/reports/20210710/linux/report.html,downloaded,4408,7440a0326b83bb869109f433792edaaac11f63a0e6203fa206a121f8ad7ac07e
brotli,2021-07-11,https://storage.googleapis.com/oss-fuzz-coverage/brotli/reports/20210711/linux/report.html,downloaded,4408,7440a0326b83bb869109f433792edaaac11f63a0e6203fa206a121f8ad7ac07e
brotli,2021-07-12,https://storage.googleapis.com/oss-fuzz-coverage/brotli/reports/20210712/linux/report.html,downloaded,4408,7440a0326b83bb869109f433792edaaac11f63a0e6203fa206a121f8ad7ac07e
brotli,2021-07-13,https://storage.googleapis.com/oss-fuzz-coverage/brotli/reports/20210713/linux/report.html,missing_404,0,
brotli,2021-07-14,https://storage.googleapis.com/oss-fuzz-coverage/brotli/reports/20210714/linux/report.html,downloaded,4408,7440a0326b83bb869109f433792edaaac11f63a0e6203fa206a121f8ad7ac07e
brotli,2021-07-15,https://storage.googleapis.com/oss-fuzz-coverage/brotli/reports/20210715/linux/report.html,downloaded,4408,7440a0326b83bb869109f433792edaaac11f63a0e6203fa206a121f8ad7ac07e
brotli,2021-07-16,https://storage.googleapis.com/oss-fuzz-coverage/brotli/reports/20210716/linux/report.html,downloaded,4408,7440a0326b83bb869109f433792edaaac11f63a0e6203fa206a121f8ad7ac07e
brotli,2021-07-17,https://storage.googleapis.com/oss-fuzz-coverage/brotli/reports/20210717/linux/report.html,downloaded,4408,7440a0326b83bb869109f433792edaaac11f63a0e6203fa206a121f8ad7ac07e
brotli,2021-07-18,https://storage.googleapis.com/oss-fuzz-coverage/brotli/reports/20210718/linux/report.html,downloaded,4408,7440a0326b83bb869109f433792edaaac11f63a0e6203fa206a121f8ad7ac07e
brotli,2021-07-19,https://storage.googleapis.com/oss-fuzz-coverage/brotli/reports/20210719/linux/report.html,downloaded,4408,7440a0326b83bb869109f433792edaaac11f63a0e6203fa206a121f8ad7ac07e
brotli,2021-07-20,https://storage.googleapis.com/oss-fuzz-coverage/brotli/reports/20210720/linux/report.html,downloaded,4408,7440a0326b83bb869109f433792edaaac11f63a0e6203fa206a121f8ad7ac07e
brotli,2021-07-21,https://storage.googleapis.com/oss-fuzz-coverage/brotli/reports/20210721/linux/report.html,downloaded,4408,7440a0326b83bb869109f433792edaaac11f63a0e6203fa206a121f8ad7ac07e
brotli,2021-07-22,https://storage.googleapis.com/oss-fuzz-coverage/brotli/reports/20210722/linux/report.html,downloaded,4408,7440a0326b83bb869109f433792edaaac11f63a0e6203fa206a121f8ad7ac07e
brotli,2021-07-23,https://storage.googleapis.com/oss-fuzz-coverage/brotli/reports/20210723/linux/report.html,downloaded,4408,7440a0326b83bb869109f433792edaaac11f63a0e6203fa206a121f8ad7ac07e
brotli,2021-07-24,https://storage.googleapis.com/oss-fuzz-coverage/brotli/reports/20210724/linux/report.html,downloaded,4408,7440a0326b83bb869109f433792edaaac11f63a0e6203fa206a121f8ad7ac07e
brotli,2021-07-25,https://storage.googleapis.com/oss-fuzz-coverage/brotli/reports/20210725/linux/report.html,downloaded,4408,7440a0326b83bb869109f433792edaaac11f63a0e6203fa206a121f8ad7ac07e
brotli,2021-07-26,https://storage.googleapis.com/oss-fuzz-coverage/brotli/reports/20210726/linux/report.html,downloaded,4408,7440a0326b83bb869109f433792edaaac11f63a0e6203fa206a121f8ad7ac07e
brotli,2021-07-27,https://storage.googleapis.com/oss-fuzz-coverage/brotli/reports/20210727/linux/report.html,downloaded,4408,7440a0326b83bb869109f433792edaaac11f63a0e6203fa206a121f8ad7ac07e
brotli,2021-07-28,https://storage.googleapis.com/oss-fuzz-coverage/brotli/reports/20210728/linux/report.html,downloaded,4408,7440a0326b83bb869109f433792edaaac11f63a0e6203fa206a121f8ad7ac07e
brotli,2021-07-29,https://storage.googleapis.com/oss-fuzz-coverage/brotli/reports/20210729/linux/report.html,downloaded,4408,7440a0326b83bb869109f433792edaaac11f63a0e6203fa206a121f8ad7ac07e
brotli,2021-07-30,https://storage.googleapis.com/oss-fuzz-coverage/brotli/reports/20210730/linux/report.html,downloaded,4408,7440a0326b83bb869109f433792edaaac11f63a0e6203fa206a121f8ad7ac07e
brotli,2021-07-31,https://storage.googleapis.com/oss-fuzz-coverage/brotli/reports/20210731/linux/report.html,downloaded,4408,7440a0326b83bb869109f433792edaaac11f63a0e6203fa206a121f8ad7ac07e
brotli,2021-08-01,https://storage.googleapis.com/oss-fuzz-coverage/brotli/reports/20210801/linux/report.html,downloaded,4408,7440a0326b83bb869109f433792edaaac11f63a0e6203fa206a121f8ad7ac07e
brotli,2021-08-02,https://storage.googleapis.com/oss-fuzz-coverage/brotli/reports/20210802/linux/report.html,downloaded,4408,7440a0326b83bb869109f433792edaaac11f63a0e6203fa206a121f8ad7ac07e
brotli,2021-08-03,https://storage.googleapis.com/oss-fuzz-coverage/brotli/reports/20210803/linux/report.html,downloaded,4408,7440a0326b83bb869109f433792edaaac11f63a0e6203fa206a121f8ad7ac07e
brotli,2021-08-04,https://storage.googleapis.com/oss-fuzz-coverage/brotli/reports/20210804/linux/report.html,downloaded,4408,7440a0326b83bb869109f433792edaaac11f63a0e6203fa206a121f8ad7ac07e
brotli,2021-08-05,https://storage.googleapis.com/oss-fuzz-coverage/brotli/reports/20210805/linux/report.html,downloaded,4396,410f3f641f28df85606bfa70153b9489883902ddc99c556b2d0276d03fb39c9e
brotli,2021-08-06,https://storage.googleapis.com/oss-fuzz-coverage/brotli/reports/20210806/linux/report.html,downloaded,4396,410f3f641f28df85606bfa70153b9489883902ddc99c556b2d0276d03fb39c9e
brotli,2021-08-07,https://storage.googleapis.com/oss-fuzz-coverage/brotli/reports/20210807/linux/report.html,downloaded,4396,410f3f641f28df85606bfa70153b9489883902ddc99c556b2d0276d03fb39c9e
brotli,2021-08-08,https://storage.googleapis.com/oss-fuzz-coverage/brotli/reports/20210808/linux/report.html,downloaded,4396,410f3f641f28df85606bfa70153b9489883902ddc99c556b2d0276d03fb39c9e
brotli,2021-08-09,https://storage.googleapis.com/oss-fuzz-coverage/brotli/reports/20210809/linux/report.html,downloaded,4396,410f3f641f28df85606bfa70153b9489883902ddc99c556b2d0276d03fb39c9e
brotli,2021-08-10,https://storage.googleapis.com/oss-fuzz-coverage/brotli/reports/20210810/linux/report.html,downloaded,4396,410f3f641f28df85606bfa70153b9489883902ddc99c556b2d0276d03fb39c9e
brotli,2021-08-11,https://storage.googleapis.com/oss-fuzz-coverage/brotli/reports/20210811/linux/report.html,downloaded,4396,410f3f641f28df85606bfa70153b9489883902ddc99c556b2d0276d03fb39c9e
brotli,2021-08-12,https://storage.googleapis.com/oss-fuzz-coverage/brotli/reports/20210812/linux/report.html,downloaded,4396,410f3f641f28df85606bfa70153b9489883902ddc99c556b2d0276d03fb39c9e
brotli,2021-08-13,https://storage.googleapis.com/oss-fuzz-coverage/brotli/reports/20210813/linux/report.html,downloaded,4396,410f3f641f28df85606bfa70153b9489883902ddc99c556b2d0276d03fb39c9e
brotli,2021-08-14,https://storage.googleapis.com/oss-fuzz-coverage/brotli/reports/20210814/linux/report.html,downloaded,4396,410f3f641f28df85606bfa70153b9489883902ddc99c556b2d0276d03fb39c9e
brotli,2021-08-15,https://storage.googleapis.com/oss-fuzz-coverage/brotli/reports/20210815/linux/report.html,missing_404,0,
brotli,2021-08-16,https://storage.googleapis.com/oss-fuzz-coverage/brotli/reports/20210816/linux/report.html,downloaded,4396,410f3f641f28df85606bfa70153b9489883902ddc99c556b2d0276d03fb39c9e
brotli,2021-08-17,https://storage.googleapis.com/oss-fuzz-coverage/brotli/reports/20210817/linux/report.html,downloaded,4396,410f3f641f28df85606bfa70153b9489883902ddc99c556b2d0276d03fb39c9e
brotli,2021-08-18,https://storage.googleapis.com/oss-fuzz-coverage/brotli/reports/20210818/linux/report.html,downloaded,4396,410f3f641f28df85606bfa70153b9489883902ddc99c556b2d0276d03fb39c9e
brotli,2021-08-19,https://storage.googleapis.com/oss-fuzz-coverage/brotli/reports/20210819/linux/report.html,downloaded,4396,410f3f641f28df85606bfa70153b9489883902ddc99c556b2d0276d03fb39c9e
brotli,2021-08-20,https://storage.googleapis.com/oss-fuzz-coverage/brotli/reports/20210820/linux/report.html,downloaded,4396,410f3f641f28df85606bfa70153b9489883902ddc99c556b2d0276d03fb39c9e
brotli,2021-08-21,https://storage.googleapis.com/oss-fuzz-coverage/brotli/reports/20210821/linux/report.html,missing_404,0,
brotli,2021-08-22,https://storage.googleapis.com/oss-fuzz-coverage/brotli/reports/20210822/linux/report.html,downloaded,4396,410f3f641f28df85606bfa70153b9489883902ddc99c556b2d0276d03fb39c9e
brotli,2021-08-23,https://storage.googleapis.com/oss-fuzz-coverage/brotli/reports/20210823/linux/report.html,downloaded,4396,410f3f641f28df85606bfa70153b9489883902ddc99c556b2d0276d03fb39c9e
brotli,2021-08-24,https://storage.googleapis.com/oss-fuzz-coverage/brotli/reports/20210824/linux/report.html,downloaded,4396,410f3f641f28df85606bfa70153b9489883902ddc99c556b2d0276d03fb39c9e
brotli,2021-08-25,https://storage.googleapis.com/oss-fuzz-coverage/brotli/reports/20210825/linux/report.html,downloaded,4396,410f3f641f28df85606bfa70153b9489883902ddc99c556b2d0276d03fb39c9e
brotli,2021-08-26,https://storage.googleapis.com/oss-fuzz-coverage/brotli/reports/20210826/linux/report.html,downloaded,4396,410f3f641f28df85606bfa70153b9489883902ddc99c556b2d0276d03fb39c9e
brotli,2021-08-27,https://storage.googleapis.com/oss-fuzz-coverage/brotli/reports/20210827/linux/report.html,missing_404,0,
brotli,2021-08-28,https://storage.googleapis.com/oss-fuzz-coverage/brotli/reports/20210828/linux/report.html,missing_404,0,
brotli,2021-08-29,https://storage.googleapis.com/oss-fuzz-coverage/brotli/reports/20210829/linux/report.html,missing_404,0,
brotli,2021-08-30,https://storage.googleapis.com/oss-fuzz-coverage/brotli/reports/20210830/linux/report.html,downloaded,4396,410f3f641f28df85606bfa70153b9489883902ddc99c556b2d0276d03fb39c9e
brotli,2021-08-31,https://storage.googleapis.com/oss-fuzz-coverage/brotli/reports/20210831/linux/report.html,downloaded,4396,410f3f641f28df85606bfa70153b9489883902ddc99c556b2d0276d03fb39c9e
brotli,2021-09-01,https://storage.googleapis.com/oss-fuzz-coverage/brotli/reports/20210901/linux/report.html,downloaded,4396,410f3f641f28df85606bfa70153b9489883902ddc99c556b2d0276d03fb39c9e
brotli,2021-09-02,https://storage.googleapis.com/oss-fuzz-coverage/brotli/reports/20210902/linux/report.html,downloaded,4396,410f3f641f28df85606bfa70153b9489883902ddc99c556b2d0276d03fb39c9e
brotli,2021-09-03,https://storage.googleapis.com/oss-fuzz-coverage/brotli/reports/20210903/linux/report.html,downloaded,4396,410f3f641f28df85606bfa70153b9489883902ddc99c556b2d0276d03fb39c9e
brotli,2021-09-04,https://storage.googleapis.com/oss-fuzz-coverage/brotli/reports/20210904/linux/report.html,downloaded,4396,410f3f641f28df85606bfa70153b9489883902ddc99c556b2d0276d03fb39c9e
c-ares,2018-09-24,https://storage.googleapis.com/oss-fuzz-coverage/c-ares/reports/20180924/linux/report.html,downloaded,2966,05fc5f98137f002b8788629ee0b70f7c3135028267d0078bf0e5163494c5a567
c-ares,2018-09-25,https://storage.googleapis.com/oss-fuzz-coverage/c-ares/reports/20180925/linux/report.html,downloaded,2966,05fc5f98137f002b8788629ee0b70f7c3135028267d0078bf0e5163494c5a567
c-ares,2018-09-26,https://storage.googleapis.com/oss-fuzz-coverage/c-ares/reports/20180926/linux/report.html,downloaded,2966,05fc5f98137f002b8788629ee0b70f7c3135028267d0078bf0e5163494c5a567
c-ares,2018-09-27,https://storage.googleapis.com/oss-fuzz-coverage/c-ares/reports/20180927/linux/report.html,downloaded,2966,05fc5f98137f002b8788629ee0b70f7c3135028267d0078bf0e5163494c5a567
c-ares,2018-09-28,https://storage.googleapis.com/oss-fuzz-coverage/c-ares/reports/20180928/linux/report.html,downloaded,2966,05fc5f98137f002b8788629ee0b70f7c3135028267d0078bf0e5163494c5a567
c-ares,2018-09-29,https://storage.googleapis.com/oss-fuzz-coverage/c-ares/reports/20180929/linux/report.html,downloaded,2966,05fc5f98137f002b8788629ee0b70f7c3135028267d0078bf0e5163494c5a567
c-ares,2018-09-30,https://storage.googleapis.com/oss-fuzz-coverage/c-ares/reports/20180930/linux/report.html,downloaded,2966,05fc5f98137f002b8788629ee0b70f7c3135028267d0078bf0e5163494c5a567
c-ares,2018-10-01,https://storage.googleapis.com/oss-fuzz-coverage/c-ares/reports/20181001/linux/report.html,downloaded,2966,05fc5f98137f002b8788629ee0b70f7c3135028267d0078bf0e5163494c5a567
c-ares,2018-10-02,https://storage.googleapis.com/oss-fuzz-coverage/c-ares/reports/20181002/linux/report.html,downloaded,2966,05fc5f98137f002b8788629ee0b70f7c3135028267d0078bf0e5163494c5a567
c-ares,2018-10-03,https://storage.googleapis.com/oss-fuzz-coverage/c-ares/reports/20181003/linux/report.html,downloaded,2966,05fc5f98137f002b8788629ee0b70f7c3135028267d0078bf0e5163494c5a567
c-ares,2018-10-04,https://storage.googleapis.com/oss-fuzz-coverage/c-ares/reports/20181004/linux/report.html,downloaded,2966,05fc5f98137f002b8788629ee0b70f7c3135028267d0078bf0e5163494c5a567
c-ares,2018-10-05,https://storage.googleapis.com/oss-fuzz-coverage/c-ares/reports/20181005/linux/report.html,downloaded,2966,05fc5f98137f002b8788629ee0b70f7c3135028267d0078bf0e5163494c5a567
c-ares,2018-10-06,https://storage.googleapis.com/oss-fuzz-coverage/c-ares/reports/20181006/linux/report.html,downloaded,2966,05fc5f98137f002b8788629ee0b70f7c3135028267d0078bf0e5163494c5a567
c-ares,2018-10-07,https://storage.googleapis.com/oss-fuzz-coverage/c-ares/reports/20181007/linux/report.html,downloaded,2966,05fc5f98137f002b8788629ee0b70f7c3135028267d0078bf0e5163494c5a567
c-ares,2018-10-08,https://storage.googleapis.com/oss-fuzz-coverage/c-ares/reports/20181008/linux/report.html,downloaded,2966,05fc5f98137f002b8788629ee0b70f7c3135028267d0078bf0e5163494c5a567
c-ares,2018-10-09,https://storage.googleapis.com/oss-fuzz-coverage/c-ares/reports/20181009/linux/report.html,downloaded,2966,05fc5f98137f002b8788629ee0b70f7c3135028267d0078bf0e5163494c5a567
c-ares,2018-10-10,https://storage.googleapis.com/oss-fuzz-coverage/c-ares/reports/20181010/linux/report.html,downloaded,2966,05fc5f98137f002b8788629ee0b70f7c3135028267d0078bf0e5163494c5a567
c-ares,2018-10-11,https://storage.googleapis.com/oss-fuzz-coverage/c-ares/reports/20181011/linux/report.html,downloaded,2966,05fc5f98137f002b8788629ee0b70f7c3135028267d0078bf0e5163494c5a567
c-ares,2018-10-12,https://storage.googleapis.com/oss-fuzz-coverage/c-ares/reports/20181012/linux/report.html,downloaded,2966,05fc5f98137f002b8788629ee0b70f7c3135028267d0078bf0e5163494c5a567
c-ares,2018-10-13,https://storage.googleapis.com/oss-fuzz-coverage/c-ares/reports/20181013/linux/report.html,downloaded,2966,05fc5f98137f002b8788629ee0b70f7c3135028267d0078bf0e5163494c5a567
c-ares,2018-10-14,https://storage.googleapis.com/oss-fuzz-coverage/c-ares/reports/20181014/linux/report.html,downloaded,2966,05fc5f98137f002b8788629ee0b70f7c3135028267d0078bf0e5163494c5a567
c-ares,2018-10-15,https://storage.googleapis.com/oss-fuzz-coverage/c-ares/reports/20181015/linux/report.html,downloaded,2966,05fc5f98137f002b8788629ee0b70f7c3135028267d0078bf0e5163494c5a567
c-ares,2018-10-16,https://storage.googleapis.com/oss-fuzz-coverage/c-ares/reports/20181016/linux/report.html,downloaded,2966,05fc5f98137f002b8788629ee0b70f7c3135028267d0078bf0e5163494c5a567
c-ares,2018-10-17,https://storage.googleapis.com/oss-fuzz-coverage/c-ares/reports/20181017/linux/report.html,downloaded,2966,05fc5f98137f002b8788629ee0b70f7c3135028267d0078bf0e5163494c5a567
c-ares,2018-10-18,https://storage.googleapis.com/oss-fuzz-coverage/c-ares/reports/20181018/linux/report.html,downloaded,2966,05fc5f98137f002b8788629ee0b70f7c3135028267d0078bf0e5163494c5a567
c-ares,2018-10-19,https://storage.googleapis.com/oss-fuzz-coverage/c-ares/reports/20181019/linux/report.html,downloaded,2966,05fc5f98137f002b8788629ee0b70f7c3135028267d0078bf0e5163494c5a567
c-ares,2018-10-20,https://storage.googleapis.com/oss-fuzz-coverage/c-ares/reports/20181020/linux/report.html,downloaded,2966,05fc5f98137f002b8788629ee0b70f7c3135028267d0078bf0e5163494c5a567
c-ares,2018-10-21,https://storage.googleapis.com/oss-fuzz-coverage/c-ares/reports/20181021/linux/report.html,downloaded,2966,05fc5f98137f002b8788629ee0b70f7c3135028267d0078bf0e5163494c5a567
c-ares,2018-10-22,https://storage.googleapis.com/oss-fuzz-coverage/c-ares/reports/20181022/linux/report.html,downloaded,2966,05fc5f98137f002b8788629ee0b70f7c3135028267d0078bf0e5163494c5a567
c-ares,2018-10-23,https://storage.googleapis.com/oss-fuzz-coverage/c-ares/reports/20181023/linux/report.html,downloaded,2966,05fc5f98137f002b8788629ee0b70f7c3135028267d0078bf0e5163494c5a567
c-ares,2018-10-24,https://storage.googleapis.com/oss-fuzz-coverage/c-ares/reports/20181024/linux/report.html,downloaded,2956,485c3ee7d7bfa486e8405678288034de3fc1a00cf3b67f774d5fea26344f2b02
c-ares,2018-10-25,https://storage.googleapis.com/oss-fuzz-coverage/c-ares/reports/20181025/linux/report.html,downloaded,2956,485c3ee7d7bfa486e8405678288034de3fc1a00cf3b67f774d5fea26344f2b02
c-ares,2018-10-26,https://storage.googleapis.com/oss-fuzz-coverage/c-ares/reports/20181026/linux/report.html,downloaded,2956,68f07659324b17ee360e854cda41978b2d02c9db0552f80173cee2dfe7a5a578
c-ares,2018-10-27,https://storage.googleapis.com/oss-fuzz-coverage/c-ares/reports/20181027/linux/report.html,downloaded,2956,68f07659324b17ee360e854cda41978b2d02c9db0552f80173cee2dfe7a5a578
c-ares,2018-10-28,https://storage.googleapis.com/oss-fuzz-coverage/c-ares/reports/20181028/linux/report.html,downloaded,2956,68f07659324b17ee360e854cda41978b2d02c9db0552f80173cee2dfe7a5a578
c-ares,2018-10-29,https://storage.googleapis.com/oss-fuzz-coverage/c-ares/reports/20181029/linux/report.html,downloaded,2956,68f07659324b17ee360e854cda41978b2d02c9db0552f80173cee2dfe7a5a578
c-ares,2018-10-30,https://storage.googleapis.com/oss-fuzz-coverage/c-ares/reports/20181030/linux/report.html,downloaded,2956,68f07659324b17ee360e854cda41978b2d02c9db0552f80173cee2dfe7a5a578
c-ares,2018-10-31,https://storage.googleapis.com/oss-fuzz-coverage/c-ares/reports/20181031/linux/report.html,downloaded,2956,68f07659324b17ee360e854cda41978b2d02c9db0552f80173cee2dfe7a5a578
c-ares,2018-11-01,https://storage.googleapis.com/oss-fuzz-coverage/c-ares/reports/20181101/linux/report.html,downloaded,2956,68f07659324b17ee360e854cda41978b2d02c9db0552f80173cee2dfe7a5a578
c-ares,2018-11-02,https://storage.googleapis.com/oss-fuzz-coverage/c-ares/reports/20181102/linux/report.html,downloaded,2956,68f07659324b17ee360e854cda41978b2d02c9db0552f80173cee2dfe7a5a578
c-ares,2018-11-03,https://storage.googleapis.com/oss-fuzz-coverage/c-ares/reports/20181103/linux/report.html,downloaded,2956,68f07659324b17ee360e854cda41978b2d02c9db0552f80173cee2dfe7a5a578
c-ares,2018-11-04,https://storage.googleapis.com/oss-fuzz-coverage/c-ares/reports/20181104/linux/report.html,downloaded,2956,68f07659324b17ee360e854cda41978b2d02c9db0552f80173cee2dfe7a5a578
c-ares,2018-11-05,https://storage.googleapis.com/oss-fuzz-coverage/c-ares/reports/20181105/linux/report.html,downloaded,2956,68f07659324b17ee360e854cda41978b2d02c9db0552f80173cee2dfe7a5a578
c-ares,2018-11-06,https://storage.googleapis.com/oss-fuzz-coverage/c-ares/reports/20181106/linux/report.html,downloaded,2956,a94a2eab158d3bce2347f4b6f31b189e24072770602f567640171a92925376ee
c-ares,2018-11-07,https://storage.googleapis.com/oss-fuzz-coverage/c-ares/reports/20181107/linux/report.html,downloaded,2956,a94a2eab158d3bce2347f4b6f31b189e24072770602f567640171a92925376ee
c-ares,2018-11-08,https://storage.googleapis.com/oss-fuzz-coverage/c-ares/reports/20181108/linux/report.html,downloaded,2956,a94a2eab158d3bce2347f4b6f31b189e24072770602f567640171a92925376ee
c-ares,2018-11-09,https://storage.googleapis.com/oss-fuzz-coverage/c-ares/reports/20181109/linux/report.html,downloaded,2956,a94a2eab158d3bce2347f4b6f31b189e24072770602f567640171a92925376ee
c-ares,2018-11-10,https://storage.googleapis.com/oss-fuzz-coverage/c-ares/reports/20181110/linux/report.html,downloaded,2956,a94a2eab158d3bce2347f4b6f31b189e24072770602f567640171a92925376ee
c-ares,2018-11-11,https://storage.googleapis.com/oss-fuzz-coverage/c-ares/reports/20181111/linux/report.html,downloaded,2956,a94a2eab158d3bce2347f4b6f31b189e24072770602f567640171a92925376ee
c-ares,2018-11-12,https://storage.googleapis.com/oss-fuzz-coverage/c-ares/reports/20181112/linux/report.html,downloaded,2956,a94a2eab158d3bce2347f4b6f31b189e24072770602f567640171a92925376ee
c-ares,2018-11-13,https://storage.googleapis.com/oss-fuzz-coverage/c-ares/reports/20181113/linux/report.html,downloaded,2956,a94a2eab158d3bce2347f4b6f31b189e24072770602f567640171a92925376ee
c-ares,2018-11-14,https://storage.googleapis.com/oss-fuzz-coverage/c-ares/reports/20181114/linux/report.html,downloaded,2956,a94a2eab158d3bce2347f4b6f31b189e24072770602f567640171a92925376ee
c-ares,2018-11-15,https://storage.googleapis.com/oss-fuzz-coverage/c-ares/reports/20181115/linux/report.html,downloaded,2956,a94a2eab158d3bce2347f4b6f31b189e24072770602f567640171a92925376ee
c-ares,2018-11-16,https://storage.googleapis.com/oss-fuzz-coverage/c-ares/reports/20181116/linux/report.html,downloaded,2956,a94a2eab158d3bce2347f4b6f31b189e24072770602f567640171a92925376ee
c-ares,2018-11-17,https://storage.googleapis.com/oss-fuzz-coverage/c-ares/reports/20181117/linux/report.html,downloaded,2956,a94a2eab158d3bce2347f4b6f31b189e24072770602f567640171a92925376ee
c-ares,2018-11-18,https://storage.googleapis.com/oss-fuzz-coverage/c-ares/reports/20181118/linux/report.html,downloaded,2956,a94a2eab158d3bce2347f4b6f31b189e24072770602f567640171a92925376ee
c-ares,2018-11-19,https://storage.googleapis.com/oss-fuzz-coverage/c-ares/reports/20181119/linux/report.html,downloaded,2956,a94a2eab158d3bce2347f4b6f31b189e24072770602f567640171a92925376ee
c-ares,2018-11-20,https://storage.googleapis.com/oss-fuzz-coverage/c-ares/reports/20181120/linux/report.html,downloaded,2956,a94a2eab158d3bce2347f4b6f31b189e24072770602f567640171a92925376ee
c-ares,2018-11-21,https://storage.googleapis.com/oss-fuzz-coverage/c-ares/reports/20181121/linux/report.html,downloaded,2956,a94a2eab158d3bce2347f4b6f31b189e24072770602f567640171a92925376ee
c-ares,2018-11-22,https://storage.googleapis.com/oss-fuzz-coverage/c-ares/reports/20181122/linux/report.html,downloaded,2956,a94a2eab158d3bce2347f4b6f31b189e24072770602f567640171a92925376ee
c-ares,2018-11-23,https://storage.googleapis.com/oss-fuzz-coverage/c-ares/reports/20181123/linux/report.html,downloaded,2956,a94a2eab158d3bce2347f4b6f31b189e24072770602f567640171a92925376ee
c-ares,2019-05-20,https://storage.googleapis.com/oss-fuzz-coverage/c-ares/reports/20190520/linux/report.html,downloaded,4394,90e894bf6d7a0dc562f867a083cdefe195dc561ff73675e7f36f6d5f93d9e07c
c-ares,2019-05-21,https://storage.googleapis.com/oss-fuzz-coverage/c-ares/reports/20190521/linux/report.html,downloaded,4394,90e894bf6d7a0dc562f867a083cdefe195dc561ff73675e7f36f6d5f93d9e07c
c-ares,2019-05-22,https://storage.googleapis.com/oss-fuzz-coverage/c-ares/reports/20190522/linux/report.html,downloaded,4394,90e894bf6d7a0dc562f867a083cdefe195dc561ff73675e7f36f6d5f93d9e07c
c-ares,2019-05-23,https://storage.googleapis.com/oss-fuzz-coverage/c-ares/reports/20190523/linux/report.html,downloaded,4394,90e894bf6d7a0dc562f867a083cdefe195dc561ff73675e7f36f6d5f93d9e07c
c-ares,2019-05-24,https://storage.googleapis.com/oss-fuzz-coverage/c-ares/reports/20190524/linux/report.html,downloaded,4394,90e894bf6d7a0dc562f867a083cdefe195dc561ff73675e7f36f6d5f93d9e07c
c-ares,2019-05-25,https://storage.googleapis.com/oss-fuzz-coverage/c-ares/reports/20190525/linux/report.html,downloaded,4394,90e894bf6d7a0dc562f867a083cdefe195dc561ff73675e7f36f6d5f93d9e07c
c-ares,2019-05-26,https://storage.googleapis.com/oss-fuzz-coverage/c-ares/reports/20190526/linux/report.html,downloaded,4394,90e894bf6d7a0dc562f867a083cdefe195dc561ff73675e7f36f6d5f93d9e07c
c-ares,2019-05-27,https://storage.googleapis.com/oss-fuzz-coverage/c-ares/reports/20190527/linux/report.html,downloaded,4394,90e894bf6d7a0dc562f867a083cdefe195dc561ff73675e7f36f6d5f93d9e07c
c-ares,2019-05-28,https://storage.googleapis.com/oss-fuzz-coverage/c-ares/reports/20190528/linux/report.html,downloaded,4394,90e894bf6d7a0dc562f867a083cdefe195dc561ff73675e7f36f6d5f93d9e07c
c-ares,2019-05-29,https://storage.googleapis.com/oss-fuzz-coverage/c-ares/reports/20190529/linux/report.html,downloaded,4394,90e894bf6d7a0dc562f867a083cdefe195dc561ff73675e7f36f6d5f93d9e07c
c-ares,2019-05-30,https://storage.googleapis.com/oss-fuzz-coverage/c-ares/reports/20190530/linux/report.html,downloaded,4394,90e894bf6d7a0dc562f867a083cdefe195dc561ff73675e7f36f6d5f93d9e07c
c-ares,2019-05-31,https://storage.googleapis.com/oss-fuzz-coverage/c-ares/reports/20190531/linux/report.html,downloaded,4394,90e894bf6d7a0dc562f867a083cdefe195dc561ff73675e7f36f6d5f93d9e07c
c-ares,2019-06-01,https://storage.googleapis.com/oss-fuzz-coverage/c-ares/reports/20190601/linux/report.html,downloaded,4394,90e894bf6d7a0dc562f867a083cdefe195dc561ff73675e7f36f6d5f93d9e07c
c-ares,2019-06-02,https://storage.googleapis.com/oss-fuzz-coverage/c-ares/reports/20190602/linux/report.html,downloaded,4394,90e894bf6d7a0dc562f867a083cdefe195dc561ff73675e7f36f6d5f93d9e07c
c-ares,2019-06-03,https://storage.googleapis.com/oss-fuzz-coverage/c-ares/reports/20190603/linux/report.html,downloaded,4394,90e894bf6d7a0dc562f867a083cdefe195dc561ff73675e7f36f6d5f93d9e07c
c-ares,2019-06-04,https://storage.googleapis.com/oss-fuzz-coverage/c-ares/reports/20190604/linux/report.html,downloaded,4394,90e894bf6d7a0dc562f867a083cdefe195dc561ff73675e7f36f6d5f93d9e07c
c-ares,2019-06-05,https://storage.googleapis.com/oss-fuzz-coverage/c-ares/reports/20190605/linux/report.html,downloaded,4394,90e894bf6d7a0dc562f867a083cdefe195dc561ff73675e7f36f6d5f93d9e07c
c-ares,2019-06-06,https://storage.googleapis.com/oss-fuzz-coverage/c-ares/reports/20190606/linux/report.html,downloaded,4394,90e894bf6d7a0dc562f867a083cdefe195dc561ff73675e7f36f6d5f93d9e07c
c-ares,2019-06-07,https://storage.googleapis.com/oss-fuzz-coverage/c-ares/reports/20190607/linux/report.html,downloaded,4394,90e894bf6d7a0dc562f867a083cdefe195dc561ff73675e7f36f6d5f93d9e07c
c-ares,2019-06-08,https://storage.googleapis.com/oss-fuzz-coverage/c-ares/reports/20190608/linux/report.html,downloaded,4394,90e894bf6d7a0dc562f867a083cdefe195dc561ff73675e7f36f6d5f93d9e07c
c-ares,2019-06-09,https://storage.googleapis.com/oss-fuzz-coverage/c-ares/reports/20190609/linux/report.html,downloaded,4394,90e894bf6d7a0dc562f867a083cdefe195dc561ff73675e7f36f6d5f93d9e07c
c-ares,2019-06-10,https://storage.googleapis.com/oss-fuzz-coverage/c-ares/reports/20190610/linux/report.html,downloaded,4394,90e894bf6d7a0dc562f867a083cdefe195dc561ff73675e7f36f6d5f93d9e07c
c-ares,2019-06-11,https://storage.googleapis.com/oss-fuzz-coverage/c-ares/reports/20190611/linux/report.html,downloaded,4394,90e894bf6d7a0dc562f867a083cdefe195dc561ff73675e7f36f6d5f93d9e07c
c-ares,2019-06-12,https://storage.googleapis.com/oss-fuzz-coverage/c-ares/reports/20190612/linux/report.html,downloaded,4394,90e894bf6d7a0dc562f867a083cdefe195dc561ff73675e7f36f6d5f93d9e07c
c-ares,2019-06-13,https://storage.googleapis.com/oss-fuzz-coverage/c-ares/reports/20190613/linux/report.html,downloaded,4394,90e894bf6d7a0dc562f867a083cdefe195dc561ff73675e7f36f6d5f93d9e07c
c-ares,2019-06-14,https://storage.googleapis.com/oss-fuzz-coverage/c-ares/reports/20190614/linux/report.html,downloaded,4394,90e894bf6d7a0dc562f867a083cdefe195dc561ff73675e7f36f6d5f93d9e07c
c-ares,2019-06-15,https://storage.googleapis.com/oss-fuzz-coverage/c-ares/reports/20190615/linux/report.html,downloaded,4394,90e894bf6d7a0dc562f867a083cdefe195dc561ff73675e7f36f6d5f93d9e07c
c-ares,2019-06-16,https://storage.googleapis.com/oss-fuzz-coverage/c-ares/reports/20190616/linux/report.html,downloaded,4394,90e894bf6d7a0dc562f867a083cdefe195dc561ff73675e7f36f6d5f93d9e07c
c-ares,2019-06-17,https://storage.googleapis.com/oss-fuzz-coverage/c-ares/reports/20190617/linux/report.html,downloaded,4394,90e894bf6d7a0dc562f867a083cdefe195dc561ff73675e7f36f6d5f93d9e07c
c-ares,2019-06-18,https://storage.googleapis.com/oss-fuzz-coverage/c-ares/reports/20190618/linux/report.html,downloaded,4394,90e894bf6d7a0dc562f867a083cdefe195dc561ff73675e7f36f6d5f93d9e07c
c-ares,2019-06-19,https://storage.googleapis.com/oss-fuzz-coverage/c-ares/reports/20190619/linux/report.html,downloaded,4390,c7433124650a010999d55f940dbb969befe4b10da3c89025f699994e44c0bc22
c-ares,2019-06-20,https://storage.googleapis.com/oss-fuzz-coverage/c-ares/reports/20190620/linux/report.html,downloaded,4394,7f2c066d760414893ac1a3654aeb9521fed7860db8d40cdbb86de61c9bb7b0a0
c-ares,2019-06-21,https://storage.googleapis.com/oss-fuzz-coverage/c-ares/reports/20190621/linux/report.html,downloaded,4394,7f2c066d760414893ac1a3654aeb9521fed7860db8d40cdbb86de61c9bb7b0a0
c-ares,2019-06-22,https://storage.googleapis.com/oss-fuzz-coverage/c-ares/reports/20190622/linux/report.html,downloaded,4394,93b19231dab172f81b5e0e51eed62b00a98394591ca0dc49189415ce8f9cd1bd
c-ares,2019-06-23,https://storage.googleapis.com/oss-fuzz-coverage/c-ares/reports/20190623/linux/report.html,downloaded,4394,93b19231dab172f81b5e0e51eed62b00a98394591ca0dc49189415ce8f9cd1bd
c-ares,2019-06-24,https://storage.googleapis.com/oss-fuzz-coverage/c-ares/reports/20190624/linux/report.html,downloaded,4394,93b19231dab172f81b5e0e51eed62b00a98394591ca0dc49189415ce8f9cd1bd
c-ares,2019-06-25,https://storage.googleapis.com/oss-fuzz-coverage/c-ares/reports/20190625/linux/report.html,downloaded,4394,656333f8fe70957ec9f7c2f60dfa028bb077d75199a4ce93f4c2fdff5b8caf99
c-ares,2019-06-26,https://storage.googleapis.com/oss-fuzz-coverage/c-ares/reports/20190626/linux/report.html,downloaded,4394,656333f8fe70957ec9f7c2f60dfa028bb077d75199a4ce93f4c2fdff5b8caf99
c-ares,2019-06-27,https://storage.googleapis.com/oss-fuzz-coverage/c-ares/reports/20190627/linux/report.html,downloaded,4394,656333f8fe70957ec9f7c2f60dfa028bb077d75199a4ce93f4c2fdff5b8caf99
c-ares,2019-06-28,https://storage.googleapis.com/oss-fuzz-coverage/c-ares/reports/20190628/linux/report.html,downloaded,4394,656333f8fe70957ec9f7c2f60dfa028bb077d75199a4ce93f4c2fdff5b8caf99
c-ares,2019-06-29,https://storage.googleapis.com/oss-fuzz-coverage/c-ares/reports/20190629/linux/report.html,downloaded,4394,656333f8fe70957ec9f7c2f60dfa028bb077d75199a4ce93f4c2fdff5b8caf99
c-ares,2019-06-30,https://storage.googleapis.com/oss-fuzz-coverage/c-ares/reports/20190630/linux/report.html,downloaded,4394,656333f8fe70957ec9f7c2f60dfa028bb077d75199a4ce93f4c2fdff5b8caf99
c-ares,2019-07-01,https://storage.googleapis.com/oss-fuzz-coverage/c-ares/reports/20190701/linux/report.html,downloaded,4394,656333f8fe70957ec9f7c2f60dfa028bb077d75199a4ce93f4c2fdff5b8caf99
c-ares,2019-07-02,https://storage.googleapis.com/oss-fuzz-coverage/c-ares/reports/20190702/linux/report.html,downloaded,4394,656333f8fe70957ec9f7c2f60dfa028bb077d75199a4ce93f4c2fdff5b8caf99
c-ares,2019-07-03,https://storage.googleapis.com/oss-fuzz-coverage/c-ares/reports/20190703/linux/report.html,downloaded,4394,656333f8fe70957ec9f7c2f60dfa028bb077d75199a4ce93f4c2fdff5b8caf99
c-ares,2019-07-04,https://storage.googleapis.com/oss-fuzz-coverage/c-ares/reports/20190704/linux/report.html,downloaded,4394,656333f8fe70957ec9f7c2f60dfa028bb077d75199a4ce93f4c2fdff5b8caf99
c-ares,2019-07-05,https://storage.googleapis.com/oss-fuzz-coverage/c-ares/reports/20190705/linux/report.html,downloaded,4394,656333f8fe70957ec9f7c2f60dfa028bb077d75199a4ce93f4c2fdff5b8caf99
c-ares,2019-07-06,https://storage.googleapis.com/oss-fuzz-coverage/c-ares/reports/20190706/linux/report.html,downloaded,4394,656333f8fe70957ec9f7c2f60dfa028bb077d75199a4ce93f4c2fdff5b8caf99
c-ares,2019-07-07,https://storage.googleapis.com/oss-fuzz-coverage/c-ares/reports/20190707/linux/report.html,downloaded,4394,656333f8fe70957ec9f7c2f60dfa028bb077d75199a4ce93f4c2fdff5b8caf99
c-ares,2019-07-08,https://storage.googleapis.com/oss-fuzz-coverage/c-ares/reports/20190708/linux/report.html,downloaded,4394,656333f8fe70957ec9f7c2f60dfa028bb077d75199a4ce93f4c2fdff5b8caf99
c-ares,2019-07-09,https://storage.googleapis.com/oss-fuzz-coverage/c-ares/reports/20190709/linux/report.html,downloaded,4394,656333f8fe70957ec9f7c2f60dfa028bb077d75199a4ce93f4c2fdff5b8caf99
c-ares,2019-07-10,https://storage.googleapis.com/oss-fuzz-coverage/c-ares/reports/20190710/linux/report.html,downloaded,4394,656333f8fe70957ec9f7c2f60dfa028bb077d75199a4ce93f4c2fdff5b8caf99
c-ares,2019-07-11,https://storage.googleapis.com/oss-fuzz-coverage/c-ares/reports/20190711/linux/report.html,downloaded,4394,656333f8fe70957ec9f7c2f60dfa028bb077d75199a4ce93f4c2fdff5b8caf99
c-ares,2019-07-12,https://storage.googleapis.com/oss-fuzz-coverage/c-ares/reports/20190712/linux/report.html,downloaded,4394,656333f8fe70957ec9f7c2f60dfa028bb077d75199a4ce93f4c2fdff5b8caf99
c-ares,2019-07-13,https://storage.googleapis.com/oss-fuzz-coverage/c-ares/reports/20190713/linux/report.html,downloaded,4394,656333f8fe70957ec9f7c2f60dfa028bb077d75199a4ce93f4c2fdff5b8caf99
c-ares,2019-07-14,https://storage.googleapis.com/oss-fuzz-coverage/c-ares/reports/20190714/linux/report.html,downloaded,4394,656333f8fe70957ec9f7c2f60dfa028bb077d75199a4ce93f4c2fdff5b8caf99
c-ares,2019-07-15,https://storage.googleapis.com/oss-fuzz-coverage/c-ares/reports/20190715/linux/report.html,downloaded,4394,656333f8fe70957ec9f7c2f60dfa028bb077d75199a4ce93f4c2fdff5b8caf99
c-ares,2019-07-16,https://storage.googleapis.com/oss-fuzz-coverage/c-ares/reports/20190716/linux/report.html,downloaded,4394,656333f8fe70957ec9f7c2f60dfa028bb077d75199a4ce93f4c2fdff5b8caf99
c-ares,2019-07-17,https://storage.googleapis.com/oss-fuzz-coverage/c-ares/reports/20190717/linux/report.html,downloaded,4394,656333f8fe70957ec9f7c2f60dfa028bb077d75199a4ce93f4c2fdff5b8caf99
c-ares,2019-07-18,https://storage.googleapis.com/oss-fuzz-coverage/c-ares/reports/20190718/linux/report.html,downloaded,4394,656333f8fe70957ec9f7c2f60dfa028bb077d75199a4ce93f4c2fdff5b8caf99
c-ares,2019-07-19,https://storage.googleapis.com/oss-fuzz-coverage/c-ares/reports/20190719/linux/report.html,downloaded,4394,656333f8fe70957ec9f7c2f60dfa028bb077d75199a4ce93f4c2fdff5b8caf99
h2o,2019-08-25,https://storage.googleapis.com/oss-fuzz-coverage/h2o/reports/20190825/linux/report.html,downloaded,4402,5cf794b552394735dbed0b78c5b6ec5ce5f25d0885bb471989f96d52487ecdf3
h2o,2019-08-26,https://storage.googleapis.com/oss-fuzz-coverage/h2o/reports/20190826/linux/report.html,downloaded,4402,5cf794b552394735dbed0b78c5b6ec5ce5f25d0885bb471989f96d52487ecdf3
h2o,2019-08-27,https://storage.googleapis.com/oss-fuzz-coverage/h2o/reports/20190827/linux/report.html,downloaded,4402,384b250080075c64225e273132f323f16343e0f538a32f5e5f385cc23dd902a1
h2o,2019-08-28,https://storage.googleapis.com/oss-fuzz-coverage/h2o/reports/20190828/linux/report.html,downloaded,4402,52949703ff48a7f317452a32249b6c25a50568eaae217694d49f5984a5302e1f
h2o,2019-08-29,https://storage.googleapis.com/oss-fuzz-coverage/h2o/reports/20190829/linux/report.html,downloaded,4402,0fde4da58f73a0633b534a0902ec1a9e9799843631e38dcf591ac186409b8f05
h2o,2019-08-30,https://storage.googleapis.com/oss-fuzz-coverage/h2o/reports/20190830/linux/report.html,downloaded,4402,11ab6f1e367dbd88a63c5fbdc4baf5afc13e44dd903134cbae55b09b7eb2cac9
h2o,2019-08-31,https://storage.googleapis.com/oss-fuzz-coverage/h2o/reports/20190831/linux/report.html,downloaded,4402,0fde4da58f73a0633b534a0902ec1a9e9799843631e38dcf591ac186409b8f05
h2o,2019-09-01,https://storage.googleapis.com/oss-fuzz-coverage/h2o/reports/20190901/linux/report.html,downloaded,4402,0fde4da58f73a0633b534a0902ec1a9e9799843631e38dcf591ac186409b8f05
h2o,2019-09-02,https://storage.googleapis.com/oss-fuzz-coverage/h2o/reports/20190902/linux/report.html,downloaded,4402,384b250080075c64225e273132f323f16343e0f538a32f5e5f385cc23dd902a1
h2o,2019-09-03,https://storage.googleapis.com/oss-fuzz-coverage/h2o/reports/20190903/linux/report.html,downloaded,4402,32c5de6a8bbc5b779735eb795bc4fd944b944088568094075991cbe82e44c0c7
h2o,2019-09-04,https://storage.googleapis.com/oss-fuzz-coverage/h2o/reports/20190904/linux/report.html,downloaded,4402,0fde4da58f73a0633b534a0902ec1a9e9799843631e38dcf591ac186409b8f05
h2o,2019-09-05,https://storage.googleapis.com/oss-fuzz-coverage/h2o/reports/20190905/linux/report.html,missing_404,0,
h2o,2019-09-06,https://storage.googleapis.com/oss-fuzz-coverage/h2o/reports/20190906/linux/report.html,downloaded,4402,52949703ff48a7f317452a32249b6c25a50568eaae217694d49f5984a5302e1f
h2o,2019-09-07,https://storage.googleapis.com/oss-fuzz-coverage/h2o/reports/20190907/linux/report.html,downloaded,4402,52949703ff48a7f317452a32249b6c25a50568eaae217694d49f5984a5302e1f
h2o,2019-09-08,https://storage.googleapis.com/oss-fuzz-coverage/h2o/reports/20190908/linux/report.html,downloaded,4402,b543ac2f774700c952a70470cba083ba1e9e0e515b1c49bf8890ac8f78fb7cf5
h2o,2019-09-09,https://storage.googleapis.com/oss-fuzz-coverage/h2o/reports/20190909/linux/report.html,downloaded,4402,384b250080075c64225e273132f323f16343e0f538a32f5e5f385cc23dd902a1
h2o,2019-09-10,https://storage.googleapis.com/oss-fuzz-coverage/h2o/reports/20190910/linux/report.html,downloaded,4402,52949703ff48a7f317452a32249b6c25a50568eaae217694d49f5984a5302e1f
h2o,2019-09-11,https://storage.googleapis.com/oss-fuzz-coverage/h2o/reports/20190911/linux/report.html,missing_404,0,
h2o,2019-09-12,https://storage.googleapis.com/oss-fuzz-coverage/h2o/reports/20190912/linux/report.html,downloaded,4402,52949703ff48a7f317452a32249b6c25a50568eaae217694d49f5984a5302e1f
h2o,2019-09-13,https://storage.googleapis.com/oss-fuzz-coverage/h2o/reports/20190913/linux/report.html,downloaded,4402,0fde4da58f73a0633b534a0902ec1a9e9799843631e38dcf591ac186409b8f05
h2o,2019-09-14,https://storage.googleapis.com/oss-fuzz-coverage/h2o/reports/20190914/linux/report.html,downloaded,4402,0fde4da58f73a0633b534a0902ec1a9e9799843631e38dcf591ac186409b8f05
h2o,2019-09-15,https://storage.googleapis.com/oss-fuzz-coverage/h2o/reports/20190915/linux/report.html,downloaded,4402,b1f12308cab5cd9dba1e39e9ad41cd9624e70d519cbe2775a7b898f219be6746
h2o,2019-09-16,https://storage.googleapis.com/oss-fuzz-coverage/h2o/reports/20190916/linux/report.html,downloaded,4402,67a84cbbf0f21193df514ad02fc041c672ca066ae9ed9125d5c6b2f417414657
h2o,2019-09-17,https://storage.googleapis.com/oss-fuzz-coverage/h2o/reports/20190917/linux/report.html,downloaded,4402,9e6064e061b0363abb38ab86029dd5230b39d9d56f2a31d7bbe0ba6fb06c6c8e
h2o,2019-09-18,https://storage.googleapis.com/oss-fuzz-coverage/h2o/reports/20190918/linux/report.html,downloaded,4402,6fd93cd0f0215719c350286ca074aa682d04a13a2b664711437c473a38b2d1cf
h2o,2019-09-19,https://storage.googleapis.com/oss-fuzz-coverage/h2o/reports/20190919/linux/report.html,downloaded,4402,0ce8bcf95269751cb24f213722223648d0c3277bb817fd18fc3ffcccfd161d5a
h2o,2019-09-20,https://storage.googleapis.com/oss-fuzz-coverage/h2o/reports/20190920/linux/report.html,downloaded,4402,eb04f900bd1cf73e1a4500f3adda544c01c6d93968aac491ede522f6aaee9d88
h2o,2019-09-21,https://storage.googleapis.com/oss-fuzz-coverage/h2o/reports/20190921/linux/report.html,downloaded,4402,bb0f23b12505b606aeb848c913c0ab5bf97b2b81a37eddfd40999954976b368b
h2o,2019-09-22,https://storage.googleapis.com/oss-fuzz-coverage/h2o/reports/20190922/linux/report.html,downloaded,4402,d2ae8ae03dbd85ce86492540045bb47773181a1337037d9d940a57c0a984dcd9
h2o,2019-09-23,https://storage.googleapis.com/oss-fuzz-coverage/h2o/reports/20190923/linux/report.html,downloaded,4402,d2ae8ae03dbd85ce86492540045bb47773181a1337037d9d940a57c0a984dcd9
h2o,2019-09-24,https://storage.googleapis.com/oss-fuzz-coverage/h2o/reports/20190924/linux/report.html,downloaded,4402,3cba421089a2ef65db4e9dea64ecec1c8cfca3dc3dfb98b858aa2585104fa4c8
h2o,2019-09-25,https://storage.googleapis.com/oss-fuzz-coverage/h2o/reports/20190925/linux/report.html,downloaded,4402,aad4fdf300d17718e321c56107181d9e49d985935481dd8e79e50cae23f930a2
h2o,2019-09-26,https://storage.googleapis.com/oss-fuzz-coverage/h2o/reports/20190926/linux/report.html,downloaded,4402,65e08009c111c17c15da40d98a650a93f1ab2b514e9df6892f23633455235dac
h2o,2019-09-27,https://storage.googleapis.com/oss-fuzz-coverage/h2o/reports/20190927/linux/report.html,downloaded,4402,2d9ef07b75217b48a63f34c8186c5785d20712f73a23f222a7971e1d7f990b45
h2o,2019-09-28,https://storage.googleapis.com/oss-fuzz-coverage/h2o/reports/20190928/linux/report.html,downloaded,4402,6610b73cf47a55be1fc5a5535a0240357e852245b811226ecd0726378222472d
h2o,2019-09-29,https://storage.googleapis.com/oss-fuzz-coverage/h2o/reports/20190929/linux/report.html,downloaded,4402,100dee45a9703a0338cf497b85504e7f2c05cc932e87b370a92b5c07e2a94c5b
h2o,2019-09-30,https://storage.googleapis.com/oss-fuzz-coverage/h2o/reports/20190930/linux/report.html,downloaded,4402,291dcbcd88c5cab9314f449fa90d2c05b4908db762d3414e2f87da97c5f0f686
h2o,2019-10-01,https://storage.googleapis.com/oss-fuzz-coverage/h2o/reports/20191001/linux/report.html,downloaded,4402,58f6af98ea4b92c168516a4b2eb6ea9bb820c6c1c71d675e5f3ce469a7564901
h2o,2019-10-02,https://storage.googleapis.com/oss-fuzz-coverage/h2o/reports/20191002/linux/report.html,downloaded,4402,7d76f599d5dcb670ac65a75743aa15f127d6098aeb91e5735d72f6968c16d049
h2o,2019-10-03,https://storage.googleapis.com/oss-fuzz-coverage/h2o/reports/20191003/linux/report.html,downloaded,4402,a6ba29a9229f796ba4140c88e95794f803447469c8c2bf1b9ed073ce0b7d1c0e
h2o,2019-10-04,https://storage.googleapis.com/oss-fuzz-coverage/h2o/reports/20191004/linux/report.html,downloaded,4402,6236abeeaa0fc0ecfb7863f927768384dd16bdfd5d9e973ccc17c4a3275713be
h2o,2019-10-05,https://storage.googleapis.com/oss-fuzz-coverage/h2o/reports/20191005/linux/report.html,downloaded,4402,3dcb5ef247d05ed51458e764b906d789bae3d8ca6f0a691d35a1679b5203cf1b
h2o,2019-10-06,https://storage.googleapis.com/oss-fuzz-coverage/h2o/reports/20191006/linux/report.html,downloaded,4402,a557079d1dee0b6c7b6f9f583ba300342212fb810ac30dae7ce80959f6b5ac12
h2o,2019-10-07,https://storage.googleapis.com/oss-fuzz-coverage/h2o/reports/20191007/linux/report.html,downloaded,4402,4d95091442c761317d3544177178057e20e7f0888b8836d7657339b4b6febde6
h2o,2019-10-08,https://storage.googleapis.com/oss-fuzz-coverage/h2o/reports/20191008/linux/report.html,downloaded,4402,e5a2a7d99c90ca66630945a764594b3344ace98249a81310fb779f48e930b704
h2o,2019-10-09,https://storage.googleapis.com/oss-fuzz-coverage/h2o/reports/20191009/linux/report.html,downloaded,4402,3244b5924c6bb892c5880d88f94c465ac13ca983a91896d8a8bead9d4b43f7f5
h2o,2019-10-10,https://storage.googleapis.com/oss-fuzz-coverage/h2o/reports/20191010/linux/report.html,downloaded,4402,3244b5924c6bb892c5880d88f94c465ac13ca983a91896d8a8bead9d4b43f7f5
h2o,2019-10-11,https://storage.googleapis.com/oss-fuzz-coverage/h2o/reports/20191011/linux/report.html,downloaded,4402,f9f02114301f4f3cabeea72729e176e2572b783ae5c2ac8c2b4618fb6aec9416
h2o,2019-10-12,https://storage.googleapis.com/oss-fuzz-coverage/h2o/reports/20191012/linux/report.html,downloaded,4402,3244b5924c6bb892c5880d88f94c465ac13ca983a91896d8a8bead9d4b43f7f5
h2o,2019-10-13,https://storage.googleapis.com/oss-fuzz-coverage/h2o/reports/20191013/linux/report.html,downloaded,4402,3244b5924c6bb892c5880d88f94c465ac13ca983a91896d8a8bead9d4b43f7f5
h2o,2019-10-14,https://storage.googleapis.com/oss-fuzz-coverage/h2o/reports/20191014/linux/report.html,downloaded,4402,3244b5924c6bb892c5880d88f94c465ac13ca983a91896d8a8bead9d4b43f7f5
h2o,2019-10-15,https://storage.googleapis.com/oss-fuzz-coverage/h2o/reports/20191015/linux/report.html,downloaded,4402,b6e6bd5e96ddfecbc5cb65886189057b9cfef275a70d084cec06c65b79af6d4b
h2o,2019-10-16,https://storage.googleapis.com/oss-fuzz-coverage/h2o/reports/20191016/linux/report.html,downloaded,4402,f9f02114301f4f3cabeea72729e176e2572b783ae5c2ac8c2b4618fb6aec9416
h2o,2019-10-17,https://storage.googleapis.com/oss-fuzz-coverage/h2o/reports/20191017/linux/report.html,downloaded,4402,f9f02114301f4f3cabeea72729e176e2572b783ae5c2ac8c2b4618fb6aec9416
h2o,2019-10-18,https://storage.googleapis.com/oss-fuzz-coverage/h2o/reports/20191018/linux/report.html,downloaded,4402,3244b5924c6bb892c5880d88f94c465ac13ca983a91896d8a8bead9d4b43f7f5
h2o,2019-10-19,https://storage.googleapis.com/oss-fuzz-coverage/h2o/reports/20191019/linux/report.html,downloaded,4402,f9f02114301f4f3cabeea72729e176e2572b783ae5c2ac8c2b4618fb6aec9416
h2o,2019-10-20,https://storage.googleapis.com/oss-fuzz-coverage/h2o/reports/20191020/linux/report.html,downloaded,4402,79bf5a03d360b2a121d59c9869b9ea4129a8b6892aaceded0541faa379056faa
h2o,2019-10-21,https://storage.googleapis.com/oss-fuzz-coverage/h2o/reports/20191021/linux/report.html,downloaded,4402,3244b5924c6bb892c5880d88f94c465ac13ca983a91896d8a8bead9d4b43f7f5
h2o,2019-10-22,https://storage.googleapis.com/oss-fuzz-coverage/h2o/reports/20191022/linux/report.html,downloaded,4402,3244b5924c6bb892c5880d88f94c465ac13ca983a91896d8a8bead9d4b43f7f5
h2o,2019-10-23,https://storage.googleapis.com/oss-fuzz-coverage/h2o/reports/20191023/linux/report.html,downloaded,4402,712f55412fc2efefe05d0d6a76b8b11493299daac0fb3a9a46329f3a2e879eb0
h2o,2019-10-24,https://storage.googleapis.com/oss-fuzz-coverage/h2o/reports/20191024/linux/report.html,downloaded,4402,712f55412fc2efefe05d0d6a76b8b11493299daac0fb3a9a46329f3a2e879eb0
jansson,2024-03-02,https://storage.googleapis.com/oss-fuzz-coverage/jansson/reports/20240302/linux/report.html,downloaded,4396,965cb73d70832daf8e5aa5b87bccfb4047b894639eea658ff75ef473ff5a1329
jansson,2024-03-03,https://storage.googleapis.com/oss-fuzz-coverage/jansson/reports/20240303/linux/report.html,downloaded,4396,965cb73d70832daf8e5aa5b87bccfb4047b894639eea658ff75ef473ff5a1329
jansson,2024-03-04,https://storage.googleapis.com/oss-fuzz-coverage/jansson/reports/20240304/linux/report.html,downloaded,4396,965cb73d70832daf8e5aa5b87bccfb4047b894639eea658ff75ef473ff5a1329
jansson,2024-03-05,https://storage.googleapis.com/oss-fuzz-coverage/jansson/reports/20240305/linux/report.html,downloaded,4396,965cb73d70832daf8e5aa5b87bccfb4047b894639eea658ff75ef473ff5a1329
jansson,2024-03-06,https://storage.googleapis.com/oss-fuzz-coverage/jansson/reports/20240306/linux/report.html,downloaded,4396,965cb73d70832daf8e5aa5b87bccfb4047b894639eea658ff75ef473ff5a1329
jansson,2024-03-07,https://storage.googleapis.com/oss-fuzz-coverage/jansson/reports/20240307/linux/report.html,downloaded,4396,965cb73d70832daf8e5aa5b87bccfb4047b894639eea658ff75ef473ff5a1329
jansson,2024-03-08,https://storage.googleapis.com/oss-fuzz-coverage/jansson/reports/20240308/linux/report.html,downloaded,4396,965cb73d70832daf8e5aa5b87bccfb4047b894639eea658ff75ef473ff5a1329
jansson,2024-03-09,https://storage.googleapis.com/oss-fuzz-coverage/jansson/reports/20240309/linux/report.html,downloaded,4396,9313d118263fe777482fb66dc1f27196144b273d040a84506017db0095fcb73c
jansson,2024-03-10,https://storage.googleapis.com/oss-fuzz-coverage/jansson/reports/20240310/linux/report.html,downloaded,4396,9313d118263fe777482fb66dc1f27196144b273d040a84506017db0095fcb73c
jansson,2024-03-11,https://storage.googleapis.com/oss-fuzz-coverage/jansson/reports/20240311/linux/report.html,downloaded,4396,9313d118263fe777482fb66dc1f27196144b273d040a84506017db0095fcb73c
jansson,2024-03-12,https://storage.googleapis.com/oss-fuzz-coverage/jansson/reports/20240312/linux/report.html,downloaded,4396,9313d118263fe777482fb66dc1f27196144b273d040a84506017db0095fcb73c
jansson,2024-03-13,https://storage.googleapis.com/oss-fuzz-coverage/jansson/reports/20240313/linux/report.html,downloaded,4396,9313d118263fe777482fb66dc1f27196144b273d040a84506017db0095fcb73c
jansson,2024-03-14,https://storage.googleapis.com/oss-fuzz-coverage/jansson/reports/20240314/linux/report.html,downloaded,4396,9313d118263fe777482fb66dc1f27196144b273d040a84506017db0095fcb73c
jansson,2024-03-15,https://storage.googleapis.com/oss-fuzz-coverage/jansson/reports/20240315/linux/report.html,downloaded,4396,9313d118263fe777482fb66dc1f27196144b273d040a84506017db0095fcb73c
jansson,2024-03-16,https://storage.googleapis.com/oss-fuzz-coverage/jansson/reports/20240316/linux/report.html,downloaded,4396,9313d118263fe777482fb66dc1f27196144b273d040a84506017db0095fcb73c
jansson,2024-03-17,https://storage.googleapis.com/oss-fuzz-coverage/jansson/reports/20240317/linux/report.html,downloaded,4396,9313d118263fe777482fb66dc1f27196144b273d040a84506017db0095fcb73c
jansson,2024-03-18,https://storage.googleapis.com/oss-fuzz-coverage/jansson/reports/20240318/linux/report.html,downloaded,4396,9313d118263fe777482fb66dc1f27196144b273d040a84506017db0095fcb73c
jansson,2024-03-19,https://storage.googleapis.com/oss-fuzz-coverage/jansson/reports/20240319/linux/report.html,downloaded,4396,9313d118263fe777482fb66dc1f27196144b273d040a84506017db0095fcb73c
jansson,2024-03-20,https://storage.googleapis.com/oss-fuzz-coverage/jansson/reports/20240320/linux/report.html,downloaded,4396,9313d118263fe777482fb66dc1f27196144b273d040a84506017db0095fcb73c
jansson,2024-03-21,https://storage.googleapis.com/oss-fuzz-coverage/jansson/reports/20240321/linux/report.html,downloaded,4396,9313d118263fe777482fb66dc1f27196144b273d040a84506017db0095fcb73c
jansson,2024-03-22,https://storage.googleapis.com/oss-fuzz-coverage/jansson/reports/20240322/linux/report.html,downloaded,4396,9313d118263fe777482fb66dc1f27196144b273d040a84506017db0095fcb73c
jansson,2024-03-23,https://storage.googleapis.com/oss-fuzz-coverage/jansson/reports/20240323/linux/report.html,downloaded,4396,9313d118263fe777482fb66dc1f27196144b273d040a84506017db0095fcb73c
jansson,2024-03-24,https://storage.googleapis.com/oss-fuzz-coverage/jansson/reports/20240324/linux/report.html,downloaded,4396,9313d118263fe777482fb66dc1f27196144b273d040a84506017db0095fcb73c
jansson,2024-03-25,https://storage.googleapis.com/oss-fuzz-coverage/jansson/reports/20240325/linux/report.html,downloaded,4396,9313d118263fe777482fb66dc1f27196144b273d040a84506017db0095fcb73c
jansson,2024-03-26,https://storage.googleapis.com/oss-fuzz-coverage/jansson/reports/20240326/linux/report.html,downloaded,4396,9313d118263fe777482fb66dc1f27196144b273d040a84506017db0095fcb73c
jansson,2024-03-27,https://storage.googleapis.com/oss-fuzz-coverage/jansson/reports/20240327/linux/report.html,downloaded,4396,9313d118263fe777482fb66dc1f27196144b273d040a84506017db0095fcb73c
jansson,2024-03-28,https://storage.googleapis.com/oss-fuzz-coverage/jansson/reports/20240328/linux/report.html,downloaded,4396,9313d118263fe777482fb66dc1f27196144b273d040a84506017db0095fcb73c
jansson,2024-03-29,https://storage.googleapis.com/oss-fuzz-coverage/jansson/reports/20240329/linux/report.html,downloaded,4396,9313d118263fe777482fb66dc1f27196144b273d040a84506017db0095fcb73c
jansson,2024-03-30,https://storage.googleapis.com/oss-fuzz-coverage/jansson/reports/20240330/linux/report.html,downloaded,4396,9313d118263fe777482fb66dc1f27196144b273d040a84506017db0095fcb73c
jansson,2024-03-31,https://storage.googleapis.com/oss-fuzz-coverage/jansson/reports/20240331/linux/report.html,downloaded,4396,9313d118263fe777482fb66dc1f27196144b273d040a84506017db0095fcb73c
jansson,2024-04-01,https://storage.googleapis.com/oss-fuzz-coverage/jansson/reports/20240401/linux/report.html,downloaded,4396,dbb5ffbe83850f9f761841e8774142d587836a2dcbb9726115447e29f653a7b0
jansson,2024-04-02,https://storage.googleapis.com/oss-fuzz-coverage/jansson/reports/20240402/linux/report.html,downloaded,4396,1e416f01aa03d94465c447cb464e5741417e60439e7841b6dfbab6e748cd147a
jansson,2024-04-03,https://storage.googleapis.com/oss-fuzz-coverage/jansson/reports/20240403/linux/report.html,downloaded,4396,d101ebbee01ca3b48c97dc962bae45253fc6480a76cd460fc4b651b08fdf78f0
jansson,2024-04-04,https://storage.googleapis.com/oss-fuzz-coverage/jansson/reports/20240404/linux/report.html,downloaded,4396,d101ebbee01ca3b48c97dc962bae45253fc6480a76cd460fc4b651b08fdf78f0
jansson,2024-04-05,https://storage.googleapis.com/oss-fuzz-coverage/jansson/reports/20240405/linux/report.html,downloaded,4396,d101ebbee01ca3b48c97dc962bae45253fc6480a76cd460fc4b651b08fdf78f0
jansson,2024-04-06,https://storage.googleapis.com/oss-fuzz-coverage/jansson/reports/20240406/linux/report.html,downloaded,4396,4d272a91fc56d78e53214477a9b4a215e14c9039bf1aa512ef0532051bd7fec8
jansson,2024-04-07,https://storage.googleapis.com/oss-fuzz-coverage/jansson/reports/20240407/linux/report.html,downloaded,4396,4d272a91fc56d78e53214477a9b4a215e14c9039bf1aa512ef0532051bd7fec8
jansson,2024-04-08,https://storage.googleapis.com/oss-fuzz-coverage/jansson/reports/20240408/linux/report.html,downloaded,4396,4d272a91fc56d78e53214477a9b4a215e14c9039bf1aa512ef0532051bd7fec8
jansson,2024-04-09,https://storage.googleapis.com/oss-fuzz-coverage/jansson/reports/20240409/linux/report.html,downloaded,4396,4d272a91fc56d78e53214477a9b4a215e14c9039bf1aa512ef0532051bd7fec8
jansson,2024-04-10,https://storage.googleapis.com/oss-fuzz-coverage/jansson/reports/20240410/linux/report.html,downloaded,4396,4d272a91fc56d78e53214477a9b4a215e14c9039bf1aa512ef0532051bd7fec8
jansson,2024-04-11,https://storage.googleapis.com/oss-fuzz-coverage/jansson/reports/20240411/linux/report.html,downloaded,4396,4d272a91fc56d78e53214477a9b4a215e14c9039bf1aa512ef0532051bd7fec8
jansson,2024-04-12,https://storage.googleapis.com/oss-fuzz-coverage/jansson/reports/20240412/linux/report.html,downloaded,4396,4d272a91fc56d78e53214477a9b4a215e14c9039bf1aa512ef0532051bd7fec8
jansson,2024-04-13,https://storage.googleapis.com/oss-fuzz-coverage/jansson/reports/20240413/linux/report.html,downloaded,4396,4d272a91fc56d78e53214477a9b4a215e14c9039bf1aa512ef0532051bd7fec8
jansson,2024-04-14,https://storage.googleapis.com/oss-fuzz-coverage/jansson/reports/20240414/linux/report.html,downloaded,4396,4d272a91fc56d78e53214477a9b4a215e14c9039bf1aa512ef0532051bd7fec8
jansson,2024-04-15,https://storage.googleapis.com/oss-fuzz-coverage/jansson/reports/20240415/linux/report.html,downloaded,4396,4d272a91fc56d78e53214477a9b4a215e14c9039bf1aa512ef0532051bd7fec8
jansson,2024-04-16,https://storage.googleapis.com/oss-fuzz-coverage/jansson/reports/20240416/linux/report.html,downloaded,4396,4d272a91fc56d78e53214477a9b4a215e14c9039bf1aa512ef0532051bd7fec8
jansson,2024-04-17,https://storage.googleapis.com/oss-fuzz-coverage/jansson/reports/20240417/linux/report.html,downloaded,4396,4d272a91fc56d78e53214477a9b4a215e14c9039bf1aa512ef0532051bd7fec8
jansson,2024-04-18,https://storage.googleapis.com/oss-fuzz-coverage/jansson/reports/20240418/linux/report.html,downloaded,4396,4d272a91fc56d78e53214477a9b4a215e14c9039bf1aa512ef0532051bd7fec8
jansson,2024-04-19,https://storage.googleapis.com/oss-fuzz-coverage/jansson/reports/20240419/linux/report.html,downloaded,4396,4d272a91fc56d78e53214477a9b4a215e14c9039bf1aa512ef0532051bd7fec8
jansson,2024-04-20,https://storage.googleapis.com/oss-fuzz-coverage/jansson/reports/20240420/linux/report.html,downloaded,4396,4d272a91fc56d78e53214477a9b4a215e14c9039bf1aa512ef0532051bd7fec8
jansson,2024-04-21,https://storage.googleapis.com/oss-fuzz-coverage/jansson/reports/20240421/linux/report.html,downloaded,4396,4d272a91fc56d78e53214477a9b4a215e14c9039bf1aa512ef0532051bd7fec8
jansson,2024-04-22,https://storage.googleapis.com/oss-fuzz-coverage/jansson/reports/20240422/linux/report.html,downloaded,4396,4d272a91fc56d78e53214477a9b4a215e14c9039bf1aa512ef0532051bd7fec8
jansson,2024-04-23,https://storage.googleapis.com/oss-fuzz-coverage/jansson/reports/20240423/linux/report.html,downloaded,4396,4d272a91fc56d78e53214477a9b4a215e14c9039bf1aa512ef0532051bd7fec8
jansson,2024-04-24,https://storage.googleapis.com/oss-fuzz-coverage/jansson/reports/20240424/linux/report.html,downloaded,4396,4d272a91fc56d78e53214477a9b4a215e14c9039bf1aa512ef0532051bd7fec8
jansson,2024-04-25,https://storage.googleapis.com/oss-fuzz-coverage/jansson/reports/20240425/linux/report.html,downloaded,4396,4d272a91fc56d78e53214477a9b4a215e14c9039bf1aa512ef0532051bd7fec8
jansson,2024-04-26,https://storage.googleapis.com/oss-fuzz-coverage/jansson/reports/20240426/linux/report.html,downloaded,4396,4d272a91fc56d78e53214477a9b4a215e14c9039bf1aa512ef0532051bd7fec8
jansson,2024-04-27,https://storage.googleapis.com/oss-fuzz-coverage/jansson/reports/20240427/linux/report.html,downloaded,4396,4d272a91fc56d78e53214477a9b4a215e14c9039bf1aa512ef0532051bd7fec8
jansson,2024-04-28,https://storage.googleapis.com/oss-fuzz-coverage/jansson/reports/20240428/linux/report.html,downloaded,4396,4d272a91fc56d78e53214477a9b4a215e14c9039bf1aa512ef0532051bd7fec8
jansson,2024-04-29,https://storage.googleapis.com/oss-fuzz-coverage/jansson/reports/20240429/linux/report.html,downloaded,4396,4d272a91fc56d78e53214477a9b4a215e14c9039bf1aa512ef0532051bd7fec8
jansson,2024-04-30,https://storage.googleapis.com/oss-fuzz-coverage/jansson/reports/20240430/linux/report.html,downloaded,4396,177302d5192a38fdc4d915ec7afacb4420b47bf11058ca60f1e1e2e6de2feff4
jansson,2024-05-01,https://storage.googleapis.com/oss-fuzz-coverage/jansson/reports/20240501/linux/report.html,downloaded,4396,177302d5192a38fdc4d915ec7afacb4420b47bf11058ca60f1e1e2e6de2feff4
leptonica,2021-11-10,https://storage.googleapis.com/oss-fuzz-coverage/leptonica/reports/20211110/linux/report.html,downloaded,4820,2df009fb11164a3714f6d5009cf0808a1e0b576c0fc72b28e30192d4db1d6be3
leptonica,2021-11-11,https://storage.googleapis.com/oss-fuzz-coverage/leptonica/reports/20211111/linux/report.html,downloaded,4820,ee0cd57a5251c7612a877fcf846ed5aa2e3e7b90a33f3e567821ca4fb4e0ff8e
leptonica,2021-11-12,https://storage.googleapis.com/oss-fuzz-coverage/leptonica/reports/20211112/linux/report.html,downloaded,4820,95b0199b7fddc28dc3cdcd4e5fe65f978f774218d5ddaf63a6b9be32592ffeda
leptonica,2021-11-13,https://storage.googleapis.com/oss-fuzz-coverage/leptonica/reports/20211113/linux/report.html,downloaded,4820,ac544eb3fb0b3943caa19f4833511b85437ab1513cc5188b8fedc3331c5e6956
leptonica,2021-11-14,https://storage.googleapis.com/oss-fuzz-coverage/leptonica/reports/20211114/linux/report.html,downloaded,4820,a670157cd598e5d3e8393af126bea3d86f2fcb6f4b45feeb4616460765e6867c
leptonica,2021-11-15,https://storage.googleapis.com/oss-fuzz-coverage/leptonica/reports/20211115/linux/report.html,missing_404,0,
leptonica,2021-11-16,https://storage.googleapis.com/oss-fuzz-coverage/leptonica/reports/20211116/linux/report.html,downloaded,4820,a577ed1f042bacbbd64e919d4df6f0be33a23536c5984d4d4cac32bcf4d8ca1c
leptonica,2021-11-17,https://storage.googleapis.com/oss-fuzz-coverage/leptonica/reports/20211117/linux/report.html,downloaded,4820,48869513aa1323494c6dd6621bd4eb33a622c2b45854a9464cf903da970ebd9b
leptonica,2021-11-18,https://storage.googleapis.com/oss-fuzz-coverage/leptonica/reports/20211118/linux/report.html,downloaded,4820,f0974621cccd2ebc7d66b6f5c8941e8a0244af8d0dfaa64be1af8c885abf9f57
leptonica,2021-11-19,https://storage.googleapis.com/oss-fuzz-coverage/leptonica/reports/20211119/linux/report.html,downloaded,4820,b38c8fd2f5b4cbdd9f4968c03e7b5c1d69063486e863c6dabb7f99a8b63b41f1
leptonica,2021-11-20,https://storage.googleapis.com/oss-fuzz-coverage/leptonica/reports/20211120/linux/report.html,downloaded,4820,6381ba5843b5cd6f561661939f3209f2ad345d067699112728bba1172ec8bfba
leptonica,2021-11-21,https://storage.googleapis.com/oss-fuzz-coverage/leptonica/reports/20211121/linux/report.html,downloaded,4820,d8d654b1c45e944af0c8e2cc9237220b890ac0a24572230fa83f663f962ff1a7
leptonica,2021-11-22,https://storage.googleapis.com/oss-fuzz-coverage/leptonica/reports/20211122/linux/report.html,downloaded,4820,4c6002433f08355d8a52b6030c72461147ff7684828ad1d9f30e24f46afb6107
leptonica,2021-11-23,https://storage.googleapis.com/oss-fuzz-coverage/leptonica/reports/20211123/linux/report.html,downloaded,4820,1c4a90ba674fb0e391ea991f3c46a514c2103eb296e59346bc69516d0c4feae3
leptonica,2021-11-24,https://storage.googleapis.com/oss-fuzz-coverage/leptonica/reports/20211124/linux/report.html,downloaded,4820,1f5f178e43bf3b689ae5d5c926c4f1ef0fddd58668a1281908513907c5924d07
leptonica,2021-11-25,https://storage.googleapis.com/oss-fuzz-coverage/leptonica/reports/20211125/linux/report.html,downloaded,4820,642efbab33b22da22ca7635e6c9c3c8cce79ca2d9d6a18b1c797c4286a0a80c0
leptonica,2021-11-26,https://storage.googleapis.com/oss-fuzz-coverage/leptonica/reports/20211126/linux/report.html,missing_404,0,
leptonica,2021-11-27,https://storage.googleapis.com/oss-fuzz-coverage/leptonica/reports/20211127/linux/report.html,downloaded,4820,391b33131e3eac0af77b63a3b0002530968bafee9f644ef7eadd425984e23480
leptonica,2021-11-28,https://storage.googleapis.com/oss-fuzz-coverage/leptonica/reports/20211128/linux/report.html,missing_404,0,
leptonica,2021-11-29,https://storage.googleapis.com/oss-fuzz-coverage/leptonica/reports/20211129/linux/report.html,downloaded,4820,5f22ca6f0514575180294c7bd33c5484167d8e031df46c3070fe9c25c1276b95
leptonica,2021-11-30,https://storage.googleapis.com/oss-fuzz-coverage/leptonica/reports/20211130/linux/report.html,downloaded,4820,f79ef9775eb38165e76259410f9c6f993a1dd98c683a891d4de3f73ecb5d6aef
leptonica,2021-12-01,https://storage.googleapis.com/oss-fuzz-coverage/leptonica/reports/20211201/linux/report.html,downloaded,4820,82617f38104ff1f8c295e26385575106c8df7c2c269ff193cfa9804e67269889
leptonica,2021-12-02,https://storage.googleapis.com/oss-fuzz-coverage/leptonica/reports/20211202/linux/report.html,downloaded,4820,07873139e41a6390fd0ae63c2a6a1e433a2d01f9aad3cf0ec4301733951c65b5
leptonica,2021-12-03,https://storage.googleapis.com/oss-fuzz-coverage/leptonica/reports/20211203/linux/report.html,downloaded,4820,005cfc3d3c3c4a890af40c1dd88d9d6e6c78ddbfb3f8de674a799d0c8f63bb7c
leptonica,2021-12-04,https://storage.googleapis.com/oss-fuzz-coverage/leptonica/reports/20211204/linux/report.html,downloaded,4820,2d390738dea03821676c92903f3d8e1ee845f16f1a5e4032eaa88d9fdba7cb65
leptonica,2021-12-05,https://storage.googleapis.com/oss-fuzz-coverage/leptonica/reports/20211205/linux/report.html,downloaded,4820,96fa2127402ec3ff3595165ea37fbaf30c0f5b30df6d04a7be3c15be42c3a518
leptonica,2021-12-06,https://storage.googleapis.com/oss-fuzz-coverage/leptonica/reports/20211206/linux/report.html,downloaded,4820,7d7e3d6443a122b9c954230eea1aaf9dc5f593f1c6e5a2305a85adef53942c0e
leptonica,2021-12-07,https://storage.googleapis.com/oss-fuzz-coverage/leptonica/reports/20211207/linux/report.html,downloaded,4820,135a7b186bced081ea65e2cdf2d305ef44359112dd1987f53afeeb3142ac9b24
leptonica,2021-12-08,https://storage.googleapis.com/oss-fuzz-coverage/leptonica/reports/20211208/linux/report.html,downloaded,4820,8c4fc3a96ab9abe224dec264c78e5bdb24e9b341783190164f4f6fc58ec54f35
leptonica,2021-12-09,https://storage.googleapis.com/oss-fuzz-coverage/leptonica/reports/20211209/linux/report.html,downloaded,4820,5f1e2b9ad88e70e3510f33c34bc6c70d66aa7526fa6adb3e1e9bacd54631797d
leptonica,2021-12-10,https://storage.googleapis.com/oss-fuzz-coverage/leptonica/reports/20211210/linux/report.html,downloaded,4820,b62dc94e2aede8b63ee6045e0186fe672206df004d6eb3548b528c8efd20a2f6
leptonica,2021-12-11,https://storage.googleapis.com/oss-fuzz-coverage/leptonica/reports/20211211/linux/report.html,downloaded,4820,be0f706fe584e5ef9a9dc8f716047f57b39c0b9d45a81ea5b86460704f0ea30a
leptonica,2021-12-12,https://storage.googleapis.com/oss-fuzz-coverage/leptonica/reports/20211212/linux/report.html,downloaded,4820,36d5851c8b0596a66a246ba6588f321642f709a0bde5a82adad505d243bffc57
leptonica,2021-12-13,https://storage.googleapis.com/oss-fuzz-coverage/leptonica/reports/20211213/linux/report.html,downloaded,4820,1c2186f92731bba5831b8afcd89f2fbffc755be1cbeb60ba77bac485e96fb580
leptonica,2021-12-14,https://storage.googleapis.com/oss-fuzz-coverage/leptonica/reports/20211214/linux/report.html,downloaded,4820,27bc932528d3a8550ec3b4e6f72a582b29dce261738b3ac9a1d15b245ed7ba6e
leptonica,2021-12-15,https://storage.googleapis.com/oss-fuzz-coverage/leptonica/reports/20211215/linux/report.html,downloaded,4820,f332cac962f7b72f12db3c319430e274c2976de339b170576a5aa929419afd66
leptonica,2021-12-16,https://storage.googleapis.com/oss-fuzz-coverage/leptonica/reports/20211216/linux/report.html,downloaded,4820,4776a1e2cf24c8891c51a201ca72783a159e0f3151854a20f1daefd240eeb9bc
leptonica,2021-12-17,https://storage.googleapis.com/oss-fuzz-coverage/leptonica/reports/20211217/linux/report.html,downloaded,4820,481f952a9f09763a63f217d77eece584f744eb4d0f11b8f6093e1637114e6b07
leptonica,2021-12-18,https://storage.googleapis.com/oss-fuzz-coverage/leptonica/reports/20211218/linux/report.html,downloaded,4820,9c424daeade7d81913c5b3c5872656da41a4eb6529e795ad24169adac6883757
leptonica,2021-12-19,https://storage.googleapis.com/oss-fuzz-coverage/leptonica/reports/20211219/linux/report.html,downloaded,4820,6ed7b71ccfcfe5c3a17e1679851bf60809d899b82950eb276b5c04fc8c41ba3d
leptonica,2021-12-20,https://storage.googleapis.com/oss-fuzz-coverage/leptonica/reports/20211220/linux/report.html,downloaded,4820,701a3746386d0781aae45863042a4589adc7beae5d4c426215a912b8d25338f7
leptonica,2021-12-21,https://storage.googleapis.com/oss-fuzz-coverage/leptonica/reports/20211221/linux/report.html,downloaded,4820,fb6261b1571f69091973ffa4b3815492601f41a148b158391070c44d576d028b
leptonica,2021-12-22,https://storage.googleapis.com/oss-fuzz-coverage/leptonica/reports/20211222/linux/report.html,downloaded,4820,d1d9ffac87f1c4d086f9da904e95fb5563a78933a2230df6a81ef6d475d82cfe
leptonica,2021-12-23,https://storage.googleapis.com/oss-fuzz-coverage/leptonica/reports/20211223/linux/report.html,downloaded,4820,1194ca5b10ebd34639eb1f67ee0f142578e0f018ba36b9ad6fe578c761a2e948
leptonica,2021-12-24,https://storage.googleapis.com/oss-fuzz-coverage/leptonica/reports/20211224/linux/report.html,downloaded,4820,4f09f75c8dcb2aca87684dccfbb2dd35006cf834aab972158d31c18e88986c34
leptonica,2021-12-25,https://storage.googleapis.com/oss-fuzz-coverage/leptonica/reports/20211225/linux/report.html,downloaded,4820,13cf802d764910abf0a1e0a10ce84a3bac0f00764f928fb0ee4d1f746a31c54b
leptonica,2021-12-26,https://storage.googleapis.com/oss-fuzz-coverage/leptonica/reports/20211226/linux/report.html,downloaded,4820,574d54cc990083c75ce443158a8118abfbc8a3c6a35092d0be521a411aff0cd0
leptonica,2021-12-27,https://storage.googleapis.com/oss-fuzz-coverage/leptonica/reports/20211227/linux/report.html,downloaded,4820,b91755e1db33e0fe2132c340667131b08d8a517d8c02d429cb175ef8b9eaa173
leptonica,2021-12-28,https://storage.googleapis.com/oss-fuzz-coverage/leptonica/reports/20211228/linux/report.html,downloaded,4820,5af6c9d266cfcf5f8fcbc7adae57a46b5127058dc25e6aff729b983ff3e48554
leptonica,2021-12-29,https://storage.googleapis.com/oss-fuzz-coverage/leptonica/reports/20211229/linux/report.html,downloaded,4820,f1d6b4a6671edc41f048ecec45d5771cca4807c02e140daa11498a917c16b1e9
leptonica,2021-12-30,https://storage.googleapis.com/oss-fuzz-coverage/leptonica/reports/20211230/linux/report.html,downloaded,4820,e7401f77db452006d121b2d104c8e4a4102e83fc504e20958553fd18717df59d
leptonica,2021-12-31,https://storage.googleapis.com/oss-fuzz-coverage/leptonica/reports/20211231/linux/report.html,downloaded,4820,637eb675735f5c2db92ef99257bfe78e1b9221e6fa38355347c80c8dd791eb4b
leptonica,2022-01-01,https://storage.googleapis.com/oss-fuzz-coverage/leptonica/reports/20220101/linux/report.html,downloaded,4820,d33eb25743444a856bef192be9aca9014e559ec9ec4979f55598d4915d04d27f
leptonica,2022-01-02,https://storage.googleapis.com/oss-fuzz-coverage/leptonica/reports/20220102/linux/report.html,downloaded,4820,7dd30c3ae5ef4983229624268cfbd267b58b80d67f8083f097560e4d2fb9fe91
leptonica,2022-01-03,https://storage.googleapis.com/oss-fuzz-coverage/leptonica/reports/20220103/linux/report.html,downloaded,4820,31a4853f9088d4518a907ef40170acd48dd891126bfc923acc73d7a9240a93b5
leptonica,2022-01-04,https://storage.googleapis.com/oss-fuzz-coverage/leptonica/reports/20220104/linux/report.html,downloaded,4820,e8ad5e20a83cf63b108d5ac85ac0026acea45c581223c0d01e128a18b3c1c733
leptonica,2022-01-05,https://storage.googleapis.com/oss-fuzz-coverage/leptonica/reports/20220105/linux/report.html,downloaded,4820,54b4425eda2a856d8165dac4e765ee8f69ac589f4fe67ef058bc60b6bd3ccd2c
leptonica,2022-01-06,https://storage.googleapis.com/oss-fuzz-coverage/leptonica/reports/20220106/linux/report.html,downloaded,4820,fcb87fd57e283ec7a5cd7528b2d00baa23e3c9ba91984293146fb7184d2fd32b
leptonica,2022-01-07,https://storage.googleapis.com/oss-fuzz-coverage/leptonica/reports/20220107/linux/report.html,downloaded,4820,27baf985da264bf20b977a7d09df9ee816a082e92824882ce96be75a63cab281
leptonica,2022-01-08,https://storage.googleapis.com/oss-fuzz-coverage/leptonica/reports/20220108/linux/report.html,downloaded,4820,7f9d3591d469845e351642149ea7732d5c4b81e38494f218aa0059286fffdde7
leptonica,2022-01-09,https://storage.googleapis.com/oss-fuzz-coverage/leptonica/reports/20220109/linux/report.html,downloaded,4820,28cd7e23549ca9eda12e12d4df3312a6e8c21725ec1723f89daa32376682af7f
libplist,2021-11-23,https://storage.googleapis.com/oss-fuzz-coverage/libplist/reports/20211123/linux/report.html,downloaded,4394,7c73a58751ee84097be0033f531dff412067f1e4b10887227496b5ab361ea0b6
libplist,2021-11-24,https://storage.googleapis.com/oss-fuzz-coverage/libplist/reports/20211124/linux/report.html,downloaded,4394,7c73a58751ee84097be0033f531dff412067f1e4b10887227496b5ab361ea0b6
libplist,2021-11-25,https://storage.googleapis.com/oss-fuzz-coverage/libplist/reports/20211125/linux/report.html,downloaded,4394,7c73a58751ee84097be0033f531dff412067f1e4b10887227496b5ab361ea0b6
libplist,2021-11-26,https://storage.googleapis.com/oss-fuzz-coverage/libplist/reports/20211126/linux/report.html,downloaded,4394,7c73a58751ee84097be0033f531dff412067f1e4b10887227496b5ab361ea0b6
libplist,2021-11-27,https://storage.googleapis.com/oss-fuzz-coverage/libplist/reports/20211127/linux/report.html,downloaded,4394,7c73a58751ee84097be0033f531dff412067f1e4b10887227496b5ab361ea0b6
libplist,2021-11-28,https://storage.googleapis.com/oss-fuzz-coverage/libplist/reports/20211128/linux/report.html,downloaded,4394,b7b4a99ec63cba12eb7fee2d839c6840fd0228650cb2456374e3f4f2ea5607ab
libplist,2021-11-29,https://storage.googleapis.com/oss-fuzz-coverage/libplist/reports/20211129/linux/report.html,downloaded,4394,7c73a58751ee84097be0033f531dff412067f1e4b10887227496b5ab361ea0b6
libplist,2021-11-30,https://storage.googleapis.com/oss-fuzz-coverage/libplist/reports/20211130/linux/report.html,downloaded,4394,7c73a58751ee84097be0033f531dff412067f1e4b10887227496b5ab361ea0b6
libplist,2021-12-01,https://storage.googleapis.com/oss-fuzz-coverage/libplist/reports/20211201/linux/report.html,downloaded,4394,7c73a58751ee84097be0033f531dff412067f1e4b10887227496b5ab361ea0b6
libplist,2021-12-02,https://storage.googleapis.com/oss-fuzz-coverage/libplist/reports/20211202/linux/report.html,missing_404,0,
libplist,2021-12-03,https://storage.googleapis.com/oss-fuzz-coverage/libplist/reports/20211203/linux/report.html,downloaded,4394,7c73a58751ee84097be0033f531dff412067f1e4b10887227496b5ab361ea0b6
libplist,2021-12-04,https://storage.googleapis.com/oss-fuzz-coverage/libplist/reports/20211204/linux/report.html,downloaded,4394,7c73a58751ee84097be0033f531dff412067f1e4b10887227496b5ab361ea0b6
libplist,2021-12-05,https://storage.googleapis.com/oss-fuzz-coverage/libplist/reports/20211205/linux/report.html,downloaded,4394,7c73a58751ee84097be0033f531dff412067f1e4b10887227496b5ab361ea0b6
libplist,2021-12-06,https://storage.googleapis.com/oss-fuzz-coverage/libplist/reports/20211206/linux/report.html,downloaded,4394,b7b4a99ec63cba12eb7fee2d839c6840fd0228650cb2456374e3f4f2ea5607ab
libplist,2021-12-07,https://storage.googleapis.com/oss-fuzz-coverage/libplist/reports/20211207/linux/report.html,missing_404,0,
libplist,2021-12-08,https://storage.googleapis.com/oss-fuzz-coverage/libplist/reports/20211208/linux/report.html,downloaded,4394,b7b4a99ec63cba12eb7fee2d839c6840fd0228650cb2456374e3f4f2ea5607ab
libplist,2021-12-09,https://storage.googleapis.com/oss-fuzz-coverage/libplist/reports/20211209/linux/report.html,downloaded,4394,b7b4a99ec63cba12eb7fee2d839c6840fd0228650cb2456374e3f4f2ea5607ab
libplist,2021-12-10,https://storage.googleapis.com/oss-fuzz-coverage/libplist/reports/20211210/linux/report.html,downloaded,4394,b7b4a99ec63cba12eb7fee2d839c6840fd0228650cb2456374e3f4f2ea5607ab
libplist,2021-12-11,https://storage.googleapis.com/oss-fuzz-coverage/libplist/reports/20211211/linux/report.html,downloaded,4394,b7b4a99ec63cba12eb7fee2d839c6840fd0228650cb2456374e3f4f2ea5607ab
libplist,2021-12-12,https://storage.googleapis.com/oss-fuzz-coverage/libplist/reports/20211212/linux/report.html,downloaded,4394,b7b4a99ec63cba12eb7fee2d839c6840fd0228650cb2456374e3f4f2ea5607ab
libplist,2021-12-13,https://storage.googleapis.com/oss-fuzz-coverage/libplist/reports/20211213/linux/report.html,downloaded,4394,b7b4a99ec63cba12eb7fee2d839c6840fd0228650cb2456374e3f4f2ea5607ab
libplist,2021-12-14,https://storage.googleapis.com/oss-fuzz-coverage/libplist/reports/20211214/linux/report.html,downloaded,4394,b7b4a99ec63cba12eb7fee2d839c6840fd0228650cb2456374e3f4f2ea5607ab
libplist,2021-12-15,https://storage.googleapis.com/oss-fuzz-coverage/libplist/reports/20211215/linux/report.html,downloaded,4394,b7b4a99ec63cba12eb7fee2d839c6840fd0228650cb2456374e3f4f2ea5607ab
libplist,2021-12-16,https://storage.googleapis.com/oss-fuzz-coverage/libplist/reports/20211216/linux/report.html,downloaded,4394,b7b4a99ec63cba12eb7fee2d839c6840fd0228650cb2456374e3f4f2ea5607ab
libplist,2021-12-17,https://storage.googleapis.com/oss-fuzz-coverage/libplist/reports/20211217/linux/report.html,downloaded,4394,b7b4a99ec63cba12eb7fee2d839c6840fd0228650cb2456374e3f4f2ea5607ab
libplist,2021-12-18,https://storage.googleapis.com/oss-fuzz-coverage/libplist/reports/20211218/linux/report.html,downloaded,4394,b7b4a99ec63cba12eb7fee2d839c6840fd0228650cb2456374e3f4f2ea5607ab
libplist,2021-12-19,https://storage.googleapis.com/oss-fuzz-coverage/libplist/reports/20211219/linux/report.html,downloaded,4394,cf7bb622c4106329fb9b8b9d5c4f1562beef2c99871b793d4a58f9f81c34652a
libplist,2021-12-20,https://storage.googleapis.com/oss-fuzz-coverage/libplist/reports/20211220/linux/report.html,downloaded,4394,9ec26b86ac18cce5d64badcef68d637eeba5e503e4a24ef6f1e0bea9aae959f9
libplist,2021-12-21,https://storage.googleapis.com/oss-fuzz-coverage/libplist/reports/20211221/linux/report.html,downloaded,4394,9ec26b86ac18cce5d64badcef68d637eeba5e503e4a24ef6f1e0bea9aae959f9
libplist,2021-12-22,https://storage.googleapis.com/oss-fuzz-coverage/libplist/reports/20211222/linux/report.html,downloaded,4394,9ec26b86ac18cce5d64badcef68d637eeba5e503e4a24ef6f1e0bea9aae959f9
libplist,2021-12-23,https://storage.googleapis.com/oss-fuzz-coverage/libplist/reports/20211223/linux/report.html,downloaded,4394,65a2b3c6d0e5bfc7efa38d0c4d3b34b336e7828a1963cca75ee134e946c6731f
libplist,2021-12-24,https://storage.googleapis.com/oss-fuzz-coverage/libplist/reports/20211224/linux/report.html,downloaded,4394,7a896294ba9eaa15794af1713c5f9575f9d549bec41537d87b9a12de20538bad
libplist,2021-12-25,https://storage.googleapis.com/oss-fuzz-coverage/libplist/reports/20211225/linux/report.html,downloaded,4394,21728234ad98c5c241f93b7e82cf9dd832d334685bade50d625b36323676ac4a
libplist,2021-12-26,https://storage.googleapis.com/oss-fuzz-coverage/libplist/reports/20211226/linux/report.html,downloaded,4394,21728234ad98c5c241f93b7e82cf9dd832d334685bade50d625b36323676ac4a
libplist,2021-12-27,https://storage.googleapis.com/oss-fuzz-coverage/libplist/reports/20211227/linux/report.html,downloaded,4394,21728234ad98c5c241f93b7e82cf9dd832d334685bade50d625b36323676ac4a
libplist,2021-12-28,https://storage.googleapis.com/oss-fuzz-coverage/libplist/reports/20211228/linux/report.html,downloaded,4394,21728234ad98c5c241f93b7e82cf9dd832d334685bade50d625b36323676ac4a
libplist,2021-12-29,https://storage.googleapis.com/oss-fuzz-coverage/libplist/reports/20211229/linux/report.html,downloaded,4394,21728234ad98c5c241f93b7e82cf9dd832d334685bade50d625b36323676ac4a
libplist,2021-12-30,https://storage.googleapis.com/oss-fuzz-coverage/libplist/reports/20211230/linux/report.html,downloaded,4394,21728234ad98c5c241f93b7e82cf9dd832d334685bade50d625b36323676ac4a
libplist,2021-12-31,https://storage.googleapis.com/oss-fuzz-coverage/libplist/reports/20211231/linux/report.html,downloaded,4394,21728234ad98c5c241f93b7e82cf9dd832d334685bade50d625b36323676ac4a
libplist,2022-01-01,https://storage.googleapis.com/oss-fuzz-coverage/libplist/reports/20220101/linux/report.html,downloaded,4394,21728234ad98c5c241f93b7e82cf9dd832d334685bade50d625b36323676ac4a
libplist,2022-01-02,https://storage.googleapis.com/oss-fuzz-coverage/libplist/reports/20220102/linux/report.html,downloaded,4394,21728234ad98c5c241f93b7e82cf9dd832d334685bade50d625b36323676ac4a
libplist,2022-01-03,https://storage.googleapis.com/oss-fuzz-coverage/libplist/reports/20220103/linux/report.html,downloaded,4394,21728234ad98c5c241f93b7e82cf9dd832d334685bade50d625b36323676ac4a
libplist,2022-01-04,https://storage.googleapis.com/oss-fuzz-coverage/libplist/reports/20220104/linux/report.html,downloaded,4394,21728234ad98c5c241f93b7e82cf9dd832d334685bade50d625b36323676ac4a
libplist,2022-01-05,https://storage.googleapis.com/oss-fuzz-coverage/libplist/reports/20220105/linux/report.html,downloaded,4394,21728234ad98c5c241f93b7e82cf9dd832d334685bade50d625b36323676ac4a
libplist,2022-01-06,https://storage.googleapis.com/oss-fuzz-coverage/libplist/reports/20220106/linux/report.html,downloaded,4394,21728234ad98c5c241f93b7e82cf9dd832d334685bade50d625b36323676ac4a
libplist,2022-01-07,https://storage.googleapis.com/oss-fuzz-coverage/libplist/reports/20220107/linux/report.html,downloaded,4394,21728234ad98c5c241f93b7e82cf9dd832d334685bade50d625b36323676ac4a
libplist,2022-01-08,https://storage.googleapis.com/oss-fuzz-coverage/libplist/reports/20220108/linux/report.html,downloaded,4394,21728234ad98c5c241f93b7e82cf9dd832d334685bade50d625b36323676ac4a
libplist,2022-01-09,https://storage.googleapis.com/oss-fuzz-coverage/libplist/reports/20220109/linux/report.html,downloaded,4394,21728234ad98c5c241f93b7e82cf9dd832d334685bade50d625b36323676ac4a
libplist,2022-01-10,https://storage.googleapis.com/oss-fuzz-coverage/libplist/reports/20220110/linux/report.html,downloaded,4394,21728234ad98c5c241f93b7e82cf9dd832d334685bade50d625b36323676ac4a
libplist,2022-01-11,https://storage.googleapis.com/oss-fuzz-coverage/libplist/reports/20220111/linux/report.html,downloaded,4394,21728234ad98c5c241f93b7e82cf9dd832d334685bade50d625b36323676ac4a
libplist,2022-01-12,https://storage.googleapis.com/oss-fuzz-coverage/libplist/reports/20220112/linux/report.html,downloaded,4394,21728234ad98c5c241f93b7e82cf9dd832d334685bade50d625b36323676ac4a
libplist,2022-01-13,https://storage.googleapis.com/oss-fuzz-coverage/libplist/reports/20220113/linux/report.html,downloaded,4394,21728234ad98c5c241f93b7e82cf9dd832d334685bade50d625b36323676ac4a
libplist,2022-01-14,https://storage.googleapis.com/oss-fuzz-coverage/libplist/reports/20220114/linux/report.html,downloaded,4394,21728234ad98c5c241f93b7e82cf9dd832d334685bade50d625b36323676ac4a
libplist,2022-01-15,https://storage.googleapis.com/oss-fuzz-coverage/libplist/reports/20220115/linux/report.html,downloaded,4394,21728234ad98c5c241f93b7e82cf9dd832d334685bade50d625b36323676ac4a
libplist,2022-01-16,https://storage.googleapis.com/oss-fuzz-coverage/libplist/reports/20220116/linux/report.html,downloaded,4394,21728234ad98c5c241f93b7e82cf9dd832d334685bade50d625b36323676ac4a
libplist,2022-01-17,https://storage.googleapis.com/oss-fuzz-coverage/libplist/reports/20220117/linux/report.html,downloaded,4394,21728234ad98c5c241f93b7e82cf9dd832d334685bade50d625b36323676ac4a
libplist,2022-01-18,https://storage.googleapis.com/oss-fuzz-coverage/libplist/reports/20220118/linux/report.html,downloaded,4394,21728234ad98c5c241f93b7e82cf9dd832d334685bade50d625b36323676ac4a
libplist,2022-01-19,https://storage.googleapis.com/oss-fuzz-coverage/libplist/reports/20220119/linux/report.html,downloaded,4394,21728234ad98c5c241f93b7e82cf9dd832d334685bade50d625b36323676ac4a
libplist,2022-01-20,https://storage.googleapis.com/oss-fuzz-coverage/libplist/reports/20220120/linux/report.html,downloaded,4394,21728234ad98c5c241f93b7e82cf9dd832d334685bade50d625b36323676ac4a
libplist,2022-01-21,https://storage.googleapis.com/oss-fuzz-coverage/libplist/reports/20220121/linux/report.html,downloaded,4394,21728234ad98c5c241f93b7e82cf9dd832d334685bade50d625b36323676ac4a
libplist,2022-01-22,https://storage.googleapis.com/oss-fuzz-coverage/libplist/reports/20220122/linux/report.html,downloaded,4394,21728234ad98c5c241f93b7e82cf9dd832d334685bade50d625b36323676ac4a
libplist,2023-03-18,https://storage.googleapis.com/oss-fuzz-coverage/libplist/reports/20230318/linux/report.html,downloaded,4396,0cd63685498699a695fd7f16d9820af011e604a88a714196166a65bf6f30b2f2
libplist,2023-03-19,https://storage.googleapis.com/oss-fuzz-coverage/libplist/reports/20230319/linux/report.html,downloaded,4396,0cd63685498699a695fd7f16d9820af011e604a88a714196166a65bf6f30b2f2
libplist,2023-03-20,https://storage.googleapis.com/oss-fuzz-coverage/libplist/reports/20230320/linux/report.html,downloaded,4396,0cd63685498699a695fd7f16d9820af011e604a88a714196166a65bf6f30b2f2
libplist,2023-03-21,https://storage.googleapis.com/oss-fuzz-coverage/libplist/reports/20230321/linux/report.html,downloaded,4396,0cd63685498699a695fd7f16d9820af011e604a88a714196166a65bf6f30b2f2
libplist,2023-03-22,https://storage.googleapis.com/oss-fuzz-coverage/libplist/reports/20230322/linux/report.html,downloaded,4396,0cd63685498699a695fd7f16d9820af011e604a88a714196166a65bf6f30b2f2
libplist,2023-03-23,https://storage.googleapis.com/oss-fuzz-coverage/libplist/reports/20230323/linux/report.html,downloaded,4396,0cd63685498699a695fd7f16d9820af011e604a88a714196166a65bf6f30b2f2
libplist,2023-03-24,https://storage.googleapis.com/oss-fuzz-coverage/libplist/reports/20230324/linux/report.html,downloaded,4396,0cd63685498699a695fd7f16d9820af011e604a88a714196166a65bf6f30b2f2
libplist,2023-03-25,https://storage.googleapis.com/oss-fuzz-coverage/libplist/reports/20230325/linux/report.html,downloaded,4396,0cd63685498699a695fd7f16d9820af011e604a88a714196166a65bf6f30b2f2
libplist,2023-03-26,https://storage.googleapis.com/oss-fuzz-coverage/libplist/reports/20230326/linux/report.html,downloaded,4396,0cd63685498699a695fd7f16d9820af011e604a88a714196166a65bf6f30b2f2
libplist,2023-03-27,https://storage.googleapis.com/oss-fuzz-coverage/libplist/reports/20230327/linux/report.html,downloaded,4396,0cd63685498699a695fd7f16d9820af011e604a88a714196166a65bf6f30b2f2
libplist,2023-03-28,https://storage.googleapis.com/oss-fuzz-coverage/libplist/reports/20230328/linux/report.html,downloaded,4396,0cd63685498699a695fd7f16d9820af011e604a88a714196166a65bf6f30b2f2
libplist,2023-03-29,https://storage.googleapis.com/oss-fuzz-coverage/libplist/reports/20230329/linux/report.html,downloaded,4396,0cd63685498699a695fd7f16d9820af011e604a88a714196166a65bf6f30b2f2
libplist,2023-03-30,https://storage.googleapis.com/oss-fuzz-coverage/libplist/reports/20230330/linux/report.html,downloaded,4396,0cd63685498699a695fd7f16d9820af011e604a88a714196166a65bf6f30b2f2
libplist,2023-03-31,https://storage.googleapis.com/oss-fuzz-coverage/libplist/reports/20230331/linux/report.html,downloaded,4396,0cd63685498699a695fd7f16d9820af011e604a88a714196166a65bf6f30b2f2
libplist,2023-04-01,https://storage.googleapis.com/oss-fuzz-coverage/libplist/reports/20230401/linux/report.html,downloaded,4396,0cd63685498699a695fd7f16d9820af011e604a88a714196166a65bf6f30b2f2
libplist,2023-04-02,https://storage.googleapis.com/oss-fuzz-coverage/libplist/reports/20230402/linux/report.html,downloaded,4396,0cd63685498699a695fd7f16d9820af011e604a88a714196166a65bf6f30b2f2
libplist,2023-04-03,https://storage.googleapis.com/oss-fuzz-coverage/libplist/reports/20230403/linux/report.html,downloaded,4396,0cd63685498699a695fd7f16d9820af011e604a88a714196166a65bf6f30b2f2
libplist,2023-04-04,https://storage.googleapis.com/oss-fuzz-coverage/libplist/reports/20230404/linux/report.html,downloaded,4396,0cd63685498699a695fd7f16d9820af011e604a88a714196166a65bf6f30b2f2
libplist,2023-04-05,https://storage.googleapis.com/oss-fuzz-coverage/libplist/reports/20230405/linux/report.html,downloaded,4396,0cd63685498699a695fd7f16d9820af011e604a88a714196166a65bf6f30b2f2
libplist,2023-04-06,https://storage.googleapis.com/oss-fuzz-coverage/libplist/reports/20230406/linux/report.html,downloaded,4396,0cd63685498699a695fd7f16d9820af011e604a88a714196166a65bf6f30b2f2
libplist,2023-04-07,https://storage.googleapis.com/oss-fuzz-coverage/libplist/reports/20230407/linux/report.html,downloaded,4396,0cd63685498699a695fd7f16d9820af011e604a88a714196166a65bf6f30b2f2
libplist,2023-04-08,https://storage.googleapis.com/oss-fuzz-coverage/libplist/reports/20230408/linux/report.html,downloaded,4396,0cd63685498699a695fd7f16d9820af011e604a88a714196166a65bf6f30b2f2
libplist,2023-04-09,https://storage.googleapis.com/oss-fuzz-coverage/libplist/reports/20230409/linux/report.html,downloaded,4396,0cd63685498699a695fd7f16d9820af011e604a88a714196166a65bf6f30b2f2
libplist,2023-04-10,https://storage.googleapis.com/oss-fuzz-coverage/libplist/reports/20230410/linux/report.html,downloaded,4396,0cd63685498699a695fd7f16d9820af011e604a88a714196166a65bf6f30b2f2
libplist,2023-04-11,https://storage.googleapis.com/oss-fuzz-coverage/libplist/reports/20230411/linux/report.html,downloaded,4396,0cd63685498699a695fd7f16d9820af011e604a88a714196166a65bf6f30b2f2
libplist,2023-04-12,https://storage.googleapis.com/oss-fuzz-coverage/libplist/reports/20230412/linux/report.html,downloaded,4396,0cd63685498699a695fd7f16d9820af011e604a88a714196166a65bf6f30b2f2
libplist,2023-04-13,https://storage.googleapis.com/oss-fuzz-coverage/libplist/reports/20230413/linux/report.html,downloaded,4396,0cd63685498699a695fd7f16d9820af011e604a88a714196166a65bf6f30b2f2
libplist,2023-04-14,https://storage.googleapis.com/oss-fuzz-coverage/libplist/reports/20230414/linux/report.html,downloaded,4396,0cd63685498699a695fd7f16d9820af011e604a88a714196166a65bf6f30b2f2
libplist,2023-04-15,https://storage.googleapis.com/oss-fuzz-coverage/libplist/reports/20230415/linux/report.html,downloaded,4396,0cd63685498699a695fd7f16d9820af011e604a88a714196166a65bf6f30b2f2
libplist,2023-04-16,https://storage.googleapis.com/oss-fuzz-coverage/libplist/reports/20230416/linux/report.html,downloaded,4396,0cd63685498699a695fd7f16d9820af011e604a88a714196166a65bf6f30b2f2
libplist,2023-04-17,https://storage.googleapis.com/oss-fuzz-coverage/libplist/reports/20230417/linux/report.html,downloaded,4396,a9affcd9fd09f173a22572cdf40b5b1bd5334a4d40b2a892d9a169d484d1d9cb
libplist,2023-04-18,https://storage.googleapis.com/oss-fuzz-coverage/libplist/reports/20230418/linux/report.html,downloaded,4396,a9affcd9fd09f173a22572cdf40b5b1bd5334a4d40b2a892d9a169d484d1d9cb
libplist,2023-04-19,https://storage.googleapis.com/oss-fuzz-coverage/libplist/reports/20230419/linux/report.html,missing_404,0,
libplist,2023-04-20,https://storage.googleapis.com/oss-fuzz-coverage/libplist/reports/20230420/linux/report.html,downloaded,4396,a9affcd9fd09f173a22572cdf40b5b1bd5334a4d40b2a892d9a169d484d1d9cb
libplist,2023-04-21,https://storage.googleapis.com/oss-fuzz-coverage/libplist/reports/20230421/linux/report.html,downloaded,4396,a9affcd9fd09f173a22572cdf40b5b1bd5334a4d40b2a892d9a169d484d1d9cb
libplist,2023-04-22,https://storage.googleapis.com/oss-fuzz-coverage/libplist/reports/20230422/linux/report.html,missing_404,0,
libplist,2023-04-23,https://storage.googleapis.com/oss-fuzz-coverage/libplist/reports/20230423/linux/report.html,missing_404,0,
libplist,2023-04-24,https://storage.googleapis.com/oss-fuzz-coverage/libplist/reports/20230424/linux/report.html,missing_404,0,
libplist,2023-04-25,https://storage.googleapis.com/oss-fuzz-coverage/libplist/reports/20230425/linux/report.html,downloaded,4396,4c6aea25f12968405baf68153921eb19b50d150a5f23a6a1b76cbd5b96346d82
libplist,2023-04-26,https://storage.googleapis.com/oss-fuzz-coverage/libplist/reports/20230426/linux/report.html,downloaded,4396,4c6aea25f12968405baf68153921eb19b50d150a5f23a6a1b76cbd5b96346d82
libplist,2023-04-27,https://storage.googleapis.com/oss-fuzz-coverage/libplist/reports/20230427/linux/report.html,downloaded,4396,4c6aea25f12968405baf68153921eb19b50d150a5f23a6a1b76cbd5b96346d82
libplist,2023-04-28,https://storage.googleapis.com/oss-fuzz-coverage/libplist/reports/20230428/linux/report.html,downloaded,4396,4c6aea25f12968405baf68153921eb19b50d150a5f23a6a1b76cbd5b96346d82
libplist,2023-04-29,https://storage.googleapis.com/oss-fuzz-coverage/libplist/reports/20230429/linux/report.html,downloaded,4396,4c6aea25f12968405baf68153921eb19b50d150a5f23a6a1b76cbd5b96346d82
libplist,2023-04-30,https://storage.googleapis.com/oss-fuzz-coverage/libplist/reports/20230430/linux/report.html,downloaded,4396,4c6aea25f12968405baf68153921eb19b50d150a5f23a6a1b76cbd5b96346d82
libplist,2023-05-01,https://storage.googleapis.com/oss-fuzz-coverage/libplist/reports/20230501/linux/report.html,downloaded,4396,4c6aea25f12968405baf68153921eb19b50d150a5f23a6a1b76cbd5b96346d82
libplist,2023-05-02,https://storage.googleapis.com/oss-fuzz-coverage/libplist/reports/20230502/linux/report.html,downloaded,4396,4c6aea25f12968405baf68153921eb19b50d150a5f23a6a1b76cbd5b96346d82
libplist,2023-05-03,https://storage.googleapis.com/oss-fuzz-coverage/libplist/reports/20230503/linux/report.html,downloaded,4396,4c6aea25f12968405baf68153921eb19b50d150a5f23a6a1b76cbd5b96346d82
libplist,2023-05-04,https://storage.googleapis.com/oss-fuzz-coverage/libplist/reports/20230504/linux/report.html,downloaded,4396,4c6aea25f12968405baf68153921eb19b50d150a5f23a6a1b76cbd5b96346d82
libplist,2023-05-05,https://storage.googleapis.com/oss-fuzz-coverage/libplist/reports/20230505/linux/report.html,downloaded,4396,4c6aea25f12968405baf68153921eb19b50d150a5f23a6a1b76cbd5b96346d82
libplist,2023-05-06,https://storage.googleapis.com/oss-fuzz-coverage/libplist/reports/20230506/linux/report.html,downloaded,4396,4c6aea25f12968405baf68153921eb19b50d150a5f23a6a1b76cbd5b96346d82
libplist,2023-05-07,https://storage.googleapis.com/oss-fuzz-coverage/libplist/reports/20230507/linux/report.html,downloaded,4396,4c6aea25f12968405baf68153921eb19b50d150a5f23a6a1b76cbd5b96346d82
libplist,2023-05-08,https://storage.googleapis.com/oss-fuzz-coverage/libplist/reports/20230508/linux/report.html,downloaded,4396,4c6aea25f12968405baf68153921eb19b50d150a5f23a6a1b76cbd5b96346d82
libplist,2023-05-09,https://storage.googleapis.com/oss-fuzz-coverage/libplist/reports/20230509/linux/report.html,downloaded,4396,4c6aea25f12968405baf68153921eb19b50d150a5f23a6a1b76cbd5b96346d82
libplist,2023-05-10,https://storage.googleapis.com/oss-fuzz-coverage/libplist/reports/20230510/linux/report.html,downloaded,4396,4c6aea25f12968405baf68153921eb19b50d150a5f23a6a1b76cbd5b96346d82
libplist,2023-05-11,https://storage.googleapis.com/oss-fuzz-coverage/libplist/reports/20230511/linux/report.html,downloaded,4396,4c6aea25f12968405baf68153921eb19b50d150a5f23a6a1b76cbd5b96346d82
libplist,2023-05-12,https://storage.googleapis.com/oss-fuzz-coverage/libplist/reports/20230512/linux/report.html,downloaded,4396,4c6aea25f12968405baf68153921eb19b50d150a5f23a6a1b76cbd5b96346d82
libplist,2023-05-13,https://storage.googleapis.com/oss-fuzz-coverage/libplist/reports/20230513/linux/report.html,downloaded,4396,4c6aea25f12968405baf68153921eb19b50d150a5f23a6a1b76cbd5b96346d82
libplist,2023-05-14,https://storage.googleapis.com/oss-fuzz-coverage/libplist/reports/20230514/linux/report.html,downloaded,4396,4c6aea25f12968405baf68153921eb19b50d150a5f23a6a1b76cbd5b96346d82
libplist,2023-05-15,https://storage.googleapis.com/oss-fuzz-coverage/libplist/reports/20230515/linux/report.html,downloaded,4396,6c9ce5687dd811f132a265118d811d786f782bd02ca044e117b84c7781b4cd9c
libplist,2023-05-16,https://storage.googleapis.com/oss-fuzz-coverage/libplist/reports/20230516/linux/report.html,downloaded,4396,6c9ce5687dd811f132a265118d811d786f782bd02ca044e117b84c7781b4cd9c
libplist,2023-05-17,https://storage.googleapis.com/oss-fuzz-coverage/libplist/reports/20230517/linux/report.html,downloaded,4396,6c9ce5687dd811f132a265118d811d786f782bd02ca044e117b84c7781b4cd9c
libspng,2019-04-25,https://storage.googleapis.com/oss-fuzz-coverage/libspng/reports/20190425/linux/report.html,downloaded,2956,e5e92e1874070ff579bfc7172f73a91490f6fe1b1cd3ed99d8f85cc19413f58c
libspng,2019-04-26,https://storage.googleapis.com/oss-fuzz-coverage/libspng/reports/20190426/linux/report.html,downloaded,4394,4184765fc150ba42cda73f90a664a308572350b71d63eeb5f77149c6dabb62e8
libspng,2019-04-27,https://storage.googleapis.com/oss-fuzz-coverage/libspng/reports/20190427/linux/report.html,downloaded,4394,4184765fc150ba42cda73f90a664a308572350b71d63eeb5f77149c6dabb62e8
libspng,2019-04-28,https://storage.googleapis.com/oss-fuzz-coverage/libspng/reports/20190428/linux/report.html,downloaded,4394,4184765fc150ba42cda73f90a664a308572350b71d63eeb5f77149c6dabb62e8
libspng,2019-04-29,https://storage.googleapis.com/oss-fuzz-coverage/libspng/reports/20190429/linux/report.html,downloaded,4394,4184765fc150ba42cda73f90a664a308572350b71d63eeb5f77149c6dabb62e8
libspng,2019-04-30,https://storage.googleapis.com/oss-fuzz-coverage/libspng/reports/20190430/linux/report.html,downloaded,4394,4184765fc150ba42cda73f90a664a308572350b71d63eeb5f77149c6dabb62e8
libspng,2019-05-01,https://storage.googleapis.com/oss-fuzz-coverage/libspng/reports/20190501/linux/report.html,downloaded,4394,4184765fc150ba42cda73f90a664a308572350b71d63eeb5f77149c6dabb62e8
libspng,2019-05-02,https://storage.googleapis.com/oss-fuzz-coverage/libspng/reports/20190502/linux/report.html,downloaded,4394,4184765fc150ba42cda73f90a664a308572350b71d63eeb5f77149c6dabb62e8
libspng,2019-05-03,https://storage.googleapis.com/oss-fuzz-coverage/libspng/reports/20190503/linux/report.html,downloaded,4394,4184765fc150ba42cda73f90a664a308572350b71d63eeb5f77149c6dabb62e8
libspng,2019-05-04,https://storage.googleapis.com/oss-fuzz-coverage/libspng/reports/20190504/linux/report.html,downloaded,4394,4184765fc150ba42cda73f90a664a308572350b71d63eeb5f77149c6dabb62e8
libspng,2019-05-05,https://storage.googleapis.com/oss-fuzz-coverage/libspng/reports/20190505/linux/report.html,downloaded,4394,4184765fc150ba42cda73f90a664a308572350b71d63eeb5f77149c6dabb62e8
libspng,2019-05-06,https://storage.googleapis.com/oss-fuzz-coverage/libspng/reports/20190506/linux/report.html,downloaded,4394,4184765fc150ba42cda73f90a664a308572350b71d63eeb5f77149c6dabb62e8
libspng,2019-05-07,https://storage.googleapis.com/oss-fuzz-coverage/libspng/reports/20190507/linux/report.html,downloaded,4394,4184765fc150ba42cda73f90a664a308572350b71d63eeb5f77149c6dabb62e8
libspng,2019-05-08,https://storage.googleapis.com/oss-fuzz-coverage/libspng/reports/20190508/linux/report.html,downloaded,4394,4184765fc150ba42cda73f90a664a308572350b71d63eeb5f77149c6dabb62e8
libspng,2019-05-09,https://storage.googleapis.com/oss-fuzz-coverage/libspng/reports/20190509/linux/report.html,downloaded,4394,4184765fc150ba42cda73f90a664a308572350b71d63eeb5f77149c6dabb62e8
libspng,2019-05-10,https://storage.googleapis.com/oss-fuzz-coverage/libspng/reports/20190510/linux/report.html,downloaded,4394,4184765fc150ba42cda73f90a664a308572350b71d63eeb5f77149c6dabb62e8
libspng,2019-05-11,https://storage.googleapis.com/oss-fuzz-coverage/libspng/reports/20190511/linux/report.html,downloaded,4394,4184765fc150ba42cda73f90a664a308572350b71d63eeb5f77149c6dabb62e8
libspng,2019-05-12,https://storage.googleapis.com/oss-fuzz-coverage/libspng/reports/20190512/linux/report.html,downloaded,4394,4184765fc150ba42cda73f90a664a308572350b71d63eeb5f77149c6dabb62e8
libspng,2019-05-13,https://storage.googleapis.com/oss-fuzz-coverage/libspng/reports/20190513/linux/report.html,downloaded,4394,4184765fc150ba42cda73f90a664a308572350b71d63eeb5f77149c6dabb62e8
libspng,2019-05-14,https://storage.googleapis.com/oss-fuzz-coverage/libspng/reports/20190514/linux/report.html,downloaded,4394,4184765fc150ba42cda73f90a664a308572350b71d63eeb5f77149c6dabb62e8
libspng,2019-05-15,https://storage.googleapis.com/oss-fuzz-coverage/libspng/reports/20190515/linux/report.html,downloaded,4394,4184765fc150ba42cda73f90a664a308572350b71d63eeb5f77149c6dabb62e8
libspng,2019-05-16,https://storage.googleapis.com/oss-fuzz-coverage/libspng/reports/20190516/linux/report.html,downloaded,4394,4184765fc150ba42cda73f90a664a308572350b71d63eeb5f77149c6dabb62e8
libspng,2019-05-17,https://storage.googleapis.com/oss-fuzz-coverage/libspng/reports/20190517/linux/report.html,missing_404,0,
libspng,2019-05-18,https://storage.googleapis.com/oss-fuzz-coverage/libspng/reports/20190518/linux/report.html,downloaded,4394,4184765fc150ba42cda73f90a664a308572350b71d63eeb5f77149c6dabb62e8
libspng,2019-05-19,https://storage.googleapis.com/oss-fuzz-coverage/libspng/reports/20190519/linux/report.html,downloaded,4394,4184765fc150ba42cda73f90a664a308572350b71d63eeb5f77149c6dabb62e8
libspng,2019-05-20,https://storage.googleapis.com/oss-fuzz-coverage/libspng/reports/20190520/linux/report.html,downloaded,4394,4184765fc150ba42cda73f90a664a308572350b71d63eeb5f77149c6dabb62e8
libspng,2019-05-21,https://storage.googleapis.com/oss-fuzz-coverage/libspng/reports/20190521/linux/report.html,downloaded,4394,1edada1859711db03d5b4b78f03567eaf22d5d664227da268a8ff1e11c1be1df
libspng,2019-05-22,https://storage.googleapis.com/oss-fuzz-coverage/libspng/reports/20190522/linux/report.html,downloaded,4394,1edada1859711db03d5b4b78f03567eaf22d5d664227da268a8ff1e11c1be1df
libspng,2019-05-23,https://storage.googleapis.com/oss-fuzz-coverage/libspng/reports/20190523/linux/report.html,downloaded,4394,1edada1859711db03d5b4b78f03567eaf22d5d664227da268a8ff1e11c1be1df
libspng,2019-05-24,https://storage.googleapis.com/oss-fuzz-coverage/libspng/reports/20190524/linux/report.html,downloaded,4394,1edada1859711db03d5b4b78f03567eaf22d5d664227da268a8ff1e11c1be1df
libspng,2019-05-25,https://storage.googleapis.com/oss-fuzz-coverage/libspng/reports/20190525/linux/report.html,downloaded,4394,b5fda83f6073374a8547c827f0ed84bc0d4456488bcd52dfa43f45db7945377e
libspng,2019-05-26,https://storage.googleapis.com/oss-fuzz-coverage/libspng/reports/20190526/linux/report.html,downloaded,4394,f96b43c2608dec562f8a3600e4630fbf12257419bbf64ddd8c91e545a37736fa
libspng,2019-05-27,https://storage.googleapis.com/oss-fuzz-coverage/libspng/reports/20190527/linux/report.html,downloaded,4394,67a76c6b8dbf9b0a5c9fda5cf12622f7820f59b8d1873fc3d4b0c9acf05769d2
libspng,2019-05-28,https://storage.googleapis.com/oss-fuzz-coverage/libspng/reports/20190528/linux/report.html,downloaded,4394,67a76c6b8dbf9b0a5c9fda5cf12622f7820f59b8d1873fc3d4b0c9acf05769d2
libspng,2019-05-29,https://storage.googleapis.com/oss-fuzz-coverage/libspng/reports/20190529/linux/report.html,downloaded,4394,67a76c6b8dbf9b0a5c9fda5cf12622f7820f59b8d1873fc3d4b0c9acf05769d2
libspng,2019-05-30,https://storage.googleapis.com/oss-fuzz-coverage/libspng/reports/20190530/linux/report.html,downloaded,4394,67a76c6b8dbf9b0a5c9fda5cf12622f7820f59b8d1873fc3d4b0c9acf05769d2
libspng,2019-05-31,https://storage.googleapis.com/oss-fuzz-coverage/libspng/reports/20190531/linux/report.html,downloaded,4394,67a76c6b8dbf9b0a5c9fda5cf12622f7820f59b8d1873fc3d4b0c9acf05769d2
libspng,2019-06-01,https://storage.googleapis.com/oss-fuzz-coverage/libspng/reports/20190601/linux/report.html,downloaded,4394,67a76c6b8dbf9b0a5c9fda5cf12622f7820f59b8d1873fc3d4b0c9acf05769d2
libspng,2019-06-02,https://storage.googleapis.com/oss-fuzz-coverage/libspng/reports/20190602/linux/report.html,downloaded,4394,67a76c6b8dbf9b0a5c9fda5cf12622f7820f59b8d1873fc3d4b0c9acf05769d2
libspng,2019-06-03,https://storage.googleapis.com/oss-fuzz-coverage/libspng/reports/20190603/linux/report.html,downloaded,4394,67a76c6b8dbf9b0a5c9fda5cf12622f7820f59b8d1873fc3d4b0c9acf05769d2
libspng,2019-06-04,https://storage.googleapis.com/oss-fuzz-coverage/libspng/reports/20190604/linux/report.html,downloaded,4394,67a76c6b8dbf9b0a5c9fda5cf12622f7820f59b8d1873fc3d4b0c9acf05769d2
libspng,2019-06-05,https://storage.googleapis.com/oss-fuzz-coverage/libspng/reports/20190605/linux/report.html,downloaded,4394,67a76c6b8dbf9b0a5c9fda5cf12622f7820f59b8d1873fc3d4b0c9acf05769d2
libspng,2019-06-06,https://storage.googleapis.com/oss-fuzz-coverage/libspng/reports/20190606/linux/report.html,downloaded,4394,67a76c6b8dbf9b0a5c9fda5cf12622f7820f59b8d1873fc3d4b0c9acf05769d2
libspng,2019-06-07,https://storage.googleapis.com/oss-fuzz-coverage/libspng/reports/20190607/linux/report.html,downloaded,4394,67a76c6b8dbf9b0a5c9fda5cf12622f7820f59b8d1873fc3d4b0c9acf05769d2
libspng,2019-06-08,https://storage.googleapis.com/oss-fuzz-coverage/libspng/reports/20190608/linux/report.html,downloaded,4394,67a76c6b8dbf9b0a5c9fda5cf12622f7820f59b8d1873fc3d4b0c9acf05769d2
libspng,2019-06-09,https://storage.googleapis.com/oss-fuzz-coverage/libspng/reports/20190609/linux/report.html,downloaded,4394,67a76c6b8dbf9b0a5c9fda5cf12622f7820f59b8d1873fc3d4b0c9acf05769d2
libspng,2019-06-10,https://storage.googleapis.com/oss-fuzz-coverage/libspng/reports/20190610/linux/report.html,downloaded,4394,67a76c6b8dbf9b0a5c9fda5cf12622f7820f59b8d1873fc3d4b0c9acf05769d2
libspng,2019-06-11,https://storage.googleapis.com/oss-fuzz-coverage/libspng/reports/20190611/linux/report.html,downloaded,4394,67a76c6b8dbf9b0a5c9fda5cf12622f7820f59b8d1873fc3d4b0c9acf05769d2
libspng,2019-06-12,https://storage.googleapis.com/oss-fuzz-coverage/libspng/reports/20190612/linux/report.html,downloaded,4394,67a76c6b8dbf9b0a5c9fda5cf12622f7820f59b8d1873fc3d4b0c9acf05769d2
libspng,2019-06-13,https://storage.googleapis.com/oss-fuzz-coverage/libspng/reports/20190613/linux/report.html,downloaded,4394,67a76c6b8dbf9b0a5c9fda5cf12622f7820f59b8d1873fc3d4b0c9acf05769d2
libspng,2019-06-14,https://storage.googleapis.com/oss-fuzz-coverage/libspng/reports/20190614/linux/report.html,downloaded,4394,67a76c6b8dbf9b0a5c9fda5cf12622f7820f59b8d1873fc3d4b0c9acf05769d2
libspng,2019-06-15,https://storage.googleapis.com/oss-fuzz-coverage/libspng/reports/20190615/linux/report.html,downloaded,4394,67a76c6b8dbf9b0a5c9fda5cf12622f7820f59b8d1873fc3d4b0c9acf05769d2
libspng,2019-06-16,https://storage.googleapis.com/oss-fuzz-coverage/libspng/reports/20190616/linux/report.html,downloaded,4394,67a76c6b8dbf9b0a5c9fda5cf12622f7820f59b8d1873fc3d4b0c9acf05769d2
libspng,2019-06-17,https://storage.googleapis.com/oss-fuzz-coverage/libspng/reports/20190617/linux/report.html,downloaded,4394,67a76c6b8dbf9b0a5c9fda5cf12622f7820f59b8d1873fc3d4b0c9acf05769d2
libspng,2019-06-18,https://storage.googleapis.com/oss-fuzz-coverage/libspng/reports/20190618/linux/report.html,downloaded,4394,67a76c6b8dbf9b0a5c9fda5cf12622f7820f59b8d1873fc3d4b0c9acf05769d2
libspng,2019-06-19,https://storage.googleapis.com/oss-fuzz-coverage/libspng/reports/20190619/linux/report.html,downloaded,4394,67a76c6b8dbf9b0a5c9fda5cf12622f7820f59b8d1873fc3d4b0c9acf05769d2
libspng,2019-06-20,https://storage.googleapis.com/oss-fuzz-coverage/libspng/reports/20190620/linux/report.html,downloaded,4394,67a76c6b8dbf9b0a5c9fda5cf12622f7820f59b8d1873fc3d4b0c9acf05769d2
libspng,2019-06-21,https://storage.googleapis.com/oss-fuzz-coverage/libspng/reports/20190621/linux/report.html,downloaded,4394,67a76c6b8dbf9b0a5c9fda5cf12622f7820f59b8d1873fc3d4b0c9acf05769d2
libspng,2019-06-22,https://storage.googleapis.com/oss-fuzz-coverage/libspng/reports/20190622/linux/report.html,downloaded,4394,67a76c6b8dbf9b0a5c9fda5cf12622f7820f59b8d1873fc3d4b0c9acf05769d2
libspng,2019-06-23,https://storage.googleapis.com/oss-fuzz-coverage/libspng/reports/20190623/linux/report.html,downloaded,4394,67a76c6b8dbf9b0a5c9fda5cf12622f7820f59b8d1873fc3d4b0c9acf05769d2
libspng,2019-06-24,https://storage.googleapis.com/oss-fuzz-coverage/libspng/reports/20190624/linux/report.html,downloaded,4394,67a76c6b8dbf9b0a5c9fda5cf12622f7820f59b8d1873fc3d4b0c9acf05769d2
meshoptimizer,2021-10-04,https://storage.googleapis.com/oss-fuzz-coverage/meshoptimizer/reports/20211004/linux/report.html,downloaded,4384,e597e13ab0feff16e2fb9a365d92215f6ab9035c15e2ecab60b9e0811d0347fc
meshoptimizer,2021-10-05,https://storage.googleapis.com/oss-fuzz-coverage/meshoptimizer/reports/20211005/linux/report.html,missing_404,0,
meshoptimizer,2021-10-06,https://storage.googleapis.com/oss-fuzz-coverage/meshoptimizer/reports/20211006/linux/report.html,missing_404,0,
meshoptimizer,2021-10-07,https://storage.googleapis.com/oss-fuzz-coverage/meshoptimizer/reports/20211007/linux/report.html,downloaded,4384,e597e13ab0feff16e2fb9a365d92215f6ab9035c15e2ecab60b9e0811d0347fc
meshoptimizer,2021-10-08,https://storage.googleapis.com/oss-fuzz-coverage/meshoptimizer/reports/20211008/linux/report.html,downloaded,4384,e597e13ab0feff16e2fb9a365d92215f6ab9035c15e2ecab60b9e0811d0347fc
meshoptimizer,2021-10-09,https://storage.googleapis.com/oss-fuzz-coverage/meshoptimizer/reports/20211009/linux/report.html,downloaded,4384,e597e13ab0feff16e2fb9a365d92215f6ab9035c15e2ecab60b9e0811d0347fc
meshoptimizer,2021-10-10,https://storage.googleapis.com/oss-fuzz-coverage/meshoptimizer/reports/20211010/linux/report.html,downloaded,4384,e597e13ab0feff16e2fb9a365d92215f6ab9035c15e2ecab60b9e0811d0347fc
meshoptimizer,2021-10-11,https://storage.googleapis.com/oss-fuzz-coverage/meshoptimizer/reports/20211011/linux/report.html,downloaded,4384,e597e13ab0feff16e2fb9a365d92215f6ab9035c15e2ecab60b9e0811d0347fc
meshoptimizer,2021-10-12,https://storage.googleapis.com/oss-fuzz-coverage/meshoptimizer/reports/20211012/linux/report.html,downloaded,4384,e597e13ab0feff16e2fb9a365d92215f6ab9035c15e2ecab60b9e0811d0347fc
meshoptimizer,2021-10-13,https://storage.googleapis.com/oss-fuzz-coverage/meshoptimizer/reports/20211013/linux/report.html,downloaded,4380,a2092bfc2ff1a2be67078c6c3c54c8bde1b329a5acb7b10d2c21b16b621f2a6d
meshoptimizer,2021-10-14,https://storage.googleapis.com/oss-fuzz-coverage/meshoptimizer/reports/20211014/linux/report.html,downloaded,4380,a2092bfc2ff1a2be67078c6c3c54c8bde1b329a5acb7b10d2c21b16b621f2a6d
meshoptimizer,2021-10-15,https://storage.googleapis.com/oss-fuzz-coverage/meshoptimizer/reports/20211015/linux/report.html,missing_404,0,
meshoptimizer,2021-10-16,https://storage.googleapis.com/oss-fuzz-coverage/meshoptimizer/reports/20211016/linux/report.html,downloaded,4384,e597e13ab0feff16e2fb9a365d92215f6ab9035c15e2ecab60b9e0811d0347fc
meshoptimizer,2021-10-17,https://storage.googleapis.com/oss-fuzz-coverage/meshoptimizer/reports/20211017/linux/report.html,downloaded,4384,e597e13ab0feff16e2fb9a365d92215f6ab9035c15e2ecab60b9e0811d0347fc
meshoptimizer,2021-10-18,https://storage.googleapis.com/oss-fuzz-coverage/meshoptimizer/reports/20211018/linux/report.html,downloaded,4384,e597e13ab0feff16e2fb9a365d92215f6ab9035c15e2ecab60b9e0811d0347fc
meshoptimizer,2021-10-19,https://storage.googleapis.com/oss-fuzz-coverage/meshoptimizer/reports/20211019/linux/report.html,downloaded,4384,e597e13ab0feff16e2fb9a365d92215f6ab9035c15e2ecab60b9e0811d0347fc
meshoptimizer,2021-10-20,https://storage.googleapis.com/oss-fuzz-coverage/meshoptimizer/reports/20211020/linux/report.html,downloaded,4384,e597e13ab0feff16e2fb9a365d92215f6ab9035c15e2ecab60b9e0811d0347fc
meshoptimizer,2021-10-21,https://storage.googleapis.com/oss-fuzz-coverage/meshoptimizer/reports/20211021/linux/report.html,downloaded,4384,e597e13ab0feff16e2fb9a365d92215f6ab9035c15e2ecab60b9e0811d0347fc
meshoptimizer,2021-10-22,https://storage.googleapis.com/oss-fuzz-coverage/meshoptimizer/reports/20211022/linux/report.html,downloaded,4384,e597e13ab0feff16e2fb9a365d92215f6ab9035c15e2ecab60b9e0811d0347fc
meshoptimizer,2021-10-23,https://storage.googleapis.com/oss-fuzz-coverage/meshoptimizer/reports/20211023/linux/report.html,downloaded,4384,e597e13ab0feff16e2fb9a365d92215f6ab9035c15e2ecab60b9e0811d0347fc
meshoptimizer,2021-10-24,https://storage.googleapis.com/oss-fuzz-coverage/meshoptimizer/reports/20211024/linux/report.html,downloaded,4384,e597e13ab0feff16e2fb9a365d92215f6ab9035c15e2ecab60b9e0811d0347fc
meshoptimizer,2021-10-25,https://storage.googleapis.com/oss-fuzz-coverage/meshoptimizer/reports/20211025/linux/report.html,downloaded,4384,e597e13ab0feff16e2fb9a365d92215f6ab9035c15e2ecab60b9e0811d0347fc
meshoptimizer,2021-10-26,https://storage.googleapis.com/oss-fuzz-coverage/meshoptimizer/reports/20211026/linux/report.html,downloaded,4384,e597e13ab0feff16e2fb9a365d92215f6ab9035c15e2ecab60b9e0811d0347fc
meshoptimizer,2021-10-27,https://storage.googleapis.com/oss-fuzz-coverage/meshoptimizer/reports/20211027/linux/report.html,downloaded,4384,e597e13ab0feff16e2fb9a365d92215f6ab9035c15e2ecab60b9e0811d0347fc
meshoptimizer,2021-10-28,https://storage.googleapis.com/oss-fuzz-coverage/meshoptimizer/reports/20211028/linux/report.html,downloaded,4384,e597e13ab0feff16e2fb9a365d92215f6ab9035c15e2ecab60b9e0811d0347fc
meshoptimizer,2021-10-29,https://storage.googleapis.com/oss-fuzz-coverage/meshoptimizer/reports/20211029/linux/report.html,missing_404,0,
meshoptimizer,2021-10-30,https://storage.googleapis.com/oss-fuzz-coverage/meshoptimizer/reports/20211030/linux/report.html,downloaded,4384,e597e13ab0feff16e2fb9a365d92215f6ab9035c15e2ecab60b9e0811d0347fc
meshoptimizer,2021-10-31,https://storage.googleapis.com/oss-fuzz-coverage/meshoptimizer/reports/20211031/linux/report.html,downloaded,4384,e597e13ab0feff16e2fb9a365d92215f6ab9035c15e2ecab60b9e0811d0347fc
meshoptimizer,2021-11-01,https://storage.googleapis.com/oss-fuzz-coverage/meshoptimizer/reports/20211101/linux/report.html,missing_404,0,
meshoptimizer,2021-11-02,https://storage.googleapis.com/oss-fuzz-coverage/meshoptimizer/reports/20211102/linux/report.html,missing_404,0,
meshoptimizer,2021-11-03,https://storage.googleapis.com/oss-fuzz-coverage/meshoptimizer/reports/20211103/linux/report.html,downloaded,4384,4ae919c48940de85c79996219d58f7fd4bac3585bc7e5b45119ab39365795445
meshoptimizer,2021-11-04,https://storage.googleapis.com/oss-fuzz-coverage/meshoptimizer/reports/20211104/linux/report.html,downloaded,4384,4ae919c48940de85c79996219d58f7fd4bac3585bc7e5b45119ab39365795445
meshoptimizer,2021-11-05,https://storage.googleapis.com/oss-fuzz-coverage/meshoptimizer/reports/20211105/linux/report.html,downloaded,4384,4ae919c48940de85c79996219d58f7fd4bac3585bc7e5b45119ab39365795445
meshoptimizer,2021-11-06,https://storage.googleapis.com/oss-fuzz-coverage/meshoptimizer/reports/20211106/linux/report.html,downloaded,4384,4ae919c48940de85c79996219d58f7fd4bac3585bc7e5b45119ab39365795445
meshoptimizer,2021-11-07,https://storage.googleapis.com/oss-fuzz-coverage/meshoptimizer/reports/20211107/linux/report.html,downloaded,4384,4ae919c48940de85c79996219d58f7fd4bac3585bc7e5b45119ab39365795445
meshoptimizer,2021-11-08,https://storage.googleapis.com/oss-fuzz-coverage/meshoptimizer/reports/20211108/linux/report.html,downloaded,4384,4ae919c48940de85c79996219d58f7fd4bac3585bc7e5b45119ab39365795445
meshoptimizer,2021-11-09,https://storage.googleapis.com/oss-fuzz-coverage/meshoptimizer/reports/20211109/linux/report.html,downloaded,4384,4ae919c48940de85c79996219d58f7fd4bac3585bc7e5b45119ab39365795445
meshoptimizer,2021-11-10,https://storage.googleapis.com/oss-fuzz-coverage/meshoptimizer/reports/20211110/linux/report.html,downloaded,4384,4ae919c48940de85c79996219d58f7fd4bac3585bc7e5b45119ab39365795445
meshoptimizer,2021-11-11,https://storage.googleapis.com/oss-fuzz-coverage/meshoptimizer/reports/20211111/linux/report.html,downloaded,4384,4ae919c48940de85c79996219d58f7fd4bac3585bc7e5b45119ab39365795445
meshoptimizer,2021-11-12,https://storage.googleapis.com/oss-fuzz-coverage/meshoptimizer/reports/20211112/linux/report.html,downloaded,4384,4ae919c48940de85c79996219d58f7fd4bac3585bc7e5b45119ab39365795445
meshoptimizer,2021-11-13,https://storage.googleapis.com/oss-fuzz-coverage/meshoptimizer/reports/20211113/linux/report.html,downloaded,4384,4ae919c48940de85c79996219d58f7fd4bac3585bc7e5b45119ab39365795445
meshoptimizer,2021-11-14,https://storage.googleapis.com/oss-fuzz-coverage/meshoptimizer/reports/20211114/linux/report.html,downloaded,4384,4ae919c48940de85c79996219d58f7fd4bac3585bc7e5b45119ab39365795445
meshoptimizer,2021-11-15,https://storage.googleapis.com/oss-fuzz-coverage/meshoptimizer/reports/20211115/linux/report.html,downloaded,4384,4ae919c48940de85c79996219d58f7fd4bac3585bc7e5b45119ab39365795445
meshoptimizer,2021-11-16,https://storage.googleapis.com/oss-fuzz-coverage/meshoptimizer/reports/20211116/linux/report.html,downloaded,4384,4ae919c48940de85c79996219d58f7fd4bac3585bc7e5b45119ab39365795445
meshoptimizer,2021-11-17,https://storage.googleapis.com/oss-fuzz-coverage/meshoptimizer/reports/20211117/linux/report.html,downloaded,4384,4ae919c48940de85c79996219d58f7fd4bac3585bc7e5b45119ab39365795445
meshoptimizer,2021-11-18,https://storage.googleapis.com/oss-fuzz-coverage/meshoptimizer/reports/20211118/linux/report.html,downloaded,4384,4ae919c48940de85c79996219d58f7fd4bac3585bc7e5b45119ab39365795445
meshoptimizer,2021-11-19,https://storage.googleapis.com/oss-fuzz-coverage/meshoptimizer/reports/20211119/linux/report.html,downloaded,4384,4ae919c48940de85c79996219d58f7fd4bac3585bc7e5b45119ab39365795445
meshoptimizer,2021-11-20,https://storage.googleapis.com/oss-fuzz-coverage/meshoptimizer/reports/20211120/linux/report.html,missing_404,0,
meshoptimizer,2021-11-21,https://storage.googleapis.com/oss-fuzz-coverage/meshoptimizer/reports/20211121/linux/report.html,downloaded,4384,4ae919c48940de85c79996219d58f7fd4bac3585bc7e5b45119ab39365795445
meshoptimizer,2021-11-22,https://storage.googleapis.com/oss-fuzz-coverage/meshoptimizer/reports/20211122/linux/report.html,downloaded,4384,4ae919c48940de85c79996219d58f7fd4bac3585bc7e5b45119ab39365795445
meshoptimizer,2021-11-23,https://storage.googleapis.com/oss-fuzz-coverage/meshoptimizer/reports/20211123/linux/report.html,downloaded,4384,4ae919c48940de85c79996219d58f7fd4bac3585bc7e5b45119ab39365795445
meshoptimizer,2021-11-24,https://storage.googleapis.com/oss-fuzz-coverage/meshoptimizer/reports/20211124/linux/report.html,downloaded,4384,4ae919c48940de85c79996219d58f7fd4bac3585bc7e5b45119ab39365795445
meshoptimizer,2021-11-25,https://storage.googleapis.com/oss-fuzz-coverage/meshoptimizer/reports/20211125/linux/report.html,downloaded,4384,4ae919c48940de85c79996219d58f7fd4bac3585bc7e5b45119ab39365795445
meshoptimizer,2021-11-26,https://storage.googleapis.com/oss-fuzz-coverage/meshoptimizer/reports/20211126/linux/report.html,downloaded,4384,4ae919c48940de85c79996219d58f7fd4bac3585bc7e5b45119ab39365795445
meshoptimizer,2021-11-27,https://storage.googleapis.com/oss-fuzz-coverage/meshoptimizer/reports/20211127/linux/report.html,downloaded,4384,4ae919c48940de85c79996219d58f7fd4bac3585bc7e5b45119ab39365795445
meshoptimizer,2021-11-28,https://storage.googleapis.com/oss-fuzz-coverage/meshoptimizer/reports/20211128/linux/report.html,downloaded,4384,4ae919c48940de85c79996219d58f7fd4bac3585bc7e5b45119ab39365795445
meshoptimizer,2021-11-29,https://storage.googleapis.com/oss-fuzz-coverage/meshoptimizer/reports/20211129/linux/report.html,downloaded,4384,4ae919c48940de85c79996219d58f7fd4bac3585bc7e5b45119ab39365795445
meshoptimizer,2021-11-30,https://storage.googleapis.com/oss-fuzz-coverage/meshoptimizer/reports/20211130/linux/report.html,downloaded,4384,4ae919c48940de85c79996219d58f7fd4bac3585bc7e5b45119ab39365795445
meshoptimizer,2021-12-01,https://storage.googleapis.com/oss-fuzz-coverage/meshoptimizer/reports/20211201/linux/report.html,downloaded,4384,4ae919c48940de85c79996219d58f7fd4bac3585bc7e5b45119ab39365795445
meshoptimizer,2021-12-02,https://storage.googleapis.com/oss-fuzz-coverage/meshoptimizer/reports/20211202/linux/report.html,downloaded,4384,4ae919c48940de85c79996219d58f7fd4bac3585bc7e5b45119ab39365795445
meshoptimizer,2021-12-03,https://storage.googleapis.com/oss-fuzz-coverage/meshoptimizer/reports/20211203/linux/report.html,downloaded,4384,4ae919c48940de85c79996219d58f7fd4bac3585bc7e5b45119ab39365795445
tidy-html5,2021-07-16,https://storage.googleapis.com/oss-fuzz-coverage/tidy-html5/reports/20210716/linux/report.html,missing_404,0,
tidy-html5,2021-07-17,https://storage.googleapis.com/oss-fuzz-coverage/tidy-html5/reports/20210717/linux/report.html,downloaded,4404,f273de7690e5cdd27eea6ed9288316549ddb6209ce5b096565243f0cfd87e172
tidy-html5,2021-07-18,https://storage.googleapis.com/oss-fuzz-coverage/tidy-html5/reports/20210718/linux/report.html,missing_404,0,
tidy-html5,2021-07-19,https://storage.googleapis.com/oss-fuzz-coverage/tidy-html5/reports/20210719/linux/report.html,downloaded,4404,e792eb37fe2d9bafbeeef8ed7f51efb3465730f56d4099354f4b22317999e193
tidy-html5,2021-07-20,https://storage.googleapis.com/oss-fuzz-coverage/tidy-html5/reports/20210720/linux/report.html,downloaded,4404,d1e564637df1618dba51f2da50187a6a9e0fd5b408664012994db9bce1cf64ae
tidy-html5,2021-07-21,https://storage.googleapis.com/oss-fuzz-coverage/tidy-html5/reports/20210721/linux/report.html,downloaded,4404,d1e564637df1618dba51f2da50187a6a9e0fd5b408664012994db9bce1cf64ae
tidy-html5,2021-07-22,https://storage.googleapis.com/oss-fuzz-coverage/tidy-html5/reports/20210722/linux/report.html,downloaded,4404,d1e564637df1618dba51f2da50187a6a9e0fd5b408664012994db9bce1cf64ae
tidy-html5,2021-07-23,https://storage.googleapis.com/oss-fuzz-coverage/tidy-html5/reports/20210723/linux/report.html,downloaded,4404,0262b11ec29de29f6a24fdfc7672f57a5c19b2d9e96238980c63090a9d4ce8c7
tidy-html5,2021-07-24,https://storage.googleapis.com/oss-fuzz-coverage/tidy-html5/reports/20210724/linux/report.html,downloaded,4404,e0965d249c32a3c82c4bb07865330023b0eb26f378b88c129d1ad853a6f7e1f4
tidy-html5,2021-07-25,https://storage.googleapis.com/oss-fuzz-coverage/tidy-html5/reports/20210725/linux/report.html,downloaded,4404,e0965d249c32a3c82c4bb07865330023b0eb26f378b88c129d1ad853a6f7e1f4
tidy-html5,2021-07-26,https://storage.googleapis.com/oss-fuzz-coverage/tidy-html5/reports/20210726/linux/report.html,downloaded,4404,42a234ddb105b8b957473f729fe202f4a12e4f94781234cde36da91fb8c7d7bc
tidy-html5,2021-07-27,https://storage.googleapis.com/oss-fuzz-coverage/tidy-html5/reports/20210727/linux/report.html,downloaded,4404,ddf3f6aca2eafdacb57dd1274647e3db2ac707233175f4443a78cb4edb37affe
tidy-html5,2021-07-28,https://storage.googleapis.com/oss-fuzz-coverage/tidy-html5/reports/20210728/linux/report.html,downloaded,4404,826e72207da301516217d861930c8882efdc70e99a16c76417f7d66d100eaf36
tidy-html5,2021-07-29,https://storage.googleapis.com/oss-fuzz-coverage/tidy-html5/reports/20210729/linux/report.html,downloaded,4406,ac8ce4d95762f22b7e148877bef04e569cd7638f3e10252df2b1ba423713b680
tidy-html5,2021-07-30,https://storage.googleapis.com/oss-fuzz-coverage/tidy-html5/reports/20210730/linux/report.html,downloaded,4406,5dcf875b1b8dba6f148e8dcb7852406822367ca0503de0c6b9cff3e889f27d72
tidy-html5,2021-07-31,https://storage.googleapis.com/oss-fuzz-coverage/tidy-html5/reports/20210731/linux/report.html,downloaded,4406,2ec5e97192bd13355f3647b06da4899bfeab8549eb582ffb3484c8bbf346f501
tidy-html5,2021-08-01,https://storage.googleapis.com/oss-fuzz-coverage/tidy-html5/reports/20210801/linux/report.html,downloaded,4406,f4e0c7c44f1ddae4406d30d9a82573023dc8d971a18b5e581eb933a57cf4b6c0
tidy-html5,2021-08-02,https://storage.googleapis.com/oss-fuzz-coverage/tidy-html5/reports/20210802/linux/report.html,downloaded,4406,1ade782e4c63c84d3001477281775007c0a48005e9509c5a414a0cfb08208600
tidy-html5,2021-08-03,https://storage.googleapis.com/oss-fuzz-coverage/tidy-html5/reports/20210803/linux/report.html,downloaded,4406,4a5c3c75e8096b40366e16b4a7cc660e1a047b2d1095013e60ce8c6c98d7e6fb
tidy-html5,2021-08-04,https://storage.googleapis.com/oss-fuzz-coverage/tidy-html5/reports/20210804/linux/report.html,downloaded,4406,a30b80796cc5d5c3b62804827bee9da9b29db2eb41114007d87344e2dababdf4
tidy-html5,2021-08-05,https://storage.googleapis.com/oss-fuzz-coverage/tidy-html5/reports/20210805/linux/report.html,downloaded,4406,9a1e42fb172168c76316811d1524b7d06b748e56a791cb212e8a400ac8395c6d
tidy-html5,2021-08-06,https://storage.googleapis.com/oss-fuzz-coverage/tidy-html5/reports/20210806/linux/report.html,downloaded,4406,9fa8cbbff2f3c9d3581558cf91373135b89b9396c6e7ae63e1007c20c0b1c144
tidy-html5,2021-08-07,https://storage.googleapis.com/oss-fuzz-coverage/tidy-html5/reports/20210807/linux/report.html,downloaded,4406,df9d4b062fc37ba80574a6b0a1ffb321610198a0398f242677a8e1f817bb23c2
tidy-html5,2021-08-08,https://storage.googleapis.com/oss-fuzz-coverage/tidy-html5/reports/20210808/linux/report.html,downloaded,4406,e7d667f2a9b144eabde31374f62841673c4406564c6ef18694b0a25645088242
tidy-html5,2021-08-09,https://storage.googleapis.com/oss-fuzz-coverage/tidy-html5/reports/20210809/linux/report.html,downloaded,4406,e7d667f2a9b144eabde31374f62841673c4406564c6ef18694b0a25645088242
tidy-html5,2021-08-10,https://storage.googleapis.com/oss-fuzz-coverage/tidy-html5/reports/20210810/linux/report.html,downloaded,4406,4fb9b4646cc90954a3e1d2672783188d573428eb1942d07dd28a44a051a7e3a7
tidy-html5,2021-08-11,https://storage.googleapis.com/oss-fuzz-coverage/tidy-html5/reports/20210811/linux/report.html,missing_404,0,
tidy-html5,2021-08-12,https://storage.googleapis.com/oss-fuzz-coverage/tidy-html5/reports/20210812/linux/report.html,downloaded,4406,c4a2570ea991cffbea2354fea43f941503f248b6ee8dd894390a9a8196c21b33
tidy-html5,2021-08-13,https://storage.googleapis.com/oss-fuzz-coverage/tidy-html5/reports/20210813/linux/report.html,downloaded,4406,e7d667f2a9b144eabde31374f62841673c4406564c6ef18694b0a25645088242
tidy-html5,2021-08-14,https://storage.googleapis.com/oss-fuzz-coverage/tidy-html5/reports/20210814/linux/report.html,downloaded,4406,df9d4b062fc37ba80574a6b0a1ffb321610198a0398f242677a8e1f817bb23c2
tidy-html5,2021-08-15,https://storage.googleapis.com/oss-fuzz-coverage/tidy-html5/reports/20210815/linux/report.html,downloaded,4402,d569ec3a45eae12dfc60b2b25021309e57b674fe86381e9434af09e92ec716a1
tidy-html5,2021-08-16,https://storage.googleapis.com/oss-fuzz-coverage/tidy-html5/reports/20210816/linux/report.html,downloaded,4402,d569ec3a45eae12dfc60b2b25021309e57b674fe86381e9434af09e92ec716a1
tidy-html5,2021-08-17,https://storage.googleapis.com/oss-fuzz-coverage/tidy-html5/reports/20210817/linux/report.html,missing_404,0,
tidy-html5,2021-08-18,https://storage.googleapis.com/oss-fuzz-coverage/tidy-html5/reports/20210818/linux/report.html,missing_404,0,
tidy-html5,2021-08-19,https://storage.googleapis.com/oss-fuzz-coverage/tidy-html5/reports/20210819/linux/report.html,missing_404,0,
tidy-html5,2021-08-20,https://storage.googleapis.com/oss-fuzz-coverage/tidy-html5/reports/20210820/linux/report.html,missing_404,0,
tidy-html5,2021-08-21,https://storage.googleapis.com/oss-fuzz-coverage/tidy-html5/reports/20210821/linux/report.html,missing_404,0,
tidy-html5,2021-08-22,https://storage.googleapis.com/oss-fuzz-coverage/tidy-html5/reports/20210822/linux/report.html,missing_404,0,
tidy-html5,2021-08-23,https://storage.googleapis.com/oss-fuzz-coverage/tidy-html5/reports/20210823/linux/report.html,missing_404,0,
tidy-html5,2021-08-24,https://storage.googleapis.com/oss-fuzz-coverage/tidy-html5/reports/20210824/linux/report.html,missing_404,0,
tidy-html5,2021-08-25,https://storage.googleapis.com/oss-fuzz-coverage/tidy-html5/reports/20210825/linux/report.html,missing_404,0,
tidy-html5,2021-08-26,https://storage.googleapis.com/oss-fuzz-coverage/tidy-html5/reports/20210826/linux/report.html,missing_404,0,
tidy-html5,2021-08-27,https://storage.googleapis.com/oss-fuzz-coverage/tidy-html5/reports/20210827/linux/report.html,missing_404,0,
tidy-html5,2021-08-28,https://storage.googleapis.com/oss-fuzz-coverage/tidy-html5/reports/20210828/linux/report.html,missing_404,0,
tidy-html5,2021-08-29,https://storage.googleapis.com/oss-fuzz-coverage/tidy-html5/reports/20210829/linux/report.html,missing_404,0,
tidy-html5,2021-08-30,https://storage.googleapis.com/oss-fuzz-coverage/tidy-html5/reports/20210830/linux/report.html,missing_404,0,
tidy-html5,2021-08-31,https://storage.googleapis.com/oss-fuzz-coverage/tidy-html5/reports/20210831/linux/report.html,missing_404,0,
tidy-html5,2021-09-01,https://storage.googleapis.com/oss-fuzz-coverage/tidy-html5/reports/20210901/linux/report.html,missing_404,0,
tidy-html5,2021-09-02,https://storage.googleapis.com/oss-fuzz-coverage/tidy-html5/reports/20210902/linux/report.html,missing_404,0,
tidy-html5,2021-09-03,https://storage.googleapis.com/oss-fuzz-coverage/tidy-html5/reports/20210903/linux/report.html,missing_404,0,
tidy-html5,2021-09-04,https://storage.googleapis.com/oss-fuzz-coverage/tidy-html5/reports/20210904/linux/report.html,missing_404,0,
tidy-html5,2021-09-05,https://storage.googleapis.com/oss-fuzz-coverage/tidy-html5/reports/20210905/linux/report.html,missing_404,0,
tidy-html5,2021-09-06,https://storage.googleapis.com/oss-fuzz-coverage/tidy-html5/reports/20210906/linux/report.html,missing_404,0,
tidy-html5,2021-09-07,https://storage.googleapis.com/oss-fuzz-coverage/tidy-html5/reports/20210907/linux/report.html,missing_404,0,
tidy-html5,2021-09-08,https://storage.googleapis.com/oss-fuzz-coverage/tidy-html5/reports/20210908/linux/report.html,missing_404,0,
tidy-html5,2021-09-09,https://storage.googleapis.com/oss-fuzz-coverage/tidy-html5/reports/20210909/linux/report.html,missing_404,0,
tidy-html5,2021-09-10,https://storage.googleapis.com/oss-fuzz-coverage/tidy-html5/reports/20210910/linux/report.html,missing_404,0,
tidy-html5,2021-09-11,https://storage.googleapis.com/oss-fuzz-coverage/tidy-html5/reports/20210911/linux/report.html,missing_404,0,
tidy-html5,2021-09-12,https://storage.googleapis.com/oss-fuzz-coverage/tidy-html5/reports/20210912/linux/report.html,missing_404,0,
tidy-html5,2021-09-13,https://storage.googleapis.com/oss-fuzz-coverage/tidy-html5/reports/20210913/linux/report.html,missing_404,0,
tidy-html5,2021-09-14,https://storage.googleapis.com/oss-fuzz-coverage/tidy-html5/reports/20210914/linux/report.html,missing_404,0,
wuffs,2020-01-07,https://storage.googleapis.com/oss-fuzz-coverage/wuffs/reports/20200107/linux/report.html,downloaded,4396,0386c6ac1d09feeaeb55d71fad0334b083b31ed1bc9d0b89731c6cd96bfb4aee
wuffs,2020-01-08,https://storage.googleapis.com/oss-fuzz-coverage/wuffs/reports/20200108/linux/report.html,downloaded,4396,0386c6ac1d09feeaeb55d71fad0334b083b31ed1bc9d0b89731c6cd96bfb4aee
wuffs,2020-01-09,https://storage.googleapis.com/oss-fuzz-coverage/wuffs/reports/20200109/linux/report.html,downloaded,4396,0386c6ac1d09feeaeb55d71fad0334b083b31ed1bc9d0b89731c6cd96bfb4aee
wuffs,2020-01-10,https://storage.googleapis.com/oss-fuzz-coverage/wuffs/reports/20200110/linux/report.html,downloaded,4396,0a9241564cb2306bee4422a3d986e654d51e7286c8bc53b4ca4ba4b75bf134f5
wuffs,2020-01-11,https://storage.googleapis.com/oss-fuzz-coverage/wuffs/reports/20200111/linux/report.html,downloaded,4396,0a9241564cb2306bee4422a3d986e654d51e7286c8bc53b4ca4ba4b75bf134f5
wuffs,2020-01-12,https://storage.googleapis.com/oss-fuzz-coverage/wuffs/reports/20200112/linux/report.html,downloaded,4396,cbe7a4693911cfa634e3c3d39d4bbe740cae372f77c646efa5c40c68a1a9dfd8
wuffs,2020-01-13,https://storage.googleapis.com/oss-fuzz-coverage/wuffs/reports/20200113/linux/report.html,downloaded,4396,cbe7a4693911cfa634e3c3d39d4bbe740cae372f77c646efa5c40c68a1a9dfd8
wuffs,2020-01-14,https://storage.googleapis.com/oss-fuzz-coverage/wuffs/reports/20200114/linux/report.html,downloaded,4396,cbe7a4693911cfa634e3c3d39d4bbe740cae372f77c646efa5c40c68a1a9dfd8
wuffs,2020-01-15,https://storage.googleapis.com/oss-fuzz-coverage/wuffs/reports/20200115/linux/report.html,downloaded,4396,cbe7a4693911cfa634e3c3d39d4bbe740cae372f77c646efa5c40c68a1a9dfd8
wuffs,2020-01-16,https://storage.googleapis.com/oss-fuzz-coverage/wuffs/reports/20200116/linux/report.html,downloaded,4396,55b040be116d11759da15d6a261e48e97be3d40097ac671a3c4db31a4b4e48ea
wuffs,2020-01-17,https://storage.googleapis.com/oss-fuzz-coverage/wuffs/reports/20200117/linux/report.html,downloaded,4396,55b040be116d11759da15d6a261e48e97be3d40097ac671a3c4db31a4b4e48ea
wuffs,2020-01-18,https://storage.googleapis.com/oss-fuzz-coverage/wuffs/reports/20200118/linux/report.html,downloaded,4396,55b040be116d11759da15d6a261e48e97be3d40097ac671a3c4db31a4b4e48ea
wuffs,2020-01-19,https://storage.googleapis.com/oss-fuzz-coverage/wuffs/reports/20200119/linux/report.html,downloaded,4396,55b040be116d11759da15d6a261e48e97be3d40097ac671a3c4db31a4b4e48ea
wuffs,2020-01-20,https://storage.googleapis.com/oss-fuzz-coverage/wuffs/reports/20200120/linux/report.html,downloaded,4396,55b040be116d11759da15d6a261e48e97be3d40097ac671a3c4db31a4b4e48ea
wuffs,2020-01-21,https://storage.googleapis.com/oss-fuzz-coverage/wuffs/reports/20200121/linux/report.html,downloaded,4396,55b040be116d11759da15d6a261e48e97be3d40097ac671a3c4db31a4b4e48ea
wuffs,2020-01-22,https://storage.googleapis.com/oss-fuzz-coverage/wuffs/reports/20200122/linux/report.html,downloaded,4396,55b040be116d11759da15d6a261e48e97be3d40097ac671a3c4db31a4b4e48ea
wuffs,2020-01-23,https://storage.googleapis.com/oss-fuzz-coverage/wuffs/reports/20200123/linux/report.html,downloaded,4396,55b040be116d11759da15d6a261e48e97be3d40097ac671a3c4db31a4b4e48ea
wuffs,2020-01-24,https://storage.googleapis.com/oss-fuzz-coverage/wuffs/reports/20200124/linux/report.html,downloaded,4396,55b040be116d11759da15d6a261e48e97be3d40097ac671a3c4db31a4b4e48ea
wuffs,2020-01-25,https://storage.googleapis.com/oss-fuzz-coverage/wuffs/reports/20200125/linux/report.html,downloaded,4396,55b040be116d11759da15d6a261e48e97be3d40097ac671a3c4db31a4b4e48ea
wuffs,2020-01-26,https://storage.googleapis.com/oss-fuzz-coverage/wuffs/reports/20200126/linux/report.html,downloaded,4396,55b040be116d11759da15d6a261e48e97be3d40097ac671a3c4db31a4b4e48ea
wuffs,2020-01-27,https://storage.googleapis.com/oss-fuzz-coverage/wuffs/reports/20200127/linux/report.html,downloaded,4396,55b040be116d11759da15d6a261e48e97be3d40097ac671a3c4db31a4b4e48ea
wuffs,2020-01-28,https://storage.googleapis.com/oss-fuzz-coverage/wuffs/reports/20200128/linux/report.html,downloaded,4396,ebc45694f5c109c87c3955e55a216db98f07e6b97113a61d0beca2b1c81f9897
wuffs,2020-01-29,https://storage.googleapis.com/oss-fuzz-coverage/wuffs/reports/20200129/linux/report.html,downloaded,4396,ebc45694f5c109c87c3955e55a216db98f07e6b97113a61d0beca2b1c81f9897
wuffs,2020-01-30,https://storage.googleapis.com/oss-fuzz-coverage/wuffs/reports/20200130/linux/report.html,downloaded,4396,ebc45694f5c109c87c3955e55a216db98f07e6b97113a61d0beca2b1c81f9897
wuffs,2020-01-31,https://storage.googleapis.com/oss-fuzz-coverage/wuffs/reports/20200131/linux/report.html,downloaded,4396,ebc45694f5c109c87c3955e55a216db98f07e6b97113a61d0beca2b1c81f9897
wuffs,2020-02-01,https://storage.googleapis.com/oss-fuzz-coverage/wuffs/reports/20200201/linux/report.html,downloaded,4396,ebc45694f5c109c87c3955e55a216db98f07e6b97113a61d0beca2b1c81f9897
wuffs,2020-02-02,https://storage.googleapis.com/oss-fuzz-coverage/wuffs/reports/20200202/linux/report.html,downloaded,4396,ebc45694f5c109c87c3955e55a216db98f07e6b97113a61d0beca2b1c81f9897
wuffs,2020-02-03,https://storage.googleapis.com/oss-fuzz-coverage/wuffs/reports/20200203/linux/report.html,downloaded,4396,ebc45694f5c109c87c3955e55a216db98f07e6b97113a61d0beca2b1c81f9897
wuffs,2020-02-04,https://storage.googleapis.com/oss-fuzz-coverage/wuffs/reports/20200204/linux/report.html,downloaded,4396,ebc45694f5c109c87c3955e55a216db98f07e6b97113a61d0beca2b1c81f9897
wuffs,2020-02-05,https://storage.googleapis.com/oss-fuzz-coverage/wuffs/reports/20200205/linux/report.html,downloaded,4396,ebc45694f5c109c87c3955e55a216db98f07e6b97113a61d0beca2b1c81f9897
wuffs,2020-02-06,https://storage.googleapis.com/oss-fuzz-coverage/wuffs/reports/20200206/linux/report.html,downloaded,4398,8fedea004a293e8fee490f97359c48eb88b66f15ba70c21bdc9d31c7434d78b9
wuffs,2020-02-07,https://storage.googleapis.com/oss-fuzz-coverage/wuffs/reports/20200207/linux/report.html,downloaded,4398,8fedea004a293e8fee490f97359c48eb88b66f15ba70c21bdc9d31c7434d78b9
wuffs,2020-02-08,https://storage.googleapis.com/oss-fuzz-coverage/wuffs/reports/20200208/linux/report.html,downloaded,4398,8fedea004a293e8fee490f97359c48eb88b66f15ba70c21bdc9d31c7434d78b9
wuffs,2020-02-09,https://storage.googleapis.com/oss-fuzz-coverage/wuffs/reports/20200209/linux/report.html,downloaded,4398,544c06360eb89c11ade5ed7aa7c11078b4db4400c8bd4fa797eee0dce8caf6bb
wuffs,2020-02-10,https://storage.googleapis.com/oss-fuzz-coverage/wuffs/reports/20200210/linux/report.html,downloaded,4398,544c06360eb89c11ade5ed7aa7c11078b4db4400c8bd4fa797eee0dce8caf6bb
wuffs,2020-02-11,https://storage.googleapis.com/oss-fuzz-coverage/wuffs/reports/20200211/linux/report.html,downloaded,4398,544c06360eb89c11ade5ed7aa7c11078b4db4400c8bd4fa797eee0dce8caf6bb
wuffs,2020-02-12,https://storage.googleapis.com/oss-fuzz-coverage/wuffs/reports/20200212/linux/report.html,downloaded,4398,544c06360eb89c11ade5ed7aa7c11078b4db4400c8bd4fa797eee0dce8caf6bb
wuffs,2020-02-13,https://storage.googleapis.com/oss-fuzz-coverage/wuffs/reports/20200213/linux/report.html,downloaded,4398,544c06360eb89c11ade5ed7aa7c11078b4db4400c8bd4fa797eee0dce8caf6bb
wuffs,2020-02-14,https://storage.googleapis.com/oss-fuzz-coverage/wuffs/reports/20200214/linux/report.html,downloaded,4398,544c06360eb89c11ade5ed7aa7c11078b4db4400c8bd4fa797eee0dce8caf6bb
wuffs,2020-02-15,https://storage.googleapis.com/oss-fuzz-coverage/wuffs/reports/20200215/linux/report.html,missing_404,0,
wuffs,2020-02-16,https://storage.googleapis.com/oss-fuzz-coverage/wuffs/reports/20200216/linux/report.html,missing_404,0,
wuffs,2020-02-17,https://storage.googleapis.com/oss-fuzz-coverage/wuffs/reports/20200217/linux/report.html,missing_404,0,
wuffs,2020-02-18,https://storage.googleapis.com/oss-fuzz-coverage/wuffs/reports/20200218/linux/report.html,downloaded,4398,4b8406c1df4bd07dcd23cd2aa33103c56718e5beb3e12c42c23897b1c461fa92
wuffs,2020-02-19,https://storage.googleapis.com/oss-fuzz-coverage/wuffs/reports/20200219/linux/report.html,downloaded,4398,4b8406c1df4bd07dcd23cd2aa33103c56718e5beb3e12c42c23897b1c461fa92
wuffs,2020-02-20,https://storage.googleapis.com/oss-fuzz-coverage/wuffs/reports/20200220/linux/report.html,downloaded,4398,da06b0b70d754c1d20200c82dc51ec040ef82fd05d5c2327b8c19af378841bdf
wuffs,2020-02-21,https://storage.googleapis.com/oss-fuzz-coverage/wuffs/reports/20200221/linux/report.html,downloaded,4398,da06b0b70d754c1d20200c82dc51ec040ef82fd05d5c2327b8c19af378841bdf
wuffs,2020-02-22,https://storage.googleapis.com/oss-fuzz-coverage/wuffs/reports/20200222/linux/report.html,downloaded,4398,142573faa029cfe21b2698f45bc9e9f8133324abfc3145a523bfe2dd4d5b53b7
wuffs,2020-02-23,https://storage.googleapis.com/oss-fuzz-coverage/wuffs/reports/20200223/linux/report.html,downloaded,4398,142573faa029cfe21b2698f45bc9e9f8133324abfc3145a523bfe2dd4d5b53b7
wuffs,2020-02-24,https://storage.googleapis.com/oss-fuzz-coverage/wuffs/reports/20200224/linux/report.html,downloaded,4398,933dcb85e1f25ae5e080d6ea58b88fabc31a37f6fd7c6dce0930e2b72cba3e39
wuffs,2020-02-25,https://storage.googleapis.com/oss-fuzz-coverage/wuffs/reports/20200225/linux/report.html,downloaded,4398,e7eec0beebd6b3cff4c08047e84e203bb8d3d32de4e5e6103bba429cf792e4ea
wuffs,2020-02-26,https://storage.googleapis.com/oss-fuzz-coverage/wuffs/reports/20200226/linux/report.html,downloaded,4398,bdb14300d42ec4c2f5e60c919aa0d9dbd765a3ea91aaedd1832ef9dba433426b
wuffs,2020-02-27,https://storage.googleapis.com/oss-fuzz-coverage/wuffs/reports/20200227/linux/report.html,downloaded,4398,7c459406f00967b1c92eee09ea5d08d641409e843fe5532f1b219f02438387ee
wuffs,2020-02-28,https://storage.googleapis.com/oss-fuzz-coverage/wuffs/reports/20200228/linux/report.html,downloaded,4398,7c459406f00967b1c92eee09ea5d08d641409e843fe5532f1b219f02438387ee
wuffs,2020-02-29,https://storage.googleapis.com/oss-fuzz-coverage/wuffs/reports/20200229/linux/report.html,downloaded,4398,7c459406f00967b1c92eee09ea5d08d641409e843fe5532f1b219f02438387ee
wuffs,2020-03-01,https://storage.googleapis.com/oss-fuzz-coverage/wuffs/reports/20200301/linux/report.html,downloaded,4398,f0f298eae7c85928cf3fd5f4154309c26e33b5d75e3f6706c3a34c7aa37f35d3
wuffs,2020-03-02,https://storage.googleapis.com/oss-fuzz-coverage/wuffs/reports/20200302/linux/report.html,downloaded,4398,bf4b3dd68e3f4c655f0871996ab1b3c9b963f11d65ae00b28e5dcd4331be7e35
wuffs,2020-03-03,https://storage.googleapis.com/oss-fuzz-coverage/wuffs/reports/20200303/linux/report.html,downloaded,4398,e8e5d4588478dfed2fa060013ae4673c0ce29a12ab97a34395a3b5c79eb7556a
wuffs,2020-03-04,https://storage.googleapis.com/oss-fuzz-coverage/wuffs/reports/20200304/linux/report.html,downloaded,4398,d955da4cfe2ecb0187c139a72e78d884b0cf72189fed684533c07f038b10af71
wuffs,2020-03-05,https://storage.googleapis.com/oss-fuzz-coverage/wuffs/reports/20200305/linux/report.html,downloaded,4398,ad5b24e48989222279284bd0976a02306b94921bbe67e93326969b4420aa199e
wuffs,2020-03-06,https://storage.googleapis.com/oss-fuzz-coverage/wuffs/reports/20200306/linux/report.html,downloaded,4398,464574be99982a647ae76bc9bdca6e0fbd7cb39fb577e4e8e9fee088290ee3f7
wuffs,2020-03-07,https://storage.googleapis.com/oss-fuzz-coverage/wuffs/reports/20200307/linux/report.html,downloaded,4398,464574be99982a647ae76bc9bdca6e0fbd7cb39fb577e4e8e9fee088290ee3f7
wuffs,2020-03-08,https://storage.googleapis.com/oss-fuzz-coverage/wuffs/reports/20200308/linux/report.html,downloaded,4398,464574be99982a647ae76bc9bdca6e0fbd7cb39fb577e4e8e9fee088290ee3f7
wuffs,2020-03-09,https://storage.googleapis.com/oss-fuzz-coverage/wuffs/reports/20200309/linux/report.html,downloaded,4398,138e87b28076b324e6c822111ca03db467d29aedb8f3950c7580f58a8f0104aa
wuffs,2020-03-10,https://storage.googleapis.com/oss-fuzz-coverage/wuffs/reports/20200310/linux/report.html,downloaded,4398,138e87b28076b324e6c822111ca03db467d29aedb8f3950c7580f58a8f0104aa
