case_id,internal_id,project,commit,parent,timestamp,selection_status,label,positive_type,negative_type,audit_rationale,s0_h0,s1_h0,s1_h1,evidence_source
C051,N005,mbedtls,28126050f2937ff69e02c35ca50ee30af6a0ad14,0f82ec67409aea9516795e301492a6ab240b4de7,2021-05-13T10:34:48+02:00,INCLUDED,VERIFIED_NEGATIVE,,N5,Removed CBC feature code disappears under the same configuration; no remaining H0 requirement.,PASS/PASS,PASS/PASS,PASS/PASS,ground-truth/build_runtime_validation.csv; raw-evidence/audited-diffs/N005.*.patch
C075,N023,mbedtls,186731b22acea22c0af32e2577c7ce1cb6e2491e,a12baf8c5fd7968859f1c4c9c0bb319d8cf08285,2023-07-26T15:47:45+01:00,INCLUDED,VERIFIED_NEGATIVE,,N1,Clang warning/prototype formatting changes no runtime harness behavior.,PASS/PASS,PASS/PASS,PASS/PASS,ground-truth/build_runtime_validation.csv; raw-evidence/audited-diffs/N023.*.patch
C008,N025,mbedtls,72da8b35210342c547a484c8e76a8d33daa1ca6f,abf0be392ab3ee13d51b3130907fdeec9930cbbf,2024-02-22T12:07:29+01:00,INCLUDED,VERIFIED_NEGATIVE,,N1,Removal of an unused private-field-access define changes no fuzz target behavior.,PASS/PASS,PASS/PASS,PASS/PASS,ground-truth/build_runtime_validation.csv; raw-evidence/audited-diffs/N025.*.patch
C076,N026,mbedtls,7f72a06e02290ee3d81f972fb88d46db20658ea2,f6eb0b8ab0adecd02ad49d7e3d037d18335cd791,2024-02-22T18:41:25+01:00,INCLUDED,VERIFIED_NEGATIVE,,N1,Blank/comment cruft removal changes no executable harness behavior.,PASS/PASS,PASS/PASS,PASS/PASS,ground-truth/build_runtime_validation.csv; raw-evidence/audited-diffs/N026.*.patch
C068,N071,solidity,dbae0fa939cf264de93d6bef6f11a2eea7a162cf,b95eebee1c1bd82ad17f89be0d03a93cae7de8b1,2019-04-24T14:03:09+02:00,INCLUDED,VERIFIED_SILENT_POSITIVE,VP4,,Commit adds per-compilation Yul string-repository reset; H0 never resets per fuzz iteration.,PASS/PASS,PASS/PASS,PASS/PASS,ground-truth/build_runtime_validation.csv; raw-evidence/audited-diffs/N071.*.patch
C059,N116,solidity,eb8af2caec99ffe65276b5f03976cd68800c0786,0b4b1045cf3e78065f446714872926cde72e5135,2022-11-09T12:12:18+01:00,INCLUDED,VERIFIED_SILENT_POSITIVE,VP4,,Paris is supported by production but absent from H0's fuzz version vector.,PASS/PASS,PASS/PASS,PASS/PASS,ground-truth/build_runtime_validation.csv; raw-evidence/audited-diffs/N116.*.patch
C011,N128,solidity,638072e8870fdcdb08f4623d21f95d56875cb51f,156871c22b10eedd5c315495c1cd2dcd4289da85,2023-11-23T06:13:25+01:00,INCLUDED,VERIFIED_SILENT_POSITIVE,VP3,,New optimizer-sequence cleaning entry and independent sequence mode are not exposed by H0.,PASS/PASS,PASS/PASS,PASS/PASS,ground-truth/build_runtime_validation.csv; raw-evidence/audited-diffs/N128.*.patch
C021,N132,solidity,85396f448f32e8d649e84b84740b52f7f2a605ed,43deb957e14da0c6cb81b936454593fd5eb5862f,2024-05-27T15:54:16-03:00,INCLUDED,VERIFIED_SILENT_POSITIVE,VP4,,Prague is supported by production but absent from H0's fuzz version vector.,PASS/PASS,PASS/PASS,PASS/PASS,ground-truth/build_runtime_validation.csv; raw-evidence/audited-diffs/N132.*.patch
C077,N182,wuffs,82a48796c8f6223a1d75a17324970351a66ca4b8,e700bcd4f897b5d6512c6c59880770a5903a8541,2018-04-05T17:09:33+10:00,INCLUDED,VERIFIED_EXPLICIT_POSITIVE,VP1,,S1+H0 fails to build while S0+H0 and S1+H1 pass.,PASS/PASS,FAIL/NOT_RUN,PASS/PASS,ground-truth/build_runtime_validation.csv; raw-evidence/audited-diffs/N182.*.patch
C022,N184,wuffs,035b138cb13cba44fc9d496365710def0270e057,977f1fe64dfe65e2d28f01ba0907cc0863326c60,2018-04-27T17:20:10+10:00,INCLUDED,VERIFIED_EXPLICIT_POSITIVE,VP1,,S1+H0 fails to build while S0+H0 and S1+H1 pass.,PASS/PASS,FAIL/NOT_RUN,PASS/PASS,ground-truth/build_runtime_validation.csv; raw-evidence/audited-diffs/N184.*.patch
C038,N185,wuffs,8827e222b1e48c0631da7168231cfd27d2da9625,eecdaba4e86dbc654326c2608ebcf0b4a1abac2a,2018-04-27T20:54:44+10:00,INCLUDED,VERIFIED_SILENT_POSITIVE,VP3,,New io_buffer reader/writer public helpers are not exposed by H0.,PASS/PASS,PASS/PASS,PASS/PASS,ground-truth/build_runtime_validation.csv; raw-evidence/audited-diffs/N185.*.patch
C070,N186,wuffs,2301c763c36f77b1a2fa42b4fae915ddb94e3db0,33ca57b5535e34211a3b08fa413a43e2c4e12b4d,2018-05-18T09:42:24+10:00,INCLUDED,VERIFIED_EXPLICIT_POSITIVE,VP1,,S1+H0 fails to build while S0+H0 and S1+H1 pass.,PASS/PASS,FAIL/NOT_RUN,PASS/PASS,ground-truth/build_runtime_validation.csv; raw-evidence/audited-diffs/N186.*.patch
C069,N188,wuffs,87ab36f8c42cefa18b35407277aad81bbc44c6ed,d59eec7936fb44eb753fa0759c059adda770bc2b,2018-05-29T14:20:27+10:00,INCLUDED,VERIFIED_EXPLICIT_POSITIVE,VP1,,S1+H0 fails to build while S0+H0 and S1+H1 pass.,PASS/PASS,FAIL/NOT_RUN,PASS/PASS,ground-truth/build_runtime_validation.csv; raw-evidence/audited-diffs/N188.*.patch
C049,N193,wuffs,26ce04ab643c6a9b3284616ded671fae9b987a58,bc702b4c2b579ee63baf9d15cfe582b6d6fbd810,2018-06-11T10:42:29+10:00,INCLUDED,VERIFIED_NEGATIVE,,N6,The new error return is already satisfied by H0's exact-sized allocation; API behavior remains exercised.,PASS/PASS,PASS/PASS,PASS/PASS,ground-truth/build_runtime_validation.csv; raw-evidence/audited-diffs/N193.*.patch
C036,N198,wuffs,9514b12c7f0a36a4bbab178d0d5fcb1b87a34011,004706d430c8b1e5f647ad531897416786329111,2018-07-21T21:45:33+10:00,INCLUDED,VERIFIED_EXPLICIT_POSITIVE,VP1,,S1+H0 fails to build while S0+H0 and S1+H1 pass.,PASS/PASS,FAIL/NOT_RUN,PASS/PASS,ground-truth/build_runtime_validation.csv; raw-evidence/audited-diffs/N198.*.patch
C052,N199,wuffs,3c50ada2c662c257050f9e44cb1f066e3cf9b2be,af7b15bc17ea5707cb7d6f7bdea232bc2a940df0,2018-07-26T17:12:19+00:00,INCLUDED,VERIFIED_NEGATIVE,,N1,Spelling-only production and harness edits introduce no testing requirement.,PASS/PASS,PASS/PASS,PASS/PASS,ground-truth/build_runtime_validation.csv; raw-evidence/audited-diffs/N199.*.patch
C020,N201,wuffs,9c04249bfec848b890e61b302efbb5925e8338a8,54e5ea7f1546eae032b0090552462ae6203d2210,2018-08-26T23:22:45+10:00,INCLUDED,VERIFIED_EXPLICIT_POSITIVE,VP1,,S1+H0 fails to build while S0+H0 and S1+H1 pass.,PASS/PASS,FAIL/NOT_RUN,PASS/PASS,ground-truth/build_runtime_validation.csv; raw-evidence/audited-diffs/N201.*.patch
C072,N202,wuffs,8b1e023e6aaba1235bfdd8603d26e768dc87db5b,a3269e160e1a4de2dc632ea6c621a7162a9497ed,2018-09-02T14:56:53+10:00,INCLUDED,VERIFIED_SILENT_POSITIVE,VP4,,New image_config work-buffer requirement is not queried by H0.,PASS/PASS,PASS/PASS,PASS/PASS,ground-truth/build_runtime_validation.csv; raw-evidence/audited-diffs/N202.*.patch
C028,N203,wuffs,555a72d7a9e0fa3a2ecc810b2af820252f9c4fdf,8b1e023e6aaba1235bfdd8603d26e768dc87db5b,2018-09-02T15:08:00+10:00,INCLUDED,VERIFIED_EXPLICIT_POSITIVE,VP1,,S1+H0 fails to build while S0+H0 and S1+H1 pass.,PASS/PASS,FAIL/NOT_RUN,PASS/PASS,ground-truth/build_runtime_validation.csv; raw-evidence/audited-diffs/N203.*.patch
C030,N206,wuffs,180ce5e4813514c96def18d0b1a528b6b56326f1,399a7af6ef40f67976fc217407f1f210c90ecf29,2018-09-09T21:31:37+10:00,INCLUDED,VERIFIED_SILENT_POSITIVE,VP3,,New malloc_slice_u8 public helper is not exposed by H0.,PASS/PASS,PASS/PASS,PASS/PASS,ground-truth/build_runtime_validation.csv; raw-evidence/audited-diffs/N206.*.patch
C037,N207,wuffs,fc1002cb89df52c0f9e08421bf38d5862444e62d,4023294ba27b7a67e6b86b1d48a321c26286972e,2018-11-17T21:52:26+11:00,INCLUDED,VERIFIED_SILENT_POSITIVE,VP2,,Implemented decoder workbuf_len path is barely exercised by H0.,PASS/PASS,PASS/PASS,PASS/PASS,ground-truth/build_runtime_validation.csv; raw-evidence/audited-diffs/N207.*.patch
C079,N209,wuffs,dd94ad3821f1e7b6d9c9018069285638e99212fe,ce96837b4014e62357081fdb8a168c8479eb80c5,2018-12-28T16:14:03+11:00,INCLUDED,VERIFIED_NEGATIVE,,N1,A local variable rename preserves source behavior and harness scope.,PASS/PASS,PASS/PASS,PASS/PASS,ground-truth/build_runtime_validation.csv; raw-evidence/audited-diffs/N209.*.patch
C009,N211,wuffs,670b45be53be4c6ddd4d5183b307092ea041915e,fc66207b5913bfafe45bde6d597e9902163ca147,2019-02-02T08:10:08+11:00,INCLUDED,VERIFIED_NEGATIVE,,N1,Comment separators only; no executable behavior or harness requirement changes.,PASS/PASS,PASS/PASS,PASS/PASS,ground-truth/build_runtime_validation.csv; raw-evidence/audited-diffs/N211.*.patch
C029,N212,wuffs,5f7c807729c2b3058b512e485c8fc1b1fe3056f2,4af1b88ef8a5a93bb0b7d77fcc41d3a91d171614,2019-02-02T16:17:10+11:00,INCLUDED,VERIFIED_NEGATIVE,,N1,Generated constant macros alias the same values and H0 remains valid.,PASS/PASS,PASS/PASS,PASS/PASS,ground-truth/build_runtime_validation.csv; raw-evidence/audited-diffs/N212.*.patch
C003,N215,wuffs,0842bc71157ce7a2cc875dea5dcb167b4177cfa8,f8daf3d219f42303eae7bb65a4225acd3b5a9519,2019-02-09T13:56:24+11:00,INCLUDED,VERIFIED_SILENT_POSITIVE,VP5,,Commit changes dirty-rectangle invariant but H0 has no oracle for it.,PASS/PASS,PASS/PASS,PASS/PASS,ground-truth/build_runtime_validation.csv; raw-evidence/audited-diffs/N215.*.patch
C002,N216,wuffs,d7f434c6e454531c4a029c54f2067701270fe77b,6974c4d62984f76eb67e6c047df2ac4a8c71e6d5,2019-02-23T14:29:16+11:00,INCLUDED,VERIFIED_SILENT_POSITIVE,VP5,,Commit changes truncated-input dirty-rect behavior; H0 observes status only.,PASS/PASS,PASS/PASS,PASS/PASS,ground-truth/build_runtime_validation.csv; raw-evidence/audited-diffs/N216.*.patch
C055,N218,wuffs,e6db7f6a40dc5ad3517a341f230bc0c7b6891620,c50f16e58bfed7daae92280f689ad766187b97e2,2020-01-05T10:48:20+11:00,INCLUDED,VERIFIED_EXPLICIT_POSITIVE,VP1,,S1+H0 fails to build while S0+H0 and S1+H1 pass.,PASS/PASS,FAIL/NOT_RUN,PASS/PASS,ground-truth/build_runtime_validation.csv; raw-evidence/audited-diffs/N218.*.patch
C050,N222,wuffs,2914bae3b278d7b645fe14ddd1e3de46d2ad781c,51b1258b61754cfc617013ef30a8addc3ebcf4e0,2020-02-26T09:40:30+11:00,INCLUDED,VERIFIED_NEGATIVE,,N1,Function-signature formatting only; declarations and calls are semantically unchanged.,PASS/PASS,PASS/PASS,PASS/PASS,ground-truth/build_runtime_validation.csv; raw-evidence/audited-diffs/N222.*.patch
C015,N223,wuffs,21682f403fb60fc2fcf7e2e90b9ad235e7efa3dc,6b29f32564f6f60be12091d9bfdf25e81788b60b,2020-02-29T23:11:33+11:00,INCLUDED,VERIFIED_SILENT_POSITIVE,VP3,,New JSON decoder entry has no fuzz target in the H0 portfolio.,PASS/PASS,PASS/PASS,PASS/PASS,ground-truth/build_runtime_validation.csv; raw-evidence/audited-diffs/N223.*.patch
C046,N225,wuffs,fdac24a42540b8d35bb1236d2657adfeb7356232,01abc847846f8c5a58662080024cd60c87a5fb53,2020-03-06T21:53:08+11:00,INCLUDED,VERIFIED_NEGATIVE,,N1,Constant rename is applied consistently and changes no input/state requirement.,PASS/PASS,PASS/PASS,PASS/PASS,ground-truth/build_runtime_validation.csv; raw-evidence/audited-diffs/N225.*.patch
C043,N226,wuffs,3bfed6d81277a84a1b5c81f00c6e1136cb824e2c,59eab68360aec334214460e12bd8bad415337129,2020-03-24T17:44:47+11:00,INCLUDED,VERIFIED_EXPLICIT_POSITIVE,VP1,,S1+H0 fails to build while S0+H0 and S1+H1 pass.,PASS/PASS,FAIL/NOT_RUN,PASS/PASS,ground-truth/build_runtime_validation.csv; raw-evidence/audited-diffs/N226.*.patch
C058,N228,wuffs,462f86675d89db5b6f25793c31e5e466943eb4ae,7d684f94ae1fc6444202a7bfa7fb778a293a9c89,2020-04-01T23:01:51+11:00,INCLUDED,VERIFIED_SILENT_POSITIVE,VP4,,Extended token values introduce signed semantics not generated by H0.,PASS/PASS,PASS/PASS,PASS/PASS,ground-truth/build_runtime_validation.csv; raw-evidence/audited-diffs/N228.*.patch
C017,N231,wuffs,28ef6a786261e02410bb63e95251003c25bb1fb9,2397d029971f1a9bf8f154f3c1f9b762e156c64d,2020-08-10T22:29:08+10:00,INCLUDED,VERIFIED_SILENT_POSITIVE,VP3,,New CBOR decoder entry has no target in H0.,PASS/PASS,PASS/PASS,PASS/PASS,ground-truth/build_runtime_validation.csv; raw-evidence/audited-diffs/N231.*.patch
C078,N233,wuffs,fa50f4de67da25a320584164ed12869603898a16,2912ea8e286a694a980c4d2701a533608e65fb2c,2020-09-21T11:07:36+10:00,INCLUDED,VERIFIED_SILENT_POSITIVE,VP4,,New trailing-comment quirk cannot be enabled by H0's fixed quirk set.,PASS/PASS,PASS/PASS,PASS/PASS,ground-truth/build_runtime_validation.csv; raw-evidence/audited-diffs/N233.*.patch
C044,N234,wuffs,cd4cbc9102e7c58ecd6561d8c2d2055f76de4141,3e8cb4ebf8a0b024549e1086c7ed65d5df0fe8fa,2020-09-22T22:22:15+10:00,INCLUDED,VERIFIED_SILENT_POSITIVE,VP4,,Trailing-comment/newline quirks become incompatible but H0 aliases and combines them.,PASS/PASS,PASS/PASS,PASS/PASS,ground-truth/build_runtime_validation.csv; raw-evidence/audited-diffs/N234.*.patch
C062,N235,wuffs,0de64ee8b77fc14bb19c240f37ff39ab20d1783f,b2fe296a43630823c1ec80c716bed088bd29035e,2021-01-21T22:49:57+11:00,INCLUDED,VERIFIED_NEGATIVE,,N6,The prior checksum quirk API remains compatible and H0 reaches the same behavior.,PASS/PASS,PASS/PASS,PASS/PASS,ground-truth/build_runtime_validation.csv; raw-evidence/audited-diffs/N235.*.patch
C041,N236,wuffs,2f78804e6236e1e0adb0d9b26546824423a38263,07b5e017e10686c12751a46f17a909fa64783ce0,2021-01-23T19:29:19+11:00,INCLUDED,VERIFIED_NEGATIVE,,N1,Terminology-only edits introduce no executable testing requirement.,PASS/PASS,PASS/PASS,PASS/PASS,ground-truth/build_runtime_validation.csv; raw-evidence/audited-diffs/N236.*.patch
C071,N237,wuffs,d8796aa6d92adf76e4bbea3ac2d5d7a599491285,a12771373e00ba66805abe28504350d5e22d7728,2021-06-25T23:46:12+10:00,INCLUDED,VERIFIED_SILENT_POSITIVE,VP3,,New rotate-right public helper is not exposed by H0.,PASS/PASS,PASS/PASS,PASS/PASS,ground-truth/build_runtime_validation.csv; raw-evidence/audited-diffs/N237.*.patch
C048,N238,wuffs,d5075c7e9468ad039ca878f8db2ebf49c6dd1668,16b51dd2a4b147ca86597ec7bbdb299e2df3cad5,2021-11-02T14:07:58+11:00,INCLUDED,VERIFIED_NEGATIVE,,N1,C loop-variable scope cleanup preserves behavior and reachability.,PASS/PASS,PASS/PASS,PASS/PASS,ground-truth/build_runtime_validation.csv; raw-evidence/audited-diffs/N238.*.patch
C004,S022,wuffs,99b8c1cb9e69459addae9d5567899126c14a83e2,623290ef87f657935f3b1b411a64dfb96baba1d4,2022-05-23T16:21:51+10:00,INCLUDED,VERIFIED_NEGATIVE,,N1,The Bzip2 quirk edit adds a comment only; decoder behavior and configuration are unchanged.,PASS/PASS,PASS/PASS,PASS/PASS,ground-truth/build_runtime_validation.csv; raw-evidence/audited-diffs/S022.*.patch
C005,N240,wuffs,94df43c530c8b81e8bd761c40742f6cb75f7f2df,56fae16567de5f5966ee77f6acaf8517cd23e262,2023-05-19T22:32:15+10:00,INCLUDED,VERIFIED_EXPLICIT_POSITIVE,VP1,,S1+H0 fails to build while S0+H0 and S1+H1 pass.,PASS/PASS,FAIL/NOT_RUN,PASS/PASS,ground-truth/build_runtime_validation.csv; raw-evidence/audited-diffs/N240.*.patch
C066,S029,wuffs,f43246e3bbd22edf8d3b3218a3ab8c3265bdf0fb,d6cc52505942430c4f67b2c0e03a87d131caff9f,2023-06-08T22:47:22+10:00,INCLUDED,VERIFIED_NEGATIVE,,N1,The CBOR source change corrects a BEGIN/END comment typo only.,PASS/PASS,PASS/PASS,PASS/PASS,ground-truth/build_runtime_validation.csv; raw-evidence/audited-diffs/S029.*.patch
C042,S028,wuffs,04344db3748cd491c90b2f9532a9974a53b55139,7511bda9e54ea5776b3836cfd47d474184e81ac6,2023-06-11T12:28:55+10:00,INCLUDED,VERIFIED_NEGATIVE,,N1,Generator marker comments and the corresponding patch rule are removed; runtime conversion semantics are unchanged.,PASS/PASS,PASS/PASS,PASS/PASS,ground-truth/build_runtime_validation.csv; raw-evidence/audited-diffs/S028.*.patch
C047,S027,wuffs,724aec33dfaea6a8e633e5d74e90d5bb2aaa3881,43beae1d3da02f2509436c3a9d24b3cb5ac2287c,2023-06-13T22:37:28+10:00,INCLUDED,VERIFIED_NEGATIVE,,N1,Generated pointer-to-array expressions lose redundant parentheses only.,PASS/PASS,PASS/PASS,PASS/PASS,ground-truth/build_runtime_validation.csv; raw-evidence/audited-diffs/S027.*.patch
C024,S033,wuffs,48fa7182f41328294149b75b6bd01fc17640a285,36323abf87d800f45e23c1fab8108315c0e853f2,2023-06-19T13:19:24+10:00,INCLUDED,VERIFIED_NEGATIVE,,N1,The JPEG UNZIG edits are comments only.,PASS/PASS,PASS/PASS,PASS/PASS,ground-truth/build_runtime_validation.csv; raw-evidence/audited-diffs/S033.*.patch
C073,S032,wuffs,1acd74482a5c1c1963c50abc40dfc4b1d59aa5ae,38205517d450a73b317fb744350a8ae317735b51,2023-06-20T17:33:08+10:00,INCLUDED,VERIFIED_NEGATIVE,,N1,The JPEG EXTEND edits are comments only.,PASS/PASS,PASS/PASS,PASS/PASS,ground-truth/build_runtime_validation.csv; raw-evidence/audited-diffs/S032.*.patch
C061,S031,wuffs,255516bc210aa1cb67c9bc5ec460b3c79c033981,d9c7740ea6c4a450401c393787838436895b87bb,2023-06-21T22:50:49+10:00,INCLUDED,VERIFIED_NEGATIVE,,N1,The JPEG Huffman-LUT edits add and clarify comments without changing statements.,PASS/PASS,PASS/PASS,PASS/PASS,ground-truth/build_runtime_validation.csv; raw-evidence/audited-diffs/S031.*.patch
C006,S025,wuffs,bfc7fc2f458f70b4dadaa7877f05d63db4a249df,51bc60ef9298cb2efc1b29a9681191f66d49820d,2023-07-23T22:04:02+10:00,INCLUDED,VERIFIED_NEGATIVE,,N1,The JPEG AVX2 change adds a GCC explanatory comment only.,PASS/PASS,PASS/PASS,PASS/PASS,ground-truth/build_runtime_validation.csv; raw-evidence/audited-diffs/S025.*.patch
C074,S026,wuffs,2687d1daafd1917e9b68a008ee5b2a759f75822e,bfc7fc2f458f70b4dadaa7877f05d63db4a249df,2023-07-23T22:11:19+10:00,INCLUDED,VERIFIED_NEGATIVE,,N3,Integer constants are rewritten to avoid pedantic overflow diagnostics; the same upsampling route remains exposed.,PASS/PASS,PASS/PASS,PASS/PASS,ground-truth/build_runtime_validation.csv; raw-evidence/audited-diffs/S026.*.patch
C065,S024,wuffs,3dbfb00c42ba0eecfbf0f87c6fb28ea2a7a72606,2687d1daafd1917e9b68a008ee5b2a759f75822e,2023-07-29T11:48:34+10:00,INCLUDED,VERIFIED_NEGATIVE,,N1,The AVX2 upsampling change adds a compiler-explorer comment only.,PASS/PASS,PASS/PASS,PASS/PASS,ground-truth/build_runtime_validation.csv; raw-evidence/audited-diffs/S024.*.patch
C056,S023,wuffs,836a87886148fcdc69539bd70b652d07522f8e08,5afaa8911c51c0ffa39822f2300fdfff52301f28,2023-07-31T09:38:00+10:00,INCLUDED,VERIFIED_NEGATIVE,,N1,Unused pixel-conversion length locals are removed without changing conversion calls.,PASS/PASS,PASS/PASS,PASS/PASS,ground-truth/build_runtime_validation.csv; raw-evidence/audited-diffs/S023.*.patch
C060,N241,wuffs,8e42e01d3c4a9a95b608d9589d1b55a139e5ea63,6f79c182ea33e30344181598380a537d89925ebc,2023-10-04T18:45:18+11:00,INCLUDED,VERIFIED_NEGATIVE,,N6,Removing an internal LZW dependency leaves H0's GIF decoder entry and protocol sufficient.,PASS/PASS,PASS/PASS,PASS/PASS,ground-truth/build_runtime_validation.csv; raw-evidence/audited-diffs/N241.*.patch
C001,N242,wuffs,74a6ea2fcde0eaa9476d4b6bf8004bef966611d2,80b1988237b95e2ac8c8a86953f3b427ec076669,2023-10-05T23:30:42+11:00,INCLUDED,VERIFIED_NEGATIVE,,N1,License-text-only change; no executable source or harness semantics change.,PASS/PASS,PASS/PASS,PASS/PASS,ground-truth/build_runtime_validation.csv; raw-evidence/audited-diffs/N242.*.patch
C039,S030,wuffs,5336b511e03b6166e6c2b8eed260e4d2b3fc1ae5,be2eb64a51063e0c11c7722ea3772703ba53ab69,2023-10-06T14:16:21+11:00,INCLUDED,VERIFIED_NEGATIVE,,N5,XXHash SIMD documentation changes are outside the JSON harness target and contain no executable change.,PASS/PASS,PASS/PASS,PASS/PASS,ground-truth/build_runtime_validation.csv; raw-evidence/audited-diffs/S030.*.patch
C025,N243,wuffs,f563f32f8245aad3a5ea56ae3f74ab1643690b78,6381a325eb1b4d521115bc8933c784e13c679fcb,2023-10-06T20:52:36+02:00,INCLUDED,VERIFIED_NEGATIVE,,N1,SPDX-header-only change; no executable source or harness semantics change.,PASS/PASS,PASS/PASS,PASS/PASS,ground-truth/build_runtime_validation.csv; raw-evidence/audited-diffs/N243.*.patch
C063,S021,wuffs,ad7fda33dd5fa6243cf26df20bed1fbaccfa8601,920ac3e5c56766e5f6765531086824a8d6191a76,2023-10-15T00:13:15+11:00,INCLUDED,VERIFIED_NEGATIVE,,N3,Auxiliary constant-comparison warning cleanup leaves parser entry and input protocol unchanged.,PASS/PASS,PASS/PASS,PASS/PASS,ground-truth/build_runtime_validation.csv; raw-evidence/audited-diffs/S021.*.patch
C053,S020,wuffs,190f2490312632b5e35a9eca816108648047cc36,357bfdaef3759afe23ed36281075a9c70c8e2a0b,2023-11-04T11:20:17+11:00,INCLUDED,VERIFIED_NEGATIVE,,N1,The JPEG horizontal-rule change is comment-only.,PASS/PASS,PASS/PASS,PASS/PASS,ground-truth/build_runtime_validation.csv; raw-evidence/audited-diffs/S020.*.patch
C014,S019,wuffs,988af1c03c6a23f3a90bd5f2c8529fd3cfa8daeb,57f01ec3f68db807888ec4a72c805e0f9b2d37c3,2023-12-13T13:00:35+11:00,INCLUDED,VERIFIED_NEGATIVE,,N3,Float-conversion signedness cleanup preserves the callable conversion behavior.,PASS/PASS,PASS/PASS,PASS/PASS,ground-truth/build_runtime_validation.csv; raw-evidence/audited-diffs/S019.*.patch
C010,S018,wuffs,d40b7fbd7e6a93f9a83c8a95ec3d4eb6554c941d,016436410678ffe0651992203deb355b80aa8c24,2023-12-15T10:25:39+11:00,INCLUDED,VERIFIED_NEGATIVE,,N1,An unused internal PNG status constant is removed; no decoder behavior or requirement changes.,PASS/PASS,PASS/PASS,PASS/PASS,ground-truth/build_runtime_validation.csv; raw-evidence/audited-diffs/S018.*.patch
C035,S017,wuffs,992fd9622a3242bd7a4cca3b51e578ab7b19faac,9f42d1fbb8d9d7c3e7d7576078a2281ccba50c05,2023-12-27T17:05:54+11:00,INCLUDED,VERIFIED_NEGATIVE,,N5,A private XZ bit-vector getter is renamed consistently; it does not alter the JSON harness target or its protocol.,PASS/PASS,PASS/PASS,PASS/PASS,ground-truth/build_runtime_validation.csv; raw-evidence/audited-diffs/S017.*.patch
C064,S016,wuffs,be1b1b564c33048382adcf968c44636c747d60b8,d2ecc2014100c89e38c5a38faf5ca4d0873153b3,2024-02-09T15:09:50+11:00,INCLUDED,VERIFIED_NEGATIVE,,N1,Generated local pointer declarations are whitespace-reformatted only.,PASS/PASS,PASS/PASS,PASS/PASS,ground-truth/build_runtime_validation.csv; raw-evidence/audited-diffs/S016.*.patch
C007,N244,wuffs,bdfbdf407e265a9c1b95b9b84d9de5f2ee8044de,0c9b700df0067263a5c025011f628f938a86a496,2024-03-27T19:03:11+11:00,INCLUDED,VERIFIED_SILENT_POSITIVE,VP4,,New YA_NONPREMUL pixel format is absent from H0's format selector.,PASS/PASS,PASS/PASS,PASS/PASS,ground-truth/build_runtime_validation.csv; raw-evidence/audited-diffs/N244.*.patch
C016,S015,wuffs,da40cdf29ff7ebd9b59a406b59c07d88fefca576,b4cd9b8d3cf255a92f1328f7790826f17af0a2d9,2024-03-27T21:16:32+11:00,INCLUDED,VERIFIED_NEGATIVE,,N1,Pixel-format constants are reformatted with identical numeric values.,PASS/PASS,PASS/PASS,PASS/PASS,ground-truth/build_runtime_validation.csv; raw-evidence/audited-diffs/S015.*.patch
C032,S014,wuffs,f1a9d34494172b753dbcbe5f21a8bd2973471a7b,da40cdf29ff7ebd9b59a406b59c07d88fefca576,2024-03-27T21:42:40+11:00,INCLUDED,VERIFIED_NEGATIVE,,N3,Explicit conversion cleanup preserves pixel-swizzler inputs and dispatch.,PASS/PASS,PASS/PASS,PASS/PASS,ground-truth/build_runtime_validation.csv; raw-evidence/audited-diffs/S014.*.patch
C045,S013,wuffs,3bad76cd2c4ff149090daf9f3cf35d9f3aa34cbf,f1a9d34494172b753dbcbe5f21a8bd2973471a7b,2024-03-28T16:38:45+11:00,INCLUDED,VERIFIED_NEGATIVE,,N3,A tautological-limit comparison is made compiler-clean; accepted pixel dimensions do not change.,PASS/PASS,PASS/PASS,PASS/PASS,ground-truth/build_runtime_validation.csv; raw-evidence/audited-diffs/S013.*.patch
C040,S012,wuffs,00a01abc4ee2fb8f186ee4df9cb9a81102ebfb02,d7f6b81d313b0e00cf0329f0d3af286c8101c5f7,2024-04-05T15:30:22+11:00,INCLUDED,VERIFIED_NEGATIVE,,N3,Pointer-end calculations avoid NULL plus zero while retaining slice lengths and public calls.,PASS/PASS,PASS/PASS,PASS/PASS,ground-truth/build_runtime_validation.csv; raw-evidence/audited-diffs/S012.*.patch
C026,S011,wuffs,d8c3deb02824d666b378c36666c3afc8fad31ac8,00a01abc4ee2fb8f186ee4df9cb9a81102ebfb02,2024-04-05T15:54:33+11:00,INCLUDED,VERIFIED_NEGATIVE,,N1,Unused auxiliary DynIOBuffer allocation bookkeeping is removed outside the C fuzz entry path.,PASS/PASS,PASS/PASS,PASS/PASS,ground-truth/build_runtime_validation.csv; raw-evidence/audited-diffs/S011.*.patch
C031,S010,wuffs,7a57e2b600f2fea561534c5d5e862c891c215b44,4111785304595c2dc9f054cb09c6bfdd3195fe8d,2024-07-09T09:33:34+10:00,INCLUDED,VERIFIED_NEGATIVE,,N1,A redundant internal CPU-family macro is removed; public feature dispatch remains unchanged.,PASS/PASS,PASS/PASS,PASS/PASS,ground-truth/build_runtime_validation.csv; raw-evidence/audited-diffs/S010.*.patch
C019,S009,wuffs,ce1f59e9ce97d6006ee1feb7deb259e5eeed99ce,42b070e48793626362085ace630b1b327bbee4eb,2024-07-27T09:11:53+10:00,INCLUDED,VERIFIED_NEGATIVE,,N1,Token constants are mechanically reformatted without value changes.,PASS/PASS,PASS/PASS,PASS/PASS,ground-truth/build_runtime_validation.csv; raw-evidence/audited-diffs/S009.*.patch
C034,S008,wuffs,721e5743988a5692079ec773cbc9d065a26a5981,c89b3bc6d819bde0b569102905a67f90c3441150,2024-08-12T22:29:40+10:00,INCLUDED,VERIFIED_NEGATIVE,,N3,Equivalent preprocessor spelling avoids a compiler warning; pixel configuration semantics are unchanged.,PASS/PASS,PASS/PASS,PASS/PASS,ground-truth/build_runtime_validation.csv; raw-evidence/audited-diffs/S008.*.patch
C033,S007,wuffs,56ee4b5e7f4758c27c66001553fa38eb99549dfd,abdfa0d9469b6f687125dfaaeedc482064c232d3,2024-09-23T17:02:09+09:30,INCLUDED,VERIFIED_NEGATIVE,,N1,The image dimension limit change is documentation-only.,PASS/PASS,PASS/PASS,PASS/PASS,ground-truth/build_runtime_validation.csv; raw-evidence/audited-diffs/S007.*.patch
C054,N248,wuffs,5ec14737f3bd2668a7aeeffd7084a75c23ebbe60,22c3b002ce1deb44d567775f6048a1c446c2e58b,2025-06-10T11:33:08+10:00,INCLUDED,VERIFIED_SILENT_POSITIVE,VP4,,New Y_16LE swizzle source format is absent from H0's selector.,PASS/PASS,PASS/PASS,PASS/PASS,ground-truth/build_runtime_validation.csv; raw-evidence/audited-diffs/N248.*.patch
C057,N249,wuffs,eec7d22ea3e43942d2ddad0c16686b53201ced93,1222a6886d411eef802df4000e2858690a71712b,2025-07-15T15:34:48+10:00,INCLUDED,VERIFIED_SILENT_POSITIVE,VP4,,New BGRA_PREMUL_4X16LE paths are not selectable in H0.,PASS/PASS,PASS/PASS,PASS/PASS,ground-truth/build_runtime_validation.csv; raw-evidence/audited-diffs/N249.*.patch
C027,S006,wuffs,2560db99aa19c524880b56b0119cd8e979597490,072595ae7df55544874caf5096cd9ef4ecf1bdbb,2026-02-09T16:13:33+11:00,INCLUDED,VERIFIED_NEGATIVE,,N3,C++ warning cleanup in the STB compatibility layer does not change the Wuffs decoder protocol.,PASS/PASS,PASS/PASS,PASS/PASS,ground-truth/build_runtime_validation.csv; raw-evidence/audited-diffs/S006.*.patch
C012,S005,wuffs,0ce35fefdeb17ad340132a816f51cc59dfbe613a,327a714118291a80f40d22e6307d295f20fc5a9a,2026-06-13T09:14:48+10:00,INCLUDED,VERIFIED_NEGATIVE,,N3,A cast avoids a sign-conversion warning; input semantics and VP8 decoder state are unchanged.,PASS/PASS,PASS/PASS,PASS/PASS,ground-truth/build_runtime_validation.csv; raw-evidence/audited-diffs/S005.*.patch
C067,S004,wuffs,18488a3bd0f0fef741218104e55bca451e061edd,5daeafbc6ffc923552f7be19f261fb4364ae856b,2026-06-14T20:12:21+10:00,INCLUDED,VERIFIED_NEGATIVE,,N1,Private CLAMP/CLIP table renames preserve values and the decode path.,PASS/PASS,PASS/PASS,PASS/PASS,ground-truth/build_runtime_validation.csv; raw-evidence/audited-diffs/S004.*.patch
C018,S003,wuffs,214b63c275ad533f922ea9dde566056d8f9346ac,7b69762670c65ee28d0c864d814c273ffb84e7c3,2026-06-18T21:19:58+10:00,INCLUDED,VERIFIED_NEGATIVE,,N1,Private VP8 helper/file rename preserves the decoder entry path and call graph.,PASS/PASS,PASS/PASS,PASS/PASS,ground-truth/build_runtime_validation.csv; raw-evidence/audited-diffs/S003.*.patch
C080,N250,wuffs,85a0283cfcb446102106a92447f0e98303476acd,e3b5a7d506e0881e33c7804a10bec2611c4f9d0b,2026-07-02T22:32:20+10:00,INCLUDED,VERIFIED_SILENT_POSITIVE,VP4,,ycc_upsampling changes from boolean to model byte; H0 still supplies 1.,PASS/PASS,PASS/PASS,PASS/PASS,ground-truth/build_runtime_validation.csv; raw-evidence/audited-diffs/N250.*.patch
C013,S002,wuffs,3fce6225c9b48790db86e5c3f7b9724c47c61662,46ac36bd7b6002ffc9eff18c44dd40abc8f63493,2026-07-09T17:08:58+10:00,INCLUDED,VERIFIED_NEGATIVE,,N1,VP8 reconstruction changes are comments only; generated executable decoder statements are unchanged.,PASS/PASS,PASS/PASS,PASS/PASS,ground-truth/build_runtime_validation.csv; raw-evidence/audited-diffs/S002.*.patch
C023,S001,wuffs,0fe5509f1b7e9f62bb7edc8d541445865ab2a002,7b71d6840a11c823041948a008dafb6ca6cb7db8,2026-08-06T12:09:47+10:00,INCLUDED,VERIFIED_NEGATIVE,,N3,NULL-plus-zero avoidance changes slice implementation safety; the public slice/decoder input protocol is unchanged.,PASS/PASS,PASS/PASS,PASS/PASS,ground-truth/build_runtime_validation.csv; raw-evidence/audited-diffs/S001.*.patch
,N001,mbedtls,eccd88871767e2fba5f3a079cfdfcb77c376cf20,2f084fe02cebb83d93b10c43c6c8f875a77a03f2,2020-03-10T12:19:08+01:00,NOT_SELECTED_PRE_FREEZE,NOT_IN_DATASET,,,Screened out before freeze: not needed for the fixed strata or lacked sufficiently objective counterfactual evidence within the available historical build environment.,NOT_AUDITED_FOR_FINAL_SET,NOT_AUDITED_FOR_FINAL_SET,NOT_AUDITED_FOR_FINAL_SET,data/new_candidates.csv
,N002,mbedtls,301db669542abbd585189dd907db014cd237a4cf,b3f25b06e0ae2821e7b9b6f6a10fb0a51b7f2445,2020-05-28T11:43:41+10:00,NOT_SELECTED_PRE_FREEZE,NOT_IN_DATASET,,,Screened out before freeze: not needed for the fixed strata or lacked sufficiently objective counterfactual evidence within the available historical build environment.,NOT_AUDITED_FOR_FINAL_SET,NOT_AUDITED_FOR_FINAL_SET,NOT_AUDITED_FOR_FINAL_SET,data/new_candidates.csv
,N003,mbedtls,f071024bf848eb9c67dd737091a179ee3dc8dc6c,09e34b78eeb6237a87b8ae5fd1860e7a550dccbd,2020-05-28T11:43:41+10:00,NOT_SELECTED_PRE_FREEZE,NOT_IN_DATASET,,,Screened out before freeze: not needed for the fixed strata or lacked sufficiently objective counterfactual evidence within the available historical build environment.,NOT_AUDITED_FOR_FINAL_SET,NOT_AUDITED_FOR_FINAL_SET,NOT_AUDITED_FOR_FINAL_SET,data/new_candidates.csv
,N004,mbedtls,1aec64642cd0b9490c96fdd1fa9816741d93fce4,e7e52528139f6ac38774cecd85c8fec2b1a7b7bb,2021-02-08T15:34:42+01:00,NOT_SELECTED_PRE_FREEZE,NOT_IN_DATASET,,,Screened out before freeze: not needed for the fixed strata or lacked sufficiently objective counterfactual evidence within the available historical build environment.,NOT_AUDITED_FOR_FINAL_SET,NOT_AUDITED_FOR_FINAL_SET,NOT_AUDITED_FOR_FINAL_SET,data/new_candidates.csv
,N006,mbedtls,6c2e9b6048cc688b33bd59c5ae5472e4838021a5,363eb29d4b94c000c0215dc1bdcf89c85ab89627,2021-05-19T17:54:54+02:00,NOT_SELECTED_PRE_FREEZE,NOT_IN_DATASET,,,Screened out before freeze: not needed for the fixed strata or lacked sufficiently objective counterfactual evidence within the available historical build environment.,NOT_AUDITED_FOR_FINAL_SET,NOT_AUDITED_FOR_FINAL_SET,NOT_AUDITED_FOR_FINAL_SET,data/new_candidates.csv
,N007,mbedtls,84dea01f36240592c162cd3724dc89abb25b3080,39be1410fdad87998cc345a6b808410ded100dd8,2021-06-15T11:29:26+02:00,NOT_SELECTED_PRE_FREEZE,NOT_IN_DATASET,,,Screened out before freeze: not needed for the fixed strata or lacked sufficiently objective counterfactual evidence within the available historical build environment.,NOT_AUDITED_FOR_FINAL_SET,NOT_AUDITED_FOR_FINAL_SET,NOT_AUDITED_FOR_FINAL_SET,data/new_candidates.csv
,N008,mbedtls,c0eabdc63657f784dee45167b010534cd3924cfa,e8bd0f2ed0a3d61a78781e34a328383cf8d0e38a,2021-08-03T14:09:02+02:00,NOT_SELECTED_PRE_FREEZE,NOT_IN_DATASET,,,Screened out before freeze: not needed for the fixed strata or lacked sufficiently objective counterfactual evidence within the available historical build environment.,NOT_AUDITED_FOR_FINAL_SET,NOT_AUDITED_FOR_FINAL_SET,NOT_AUDITED_FOR_FINAL_SET,data/new_candidates.csv
,N009,mbedtls,00738bf65e9021ac3e6d7d6daff1ae1f8297c303,1ab2d6966c46aaedea15dd539c7af0df91a79305,2022-02-10T18:15:42+00:00,EXISTING_GAP,NOT_IN_DATASET,,,Repeated-state probe returns 0 twice on all three sides; uninitialized DRBG lifecycle gap already exists at S0+H0 and is not shown to be aggravated.,NOT_AUDITED_FOR_FINAL_SET,NOT_AUDITED_FOR_FINAL_SET,NOT_AUDITED_FOR_FINAL_SET,data/new_candidates.csv
,N010,mbedtls,68a01a6720b12ec059df7b8f7a5861a5261c7a5e,52a428b824c544125753c651ca97c49f17d9a515,2022-10-10T11:31:58+02:00,NOT_SELECTED_PRE_FREEZE,NOT_IN_DATASET,,,Screened out before freeze: not needed for the fixed strata or lacked sufficiently objective counterfactual evidence within the available historical build environment.,NOT_AUDITED_FOR_FINAL_SET,NOT_AUDITED_FOR_FINAL_SET,NOT_AUDITED_FOR_FINAL_SET,data/new_candidates.csv
,N011,mbedtls,7aca4e44fe395e880e2603a2ad8d8311913c65ee,97d5740b7a5b25f1279e01312873c5c4568c2807,2022-10-10T14:14:13+02:00,NOT_SELECTED_PRE_FREEZE,NOT_IN_DATASET,,,Screened out before freeze: not needed for the fixed strata or lacked sufficiently objective counterfactual evidence within the available historical build environment.,NOT_AUDITED_FOR_FINAL_SET,NOT_AUDITED_FOR_FINAL_SET,NOT_AUDITED_FOR_FINAL_SET,data/new_candidates.csv
,N012,mbedtls,eabeb30c65d5f31856af46100ffe4c9fc2bd843b,228b12ce54cbe9994fb255bb176869510aec4db3,2022-10-17T07:52:51-04:00,MECHANICAL_COMPATIBILITY,NOT_IN_DATASET,,,Old HAS and new MD_CAN feature macros coexist under identical conditions; no independently verified silent inadequacy.,NOT_AUDITED_FOR_FINAL_SET,NOT_AUDITED_FOR_FINAL_SET,NOT_AUDITED_FOR_FINAL_SET,data/new_candidates.csv
,N013,mbedtls,71159f45ab8850eafb75a8f5ecb38a871b56a89b,7a389ddc847f25e4b98d07e641dac123d9e7a53c,2023-01-03T12:51:59+00:00,NOT_SELECTED_PRE_FREEZE,NOT_IN_DATASET,,,Screened out before freeze: not needed for the fixed strata or lacked sufficiently objective counterfactual evidence within the available historical build environment.,NOT_AUDITED_FOR_FINAL_SET,NOT_AUDITED_FOR_FINAL_SET,NOT_AUDITED_FOR_FINAL_SET,data/new_candidates.csv
,N014,mbedtls,8b6068b69a73c8e84c3e1a93d42cb40f4c7a32fe,cd0a5656445bb75e8fe485880b4b00c28522a66f,2023-01-05T15:42:32+00:00,NOT_SELECTED_PRE_FREEZE,NOT_IN_DATASET,,,Screened out before freeze: not needed for the fixed strata or lacked sufficiently objective counterfactual evidence within the available historical build environment.,NOT_AUDITED_FOR_FINAL_SET,NOT_AUDITED_FOR_FINAL_SET,NOT_AUDITED_FOR_FINAL_SET,data/new_candidates.csv
,N015,mbedtls,ceeaeb9439f93bebab2c031e113f763f7e5ab9bc,e4627f34dac421f43f41b4cf2c2184cdfeb97d01,2023-01-05T15:44:23+00:00,NOT_SELECTED_PRE_FREEZE,NOT_IN_DATASET,,,Screened out before freeze: not needed for the fixed strata or lacked sufficiently objective counterfactual evidence within the available historical build environment.,NOT_AUDITED_FOR_FINAL_SET,NOT_AUDITED_FOR_FINAL_SET,NOT_AUDITED_FOR_FINAL_SET,data/new_candidates.csv
,N016,mbedtls,ff36bba5dc412d3db9c53ca44e76a703cef5618a,3900bddd77a6d8466b8afb0a8237604ce19346ee,2023-01-10T23:15:27+01:00,NOT_SELECTED_PRE_FREEZE,NOT_IN_DATASET,,,Screened out before freeze: not needed for the fixed strata or lacked sufficiently objective counterfactual evidence within the available historical build environment.,NOT_AUDITED_FOR_FINAL_SET,NOT_AUDITED_FOR_FINAL_SET,NOT_AUDITED_FOR_FINAL_SET,data/new_candidates.csv
,N017,mbedtls,449bd8303eed8164b83682d2ce028dca0e49b1fa,fd13a0f85195cc5cf7e0d650713935b88a28ac52,2023-01-11T14:50:10+01:00,NOT_SELECTED_PRE_FREEZE,NOT_IN_DATASET,,,Screened out before freeze: not needed for the fixed strata or lacked sufficiently objective counterfactual evidence within the available historical build environment.,NOT_AUDITED_FOR_FINAL_SET,NOT_AUDITED_FOR_FINAL_SET,NOT_AUDITED_FOR_FINAL_SET,data/new_candidates.csv
,N018,mbedtls,1b6c09a62e5f597a7b2d95042b39f0c39b1025e1,480f683d15d63d4c9b870ae406da6166622d13da,2023-01-11T14:52:35+01:00,NOT_SELECTED_PRE_FREEZE,NOT_IN_DATASET,,,Screened out before freeze: not needed for the fixed strata or lacked sufficiently objective counterfactual evidence within the available historical build environment.,NOT_AUDITED_FOR_FINAL_SET,NOT_AUDITED_FOR_FINAL_SET,NOT_AUDITED_FOR_FINAL_SET,data/new_candidates.csv
,N019,mbedtls,bef824d394545f67917fdb41ab904bf526c124cf,33a13028e5e82247cc895f6821ee6e36c9ac67f0,2023-03-17T12:50:01+01:00,MECHANICAL_COMPATIBILITY,NOT_IN_DATASET,,,Macro-guard migration is mechanically equivalent at the commit; no independently verified silent inadequacy.,NOT_AUDITED_FOR_FINAL_SET,NOT_AUDITED_FOR_FINAL_SET,NOT_AUDITED_FOR_FINAL_SET,data/new_candidates.csv
,N020,mbedtls,7224086ebc7d0c1e2b32b556a437d36fc6cb2fcd,23fc437037811caddcf93b2a14da823103f4b53a,2023-03-17T14:19:14+01:00,NOT_SELECTED_PRE_FREEZE,NOT_IN_DATASET,,,Screened out before freeze: not needed for the fixed strata or lacked sufficiently objective counterfactual evidence within the available historical build environment.,NOT_AUDITED_FOR_FINAL_SET,NOT_AUDITED_FOR_FINAL_SET,NOT_AUDITED_FOR_FINAL_SET,data/new_candidates.csv
,N021,mbedtls,758aef60c59a9811cd96117dd7c67582e093b946,774f9debf290e80a05e7dc6d59e12a7538fbfd74,2023-04-19T13:47:43+02:00,NOT_SELECTED_PRE_FREEZE,NOT_IN_DATASET,,,Screened out before freeze: not needed for the fixed strata or lacked sufficiently objective counterfactual evidence within the available historical build environment.,NOT_AUDITED_FOR_FINAL_SET,NOT_AUDITED_FOR_FINAL_SET,NOT_AUDITED_FOR_FINAL_SET,data/new_candidates.csv
,N022,mbedtls,d4d049b88fba28ee6397d063e34b08d3837b42b6,8fa17b64f26648c931bffc2ea805ce012427085f,2023-04-19T13:47:43+02:00,NOT_SELECTED_PRE_FREEZE,NOT_IN_DATASET,,,Screened out before freeze: not needed for the fixed strata or lacked sufficiently objective counterfactual evidence within the available historical build environment.,NOT_AUDITED_FOR_FINAL_SET,NOT_AUDITED_FOR_FINAL_SET,NOT_AUDITED_FOR_FINAL_SET,data/new_candidates.csv
,N024,mbedtls,34d8bd37d9bc95291b20e67942c1f6f59bc4dc53,1e3af2485fbaa745938a6cb5392234431a53f1aa,2023-07-26T17:18:55+01:00,NOT_SELECTED_PRE_FREEZE,NOT_IN_DATASET,,,Screened out before freeze: not needed for the fixed strata or lacked sufficiently objective counterfactual evidence within the available historical build environment.,NOT_AUDITED_FOR_FINAL_SET,NOT_AUDITED_FOR_FINAL_SET,NOT_AUDITED_FOR_FINAL_SET,data/new_candidates.csv
,N027,mbedtls,b476d4bf21b220c1a78c5cb2b833d3e9b9198e22,fb2da6fb354e5bbd2bbf5300a3533ba5ad99e0cd,2024-05-23T15:33:41+01:00,NOT_SELECTED_PRE_FREEZE,NOT_IN_DATASET,,,Screened out before freeze: not needed for the fixed strata or lacked sufficiently objective counterfactual evidence within the available historical build environment.,NOT_AUDITED_FOR_FINAL_SET,NOT_AUDITED_FOR_FINAL_SET,NOT_AUDITED_FOR_FINAL_SET,data/new_candidates.csv
,N028,mbedtls,0916cd702ff56fb0d028510ba3f5891080e612b7,1004c9cacb56c20da57cfbc8ab196e5d8bbeb4a7,2024-05-23T17:01:07+01:00,NOT_SELECTED_PRE_FREEZE,NOT_IN_DATASET,,,Screened out before freeze: not needed for the fixed strata or lacked sufficiently objective counterfactual evidence within the available historical build environment.,NOT_AUDITED_FOR_FINAL_SET,NOT_AUDITED_FOR_FINAL_SET,NOT_AUDITED_FOR_FINAL_SET,data/new_candidates.csv
,N029,mbedtls,0c29cf87b19cc7545a0719ab91582e5149e0ec0b,9c2afb44bb7509a135ef9a8b6349b5617e8241d1,2025-01-29T08:18:43+00:00,NOT_SELECTED_PRE_FREEZE,NOT_IN_DATASET,,,Screened out before freeze: not needed for the fixed strata or lacked sufficiently objective counterfactual evidence within the available historical build environment.,NOT_AUDITED_FOR_FINAL_SET,NOT_AUDITED_FOR_FINAL_SET,NOT_AUDITED_FOR_FINAL_SET,data/new_candidates.csv
,N030,mbedtls,440cb2aac296d07afc9ec111977bf24d54dc4061,b90a16d58993a0503700007371fc5db42c629318,2025-03-05T09:40:08+00:00,NOT_SELECTED_PRE_FREEZE,NOT_IN_DATASET,,,Screened out before freeze: not needed for the fixed strata or lacked sufficiently objective counterfactual evidence within the available historical build environment.,NOT_AUDITED_FOR_FINAL_SET,NOT_AUDITED_FOR_FINAL_SET,NOT_AUDITED_FOR_FINAL_SET,data/new_candidates.csv
,N031,mbedtls,0cfe54e4e07736a00e4f4810130bf994d1739552,2d1f26037f586cf727fb3b334e123e765f21cf0f,2025-03-05T15:49:08+00:00,NOT_SELECTED_PRE_FREEZE,NOT_IN_DATASET,,,Screened out before freeze: not needed for the fixed strata or lacked sufficiently objective counterfactual evidence within the available historical build environment.,NOT_AUDITED_FOR_FINAL_SET,NOT_AUDITED_FOR_FINAL_SET,NOT_AUDITED_FOR_FINAL_SET,data/new_candidates.csv
,N032,mbedtls,47111a1cb1efe636d22bcdb6c3105a2a8e1a5d21,48d1c149d1c24da12768a477e629b8676ee82211,2025-03-06T11:35:00+00:00,NOT_SELECTED_PRE_FREEZE,NOT_IN_DATASET,,,Screened out before freeze: not needed for the fixed strata or lacked sufficiently objective counterfactual evidence within the available historical build environment.,NOT_AUDITED_FOR_FINAL_SET,NOT_AUDITED_FOR_FINAL_SET,NOT_AUDITED_FOR_FINAL_SET,data/new_candidates.csv
,N033,mbedtls,998760ae5db2330a6d2f09c4464cc47d2fe9b061,0a69f14abcac00bb13dcdd9dc4edd2e0996bd30e,2025-03-24T11:37:33+00:00,NOT_SELECTED_PRE_FREEZE,NOT_IN_DATASET,,,Screened out before freeze: not needed for the fixed strata or lacked sufficiently objective counterfactual evidence within the available historical build environment.,NOT_AUDITED_FOR_FINAL_SET,NOT_AUDITED_FOR_FINAL_SET,NOT_AUDITED_FOR_FINAL_SET,data/new_candidates.csv
,N034,mbedtls,4bb98be277192dcc43e2f9842d111b083073e912,d6f881e8ca133a8ca7df49cbcded4643cd72dcdb,2025-05-07T14:21:20+01:00,NOT_SELECTED_PRE_FREEZE,NOT_IN_DATASET,,,Screened out before freeze: not needed for the fixed strata or lacked sufficiently objective counterfactual evidence within the available historical build environment.,NOT_AUDITED_FOR_FINAL_SET,NOT_AUDITED_FOR_FINAL_SET,NOT_AUDITED_FOR_FINAL_SET,data/new_candidates.csv
,N035,mbedtls,bc48725b64c6ebec8dbdf1b1c4142c824a37a607,6ff9c89648962f97d1939871107798ccecd18b6e,2025-06-16T13:37:03+02:00,NOT_SELECTED_PRE_FREEZE,NOT_IN_DATASET,,,Screened out before freeze: not needed for the fixed strata or lacked sufficiently objective counterfactual evidence within the available historical build environment.,NOT_AUDITED_FOR_FINAL_SET,NOT_AUDITED_FOR_FINAL_SET,NOT_AUDITED_FOR_FINAL_SET,data/new_candidates.csv
,N036,mbedtls,a750e1be5fde58ab6ec0b2ad7b4b1f0933ac8f65,8519c3e0bae71a7563f963203b5a7bda7aee64aa,2025-07-22T14:27:47+01:00,NOT_SELECTED_PRE_FREEZE,NOT_IN_DATASET,,,Screened out before freeze: not needed for the fixed strata or lacked sufficiently objective counterfactual evidence within the available historical build environment.,NOT_AUDITED_FOR_FINAL_SET,NOT_AUDITED_FOR_FINAL_SET,NOT_AUDITED_FOR_FINAL_SET,data/new_candidates.csv
,N037,mbedtls,27a4cc9de27642cb6cf0b49a6b42bf4edc0f05e7,4e7b2543c7f9656494cf78e8f6457cb715144318,2025-08-04T15:13:34+01:00,NOT_SELECTED_PRE_FREEZE,NOT_IN_DATASET,,,Screened out before freeze: not needed for the fixed strata or lacked sufficiently objective counterfactual evidence within the available historical build environment.,NOT_AUDITED_FOR_FINAL_SET,NOT_AUDITED_FOR_FINAL_SET,NOT_AUDITED_FOR_FINAL_SET,data/new_candidates.csv
,N038,mbedtls,fe978ac1f3e6cb8bf9abd16fde4ff3932b168a45,69e117fee09a29671e0ba5d261831d56b5657d8d,2026-01-02T09:13:28+00:00,NOT_SELECTED_PRE_FREEZE,NOT_IN_DATASET,,,Screened out before freeze: not needed for the fixed strata or lacked sufficiently objective counterfactual evidence within the available historical build environment.,NOT_AUDITED_FOR_FINAL_SET,NOT_AUDITED_FOR_FINAL_SET,NOT_AUDITED_FOR_FINAL_SET,data/new_candidates.csv
,N039,proj4,a395e6e244e04dd09284e24eb1ca3ff2a7c9f37f,6bb6184a84f136f1686d51d43bfc04065e329ae5,2017-05-30T12:14:26+02:00,NOT_SELECTED_PRE_FREEZE,NOT_IN_DATASET,,,Screened out before freeze: not needed for the fixed strata or lacked sufficiently objective counterfactual evidence within the available historical build environment.,NOT_AUDITED_FOR_FINAL_SET,NOT_AUDITED_FOR_FINAL_SET,NOT_AUDITED_FOR_FINAL_SET,data/new_candidates.csv
,N040,proj4,3ef083767eaf975399243246605fddc40cc097f9,fe3e7fd972682e3fec6926a7cc66ededeab55701,2017-10-19T14:04:35+02:00,NOT_SELECTED_PRE_FREEZE,NOT_IN_DATASET,,,Screened out before freeze: not needed for the fixed strata or lacked sufficiently objective counterfactual evidence within the available historical build environment.,NOT_AUDITED_FOR_FINAL_SET,NOT_AUDITED_FOR_FINAL_SET,NOT_AUDITED_FOR_FINAL_SET,data/new_candidates.csv
,N041,proj4,d53581ab6840713e4cb24c6f735cf04e9ce0b2db,fecc6c7ef424e2af14914b88137ca98433f5530b,2017-11-11T22:20:51+01:00,NOT_SELECTED_PRE_FREEZE,NOT_IN_DATASET,,,Screened out before freeze: not needed for the fixed strata or lacked sufficiently objective counterfactual evidence within the available historical build environment.,NOT_AUDITED_FOR_FINAL_SET,NOT_AUDITED_FOR_FINAL_SET,NOT_AUDITED_FOR_FINAL_SET,data/new_candidates.csv
,N042,proj4,9419b42ade1f1d35a61c05f0f7ce9aab2eeff3c7,4478eed4f5fe9d33fe7ef34126f98d3f7aa2daa5,2020-11-01T13:34:32+01:00,NOT_SELECTED_PRE_FREEZE,NOT_IN_DATASET,,,Screened out before freeze: not needed for the fixed strata or lacked sufficiently objective counterfactual evidence within the available historical build environment.,NOT_AUDITED_FOR_FINAL_SET,NOT_AUDITED_FOR_FINAL_SET,NOT_AUDITED_FOR_FINAL_SET,data/new_candidates.csv
,N043,proj4,9e50c8c0e207191c4c7bb6883f7ad485df04fc2c,9419b42ade1f1d35a61c05f0f7ce9aab2eeff3c7,2020-11-01T14:56:17+01:00,NOT_SELECTED_PRE_FREEZE,NOT_IN_DATASET,,,Screened out before freeze: not needed for the fixed strata or lacked sufficiently objective counterfactual evidence within the available historical build environment.,NOT_AUDITED_FOR_FINAL_SET,NOT_AUDITED_FOR_FINAL_SET,NOT_AUDITED_FOR_FINAL_SET,data/new_candidates.csv
,N044,proj4,aa46197d66ce70ece382bf955326c46b13f35864,e2dd223c5601b387cd622b88583e857b03e9fade,2020-11-14T22:55:31+01:00,NOT_SELECTED_PRE_FREEZE,NOT_IN_DATASET,,,Screened out before freeze: not needed for the fixed strata or lacked sufficiently objective counterfactual evidence within the available historical build environment.,NOT_AUDITED_FOR_FINAL_SET,NOT_AUDITED_FOR_FINAL_SET,NOT_AUDITED_FOR_FINAL_SET,data/new_candidates.csv
,N045,proj4,319a879a1252a8b56aaa63bc3e173019119ad01b,a390c57ab5998154535d7ffbc7de04aad2a73910,2022-07-07T15:55:56+02:00,NOT_SELECTED_PRE_FREEZE,NOT_IN_DATASET,,,Screened out before freeze: not needed for the fixed strata or lacked sufficiently objective counterfactual evidence within the available historical build environment.,NOT_AUDITED_FOR_FINAL_SET,NOT_AUDITED_FOR_FINAL_SET,NOT_AUDITED_FOR_FINAL_SET,data/new_candidates.csv
,N046,proj4,f090353792c0530a7aa5d02e44ad9b236986757b,ae5b08e88321221e2a7fd513859762b59566b994,2023-01-23T20:07:23+01:00,NOT_SELECTED_PRE_FREEZE,NOT_IN_DATASET,,,Screened out before freeze: not needed for the fixed strata or lacked sufficiently objective counterfactual evidence within the available historical build environment.,NOT_AUDITED_FOR_FINAL_SET,NOT_AUDITED_FOR_FINAL_SET,NOT_AUDITED_FOR_FINAL_SET,data/new_candidates.csv
,N047,proj4,b57acc864a11a93d719c9880431f7edff36397d3,498d409835bb3e3d0f0a2debb3303b1bf89f9ca6,2024-02-22T08:37:16+13:00,NOT_SELECTED_PRE_FREEZE,NOT_IN_DATASET,,,Screened out before freeze: not needed for the fixed strata or lacked sufficiently objective counterfactual evidence within the available historical build environment.,NOT_AUDITED_FOR_FINAL_SET,NOT_AUDITED_FOR_FINAL_SET,NOT_AUDITED_FOR_FINAL_SET,data/new_candidates.csv
,N048,selinux,595c4163f0e850322458a2db9e2b95d0afc89838,90db06c5246c6e52397b182503039cd9d4f2ab96,2024-01-22T14:54:53+01:00,NOT_SELECTED_PRE_FREEZE,NOT_IN_DATASET,,,Screened out before freeze: not needed for the fixed strata or lacked sufficiently objective counterfactual evidence within the available historical build environment.,NOT_AUDITED_FOR_FINAL_SET,NOT_AUDITED_FOR_FINAL_SET,NOT_AUDITED_FOR_FINAL_SET,data/new_candidates.csv
,N049,selinux,82d99136cfcacd612ef37f2e4ac1f2d1f277f1f6,505d1b4ce8338d3c41c66d92d41892b8389d9f18,2024-04-08T17:08:02+02:00,NOT_SELECTED_PRE_FREEZE,NOT_IN_DATASET,,,Screened out before freeze: not needed for the fixed strata or lacked sufficiently objective counterfactual evidence within the available historical build environment.,NOT_AUDITED_FOR_FINAL_SET,NOT_AUDITED_FOR_FINAL_SET,NOT_AUDITED_FOR_FINAL_SET,data/new_candidates.csv
,N050,selinux,8997f54322f5648721ce42f723432a023219f02b,daa3e6e9ba7c53c6465c13b6dd64cff643733fc4,2024-11-05T19:33:18+01:00,NOT_SELECTED_PRE_FREEZE,NOT_IN_DATASET,,,Screened out before freeze: not needed for the fixed strata or lacked sufficiently objective counterfactual evidence within the available historical build environment.,NOT_AUDITED_FOR_FINAL_SET,NOT_AUDITED_FOR_FINAL_SET,NOT_AUDITED_FOR_FINAL_SET,data/new_candidates.csv
,N051,selinux,6c8f6390bc6235a6be449585acf5fd34997f5127,b234b710370527302787474267f3d62715f340bd,2024-12-05T20:30:05+01:00,NOT_SELECTED_PRE_FREEZE,NOT_IN_DATASET,,,Screened out before freeze: not needed for the fixed strata or lacked sufficiently objective counterfactual evidence within the available historical build environment.,NOT_AUDITED_FOR_FINAL_SET,NOT_AUDITED_FOR_FINAL_SET,NOT_AUDITED_FOR_FINAL_SET,data/new_candidates.csv
,N052,selinux,d13d13eaee668812b15bc4a638d7b3437da75f78,e0f61d3b690b9e5ad550b1dbe0c9333f7a6c4971,2024-12-17T22:27:52+01:00,NOT_SELECTED_PRE_FREEZE,NOT_IN_DATASET,,,Screened out before freeze: not needed for the fixed strata or lacked sufficiently objective counterfactual evidence within the available historical build environment.,NOT_AUDITED_FOR_FINAL_SET,NOT_AUDITED_FOR_FINAL_SET,NOT_AUDITED_FOR_FINAL_SET,data/new_candidates.csv
,N053,selinux,4c2460137f46351031d494d07aee226908fd10f1,fdb7090280756a9312b7697c0422597b8f37d1bb,2025-01-15T14:13:28+01:00,NOT_SELECTED_PRE_FREEZE,NOT_IN_DATASET,,,Screened out before freeze: not needed for the fixed strata or lacked sufficiently objective counterfactual evidence within the available historical build environment.,NOT_AUDITED_FOR_FINAL_SET,NOT_AUDITED_FOR_FINAL_SET,NOT_AUDITED_FOR_FINAL_SET,data/new_candidates.csv
,N054,selinux,7b25735907ae17abacfae895a319517d00d02016,19e445e18619c62bb3060208b1ab54df13243c11,2026-06-03T11:11:30+02:00,NOT_SELECTED_PRE_FREEZE,NOT_IN_DATASET,,,Screened out before freeze: not needed for the fixed strata or lacked sufficiently objective counterfactual evidence within the available historical build environment.,NOT_AUDITED_FOR_FINAL_SET,NOT_AUDITED_FOR_FINAL_SET,NOT_AUDITED_FOR_FINAL_SET,data/new_candidates.csv
,N055,selinux,2ae2a7d0a4c9ab85eaf5824c2d25693e8aa58d80,bc9969fcc086ef676f5173ccb1177f846cdc979e,2026-08-27T08:55:12-04:00,NOT_SELECTED_PRE_FREEZE,NOT_IN_DATASET,,,Screened out before freeze: not needed for the fixed strata or lacked sufficiently objective counterfactual evidence within the available historical build environment.,NOT_AUDITED_FOR_FINAL_SET,NOT_AUDITED_FOR_FINAL_SET,NOT_AUDITED_FOR_FINAL_SET,data/new_candidates.csv
,N056,solidity,99dd28d63ec05e001f05d1e788541bf6cf16f881,2c8b77006255b15743efd0b54964227bccc07c57,2017-04-06T16:32:20+02:00,NOT_SELECTED_PRE_FREEZE,NOT_IN_DATASET,,,Screened out before freeze: not needed for the fixed strata or lacked sufficiently objective counterfactual evidence within the available historical build environment.,NOT_AUDITED_FOR_FINAL_SET,NOT_AUDITED_FOR_FINAL_SET,NOT_AUDITED_FOR_FINAL_SET,data/new_candidates.csv
,N057,solidity,3a93aec7687d435095b12ab87d489ec8a1e78a86,99dd28d63ec05e001f05d1e788541bf6cf16f881,2017-04-27T11:35:29+02:00,NOT_SELECTED_PRE_FREEZE,NOT_IN_DATASET,,,Screened out before freeze: not needed for the fixed strata or lacked sufficiently objective counterfactual evidence within the available historical build environment.,NOT_AUDITED_FOR_FINAL_SET,NOT_AUDITED_FOR_FINAL_SET,NOT_AUDITED_FOR_FINAL_SET,data/new_candidates.csv
,N058,solidity,555dc4f46fae9da72aaff70059686aa34172910b,b83f77e0e567b58c2ada831e526ad5bacfed8b40,2017-05-30T09:17:02+01:00,NOT_SELECTED_PRE_FREEZE,NOT_IN_DATASET,,,Screened out before freeze: not needed for the fixed strata or lacked sufficiently objective counterfactual evidence within the available historical build environment.,NOT_AUDITED_FOR_FINAL_SET,NOT_AUDITED_FOR_FINAL_SET,NOT_AUDITED_FOR_FINAL_SET,data/new_candidates.csv
,N059,solidity,c86181787575d8cb18eebc824bf323b63b0b5484,2d39a42d37cd03e62d0295e8137f2c411b9b1b9f,2017-08-29T00:34:39+01:00,NOT_SELECTED_PRE_FREEZE,NOT_IN_DATASET,,,Screened out before freeze: not needed for the fixed strata or lacked sufficiently objective counterfactual evidence within the available historical build environment.,NOT_AUDITED_FOR_FINAL_SET,NOT_AUDITED_FOR_FINAL_SET,NOT_AUDITED_FOR_FINAL_SET,data/new_candidates.csv
,N060,solidity,7fb4a64136af18f2b61aef71ecc33ccbbc790ec6,b364bd048ffaf233782a23dabd13622431a75aa3,2017-08-29T01:01:47+01:00,NOT_SELECTED_PRE_FREEZE,NOT_IN_DATASET,,,Screened out before freeze: not needed for the fixed strata or lacked sufficiently objective counterfactual evidence within the available historical build environment.,NOT_AUDITED_FOR_FINAL_SET,NOT_AUDITED_FOR_FINAL_SET,NOT_AUDITED_FOR_FINAL_SET,data/new_candidates.csv
,N061,solidity,1734d4456189b4a313a07e7f3e24cb01f5057fc3,27f38fb5b31b9f0c228238cf0471155498b951b7,2017-09-16T03:50:16+01:00,NOT_SELECTED_PRE_FREEZE,NOT_IN_DATASET,,,Screened out before freeze: not needed for the fixed strata or lacked sufficiently objective counterfactual evidence within the available historical build environment.,NOT_AUDITED_FOR_FINAL_SET,NOT_AUDITED_FOR_FINAL_SET,NOT_AUDITED_FOR_FINAL_SET,data/new_candidates.csv
,N062,solidity,0f29ac4e563f60be781b31ed9ef2693e1a19dcc8,dcc4083b231e3574a64b5b2a329a7401677610da,2018-02-07T02:05:20+01:00,NOT_SELECTED_PRE_FREEZE,NOT_IN_DATASET,,,Screened out before freeze: not needed for the fixed strata or lacked sufficiently objective counterfactual evidence within the available historical build environment.,NOT_AUDITED_FOR_FINAL_SET,NOT_AUDITED_FOR_FINAL_SET,NOT_AUDITED_FOR_FINAL_SET,data/new_candidates.csv
,N063,solidity,6ec4517929e8c0eca022f4771ba217db5d80beed,5a54cd5c708227ad6982b06de7b799ece5065917,2018-03-01T12:06:36+01:00,NOT_SELECTED_PRE_FREEZE,NOT_IN_DATASET,,,Screened out before freeze: not needed for the fixed strata or lacked sufficiently objective counterfactual evidence within the available historical build environment.,NOT_AUDITED_FOR_FINAL_SET,NOT_AUDITED_FOR_FINAL_SET,NOT_AUDITED_FOR_FINAL_SET,data/new_candidates.csv
,N064,solidity,9ecddb2851c1c8787b2b6e961fbcc5619053e5b2,5cf513dc7b4abd2af7734886470973bfdfe0f7aa,2018-07-20T10:46:50+02:00,NOT_SELECTED_PRE_FREEZE,NOT_IN_DATASET,,,Screened out before freeze: not needed for the fixed strata or lacked sufficiently objective counterfactual evidence within the available historical build environment.,NOT_AUDITED_FOR_FINAL_SET,NOT_AUDITED_FOR_FINAL_SET,NOT_AUDITED_FOR_FINAL_SET,data/new_candidates.csv
,N065,solidity,b6c32577523914332ce780928941e197e68eaa00,c237013911aa5bb6102e1262e6aa62178c0f02e0,2018-09-27T01:53:34+01:00,NOT_SELECTED_PRE_FREEZE,NOT_IN_DATASET,,,Screened out before freeze: not needed for the fixed strata or lacked sufficiently objective counterfactual evidence within the available historical build environment.,NOT_AUDITED_FOR_FINAL_SET,NOT_AUDITED_FOR_FINAL_SET,NOT_AUDITED_FOR_FINAL_SET,data/new_candidates.csv
,N066,solidity,24b1de7df00f065fba4e7979d815d8406fc7b13e,ea292393a3fd382c7cb9e1b18f0afaae473cd1b8,2019-01-17T11:19:54+01:00,NOT_SELECTED_PRE_FREEZE,NOT_IN_DATASET,,,Screened out before freeze: not needed for the fixed strata or lacked sufficiently objective counterfactual evidence within the available historical build environment.,NOT_AUDITED_FOR_FINAL_SET,NOT_AUDITED_FOR_FINAL_SET,NOT_AUDITED_FOR_FINAL_SET,data/new_candidates.csv
,N067,solidity,554511b68e69ac88b1535a8f87075e1fe87d4278,e83e9a81e50a21aa5f66a1d6b66ffa6360d01f42,2019-01-22T11:41:21+00:00,NOT_SELECTED_PRE_FREEZE,NOT_IN_DATASET,,,Screened out before freeze: not needed for the fixed strata or lacked sufficiently objective counterfactual evidence within the available historical build environment.,NOT_AUDITED_FOR_FINAL_SET,NOT_AUDITED_FOR_FINAL_SET,NOT_AUDITED_FOR_FINAL_SET,data/new_candidates.csv
,N068,solidity,ae1cd252b0286cdee6b68cf15e0b5c0057923814,e83e9a81e50a21aa5f66a1d6b66ffa6360d01f42,2019-01-28T16:29:10+00:00,NOT_SELECTED_PRE_FREEZE,NOT_IN_DATASET,,,Screened out before freeze: not needed for the fixed strata or lacked sufficiently objective counterfactual evidence within the available historical build environment.,NOT_AUDITED_FOR_FINAL_SET,NOT_AUDITED_FOR_FINAL_SET,NOT_AUDITED_FOR_FINAL_SET,data/new_candidates.csv
,N069,solidity,2405b2151a5bd7f6f41ad4dd91fa1624bb59a92c,52ee955fba82eca903a07931b8554bd56e273e47,2019-02-25T15:29:57+01:00,NOT_SELECTED_PRE_FREEZE,NOT_IN_DATASET,,,Screened out before freeze: not needed for the fixed strata or lacked sufficiently objective counterfactual evidence within the available historical build environment.,NOT_AUDITED_FOR_FINAL_SET,NOT_AUDITED_FOR_FINAL_SET,NOT_AUDITED_FOR_FINAL_SET,data/new_candidates.csv
,N070,solidity,3264e9abf0b998b3ee6df8555bf049c37e94ddd1,30da62aa2c16fd4a8592fd0c01f17cfa715e333c,2019-03-27T12:49:50+01:00,NOT_SELECTED_PRE_FREEZE,NOT_IN_DATASET,,,Screened out before freeze: not needed for the fixed strata or lacked sufficiently objective counterfactual evidence within the available historical build environment.,NOT_AUDITED_FOR_FINAL_SET,NOT_AUDITED_FOR_FINAL_SET,NOT_AUDITED_FOR_FINAL_SET,data/new_candidates.csv
,N072,solidity,4bdb98122469fcdbbe74b651c4a585d7560782c7,570db164c9ec99e2f52b0ca24534b6a1559c6aae,2019-05-16T10:56:56+02:00,NOT_SELECTED_PRE_FREEZE,NOT_IN_DATASET,,,Screened out before freeze: not needed for the fixed strata or lacked sufficiently objective counterfactual evidence within the available historical build environment.,NOT_AUDITED_FOR_FINAL_SET,NOT_AUDITED_FOR_FINAL_SET,NOT_AUDITED_FOR_FINAL_SET,data/new_candidates.csv
,N073,solidity,91312e657bcc378e8a6b96b34b17d7c471a68c26,d707a26a90531ffbf597cf33f64321f3a994e999,2019-05-21T11:46:37+02:00,NOT_SELECTED_PRE_FREEZE,NOT_IN_DATASET,,,Screened out before freeze: not needed for the fixed strata or lacked sufficiently objective counterfactual evidence within the available historical build environment.,NOT_AUDITED_FOR_FINAL_SET,NOT_AUDITED_FOR_FINAL_SET,NOT_AUDITED_FOR_FINAL_SET,data/new_candidates.csv
,N074,solidity,3dec3af638475a73ee14ba05188a37da89f5e472,7401fbabd9eec91e6b0910d7657856f882c502bd,2019-06-26T18:42:24+02:00,NOT_SELECTED_PRE_FREEZE,NOT_IN_DATASET,,,Screened out before freeze: not needed for the fixed strata or lacked sufficiently objective counterfactual evidence within the available historical build environment.,NOT_AUDITED_FOR_FINAL_SET,NOT_AUDITED_FOR_FINAL_SET,NOT_AUDITED_FOR_FINAL_SET,data/new_candidates.csv
,N075,solidity,eedfafbbc41b0cb2eade9d428906097d7fd89139,32c84fc3b6fc3b7f9950772178a678f30d93930b,2019-10-29T19:00:58+00:00,NOT_SELECTED_PRE_FREEZE,NOT_IN_DATASET,,,Screened out before freeze: not needed for the fixed strata or lacked sufficiently objective counterfactual evidence within the available historical build environment.,NOT_AUDITED_FOR_FINAL_SET,NOT_AUDITED_FOR_FINAL_SET,NOT_AUDITED_FOR_FINAL_SET,data/new_candidates.csv
,N076,solidity,8682af2216ac08afe5b46026a7e6dd416cf69c3f,69b06a456cd846e8ca2b3e52ad8750b5be8c2906,2019-12-04T16:36:56+01:00,NOT_SELECTED_PRE_FREEZE,NOT_IN_DATASET,,,Screened out before freeze: not needed for the fixed strata or lacked sufficiently objective counterfactual evidence within the available historical build environment.,NOT_AUDITED_FOR_FINAL_SET,NOT_AUDITED_FOR_FINAL_SET,NOT_AUDITED_FOR_FINAL_SET,data/new_candidates.csv
,N077,solidity,6b23412faec31ea5f0b0f2fe0db79b0adaaa0279,8385256bdc26124659a9f207baec96d6d0d37d82,2019-12-11T17:31:36+01:00,NOT_SELECTED_PRE_FREEZE,NOT_IN_DATASET,,,Screened out before freeze: not needed for the fixed strata or lacked sufficiently objective counterfactual evidence within the available historical build environment.,NOT_AUDITED_FOR_FINAL_SET,NOT_AUDITED_FOR_FINAL_SET,NOT_AUDITED_FOR_FINAL_SET,data/new_candidates.csv
,N078,solidity,7e88ba8da0a83c5887e54d78fd98a845a47609f7,71a4a4efb1ecd34ce1505ec9735b712017d40da6,2019-12-12T23:39:29+00:00,NOT_SELECTED_PRE_FREEZE,NOT_IN_DATASET,,,Screened out before freeze: not needed for the fixed strata or lacked sufficiently objective counterfactual evidence within the available historical build environment.,NOT_AUDITED_FOR_FINAL_SET,NOT_AUDITED_FOR_FINAL_SET,NOT_AUDITED_FOR_FINAL_SET,data/new_candidates.csv
,N079,solidity,345f9928ab0e3259a9d3c1f2795ea4c50ca066ed,8ac6258d31671cfd9ed52c223296bd62c221de99,2020-01-06T11:52:23+01:00,NOT_SELECTED_PRE_FREEZE,NOT_IN_DATASET,,,Screened out before freeze: not needed for the fixed strata or lacked sufficiently objective counterfactual evidence within the available historical build environment.,NOT_AUDITED_FOR_FINAL_SET,NOT_AUDITED_FOR_FINAL_SET,NOT_AUDITED_FOR_FINAL_SET,data/new_candidates.csv
,N080,solidity,90bb1d8a7c2b9673706a1e068b10c7cd0c5cfe61,82f57f0465a7deab41615c5482c18b4da3f04e93,2020-03-31T21:39:38-05:00,NOT_SELECTED_PRE_FREEZE,NOT_IN_DATASET,,,Screened out before freeze: not needed for the fixed strata or lacked sufficiently objective counterfactual evidence within the available historical build environment.,NOT_AUDITED_FOR_FINAL_SET,NOT_AUDITED_FOR_FINAL_SET,NOT_AUDITED_FOR_FINAL_SET,data/new_candidates.csv
,N081,solidity,8973ca3c85f4ab737ad172dde91e0d2d6f3802a7,1d533694e545fc7e635401f464b73d5a0e343cec,2020-04-10T18:29:03+02:00,NOT_SELECTED_PRE_FREEZE,NOT_IN_DATASET,,,Screened out before freeze: not needed for the fixed strata or lacked sufficiently objective counterfactual evidence within the available historical build environment.,NOT_AUDITED_FOR_FINAL_SET,NOT_AUDITED_FOR_FINAL_SET,NOT_AUDITED_FOR_FINAL_SET,data/new_candidates.csv
,N082,solidity,9bfab1fe00dfd7b67027cea532addbad0867484d,97f94fdcc616d0ffc99664cca87e111e3680a45c,2020-05-04T15:31:06+02:00,NOT_SELECTED_PRE_FREEZE,NOT_IN_DATASET,,,Screened out before freeze: not needed for the fixed strata or lacked sufficiently objective counterfactual evidence within the available historical build environment.,NOT_AUDITED_FOR_FINAL_SET,NOT_AUDITED_FOR_FINAL_SET,NOT_AUDITED_FOR_FINAL_SET,data/new_candidates.csv
,N083,solidity,3db10b8f69e0bd5afcb4d3efe853116526792e4c,9bfab1fe00dfd7b67027cea532addbad0867484d,2020-05-04T16:42:35+02:00,NOT_SELECTED_PRE_FREEZE,NOT_IN_DATASET,,,Screened out before freeze: not needed for the fixed strata or lacked sufficiently objective counterfactual evidence within the available historical build environment.,NOT_AUDITED_FOR_FINAL_SET,NOT_AUDITED_FOR_FINAL_SET,NOT_AUDITED_FOR_FINAL_SET,data/new_candidates.csv
,N084,solidity,7c91a31cce040fb826631456c20d894a89c90905,4e58c672bb138a229e15d647d2f3ce0ab5444a6b,2020-05-09T12:46:05+02:00,NOT_SELECTED_PRE_FREEZE,NOT_IN_DATASET,,,Screened out before freeze: not needed for the fixed strata or lacked sufficiently objective counterfactual evidence within the available historical build environment.,NOT_AUDITED_FOR_FINAL_SET,NOT_AUDITED_FOR_FINAL_SET,NOT_AUDITED_FOR_FINAL_SET,data/new_candidates.csv
,N085,solidity,05431616f22e0519b76220ea94d2f55f79156573,1426decff2d7e36280163d2e0a21b2ee1c299e0e,2020-05-11T09:26:27+02:00,NOT_SELECTED_PRE_FREEZE,NOT_IN_DATASET,,,Screened out before freeze: not needed for the fixed strata or lacked sufficiently objective counterfactual evidence within the available historical build environment.,NOT_AUDITED_FOR_FINAL_SET,NOT_AUDITED_FOR_FINAL_SET,NOT_AUDITED_FOR_FINAL_SET,data/new_candidates.csv
,N086,solidity,4b6c322279296ef9b0772bd9e572f5d1eb860cba,b9f2697a3c86f32aada10323f1750bde8bea06bc,2020-06-03T10:27:23+02:00,NOT_SELECTED_PRE_FREEZE,NOT_IN_DATASET,,,Screened out before freeze: not needed for the fixed strata or lacked sufficiently objective counterfactual evidence within the available historical build environment.,NOT_AUDITED_FOR_FINAL_SET,NOT_AUDITED_FOR_FINAL_SET,NOT_AUDITED_FOR_FINAL_SET,data/new_candidates.csv
,N087,solidity,547590b972138ffa2d49a388ccd889d93b024154,3c57e047519758be464c3bbb19dc5bb1d798d3ab,2020-06-15T12:51:58+02:00,NOT_SELECTED_PRE_FREEZE,NOT_IN_DATASET,,,Screened out before freeze: not needed for the fixed strata or lacked sufficiently objective counterfactual evidence within the available historical build environment.,NOT_AUDITED_FOR_FINAL_SET,NOT_AUDITED_FOR_FINAL_SET,NOT_AUDITED_FOR_FINAL_SET,data/new_candidates.csv
,N088,solidity,1a0391bceb81137b46b15b8c7f81004b6e99240e,a1c33249f133823476470f566753eee69cff52cd,2020-07-01T09:46:06+02:00,NOT_SELECTED_PRE_FREEZE,NOT_IN_DATASET,,,Screened out before freeze: not needed for the fixed strata or lacked sufficiently objective counterfactual evidence within the available historical build environment.,NOT_AUDITED_FOR_FINAL_SET,NOT_AUDITED_FOR_FINAL_SET,NOT_AUDITED_FOR_FINAL_SET,data/new_candidates.csv
,N089,solidity,b7adb2aa424cdec2ff0d51042dcf5aa7cadb3e3e,d808302c62e8510f42cfa2958456e1adbb4e157a,2020-07-17T20:24:12+05:30,NOT_SELECTED_PRE_FREEZE,NOT_IN_DATASET,,,Screened out before freeze: not needed for the fixed strata or lacked sufficiently objective counterfactual evidence within the available historical build environment.,NOT_AUDITED_FOR_FINAL_SET,NOT_AUDITED_FOR_FINAL_SET,NOT_AUDITED_FOR_FINAL_SET,data/new_candidates.csv
,N090,solidity,cbbefce4438f02328438560fd013982f7aec365e,38d1ec3efe2932302b4555f0e5df83d7c6e9d902,2020-08-27T19:07:11+02:00,NOT_SELECTED_PRE_FREEZE,NOT_IN_DATASET,,,Screened out before freeze: not needed for the fixed strata or lacked sufficiently objective counterfactual evidence within the available historical build environment.,NOT_AUDITED_FOR_FINAL_SET,NOT_AUDITED_FOR_FINAL_SET,NOT_AUDITED_FOR_FINAL_SET,data/new_candidates.csv
,N091,solidity,1dedba85384b4f7b9e8b1af3954c7f45f557af2b,1126838a31a543921da4c3c2569f7b40d05d26c8,2020-11-02T14:29:33+00:00,NOT_SELECTED_PRE_FREEZE,NOT_IN_DATASET,,,Screened out before freeze: not needed for the fixed strata or lacked sufficiently objective counterfactual evidence within the available historical build environment.,NOT_AUDITED_FOR_FINAL_SET,NOT_AUDITED_FOR_FINAL_SET,NOT_AUDITED_FOR_FINAL_SET,data/new_candidates.csv
,N092,solidity,c193ce6c078fdb6658cbeae23fb5ff9f48cb35f1,40448172554baff0e1623e123c8fe4ecb59537aa,2020-12-01T14:22:15+01:00,NOT_SELECTED_PRE_FREEZE,NOT_IN_DATASET,,,Screened out before freeze: not needed for the fixed strata or lacked sufficiently objective counterfactual evidence within the available historical build environment.,NOT_AUDITED_FOR_FINAL_SET,NOT_AUDITED_FOR_FINAL_SET,NOT_AUDITED_FOR_FINAL_SET,data/new_candidates.csv
,N093,solidity,bd641a5206c211ee63b02232e87a4f8ab53d1568,90c693be0918dfb514d695de1e09ad1fb6e456e9,2020-12-08T20:06:10+00:00,NOT_SELECTED_PRE_FREEZE,NOT_IN_DATASET,,,Screened out before freeze: not needed for the fixed strata or lacked sufficiently objective counterfactual evidence within the available historical build environment.,NOT_AUDITED_FOR_FINAL_SET,NOT_AUDITED_FOR_FINAL_SET,NOT_AUDITED_FOR_FINAL_SET,data/new_candidates.csv
,N094,solidity,3b23cadbdc0595fb440ca7aeeec6f49865e91242,86051dc09967c35351014c9333cabdd378b60f4a,2021-01-19T12:56:22+01:00,NOT_SELECTED_PRE_FREEZE,NOT_IN_DATASET,,,Screened out before freeze: not needed for the fixed strata or lacked sufficiently objective counterfactual evidence within the available historical build environment.,NOT_AUDITED_FOR_FINAL_SET,NOT_AUDITED_FOR_FINAL_SET,NOT_AUDITED_FOR_FINAL_SET,data/new_candidates.csv
,N095,solidity,c44bb7e7efc87018b3b68414b2109732da1771be,5c6633f97597254bbaee56ec257849ef17f2dc1c,2021-02-18T18:49:34-05:00,NOT_SELECTED_PRE_FREEZE,NOT_IN_DATASET,,,Screened out before freeze: not needed for the fixed strata or lacked sufficiently objective counterfactual evidence within the available historical build environment.,NOT_AUDITED_FOR_FINAL_SET,NOT_AUDITED_FOR_FINAL_SET,NOT_AUDITED_FOR_FINAL_SET,data/new_candidates.csv
,N096,solidity,ee665748aa1a33c9a294436fe0968073a74965b4,39fcdf22c36a00ce2d4b82c3333974aceb14014b,2021-03-12T10:36:21+01:00,NOT_SELECTED_PRE_FREEZE,NOT_IN_DATASET,,,Screened out before freeze: not needed for the fixed strata or lacked sufficiently objective counterfactual evidence within the available historical build environment.,NOT_AUDITED_FOR_FINAL_SET,NOT_AUDITED_FOR_FINAL_SET,NOT_AUDITED_FOR_FINAL_SET,data/new_candidates.csv
,N097,solidity,dd1865873e2b399d48bf0459276dfc6e6c600e2e,c3f639b355ef94b4db43998f3e305369f6a49b45,2021-04-15T12:31:45+02:00,NOT_SELECTED_PRE_FREEZE,NOT_IN_DATASET,,,Screened out before freeze: not needed for the fixed strata or lacked sufficiently objective counterfactual evidence within the available historical build environment.,NOT_AUDITED_FOR_FINAL_SET,NOT_AUDITED_FOR_FINAL_SET,NOT_AUDITED_FOR_FINAL_SET,data/new_candidates.csv
,N098,solidity,e404b6e7a63201e01d8f79863c35e8393ff90ed4,fe4822a1d257d1babbe33da181f99c3082069c4d,2021-04-27T16:53:04+02:00,NOT_SELECTED_PRE_FREEZE,NOT_IN_DATASET,,,Screened out before freeze: not needed for the fixed strata or lacked sufficiently objective counterfactual evidence within the available historical build environment.,NOT_AUDITED_FOR_FINAL_SET,NOT_AUDITED_FOR_FINAL_SET,NOT_AUDITED_FOR_FINAL_SET,data/new_candidates.csv
,N099,solidity,6c8ecfa82c1cd6dcac0f1f951525451874205dad,e3184c737a5b16c6046326a40a4b52e61e8b9df8,2021-05-19T17:35:19+02:00,NOT_SELECTED_PRE_FREEZE,NOT_IN_DATASET,,,Screened out before freeze: not needed for the fixed strata or lacked sufficiently objective counterfactual evidence within the available historical build environment.,NOT_AUDITED_FOR_FINAL_SET,NOT_AUDITED_FOR_FINAL_SET,NOT_AUDITED_FOR_FINAL_SET,data/new_candidates.csv
,N100,solidity,a72857df0314e891c3bd48145493b465d9131a82,98e1dee45f5d7a2ee00a7b125d96764862c4e64c,2021-06-16T21:03:07+02:00,NOT_SELECTED_PRE_FREEZE,NOT_IN_DATASET,,,Screened out before freeze: not needed for the fixed strata or lacked sufficiently objective counterfactual evidence within the available historical build environment.,NOT_AUDITED_FOR_FINAL_SET,NOT_AUDITED_FOR_FINAL_SET,NOT_AUDITED_FOR_FINAL_SET,data/new_candidates.csv
,N101,solidity,6ad6fa23822e6d7fedc9bb7008d701cca1a4ac5b,6d8ef71277547b27a713083dd809dc2ccfc96693,2021-06-17T17:19:27+02:00,NOT_SELECTED_PRE_FREEZE,NOT_IN_DATASET,,,Screened out before freeze: not needed for the fixed strata or lacked sufficiently objective counterfactual evidence within the available historical build environment.,NOT_AUDITED_FOR_FINAL_SET,NOT_AUDITED_FOR_FINAL_SET,NOT_AUDITED_FOR_FINAL_SET,data/new_candidates.csv
,N102,solidity,f75b55071ec30958436cc3ee7a0a5ae6fe954518,57d32ca252ce9dc425f127a24a4eb23137794ba9,2021-06-29T14:38:59+02:00,NOT_SELECTED_PRE_FREEZE,NOT_IN_DATASET,,,Screened out before freeze: not needed for the fixed strata or lacked sufficiently objective counterfactual evidence within the available historical build environment.,NOT_AUDITED_FOR_FINAL_SET,NOT_AUDITED_FOR_FINAL_SET,NOT_AUDITED_FOR_FINAL_SET,data/new_candidates.csv
,N103,solidity,e72fa7fc10f951d94310383deb9d11845928ceee,49cde9d47b298176bd11f6f6f0bf1c47ca802014,2021-06-30T14:48:45+02:00,NOT_SELECTED_PRE_FREEZE,NOT_IN_DATASET,,,Screened out before freeze: not needed for the fixed strata or lacked sufficiently objective counterfactual evidence within the available historical build environment.,NOT_AUDITED_FOR_FINAL_SET,NOT_AUDITED_FOR_FINAL_SET,NOT_AUDITED_FOR_FINAL_SET,data/new_candidates.csv
,N104,solidity,685d7a8c991c3de211d040f285afb15b3dafa96b,ae519c1278c7244bcd81929cdbdd0a11da4c789e,2021-07-02T14:42:53+02:00,NOT_SELECTED_PRE_FREEZE,NOT_IN_DATASET,,,Screened out before freeze: not needed for the fixed strata or lacked sufficiently objective counterfactual evidence within the available historical build environment.,NOT_AUDITED_FOR_FINAL_SET,NOT_AUDITED_FOR_FINAL_SET,NOT_AUDITED_FOR_FINAL_SET,data/new_candidates.csv
,N105,solidity,08c065ee0442736072fd6cfe9a7b01ea1d14b5c5,a532df20ec3cc7bd588381faa115a9538aebcc95,2021-07-15T17:39:01+02:00,NOT_SELECTED_PRE_FREEZE,NOT_IN_DATASET,,,Screened out before freeze: not needed for the fixed strata or lacked sufficiently objective counterfactual evidence within the available historical build environment.,NOT_AUDITED_FOR_FINAL_SET,NOT_AUDITED_FOR_FINAL_SET,NOT_AUDITED_FOR_FINAL_SET,data/new_candidates.csv
,N106,solidity,58e4cc62e0a62ee050f0835af78f04ce7f22ad61,13691dfbaa5f7190ba7e0d9076d6aa4a80dd37b9,2021-08-14T21:29:59+03:00,NOT_SELECTED_PRE_FREEZE,NOT_IN_DATASET,,,Screened out before freeze: not needed for the fixed strata or lacked sufficiently objective counterfactual evidence within the available historical build environment.,NOT_AUDITED_FOR_FINAL_SET,NOT_AUDITED_FOR_FINAL_SET,NOT_AUDITED_FOR_FINAL_SET,data/new_candidates.csv
,N107,solidity,2cd1c644b628ba6a58315dce1b81520344600095,cd225740724954f724365caedc008f2cdd58cfb2,2021-09-03T19:39:10+02:00,NOT_SELECTED_PRE_FREEZE,NOT_IN_DATASET,,,Screened out before freeze: not needed for the fixed strata or lacked sufficiently objective counterfactual evidence within the available historical build environment.,NOT_AUDITED_FOR_FINAL_SET,NOT_AUDITED_FOR_FINAL_SET,NOT_AUDITED_FOR_FINAL_SET,data/new_candidates.csv
,N108,solidity,bcfefc79d9dde1f4eaff318189b73962a86b2a6d,f7c4ed849d4fdcc28c09da18ef69d9dbaf3711b7,2021-09-17T20:15:19+02:00,NOT_SELECTED_PRE_FREEZE,NOT_IN_DATASET,,,Screened out before freeze: not needed for the fixed strata or lacked sufficiently objective counterfactual evidence within the available historical build environment.,NOT_AUDITED_FOR_FINAL_SET,NOT_AUDITED_FOR_FINAL_SET,NOT_AUDITED_FOR_FINAL_SET,data/new_candidates.csv
,N109,solidity,8d91ccf0284b4baa00f4438ad099f9f44a5ff8f1,f2bf23a0675a101089bb23cd98f16219b0409b88,2021-10-12T11:12:18+02:00,NOT_SELECTED_PRE_FREEZE,NOT_IN_DATASET,,,Screened out before freeze: not needed for the fixed strata or lacked sufficiently objective counterfactual evidence within the available historical build environment.,NOT_AUDITED_FOR_FINAL_SET,NOT_AUDITED_FOR_FINAL_SET,NOT_AUDITED_FOR_FINAL_SET,data/new_candidates.csv
,N110,solidity,52dfccca98d870566c764204495582a1656b3a10,198b705361b5c0eb51be022c3f3f888b68392186,2022-03-04T10:15:57+01:00,NOT_SELECTED_PRE_FREEZE,NOT_IN_DATASET,,,Screened out before freeze: not needed for the fixed strata or lacked sufficiently objective counterfactual evidence within the available historical build environment.,NOT_AUDITED_FOR_FINAL_SET,NOT_AUDITED_FOR_FINAL_SET,NOT_AUDITED_FOR_FINAL_SET,data/new_candidates.csv
,N111,solidity,ce0a3e93f2e2a29a179d6c8d7f98b01310d7f909,c6fcb6c3954341a01bcf2a7a8de51f01ba91b836,2022-03-07T12:49:23+01:00,NOT_SELECTED_PRE_FREEZE,NOT_IN_DATASET,,,Screened out before freeze: not needed for the fixed strata or lacked sufficiently objective counterfactual evidence within the available historical build environment.,NOT_AUDITED_FOR_FINAL_SET,NOT_AUDITED_FOR_FINAL_SET,NOT_AUDITED_FOR_FINAL_SET,data/new_candidates.csv
,N112,solidity,e1a59397c65d3b3eff19299fd703a7887a4b4e27,15c2a33eb32fe6f0db825f90f83f24c1e45a6574,2022-03-28T00:27:11-04:00,NOT_SELECTED_PRE_FREEZE,NOT_IN_DATASET,,,Screened out before freeze: not needed for the fixed strata or lacked sufficiently objective counterfactual evidence within the available historical build environment.,NOT_AUDITED_FOR_FINAL_SET,NOT_AUDITED_FOR_FINAL_SET,NOT_AUDITED_FOR_FINAL_SET,data/new_candidates.csv
,N113,solidity,c8011d87198ef426ac9a0a0b359aecb6254afd0b,1fbee8259aca10ffe04efa47a21f31d7dee1baa9,2022-06-17T08:55:52+05:30,NOT_SELECTED_PRE_FREEZE,NOT_IN_DATASET,,,Screened out before freeze: not needed for the fixed strata or lacked sufficiently objective counterfactual evidence within the available historical build environment.,NOT_AUDITED_FOR_FINAL_SET,NOT_AUDITED_FOR_FINAL_SET,NOT_AUDITED_FOR_FINAL_SET,data/new_candidates.csv
,N114,solidity,4b69b5fdc1646cbbdff59d837b00c20840aa55c6,53b67334c539639f9b4b2178dec0a9641b6eecc6,2022-08-11T15:01:15+02:00,NOT_SELECTED_PRE_FREEZE,NOT_IN_DATASET,,,Screened out before freeze: not needed for the fixed strata or lacked sufficiently objective counterfactual evidence within the available historical build environment.,NOT_AUDITED_FOR_FINAL_SET,NOT_AUDITED_FOR_FINAL_SET,NOT_AUDITED_FOR_FINAL_SET,data/new_candidates.csv
,N115,solidity,eafd7218b7410e9cedcc11a89448f9396057ad17,c8011d87198ef426ac9a0a0b359aecb6254afd0b,2022-09-06T15:42:15+05:30,NOT_SELECTED_PRE_FREEZE,NOT_IN_DATASET,,,Screened out before freeze: not needed for the fixed strata or lacked sufficiently objective counterfactual evidence within the available historical build environment.,NOT_AUDITED_FOR_FINAL_SET,NOT_AUDITED_FOR_FINAL_SET,NOT_AUDITED_FOR_FINAL_SET,data/new_candidates.csv
,N117,solidity,bf26d3be5a3ef5c9ed222a25fcf479974ab9444f,3109ce2dbcb07606df0b177b8e0378f6d6b80835,2022-11-22T13:05:20+01:00,NOT_SELECTED_PRE_FREEZE,NOT_IN_DATASET,,,Screened out before freeze: not needed for the fixed strata or lacked sufficiently objective counterfactual evidence within the available historical build environment.,NOT_AUDITED_FOR_FINAL_SET,NOT_AUDITED_FOR_FINAL_SET,NOT_AUDITED_FOR_FINAL_SET,data/new_candidates.csv
,N118,solidity,ef6ff2f05550e4386f2fec7753a44fe39a124488,d70d79af4a4b3636274a982e2a1087c50242a130,2022-11-23T11:51:34+01:00,NOT_SELECTED_PRE_FREEZE,NOT_IN_DATASET,,,Screened out before freeze: not needed for the fixed strata or lacked sufficiently objective counterfactual evidence within the available historical build environment.,NOT_AUDITED_FOR_FINAL_SET,NOT_AUDITED_FOR_FINAL_SET,NOT_AUDITED_FOR_FINAL_SET,data/new_candidates.csv
,N119,solidity,ffb3a2bdd912c856f65da19a24cb1b7aa8ebf3df,3ff457c31265cecdb8aadacb459ae8a543dd9b05,2022-12-05T16:17:55+01:00,NOT_SELECTED_PRE_FREEZE,NOT_IN_DATASET,,,Screened out before freeze: not needed for the fixed strata or lacked sufficiently objective counterfactual evidence within the available historical build environment.,NOT_AUDITED_FOR_FINAL_SET,NOT_AUDITED_FOR_FINAL_SET,NOT_AUDITED_FOR_FINAL_SET,data/new_candidates.csv
,N120,solidity,4cca66447aa58d18c9962bc1ac2c1ff6a8837107,bb997c42078dab0f943b7cc81e1e9ab4b827c1db,2022-12-05T19:47:33+01:00,NOT_SELECTED_PRE_FREEZE,NOT_IN_DATASET,,,Screened out before freeze: not needed for the fixed strata or lacked sufficiently objective counterfactual evidence within the available historical build environment.,NOT_AUDITED_FOR_FINAL_SET,NOT_AUDITED_FOR_FINAL_SET,NOT_AUDITED_FOR_FINAL_SET,data/new_candidates.csv
,N121,solidity,6a44bb26aed3a81e4253635c28512beb3484e3d0,7e3404beb0b906402037d60eda1b1c62ff4cb2b7,2022-12-05T19:47:33+01:00,NOT_SELECTED_PRE_FREEZE,NOT_IN_DATASET,,,Screened out before freeze: not needed for the fixed strata or lacked sufficiently objective counterfactual evidence within the available historical build environment.,NOT_AUDITED_FOR_FINAL_SET,NOT_AUDITED_FOR_FINAL_SET,NOT_AUDITED_FOR_FINAL_SET,data/new_candidates.csv
,N122,solidity,21c0f7865055c0e276c94332bbb5e1e46d639f84,d30ec3548f3d2ba947bfe673ff9edeffac32da9c,2023-02-09T17:07:13+01:00,NOT_SELECTED_PRE_FREEZE,NOT_IN_DATASET,,,Screened out before freeze: not needed for the fixed strata or lacked sufficiently objective counterfactual evidence within the available historical build environment.,NOT_AUDITED_FOR_FINAL_SET,NOT_AUDITED_FOR_FINAL_SET,NOT_AUDITED_FOR_FINAL_SET,data/new_candidates.csv
,N123,solidity,206a2c183fd31b680f3ff4f3b8b341198dfb0172,14d2ae2dfaf4336ee4be198ea402c70996fa821d,2023-02-23T12:04:41-05:00,NOT_SELECTED_PRE_FREEZE,NOT_IN_DATASET,,,Screened out before freeze: not needed for the fixed strata or lacked sufficiently objective counterfactual evidence within the available historical build environment.,NOT_AUDITED_FOR_FINAL_SET,NOT_AUDITED_FOR_FINAL_SET,NOT_AUDITED_FOR_FINAL_SET,data/new_candidates.csv
,N124,solidity,f15b82643193ce05e41c0e602bb8cfbcb140f857,dcecf00e3020ed8354b5104cf9dd3b5b357444d3,2023-02-23T19:22:46+01:00,NOT_SELECTED_PRE_FREEZE,NOT_IN_DATASET,,,Screened out before freeze: not needed for the fixed strata or lacked sufficiently objective counterfactual evidence within the available historical build environment.,NOT_AUDITED_FOR_FINAL_SET,NOT_AUDITED_FOR_FINAL_SET,NOT_AUDITED_FOR_FINAL_SET,data/new_candidates.csv
,N125,solidity,aacbe72079f595a02d6375b53d60a9390fba2300,0aa85153e56ea6effbf37d6ddde0e0946d6937ab,2023-03-06T14:19:58+01:00,NOT_SELECTED_PRE_FREEZE,NOT_IN_DATASET,,,Screened out before freeze: not needed for the fixed strata or lacked sufficiently objective counterfactual evidence within the available historical build environment.,NOT_AUDITED_FOR_FINAL_SET,NOT_AUDITED_FOR_FINAL_SET,NOT_AUDITED_FOR_FINAL_SET,data/new_candidates.csv
,N126,solidity,d4be1d9c2fc70bc3549f92143faaae9f97d81d97,374a6fd50e1bc404ed156e77cc07a63803977622,2023-04-26T12:50:36+02:00,NOT_SELECTED_PRE_FREEZE,NOT_IN_DATASET,,,Screened out before freeze: not needed for the fixed strata or lacked sufficiently objective counterfactual evidence within the available historical build environment.,NOT_AUDITED_FOR_FINAL_SET,NOT_AUDITED_FOR_FINAL_SET,NOT_AUDITED_FOR_FINAL_SET,data/new_candidates.csv
,N127,solidity,a59fc39f101449587bad937a92c0c9802c7d6438,4020552e1d7146ae0373092a3d04c86d40db2b27,2023-08-08T17:17:37+02:00,NOT_SELECTED_PRE_FREEZE,NOT_IN_DATASET,,,Screened out before freeze: not needed for the fixed strata or lacked sufficiently objective counterfactual evidence within the available historical build environment.,NOT_AUDITED_FOR_FINAL_SET,NOT_AUDITED_FOR_FINAL_SET,NOT_AUDITED_FOR_FINAL_SET,data/new_candidates.csv
,N129,solidity,24ebed0f93438ea7f089ab2a991d86ef70ec7165,e64c51d0b9ce246b03cbcacf4e6b11bab788d17e,2023-12-04T06:36:44+01:00,NOT_SELECTED_PRE_FREEZE,NOT_IN_DATASET,,,Screened out before freeze: not needed for the fixed strata or lacked sufficiently objective counterfactual evidence within the available historical build environment.,NOT_AUDITED_FOR_FINAL_SET,NOT_AUDITED_FOR_FINAL_SET,NOT_AUDITED_FOR_FINAL_SET,data/new_candidates.csv
,N130,solidity,87d86bfba64d8b88537a4a85c1d71f521986b614,ae79d13a083edcefa2b22e8d4267edcfc5da10f4,2024-02-20T14:23:58+01:00,NOT_SELECTED_PRE_FREEZE,NOT_IN_DATASET,,,Screened out before freeze: not needed for the fixed strata or lacked sufficiently objective counterfactual evidence within the available historical build environment.,NOT_AUDITED_FOR_FINAL_SET,NOT_AUDITED_FOR_FINAL_SET,NOT_AUDITED_FOR_FINAL_SET,data/new_candidates.csv
,N131,solidity,24f18e83a6c81935daa150c129b4007d5a41a014,f9c8ab03cb7f9362c4070bb029f76ecaec2bc5fb,2024-05-15T23:39:26+08:00,NOT_SELECTED_PRE_FREEZE,NOT_IN_DATASET,,,Screened out before freeze: not needed for the fixed strata or lacked sufficiently objective counterfactual evidence within the available historical build environment.,NOT_AUDITED_FOR_FINAL_SET,NOT_AUDITED_FOR_FINAL_SET,NOT_AUDITED_FOR_FINAL_SET,data/new_candidates.csv
,N133,solidity,050a3a109cc78654bb9c3bbf63101dfc2771b1fa,d0190e1d6ae3cfc254fa10bdf299598c95bec6e4,2024-06-05T21:38:49+02:00,NOT_SELECTED_PRE_FREEZE,NOT_IN_DATASET,,,Screened out before freeze: not needed for the fixed strata or lacked sufficiently objective counterfactual evidence within the available historical build environment.,NOT_AUDITED_FOR_FINAL_SET,NOT_AUDITED_FOR_FINAL_SET,NOT_AUDITED_FOR_FINAL_SET,data/new_candidates.csv
,N134,solidity,c2c8c2876822792ba4e1f6d779a13d0359fd3fe1,9b67a390df98195cab0e77dc5723c83431b6a8f1,2024-06-06T20:19:54+02:00,NOT_SELECTED_PRE_FREEZE,NOT_IN_DATASET,,,Screened out before freeze: not needed for the fixed strata or lacked sufficiently objective counterfactual evidence within the available historical build environment.,NOT_AUDITED_FOR_FINAL_SET,NOT_AUDITED_FOR_FINAL_SET,NOT_AUDITED_FOR_FINAL_SET,data/new_candidates.csv
,N135,solidity,a2cb5f4ee961921ccfff18f2b94a0adadbc15a23,fc7518e399d4285c560e32ac2ba41706bf067a5b,2024-06-19T13:31:57+02:00,NOT_SELECTED_PRE_FREEZE,NOT_IN_DATASET,,,Screened out before freeze: not needed for the fixed strata or lacked sufficiently objective counterfactual evidence within the available historical build environment.,NOT_AUDITED_FOR_FINAL_SET,NOT_AUDITED_FOR_FINAL_SET,NOT_AUDITED_FOR_FINAL_SET,data/new_candidates.csv
,N136,solidity,40f8435b558edcefae8367ea5e7d1982de80ed89,a2cb5f4ee961921ccfff18f2b94a0adadbc15a23,2024-07-02T13:45:26+02:00,NOT_SELECTED_PRE_FREEZE,NOT_IN_DATASET,,,Screened out before freeze: not needed for the fixed strata or lacked sufficiently objective counterfactual evidence within the available historical build environment.,NOT_AUDITED_FOR_FINAL_SET,NOT_AUDITED_FOR_FINAL_SET,NOT_AUDITED_FOR_FINAL_SET,data/new_candidates.csv
,N137,solidity,e8c587eada1bc5c52a92d7959ed9ece04b794ed5,40f8435b558edcefae8367ea5e7d1982de80ed89,2024-07-04T13:43:18+02:00,NOT_SELECTED_PRE_FREEZE,NOT_IN_DATASET,,,Screened out before freeze: not needed for the fixed strata or lacked sufficiently objective counterfactual evidence within the available historical build environment.,NOT_AUDITED_FOR_FINAL_SET,NOT_AUDITED_FOR_FINAL_SET,NOT_AUDITED_FOR_FINAL_SET,data/new_candidates.csv
,N138,solidity,b5b06d76c42f5cad8060ff4bda1bdd4e5666512a,060a21c10af6ed4f999710ce333ad879ae345aa1,2024-07-05T10:24:59+02:00,NOT_SELECTED_PRE_FREEZE,NOT_IN_DATASET,,,Screened out before freeze: not needed for the fixed strata or lacked sufficiently objective counterfactual evidence within the available historical build environment.,NOT_AUDITED_FOR_FINAL_SET,NOT_AUDITED_FOR_FINAL_SET,NOT_AUDITED_FOR_FINAL_SET,data/new_candidates.csv
,N139,solidity,978f9a0cd7e04cea8ad67dc3b5ef130aa9878e72,7094e307780b7656f10a95f58874f4cde44b63e7,2024-07-11T11:30:58+02:00,NOT_SELECTED_PRE_FREEZE,NOT_IN_DATASET,,,Screened out before freeze: not needed for the fixed strata or lacked sufficiently objective counterfactual evidence within the available historical build environment.,NOT_AUDITED_FOR_FINAL_SET,NOT_AUDITED_FOR_FINAL_SET,NOT_AUDITED_FOR_FINAL_SET,data/new_candidates.csv
,N140,solidity,cb8a75ce879d47ecef186740e364a942e32d1c60,8fdb32691bdc5fc730491cb294f43f510fe5b8f6,2024-07-11T11:30:58+02:00,NOT_SELECTED_PRE_FREEZE,NOT_IN_DATASET,,,Screened out before freeze: not needed for the fixed strata or lacked sufficiently objective counterfactual evidence within the available historical build environment.,NOT_AUDITED_FOR_FINAL_SET,NOT_AUDITED_FOR_FINAL_SET,NOT_AUDITED_FOR_FINAL_SET,data/new_candidates.csv
,N141,solidity,866e6f9b057d49af0b696ecb04a0bd8c48ee871d,4656a57c8700cc163d66fa29adc603472e64349d,2024-07-19T11:57:26+02:00,NOT_SELECTED_PRE_FREEZE,NOT_IN_DATASET,,,Screened out before freeze: not needed for the fixed strata or lacked sufficiently objective counterfactual evidence within the available historical build environment.,NOT_AUDITED_FOR_FINAL_SET,NOT_AUDITED_FOR_FINAL_SET,NOT_AUDITED_FOR_FINAL_SET,data/new_candidates.csv
,N142,solidity,0dd51e53c2eea31de4f395ca0b5b96ede6324d65,664ee2327d24ffb89f6632a2aff12fa28743b839,2024-07-22T19:15:14+02:00,NOT_SELECTED_PRE_FREEZE,NOT_IN_DATASET,,,Screened out before freeze: not needed for the fixed strata or lacked sufficiently objective counterfactual evidence within the available historical build environment.,NOT_AUDITED_FOR_FINAL_SET,NOT_AUDITED_FOR_FINAL_SET,NOT_AUDITED_FOR_FINAL_SET,data/new_candidates.csv
,N143,solidity,1832fbd732f387b6e0be72bf96f0bd082acb9515,0535cdd749a5985e802d8241defcbba662680be8,2024-07-22T19:15:14+02:00,NOT_SELECTED_PRE_FREEZE,NOT_IN_DATASET,,,Screened out before freeze: not needed for the fixed strata or lacked sufficiently objective counterfactual evidence within the available historical build environment.,NOT_AUDITED_FOR_FINAL_SET,NOT_AUDITED_FOR_FINAL_SET,NOT_AUDITED_FOR_FINAL_SET,data/new_candidates.csv
,N144,solidity,1edf1f45974268d858aaa4b091da6626d5ae5662,8da621c41d67d8ee5a74157f28efa670a7370746,2024-07-22T19:15:14+02:00,NOT_SELECTED_PRE_FREEZE,NOT_IN_DATASET,,,Screened out before freeze: not needed for the fixed strata or lacked sufficiently objective counterfactual evidence within the available historical build environment.,NOT_AUDITED_FOR_FINAL_SET,NOT_AUDITED_FOR_FINAL_SET,NOT_AUDITED_FOR_FINAL_SET,data/new_candidates.csv
,N145,solidity,c9417edd8dea08b5f127ebdeb63d0dd19d4d0776,675e4697d85ed24b38dda4a45d53cb66b6c77ad8,2024-07-22T19:15:14+02:00,NOT_SELECTED_PRE_FREEZE,NOT_IN_DATASET,,,Screened out before freeze: not needed for the fixed strata or lacked sufficiently objective counterfactual evidence within the available historical build environment.,NOT_AUDITED_FOR_FINAL_SET,NOT_AUDITED_FOR_FINAL_SET,NOT_AUDITED_FOR_FINAL_SET,data/new_candidates.csv
,N146,solidity,edc3b401eba7cc774cf7013c4feb45b0c1df1a3e,4ae6d1cfe47ac91db6455f05e57e7de7b8b68fed,2024-07-25T16:37:30+02:00,NOT_SELECTED_PRE_FREEZE,NOT_IN_DATASET,,,Screened out before freeze: not needed for the fixed strata or lacked sufficiently objective counterfactual evidence within the available historical build environment.,NOT_AUDITED_FOR_FINAL_SET,NOT_AUDITED_FOR_FINAL_SET,NOT_AUDITED_FOR_FINAL_SET,data/new_candidates.csv
,N147,solidity,d067964b29f25985fb71699bc6802e5e06470663,d109d6bf76335f3db6eb8d570e02ecd0f481f180,2024-08-02T14:00:00+02:00,NOT_SELECTED_PRE_FREEZE,NOT_IN_DATASET,,,Screened out before freeze: not needed for the fixed strata or lacked sufficiently objective counterfactual evidence within the available historical build environment.,NOT_AUDITED_FOR_FINAL_SET,NOT_AUDITED_FOR_FINAL_SET,NOT_AUDITED_FOR_FINAL_SET,data/new_candidates.csv
,N148,solidity,b167c271141715ffca2b28816ede10dd03ba110e,9e8369fa9a7840f7085040930a1194f83ef58729,2024-08-26T11:31:03+02:00,NOT_SELECTED_PRE_FREEZE,NOT_IN_DATASET,,,Screened out before freeze: not needed for the fixed strata or lacked sufficiently objective counterfactual evidence within the available historical build environment.,NOT_AUDITED_FOR_FINAL_SET,NOT_AUDITED_FOR_FINAL_SET,NOT_AUDITED_FOR_FINAL_SET,data/new_candidates.csv
,N149,solidity,8d8ac1c376c75ab1f5a9a1b8b6d0a3e18d0f47af,885c916b45215a63bd2a25d4286e2455018f4365,2024-10-01T22:29:34+02:00,NOT_SELECTED_PRE_FREEZE,NOT_IN_DATASET,,,Screened out before freeze: not needed for the fixed strata or lacked sufficiently objective counterfactual evidence within the available historical build environment.,NOT_AUDITED_FOR_FINAL_SET,NOT_AUDITED_FOR_FINAL_SET,NOT_AUDITED_FOR_FINAL_SET,data/new_candidates.csv
,N150,solidity,a610a5f0acf32ce8bb31588d88deb71c90bf7ed2,66dc47f1f1e57670c237804be274259d461f460f,2024-10-22T15:34:58+02:00,NOT_SELECTED_PRE_FREEZE,NOT_IN_DATASET,,,Screened out before freeze: not needed for the fixed strata or lacked sufficiently objective counterfactual evidence within the available historical build environment.,NOT_AUDITED_FOR_FINAL_SET,NOT_AUDITED_FOR_FINAL_SET,NOT_AUDITED_FOR_FINAL_SET,data/new_candidates.csv
,N151,solidity,96e63ab08f6744aba273d590a5245d8e6979827a,a16833718d920354985ba621d1e95470071acccc,2024-10-31T17:32:12+01:00,NOT_SELECTED_PRE_FREEZE,NOT_IN_DATASET,,,Screened out before freeze: not needed for the fixed strata or lacked sufficiently objective counterfactual evidence within the available historical build environment.,NOT_AUDITED_FOR_FINAL_SET,NOT_AUDITED_FOR_FINAL_SET,NOT_AUDITED_FOR_FINAL_SET,data/new_candidates.csv
,N152,solidity,e97e99366f24029a57f0280a9330bd2bfe776983,044d34e102c7c2d4a9fc42568da13086430b4b73,2025-01-22T09:43:15+01:00,NOT_SELECTED_PRE_FREEZE,NOT_IN_DATASET,,,Screened out before freeze: not needed for the fixed strata or lacked sufficiently objective counterfactual evidence within the available historical build environment.,NOT_AUDITED_FOR_FINAL_SET,NOT_AUDITED_FOR_FINAL_SET,NOT_AUDITED_FOR_FINAL_SET,data/new_candidates.csv
,N153,solidity,25ed19b3e89543c7b23ce1ecd9e3ee7d6f8bb83b,3138b1023e25c309486e7cd19af9a81bbc8e3350,2025-03-12T13:45:31+01:00,NOT_SELECTED_PRE_FREEZE,NOT_IN_DATASET,,,Screened out before freeze: not needed for the fixed strata or lacked sufficiently objective counterfactual evidence within the available historical build environment.,NOT_AUDITED_FOR_FINAL_SET,NOT_AUDITED_FOR_FINAL_SET,NOT_AUDITED_FOR_FINAL_SET,data/new_candidates.csv
,N154,solidity,e39aaeb1d951f49ece3c99e26b669d63e6150db5,e465a316b96f2e4dec795b0129c1def3a41c3270,2025-04-28T14:24:04+02:00,NOT_SELECTED_PRE_FREEZE,NOT_IN_DATASET,,,Screened out before freeze: not needed for the fixed strata or lacked sufficiently objective counterfactual evidence within the available historical build environment.,NOT_AUDITED_FOR_FINAL_SET,NOT_AUDITED_FOR_FINAL_SET,NOT_AUDITED_FOR_FINAL_SET,data/new_candidates.csv
,N155,solidity,4dbfe8ea65efcfc64c7a261a530dbd279f769878,01a821f8b902c3c57cea34ae80420c734bc210bf,2025-08-27T11:21:44+02:00,NOT_SELECTED_PRE_FREEZE,NOT_IN_DATASET,,,Screened out before freeze: not needed for the fixed strata or lacked sufficiently objective counterfactual evidence within the available historical build environment.,NOT_AUDITED_FOR_FINAL_SET,NOT_AUDITED_FOR_FINAL_SET,NOT_AUDITED_FOR_FINAL_SET,data/new_candidates.csv
,N156,solidity,ab0c57194e03b333cd76d3ef1eba1c4564c1e542,ff18b9867d54893bdd98a6074b692e237f7096dd,2026-03-13T10:45:05+01:00,NOT_SELECTED_PRE_FREEZE,NOT_IN_DATASET,,,Screened out before freeze: not needed for the fixed strata or lacked sufficiently objective counterfactual evidence within the available historical build environment.,NOT_AUDITED_FOR_FINAL_SET,NOT_AUDITED_FOR_FINAL_SET,NOT_AUDITED_FOR_FINAL_SET,data/new_candidates.csv
,N157,solidity,f4e179ecb397dd326ffd2e576e0c8a36422fd3b5,fb19f714f30ef8714f3d807c5d1cb0cd156bf528,2026-05-22T15:54:13+02:00,NOT_SELECTED_PRE_FREEZE,NOT_IN_DATASET,,,Screened out before freeze: not needed for the fixed strata or lacked sufficiently objective counterfactual evidence within the available historical build environment.,NOT_AUDITED_FOR_FINAL_SET,NOT_AUDITED_FOR_FINAL_SET,NOT_AUDITED_FOR_FINAL_SET,data/new_candidates.csv
,N158,solidity,1d3a17bc0467fcbeaa4bb7416755563f97eaea15,410515c637fecc1eec8faa36496ac9aca82d1f6f,2026-05-22T16:38:06+02:00,NOT_SELECTED_PRE_FREEZE,NOT_IN_DATASET,,,Screened out before freeze: not needed for the fixed strata or lacked sufficiently objective counterfactual evidence within the available historical build environment.,NOT_AUDITED_FOR_FINAL_SET,NOT_AUDITED_FOR_FINAL_SET,NOT_AUDITED_FOR_FINAL_SET,data/new_candidates.csv
,N159,solidity,2646db8096a01ebaf0a9e33fa7ed13c6fd72dd14,9b2f86bebbbc22c7c9f5ca41884d47fcc1d0639a,2026-08-11T09:30:00-03:00,NOT_SELECTED_PRE_FREEZE,NOT_IN_DATASET,,,Screened out before freeze: not needed for the fixed strata or lacked sufficiently objective counterfactual evidence within the available historical build environment.,NOT_AUDITED_FOR_FINAL_SET,NOT_AUDITED_FOR_FINAL_SET,NOT_AUDITED_FOR_FINAL_SET,data/new_candidates.csv
,N160,solidity,30c997f1c069ee5d9fc0f0d974e925eb91425e9a,9b2f86bebbbc22c7c9f5ca41884d47fcc1d0639a,2026-08-11T11:28:21+02:00,NOT_SELECTED_PRE_FREEZE,NOT_IN_DATASET,,,Screened out before freeze: not needed for the fixed strata or lacked sufficiently objective counterfactual evidence within the available historical build environment.,NOT_AUDITED_FOR_FINAL_SET,NOT_AUDITED_FOR_FINAL_SET,NOT_AUDITED_FOR_FINAL_SET,data/new_candidates.csv
,N161,tpm2-tss,9f7cc086e9802d1ed3682e8f5b036bd33dc5aa21,f30dde7db9418a34e654bc073dd42bed420789af,2019-05-02T18:16:28+02:00,NOT_SELECTED_PRE_FREEZE,NOT_IN_DATASET,,,Screened out before freeze: not needed for the fixed strata or lacked sufficiently objective counterfactual evidence within the available historical build environment.,NOT_AUDITED_FOR_FINAL_SET,NOT_AUDITED_FOR_FINAL_SET,NOT_AUDITED_FOR_FINAL_SET,data/new_candidates.csv
,N162,tpm2-tss,38fcb6651632b524bbcef8dd85a82d508040d007,4707c6ce3c9f7d5a7d9a12884351b9daf2eff1ea,2019-05-31T18:55:38+03:00,NOT_SELECTED_PRE_FREEZE,NOT_IN_DATASET,,,Screened out before freeze: not needed for the fixed strata or lacked sufficiently objective counterfactual evidence within the available historical build environment.,NOT_AUDITED_FOR_FINAL_SET,NOT_AUDITED_FOR_FINAL_SET,NOT_AUDITED_FOR_FINAL_SET,data/new_candidates.csv
,N163,tpm2-tss,f865164c93447104321904fb93fe279d7205795e,3879a0b41bbecd9b4e229b3a73b6fd3835d0370a,2020-03-25T10:48:09-07:00,NOT_SELECTED_PRE_FREEZE,NOT_IN_DATASET,,,Screened out before freeze: not needed for the fixed strata or lacked sufficiently objective counterfactual evidence within the available historical build environment.,NOT_AUDITED_FOR_FINAL_SET,NOT_AUDITED_FOR_FINAL_SET,NOT_AUDITED_FOR_FINAL_SET,data/new_candidates.csv
,N164,tpm2-tss,0988af757a744f27612431bd64cce5989a82cd8d,ac854b44fd2256f59823c7efdfd96fd75fd292d1,2022-12-09T16:07:40-06:00,NOT_SELECTED_PRE_FREEZE,NOT_IN_DATASET,,,Screened out before freeze: not needed for the fixed strata or lacked sufficiently objective counterfactual evidence within the available historical build environment.,NOT_AUDITED_FOR_FINAL_SET,NOT_AUDITED_FOR_FINAL_SET,NOT_AUDITED_FOR_FINAL_SET,data/new_candidates.csv
,N165,tpm2-tss,6dbc0aae001b6d81df33da91fb354a772758f159,77706f5920aaaf840bda0b8f807fedb95cf9b76d,2023-08-01T13:18:58+02:00,NOT_SELECTED_PRE_FREEZE,NOT_IN_DATASET,,,Screened out before freeze: not needed for the fixed strata or lacked sufficiently objective counterfactual evidence within the available historical build environment.,NOT_AUDITED_FOR_FINAL_SET,NOT_AUDITED_FOR_FINAL_SET,NOT_AUDITED_FOR_FINAL_SET,data/new_candidates.csv
,N166,tpm2-tss,d13b4d7ce36f9f1f63d1b681d0f957370c1f526d,3edbe596c33dff85bfdefe68e3109591f3d02f6f,2024-04-29T13:33:03+02:00,NOT_SELECTED_PRE_FREEZE,NOT_IN_DATASET,,,Screened out before freeze: not needed for the fixed strata or lacked sufficiently objective counterfactual evidence within the available historical build environment.,NOT_AUDITED_FOR_FINAL_SET,NOT_AUDITED_FOR_FINAL_SET,NOT_AUDITED_FOR_FINAL_SET,data/new_candidates.csv
,N167,tpm2-tss,f5d851ef2f8ea9d43ef00e198cd40d7320154592,3161afdf32943112505a478834b95fd287ccf3b4,2024-05-03T16:56:21+02:00,NOT_SELECTED_PRE_FREEZE,NOT_IN_DATASET,,,Screened out before freeze: not needed for the fixed strata or lacked sufficiently objective counterfactual evidence within the available historical build environment.,NOT_AUDITED_FOR_FINAL_SET,NOT_AUDITED_FOR_FINAL_SET,NOT_AUDITED_FOR_FINAL_SET,data/new_candidates.csv
,N168,tpm2-tss,ef26d992c41609eb73ca1c28849c910e3019231f,509bbd46675d486dca645e9f240476e4291d28c0,2024-05-08T13:42:56+02:00,NOT_SELECTED_PRE_FREEZE,NOT_IN_DATASET,,,Screened out before freeze: not needed for the fixed strata or lacked sufficiently objective counterfactual evidence within the available historical build environment.,NOT_AUDITED_FOR_FINAL_SET,NOT_AUDITED_FOR_FINAL_SET,NOT_AUDITED_FOR_FINAL_SET,data/new_candidates.csv
,N169,tpm2-tss,1d8919fd8b6df8ad1d269baa3714f27311bef402,d291fb8f3700034e72bce911b4a57ad01dc7274b,2024-05-17T10:01:20+02:00,NOT_SELECTED_PRE_FREEZE,NOT_IN_DATASET,,,Screened out before freeze: not needed for the fixed strata or lacked sufficiently objective counterfactual evidence within the available historical build environment.,NOT_AUDITED_FOR_FINAL_SET,NOT_AUDITED_FOR_FINAL_SET,NOT_AUDITED_FOR_FINAL_SET,data/new_candidates.csv
,N170,tpm2-tss,548b933c0b5a46f8851bbc3e78e498c713ffe96e,c32127f350977cef51df2dc8f12daacc48091197,2024-05-17T10:01:20+02:00,NOT_SELECTED_PRE_FREEZE,NOT_IN_DATASET,,,Screened out before freeze: not needed for the fixed strata or lacked sufficiently objective counterfactual evidence within the available historical build environment.,NOT_AUDITED_FOR_FINAL_SET,NOT_AUDITED_FOR_FINAL_SET,NOT_AUDITED_FOR_FINAL_SET,data/new_candidates.csv
,N171,tpm2-tss,a1c863e29c32ade602a092a49fe133b09127220f,5c23598c6c72f37f7d5108b968bc804667ec273f,2025-11-05T11:46:07+01:00,NOT_SELECTED_PRE_FREEZE,NOT_IN_DATASET,,,Screened out before freeze: not needed for the fixed strata or lacked sufficiently objective counterfactual evidence within the available historical build environment.,NOT_AUDITED_FOR_FINAL_SET,NOT_AUDITED_FOR_FINAL_SET,NOT_AUDITED_FOR_FINAL_SET,data/new_candidates.csv
,N172,tpm2-tss,00c8ca1e1ce269ba3f5492e6ca7dd080879f1570,9f1f61207bc96a52c547170532338e313e5b565f,2026-06-17T10:55:34+02:00,NOT_SELECTED_PRE_FREEZE,NOT_IN_DATASET,,,Screened out before freeze: not needed for the fixed strata or lacked sufficiently objective counterfactual evidence within the available historical build environment.,NOT_AUDITED_FOR_FINAL_SET,NOT_AUDITED_FOR_FINAL_SET,NOT_AUDITED_FOR_FINAL_SET,data/new_candidates.csv
,N173,trafficserver,16cb2dd04f8a4a0cb8f63223033ae72a135f6ca8,21e90b47fd1ec44d1d0d7fdd2d73a9d827eb6aa3,2023-10-18T18:35:28-04:00,NOT_SELECTED_PRE_FREEZE,NOT_IN_DATASET,,,Screened out before freeze: not needed for the fixed strata or lacked sufficiently objective counterfactual evidence within the available historical build environment.,NOT_AUDITED_FOR_FINAL_SET,NOT_AUDITED_FOR_FINAL_SET,NOT_AUDITED_FOR_FINAL_SET,data/new_candidates.csv
,N174,trafficserver,04f378d852d3a4fc63ee8de5966f35f4effcd737,b59a8e3c8cc4dfbac7a36cec825b0c7bd43a1d2a,2023-10-26T13:56:06-04:00,NOT_SELECTED_PRE_FREEZE,NOT_IN_DATASET,,,Screened out before freeze: not needed for the fixed strata or lacked sufficiently objective counterfactual evidence within the available historical build environment.,NOT_AUDITED_FOR_FINAL_SET,NOT_AUDITED_FOR_FINAL_SET,NOT_AUDITED_FOR_FINAL_SET,data/new_candidates.csv
,N175,trafficserver,4e004705460b912d0707d9e6f3006cc176062093,f1892c80f16bb6c3367c39280b59c6af5bba90c0,2024-04-26T11:38:35-06:00,NOT_SELECTED_PRE_FREEZE,NOT_IN_DATASET,,,Screened out before freeze: not needed for the fixed strata or lacked sufficiently objective counterfactual evidence within the available historical build environment.,NOT_AUDITED_FOR_FINAL_SET,NOT_AUDITED_FOR_FINAL_SET,NOT_AUDITED_FOR_FINAL_SET,data/new_candidates.csv
,N176,trafficserver,6655ddba2bda9c0dac22b984bae3f1083eac6709,f56f8976cd36d3c1dd86f7af621b4726f7c134e4,2024-04-29T17:08:52-05:00,NOT_SELECTED_PRE_FREEZE,NOT_IN_DATASET,,,Screened out before freeze: not needed for the fixed strata or lacked sufficiently objective counterfactual evidence within the available historical build environment.,NOT_AUDITED_FOR_FINAL_SET,NOT_AUDITED_FOR_FINAL_SET,NOT_AUDITED_FOR_FINAL_SET,data/new_candidates.csv
,N177,trafficserver,992f63b0495f91da96975153756a4069b55bd8c8,0704455388b3a25366c5ac8212f60b9a1a5e7c6a,2025-05-22T00:43:09+09:00,NOT_SELECTED_PRE_FREEZE,NOT_IN_DATASET,,,Screened out before freeze: not needed for the fixed strata or lacked sufficiently objective counterfactual evidence within the available historical build environment.,NOT_AUDITED_FOR_FINAL_SET,NOT_AUDITED_FOR_FINAL_SET,NOT_AUDITED_FOR_FINAL_SET,data/new_candidates.csv
,N178,trafficserver,7a37f57824e341355cb09b0b7feccd65a43a34a5,e5e3da8973cac5b94d64f491fa4941e7fe5fb5a6,2025-07-21T18:50:35-04:00,NOT_SELECTED_PRE_FREEZE,NOT_IN_DATASET,,,Screened out before freeze: not needed for the fixed strata or lacked sufficiently objective counterfactual evidence within the available historical build environment.,NOT_AUDITED_FOR_FINAL_SET,NOT_AUDITED_FOR_FINAL_SET,NOT_AUDITED_FOR_FINAL_SET,data/new_candidates.csv
,N179,trafficserver,4782ee194101d9aec878006d38c87d9e5cf7c36e,f4561a945ac52010a598e0cd19b12d058044c3d2,2026-04-30T19:03:16-06:00,NOT_SELECTED_PRE_FREEZE,NOT_IN_DATASET,,,Screened out before freeze: not needed for the fixed strata or lacked sufficiently objective counterfactual evidence within the available historical build environment.,NOT_AUDITED_FOR_FINAL_SET,NOT_AUDITED_FOR_FINAL_SET,NOT_AUDITED_FOR_FINAL_SET,data/new_candidates.csv
,N180,trafficserver,5f55a845ea3e2765649dd825af57907ec8413fc0,5642692b888fcc9cf26a43ec2f39a05f938c4963,2026-04-30T19:03:16-06:00,NOT_SELECTED_PRE_FREEZE,NOT_IN_DATASET,,,Screened out before freeze: not needed for the fixed strata or lacked sufficiently objective counterfactual evidence within the available historical build environment.,NOT_AUDITED_FOR_FINAL_SET,NOT_AUDITED_FOR_FINAL_SET,NOT_AUDITED_FOR_FINAL_SET,data/new_candidates.csv
,N181,trafficserver,81b4fa088df2cae17760388631558c448f0bcabb,d639cb8c40a6734e7cf53a35f52450f2274299ef,2026-04-30T19:03:16-06:00,NOT_SELECTED_PRE_FREEZE,NOT_IN_DATASET,,,Screened out before freeze: not needed for the fixed strata or lacked sufficiently objective counterfactual evidence within the available historical build environment.,NOT_AUDITED_FOR_FINAL_SET,NOT_AUDITED_FOR_FINAL_SET,NOT_AUDITED_FOR_FINAL_SET,data/new_candidates.csv
,N183,wuffs,97aab3746204e2700d10b8ae94e50656cfd00924,82a48796c8f6223a1d75a17324970351a66ca4b8,2018-04-05T20:49:48+10:00,NOT_SELECTED_PRE_FREEZE,NOT_IN_DATASET,,,Screened out before freeze: not needed for the fixed strata or lacked sufficiently objective counterfactual evidence within the available historical build environment.,NOT_AUDITED_FOR_FINAL_SET,NOT_AUDITED_FOR_FINAL_SET,NOT_AUDITED_FOR_FINAL_SET,data/new_candidates.csv
,N187,wuffs,5badfef3130395f8acb5eba952152b95f44736fd,c5362d64135b8b44f159b466526411f4f3c68452,2018-05-29T08:41:42+10:00,NOT_SELECTED_PRE_FREEZE,NOT_IN_DATASET,,,Screened out before freeze: not needed for the fixed strata or lacked sufficiently objective counterfactual evidence within the available historical build environment.,NOT_AUDITED_FOR_FINAL_SET,NOT_AUDITED_FOR_FINAL_SET,NOT_AUDITED_FOR_FINAL_SET,data/new_candidates.csv
,N189,wuffs,6d510bcfcb7e9a3d1d7b5ad35343e0559af28622,3e1cdd1a83b64ad1af923c2a36352157797eb177,2018-06-02T14:15:09+10:00,NOT_SELECTED_PRE_FREEZE,NOT_IN_DATASET,,,Screened out before freeze: not needed for the fixed strata or lacked sufficiently objective counterfactual evidence within the available historical build environment.,NOT_AUDITED_FOR_FINAL_SET,NOT_AUDITED_FOR_FINAL_SET,NOT_AUDITED_FOR_FINAL_SET,data/new_candidates.csv
,N190,wuffs,df96e483419a156b5fdcea4974ffd23896bc8efd,a1ed77cc352434b90847f659b92d0fe708b600b3,2018-06-10T09:37:30+10:00,NOT_SELECTED_PRE_FREEZE,NOT_IN_DATASET,,,Screened out before freeze: not needed for the fixed strata or lacked sufficiently objective counterfactual evidence within the available historical build environment.,NOT_AUDITED_FOR_FINAL_SET,NOT_AUDITED_FOR_FINAL_SET,NOT_AUDITED_FOR_FINAL_SET,data/new_candidates.csv
,N191,wuffs,43bb14e88612c217911af353e780595b40bed828,2ac2424e77480bfa9725c2c6fdc33c1e8c615150,2018-06-10T21:22:41+10:00,NOT_SELECTED_PRE_FREEZE,NOT_IN_DATASET,,,Screened out before freeze: not needed for the fixed strata or lacked sufficiently objective counterfactual evidence within the available historical build environment.,NOT_AUDITED_FOR_FINAL_SET,NOT_AUDITED_FOR_FINAL_SET,NOT_AUDITED_FOR_FINAL_SET,data/new_candidates.csv
,N192,wuffs,50a955317ad6bf337cacec491dc1f1db87201be5,d770e879abc17a16de7ee111d22f0d5d8654d3f5,2018-06-10T22:05:06+10:00,NOT_SELECTED_PRE_FREEZE,NOT_IN_DATASET,,,Screened out before freeze: not needed for the fixed strata or lacked sufficiently objective counterfactual evidence within the available historical build environment.,NOT_AUDITED_FOR_FINAL_SET,NOT_AUDITED_FOR_FINAL_SET,NOT_AUDITED_FOR_FINAL_SET,data/new_candidates.csv
,N194,wuffs,25a106903f333c7aa8042aab6022513243a16002,11858b97994cdbce38464bece867aa624039dbc0,2018-06-16T08:10:22+10:00,NOT_SELECTED_PRE_FREEZE,NOT_IN_DATASET,,,Screened out before freeze: not needed for the fixed strata or lacked sufficiently objective counterfactual evidence within the available historical build environment.,NOT_AUDITED_FOR_FINAL_SET,NOT_AUDITED_FOR_FINAL_SET,NOT_AUDITED_FOR_FINAL_SET,data/new_candidates.csv
,N195,wuffs,a0bafff465c9cb6ce0c236d8e02ee26dc9ca4955,85c4de47b990def743d8e94883733914b40ee523,2018-07-14T08:59:36+10:00,NOT_SELECTED_PRE_FREEZE,NOT_IN_DATASET,,,Screened out before freeze: not needed for the fixed strata or lacked sufficiently objective counterfactual evidence within the available historical build environment.,NOT_AUDITED_FOR_FINAL_SET,NOT_AUDITED_FOR_FINAL_SET,NOT_AUDITED_FOR_FINAL_SET,data/new_candidates.csv
,N196,wuffs,dcda30b96a9239910d7f50e937518d81cf75dc1c,7e4b244208731d928952930cb6b3cc5ca3103456,2018-07-15T17:49:04+10:00,NOT_SELECTED_PRE_FREEZE,NOT_IN_DATASET,,,Screened out before freeze: not needed for the fixed strata or lacked sufficiently objective counterfactual evidence within the available historical build environment.,NOT_AUDITED_FOR_FINAL_SET,NOT_AUDITED_FOR_FINAL_SET,NOT_AUDITED_FOR_FINAL_SET,data/new_candidates.csv
,N197,wuffs,bc82e51371c283d2a04b8467c8e002e56596cc95,1c75f7b748aef5717dc4e7197681d2974a55ff1b,2018-07-21T09:20:10+10:00,NOT_SELECTED_PRE_FREEZE,NOT_IN_DATASET,,,Screened out before freeze: not needed for the fixed strata or lacked sufficiently objective counterfactual evidence within the available historical build environment.,NOT_AUDITED_FOR_FINAL_SET,NOT_AUDITED_FOR_FINAL_SET,NOT_AUDITED_FOR_FINAL_SET,data/new_candidates.csv
,N200,wuffs,5e8801d86611c4df0dbe2de69734e2901adc0840,10ae70448fe9e7d86bff850229910287551069d0,2018-08-18T12:29:28+10:00,NOT_SELECTED_PRE_FREEZE,NOT_IN_DATASET,,,Screened out before freeze: not needed for the fixed strata or lacked sufficiently objective counterfactual evidence within the available historical build environment.,NOT_AUDITED_FOR_FINAL_SET,NOT_AUDITED_FOR_FINAL_SET,NOT_AUDITED_FOR_FINAL_SET,data/new_candidates.csv
,N204,wuffs,ca940b0c56c1523141b1b175ed1ca1157dbc93ad,5bf7c5c051aaed4b8149d4b2891a41775af3f7a9,2018-09-08T08:47:34+10:00,NOT_SELECTED_PRE_FREEZE,NOT_IN_DATASET,,,Screened out before freeze: not needed for the fixed strata or lacked sufficiently objective counterfactual evidence within the available historical build environment.,NOT_AUDITED_FOR_FINAL_SET,NOT_AUDITED_FOR_FINAL_SET,NOT_AUDITED_FOR_FINAL_SET,data/new_candidates.csv
,N205,wuffs,fbbdc412d1b15cede204f882e89f55c84aaddb15,ca940b0c56c1523141b1b175ed1ca1157dbc93ad,2018-09-08T09:06:56+10:00,NOT_SELECTED_PRE_FREEZE,NOT_IN_DATASET,,,Screened out before freeze: not needed for the fixed strata or lacked sufficiently objective counterfactual evidence within the available historical build environment.,NOT_AUDITED_FOR_FINAL_SET,NOT_AUDITED_FOR_FINAL_SET,NOT_AUDITED_FOR_FINAL_SET,data/new_candidates.csv
,N208,wuffs,04c91f1410fc2cf7836926feb174f83722e24069,b0429923fc13eb08757f5344d1f2751e9a7ee3bd,2018-12-22T15:29:00+11:00,NOT_SELECTED_PRE_FREEZE,NOT_IN_DATASET,,,Screened out before freeze: not needed for the fixed strata or lacked sufficiently objective counterfactual evidence within the available historical build environment.,NOT_AUDITED_FOR_FINAL_SET,NOT_AUDITED_FOR_FINAL_SET,NOT_AUDITED_FOR_FINAL_SET,data/new_candidates.csv
,N210,wuffs,16e97281e2f06058b16314365937354a9ff1dd14,abeff31736112d833a877456af88e045398d1e46,2019-01-12T10:29:41+11:00,NOT_SELECTED_PRE_FREEZE,NOT_IN_DATASET,,,Screened out before freeze: not needed for the fixed strata or lacked sufficiently objective counterfactual evidence within the available historical build environment.,NOT_AUDITED_FOR_FINAL_SET,NOT_AUDITED_FOR_FINAL_SET,NOT_AUDITED_FOR_FINAL_SET,data/new_candidates.csv
,N213,wuffs,de5b64a84639e5e0f83b6ec3fc737e4463805c11,5f7c807729c2b3058b512e485c8fc1b1fe3056f2,2019-02-02T16:29:54+11:00,NOT_SELECTED_PRE_FREEZE,NOT_IN_DATASET,,,Screened out before freeze: not needed for the fixed strata or lacked sufficiently objective counterfactual evidence within the available historical build environment.,NOT_AUDITED_FOR_FINAL_SET,NOT_AUDITED_FOR_FINAL_SET,NOT_AUDITED_FOR_FINAL_SET,data/new_candidates.csv
,N214,wuffs,fc4abafbe7d9355402a6b97fc05dbe02fc3bb6e7,d9c36922dbaff9082e173eae5a1e5ff247e7728e,2019-02-03T15:44:25+11:00,NOT_SELECTED_PRE_FREEZE,NOT_IN_DATASET,,,Screened out before freeze: not needed for the fixed strata or lacked sufficiently objective counterfactual evidence within the available historical build environment.,NOT_AUDITED_FOR_FINAL_SET,NOT_AUDITED_FOR_FINAL_SET,NOT_AUDITED_FOR_FINAL_SET,data/new_candidates.csv
,N217,wuffs,aa846d2dd750c4f197a74a11b35e18b65d0f25cf,f34d189236b7ebaabd2fec402638e56cfcd6a00a,2019-07-06T17:23:34+10:00,NOT_SELECTED_PRE_FREEZE,NOT_IN_DATASET,,,Screened out before freeze: not needed for the fixed strata or lacked sufficiently objective counterfactual evidence within the available historical build environment.,NOT_AUDITED_FOR_FINAL_SET,NOT_AUDITED_FOR_FINAL_SET,NOT_AUDITED_FOR_FINAL_SET,data/new_candidates.csv
,N219,wuffs,0fa32bd09f57f159ca9853e4133d2bfa14c4a79b,0319777ccef90a6b22dbade9dc37db50e1e081bb,2020-01-05T13:14:39+11:00,NOT_SELECTED_PRE_FREEZE,NOT_IN_DATASET,,,Screened out before freeze: not needed for the fixed strata or lacked sufficiently objective counterfactual evidence within the available historical build environment.,NOT_AUDITED_FOR_FINAL_SET,NOT_AUDITED_FOR_FINAL_SET,NOT_AUDITED_FOR_FINAL_SET,data/new_candidates.csv
,N220,wuffs,5f8d2da74f1902509cfed8c6fde3b7f8ef7200f1,ab0b2fd2aae0904ce4f36d818efb0704fe755cc9,2020-01-10T22:06:50+11:00,NOT_SELECTED_PRE_FREEZE,NOT_IN_DATASET,,,Screened out before freeze: not needed for the fixed strata or lacked sufficiently objective counterfactual evidence within the available historical build environment.,NOT_AUDITED_FOR_FINAL_SET,NOT_AUDITED_FOR_FINAL_SET,NOT_AUDITED_FOR_FINAL_SET,data/new_candidates.csv
,N221,wuffs,1a791217de297350df5dc6abdb1466504dc10413,8562951be6d374e825f8b0167955bd200175b88b,2020-01-13T21:36:47+11:00,NOT_SELECTED_PRE_FREEZE,NOT_IN_DATASET,,,Screened out before freeze: not needed for the fixed strata or lacked sufficiently objective counterfactual evidence within the available historical build environment.,NOT_AUDITED_FOR_FINAL_SET,NOT_AUDITED_FOR_FINAL_SET,NOT_AUDITED_FOR_FINAL_SET,data/new_candidates.csv
,N224,wuffs,6892095998d2c86f60c69670107696a623812951,f928944d64eb411214993f1096aad134c558bc78,2020-03-03T11:25:18+11:00,NOT_SELECTED_PRE_FREEZE,NOT_IN_DATASET,,,Screened out before freeze: not needed for the fixed strata or lacked sufficiently objective counterfactual evidence within the available historical build environment.,NOT_AUDITED_FOR_FINAL_SET,NOT_AUDITED_FOR_FINAL_SET,NOT_AUDITED_FOR_FINAL_SET,data/new_candidates.csv
,N227,wuffs,f3146c2ea9c816a536b9496cd71f073c6edd8dd8,40d200cdabc4b2e8d7377ba3331357e245edf89f,2020-03-26T08:47:42+11:00,NOT_SELECTED_PRE_FREEZE,NOT_IN_DATASET,,,Screened out before freeze: not needed for the fixed strata or lacked sufficiently objective counterfactual evidence within the available historical build environment.,NOT_AUDITED_FOR_FINAL_SET,NOT_AUDITED_FOR_FINAL_SET,NOT_AUDITED_FOR_FINAL_SET,data/new_candidates.csv
,N229,wuffs,496e88b6c5c5011de8aa4ceed8dd9de66ca5f27f,2ef3999d6d0e77861de8a049d1a8ac3e14135434,2020-04-09T22:10:08+10:00,NOT_SELECTED_PRE_FREEZE,NOT_IN_DATASET,,,Screened out before freeze: not needed for the fixed strata or lacked sufficiently objective counterfactual evidence within the available historical build environment.,NOT_AUDITED_FOR_FINAL_SET,NOT_AUDITED_FOR_FINAL_SET,NOT_AUDITED_FOR_FINAL_SET,data/new_candidates.csv
,N230,wuffs,702c7b299fe041cacd66847b9d963b0b18a570f4,03a87ea3efab89e4819432a880e4eeff02ab71fb,2020-07-22T15:42:54+10:00,NOT_SELECTED_PRE_FREEZE,NOT_IN_DATASET,,,Screened out before freeze: not needed for the fixed strata or lacked sufficiently objective counterfactual evidence within the available historical build environment.,NOT_AUDITED_FOR_FINAL_SET,NOT_AUDITED_FOR_FINAL_SET,NOT_AUDITED_FOR_FINAL_SET,data/new_candidates.csv
,N232,wuffs,6c138776889418bb155b748630e73f386b57a381,6bc3f5716d8c076e1ae70e59a72916fb70bff13e,2020-08-30T16:15:35+10:00,NOT_SELECTED_PRE_FREEZE,NOT_IN_DATASET,,,Screened out before freeze: not needed for the fixed strata or lacked sufficiently objective counterfactual evidence within the available historical build environment.,NOT_AUDITED_FOR_FINAL_SET,NOT_AUDITED_FOR_FINAL_SET,NOT_AUDITED_FOR_FINAL_SET,data/new_candidates.csv
,N239,wuffs,6e84987d33f08a26b1d1c5fe2986cd567f1c0673,176cdf752774b90f1d59475983e1e9973ff43e10,2023-04-13T22:59:49+10:00,NOT_SELECTED_PRE_FREEZE,NOT_IN_DATASET,,,Screened out before freeze: not needed for the fixed strata or lacked sufficiently objective counterfactual evidence within the available historical build environment.,NOT_AUDITED_FOR_FINAL_SET,NOT_AUDITED_FOR_FINAL_SET,NOT_AUDITED_FOR_FINAL_SET,data/new_candidates.csv
,N245,wuffs,c9fff5b207dd33beb8f2ac70396b33b13abb3ca2,fb769ff82fc01f6f294792f0ae083c8d30b49d61,2024-08-04T23:15:58+10:00,NOT_SELECTED_PRE_FREEZE,NOT_IN_DATASET,,,Screened out before freeze: not needed for the fixed strata or lacked sufficiently objective counterfactual evidence within the available historical build environment.,NOT_AUDITED_FOR_FINAL_SET,NOT_AUDITED_FOR_FINAL_SET,NOT_AUDITED_FOR_FINAL_SET,data/new_candidates.csv
,N246,wuffs,ffb64df0a0b127e20d5eb0e1aab40c29409c0c3e,3215f6afac6cfa0fd649ddc6ccec76b67ce2600e,2024-08-05T00:12:15+10:00,NOT_SELECTED_PRE_FREEZE,NOT_IN_DATASET,,,Screened out before freeze: not needed for the fixed strata or lacked sufficiently objective counterfactual evidence within the available historical build environment.,NOT_AUDITED_FOR_FINAL_SET,NOT_AUDITED_FOR_FINAL_SET,NOT_AUDITED_FOR_FINAL_SET,data/new_candidates.csv
,N247,wuffs,85af5a4bed4b59ecc4186e6e5e13ce82119469d1,8924b5f003a8cdefdbd3161460d08863f7142e05,2024-09-08T09:00:10+10:00,NOT_SELECTED_PRE_FREEZE,NOT_IN_DATASET,,,Screened out before freeze: not needed for the fixed strata or lacked sufficiently objective counterfactual evidence within the available historical build environment.,NOT_AUDITED_FOR_FINAL_SET,NOT_AUDITED_FOR_FINAL_SET,NOT_AUDITED_FOR_FINAL_SET,data/new_candidates.csv
